feat_w_vel_mean,feat_w_vel_std,feat_curr_mean,feat_curr_std,feat_acc_x_mean,feat_acc_x_std,feat_acc_y_mean,feat_acc_y_std,feat_acc_z_mean,feat_acc_z_std,feat_pitch_mean,feat_roll_mean,total_dist_actual,total_dist_cmd,slip_percentage,slip_class,n_samples,win_duration_s
0.9985465859265431,0.5505248488472263,72.02415512437406,7.792413587046254,0.11134815523805826,0.836028978230182,-0.024872264136438785,0.49235956285959503,-0.07926842473123384,0.7854554355391995,-0.25711019709729777,0.29983897385688013,0.16243556215615687,0.1401527792929113,-15.898923286191714,0,46,1.8
0.8596897190254108,0.2619239895051441,72.15178726233688,7.427488217002661,-0.0991709762636353,0.42905291680344065,-0.010794262237408581,0.3367349307237037,-0.03190905673831117,0.7934033983001295,-0.307857261892149,0.3176630699981052,0.184261691678984,0.13693153121726717,-34.564836923220255,1,51,2.0
0.7797698745978814,0.1556963066445281,73.37784789590275,7.325504897236411,-0.00967621145879521,0.36909185336293643,0.002796027444156946,0.27828485815306414,-0.052584142369382525,0.7414058819833783,-0.35683334609601103,0.3109618754802844,0.18539134382745345,0.10989275341553054,-68.70206457239712,2,51,2.0
0.7815699198228472,0.15737150416548487,74.54717444906048,7.316720256273475,-0.005091662719553592,0.37057231212834074,-0.00439671624232741,0.2972149729436762,-0.0072651987566667445,0.7961532130561203,-0.38454214100238027,0.2836031757925402,0.18894707280816833,0.11144668153461203,-69.5403310411598,2,51,2.0
0.7381354515605113,0.17280173064809923,75.60691847520717,6.454847897097792,0.033112351581746455,0.3650786330965135,0.026033007558069976,0.3106519793518924,0.006639504549550075,0.8054169177088164,-0.3848774505460674,0.23858464810760235,0.19622150668259122,0.10273761939814748,-90.99284938865286,2,51,2.0
0.701743655418064,0.1840932660744136,76.27009666199778,5.769793641158045,0.03799333591379371,0.3423096037141196,-0.013342389362115487,0.27920699777189967,0.025236790671068078,0.8765925120785498,-0.3580642321037681,0.17950797627154774,0.21339822214950316,0.10313842358501202,-100.0,2,51,2.0
0.6483043270806471,0.18539960097359945,76.27009666199778,5.769793641158045,-0.003188960035057629,0.31542782703162664,-0.020184190761224897,0.22753507362376146,0.011252287410053552,0.7640058386898831,-0.32363184195362965,0.1392047101349819,0.22472199812253157,0.1007266336140369,-100.0,2,51,2.0
0.6560920725266138,0.1836439869234741,76.57853023678649,5.2764055058079835,-0.02646625922152809,0.324397697649458,6.315900998957018e-05,0.17373597458698148,-0.0650887164999457,0.7049675983695717,-0.2931443153941281,0.10373283232672767,0.21578090362208865,0.09111238151475413,-100.0,2,51,2.0
0.6757260812994312,0.19134696100447782,77.60011650534237,4.51403754437416,-0.05503708091290558,0.290264800108892,-0.01036876629964978,0.1851580748554066,0.009103074815927767,0.6466399950251928,-0.26416918316803306,0.07903197336840397,0.19876010396617733,0.08558979512079234,-100.0,2,51,2.0
0.6510805407283353,0.1454029253892897,78.1809621698716,4.179268788059373,-0.030872853911098314,0.22256897516879642,0.004363722807052089,0.18878556163096663,0.03413783715051763,0.4233543424141206,-0.2541980971780444,0.07936350774691188,0.1792781498968512,0.08172171996614912,-100.0,2,51,2.0
0.672727707042998,0.14416864480421165,77.92162749346565,4.181364005389948,-0.008763410370139516,0.19636415826337977,-0.004726357904135012,0.18493977387861152,-0.0011905162942175771,0.48407393100958984,-0.25967250968151023,0.08010681169880204,0.16138342798046826,0.0732015421923907,-100.0,2,51,2.0
0.6719395492006751,0.1443685060516225,77.04437963167827,5.426139624453754,0.004349737811614485,0.20130129770539223,0.020374836071449166,0.18079913730380143,0.026203727787908387,0.5433521963498217,-0.26921987382954865,0.08369877432039283,0.15888020672457015,0.07277054728798583,-100.0,2,51,2.0
0.6435338501982829,0.1391285391324551,74.66768927200168,7.486162486283789,-0.005054234764447399,0.18823542341266616,0.0025987056832687525,0.14167136759640472,-0.005536249345716308,0.5077623029352566,-0.293368539665464,0.08054135742131208,0.15529980718211112,0.06536275259469547,-100.0,2,51,2.0
0.6766544587764085,0.13381443892596417,71.76320883339527,8.250460848613825,-0.0007448294656533821,0.1846200640503585,-0.004956706408776489,0.12426401625144108,-0.010840753750766026,0.47707957100968007,-0.32784448398072474,0.08139187748677848,0.15472886426251425,0.05996908461892963,-100.0,2,51,2.0
0.6869082038893419,0.11099840721945936,71.93412224919189,8.223379230737809,0.033900333897155875,0.2101442782132617,0.0042991509624556,0.14187742759241698,0.02459621455009077,0.5221260966320456,-0.3687331796101377,0.09520283869513152,0.16542053835596668,0.0685244701807535,-100.0,2,51,2.0
0.6924842622350244,0.09836951704572004,72.44841316167046,7.854044670294274,0.020292934906833312,0.2588933518697414,0.007783866396137313,0.13804957820252362,-0.028000974552888497,0.5116913426309011,-0.4054671072697552,0.1119650308141266,0.17925153106462585,0.06962138560875675,-100.0,2,51,2.0
0.6696020250811296,0.11228431609729907,75.5851806191837,6.5737011781925245,-0.0015760122560987285,0.29500410714229997,0.006903556485970815,0.13153333564291136,0.005996994382026149,0.533682229855401,-0.41150311899293857,0.11794398113013614,0.19383715115094852,0.06799735028757752,-100.0,2,51,2.0
0.6280162366581898,0.12536619801621365,78.43206662757724,3.1750862823053243,-0.036888433291631585,0.30080428603724435,-0.018153108218136954,0.14605112986500549,-0.024553271120085436,0.5496202849136955,-0.39916054126759415,0.11520336076974894,0.18219194793974713,0.05663990579165178,-100.0,2,51,2.0
0.6140279716574678,0.14934872597643908,78.73847354627124,3.0856598062676603,0.0032184204342318515,0.28985576939694274,-0.014164771227275623,0.13485165166549737,0.008274947968768138,0.4501861286364729,-0.36460325025321844,0.10906565804232336,0.1757563034667746,0.030903960239670666,0.0,0,51,2.0
0.5674013906688082,0.17751606747862372,79.86159319036148,0.7166371559454437,-0.002111874155554117,0.24559485689770436,-0.03016654007575091,0.14572247184747222,0.013481207264989031,0.40424228011210644,-0.30536398747234833,0.0985984276351827,0.1731399377220669,0.024169310599191907,0.0,0,51,2.0
0.5399755216112324,0.18689613133522154,79.9516217100854,0.3420861686082147,0.047143242961051414,0.20981587799197607,-0.03380310681520724,0.14895283304826967,-0.013457839139828495,0.34429752553059983,-0.2354715491064114,0.09925179778234598,0.18260356182520318,0.026848535275784756,0.0,0,51,2.0
0.53649284310785,0.1719648582721964,80.0,0.0,0.08213159200899742,0.17911706822136986,-0.01109013772186111,0.13743577859136505,-0.004840430639245931,0.2808565974815822,-0.14542099687161428,0.09664622758988482,0.2176519523088421,0.04463951840424214,0.0,0,51,2.0
0.6176018503805002,0.2427925185448975,79.4630054399079,2.3679254308847293,0.04774306035217117,0.16836037824779315,-0.01075260333862959,0.15935121835621216,-0.0269360142376493,0.30279389961818326,-0.04485444274693995,0.08975032681830078,0.24856543724399208,0.09414367036246621,-100.0,2,51,2.0
0.8108298709141273,0.33702648993760664,78.7568104500864,3.80023452484417,0.03951343324254541,0.15555296587012224,-0.012658741763409446,0.15128454312098655,-0.027714829344083283,0.2902507772653553,0.039549438656397935,0.0877357480411699,0.2720187675998802,0.15249040152045762,-78.38419001302653,2,51,2.0
1.0253233166009772,0.30933559555994306,78.38555399576823,4.206577657650961,0.022173365833712558,0.15172977634482243,0.009190693643747591,0.14526909955409967,-0.025527179496837596,0.3170162628931187,0.09574978722778414,0.0860174229938335,0.28264524594175083,0.1962450383311589,-44.02669659591272,1,51,2.0
1.194471782036856,0.2098218707195293,78.14139435338039,4.225159671844386,-0.0028375447819045945,0.14445549375377834,0.022749137681196716,0.1526670526661158,-0.018614525705868124,0.3038423907205659,0.12012698981200916,0.08623629272620799,0.2845327437252793,0.23148863137538206,-22.914348767253667,0,51,2.0
1.2507276941163867,0.13561474952926375,78.67838891347249,3.696525305526109,0.004021312018819884,0.12953980771425805,-0.007630204891457278,0.13484518079383812,-0.006491837438707258,0.3120209453684615,0.11826282644755316,0.08499921017536147,0.2814666045100865,0.24239102710975224,-16.120884451156357,0,51,2.0
1.2412872638772516,0.13190050672761008,79.38458390329399,2.2226897060340254,-0.017113073637672498,0.15214107128217805,0.011531523483641008,0.1402854138897352,0.01774180757210535,0.3357611889640131,0.1065833652289344,0.08637368491673579,0.27649569054646433,0.24056147159974658,-14.937645129851118,0,51,2.0
1.1829759934369255,0.1415196067428088,79.43793590396058,1.8448976209561183,-0.0007168258375981275,0.1389111831897529,0.0004175050074563307,0.14429881488043755,0.008798203558898439,0.3490766647080271,0.0853768265292532,0.08879505864477132,0.2696215717434859,0.22926074736983595,-17.604768734588983,0,51,2.0
1.1174064035713673,0.13870206829521683,79.12506368637085,3.1255325970651215,-0.013075258731842041,0.13918343711696846,0.002669210508465767,0.128554000989919,0.011909057274460793,0.3812709274003223,0.061282961516722974,0.0955098059196609,0.25876129710875767,0.21230721678228442,-21.880594089324212,0,50,1.96
1.070087783485651,0.13405495973723786,79.10357999801636,3.1231356345078742,-0.017789250537753105,0.1375605777091645,0.006776408664882183,0.10734245558397335,-0.0029728774912655353,0.28911793991447154,0.033929961422161606,0.10348137197386176,0.2501347470185607,0.20331667882673882,-23.02716553407751,0,50,1.96
0.998555092688869,0.11825370248860699,78.75068849208309,3.9735805647296933,-0.00808395872659543,0.08898032202615236,0.0006074391433275214,0.09730722473388498,0.009122249720545084,0.2828929332580761,0.0028463982181205064,0.1079228641541904,0.24966823169677527,0.19351997697091797,-29.014190475175194,0,51,2.0
0.9373795799180573,0.13440505211053966,79.06859294573466,3.7104847499225873,-0.006738675027793529,0.0863426676488161,-0.0025556745719822016,0.11807083312640734,0.03191475858272729,0.2755929200395253,-0.026812223461314896,0.11019272685763033,0.24780113868200448,0.1816641625841435,-36.40617673682753,1,51,2.0
0.8868875294631603,0.11866562009758092,79.60846919171951,2.620861689171529,0.009400431468498473,0.08478987752165887,-0.00019713711249185544,0.11104260414083464,0.012630618209311483,0.23741283888307124,-0.051385831676511555,0.1115958270003739,0.2496008413667373,0.17187880309876466,-45.21909442394252,1,51,2.0
0.8358288937631775,0.105967164680167,79.62953163128273,2.619606957350987,-0.012269053936881177,0.07805049307268504,0.0017391764924076258,0.1095656038952362,0.003082736911179096,0.25706140455179677,-0.06643680368660629,0.11314033353128299,0.24745333200452915,0.16198363958309991,-52.76439808452511,1,51,2.0
0.7941915649993747,0.12639697794118077,77.48730748307472,8.837387430975308,0.012189055628636303,0.1425842841301851,-0.00812205858528614,0.13612143835440818,-0.015396035285483972,0.40333797201007077,-0.07625310507819553,0.11532536470281113,0.24716409184317542,0.15351966568421999,-60.998326007025014,2,51,2.0
0.8327935837647494,0.20356459020908704,71.71971418343338,14.035891253389124,-0.02082984156760515,0.289211131972236,0.016616861646374066,0.352300483268443,9.620690937427913e-05,1.023732169317983,-0.07314433241388484,0.12290658785929244,0.24966379498626737,0.1544111454250401,-61.68767759544163,2,51,2.0
0.8408980765471271,0.2118440860450516,66.54754844366336,15.963041938333538,-0.008326235720339943,0.3624541106584555,-0.012612722704515737,0.4212368875084546,0.014172244880932803,1.2345285211511996,-0.07326057612204748,0.12859190869442697,0.23971843850721414,0.14725223385174097,-62.79443254393791,2,51,2.0
0.8399011290394792,0.21714294852482116,60.487532218297325,15.710904393344844,-0.0029360851382508,0.4098939608085779,-0.015770383544412313,0.4568750869711462,-0.03862788535508455,1.4296499808218948,-0.07648976761343781,0.1342150568220405,0.2362359838711491,0.14254964968982836,-65.72189716717749,2,51,2.0
0.8978145140789303,0.20421284075047985,57.36441320998996,14.875453638456746,-0.020990330433728648,0.49191163218014733,0.01176091356604707,0.4645672330801852,-0.025740122166918775,1.7347231342194602,-0.08125289433096584,0.1386948581187828,0.22888689456974637,0.13515824207361493,-69.34734505135205,2,51,2.0
0.8552503100066793,0.17776340801298873,56.637977347654456,14.726284160687813,-0.01255302591358914,0.46726765646269997,-0.006926017356853859,0.355602801636425,-0.05272591135957662,1.5995011757923665,-0.09780212240065071,0.14054892441815717,0.22094105450173485,0.12461657455857436,-77.29668407622971,2,51,2.0
0.8532378230170876,0.20684301552423878,55.73979113148708,13.40656596189352,-0.027002423344289556,0.5058301668085302,0.008892709279761594,0.3496437783451876,0.05937937683626717,1.6756851169246363,-0.1109960394442498,0.14450520191494154,0.22138065503019488,0.11727004199137453,-88.7785245668096,2,51,2.0
0.8725244389737353,0.23894998781866478,57.16572337057076,13.789123953379248,-0.03253713483903922,0.5249819999882325,0.018238149875519322,0.3754778599141254,0.07220061028412744,1.8114614632629529,-0.13141029217412836,0.14626548914252765,0.2108539444498872,0.11291430505448842,-86.7380261058478,2,51,2.0
0.8537722615634694,0.261575696882354,58.53222841375015,13.548202316712166,-0.03620510256173564,0.4840559063160238,0.016770005664404702,0.5072397950933595,0.009605968261466306,1.6787578294273042,-0.1556748789537802,0.14564226336612116,0.2099651692276197,0.1092889416205253,-92.11931794221589,2,51,2.0
0.7720075590061206,0.292123937912629,63.93229559823578,14.18019014640595,-0.015994816361104742,0.4262250805720255,0.0065092474368273045,0.503785047839294,0.06868895592496675,1.5568608435195508,-0.18810126645036448,0.14217405645414935,0.19934410506979833,0.09364841831891303,-100.0,2,51,2.0
0.6814839406048551,0.2918677824577287,70.34243784231298,12.699615723105701,0.0018478067336129206,0.34969188265780426,0.007977488578534593,0.45490439196431426,0.005144095760496224,1.2701222348778674,-0.2297834257775149,0.13862494464700503,0.19610423644806782,0.08078081419955485,-100.0,2,51,2.0
0.6885427446926341,0.34111084968762506,72.70431302575504,10.550215521628637,-0.0015885199547982683,0.3679331575187005,-0.0027432494303759407,0.45826773767522444,0.01135814703051366,1.1010756744147234,-0.25810436786305874,0.13724484158061503,0.20708587996874694,0.0836330033809067,-100.0,2,51,2.0
0.6492894281651459,0.31745194734307564,74.68281642595927,8.870093914983446,0.06645636881391208,0.4100444699858488,0.015522652250878951,0.34978457031889576,0.009746154313724414,0.9640277377111738,-0.28093880687108036,0.13502451450010136,0.20764089908197858,0.07486605014150621,-100.0,2,51,2.0
0.7783002831480083,0.34979246142683573,70.41545665497874,11.76231868776745,0.026339523055974173,0.5598697287352712,-0.013892191663092258,0.38861013505205166,-0.07635758446492985,1.1369750993870127,-0.283820369991591,0.12992404075954245,0.22098060237264308,0.07383308116671328,-100.0,2,51,2.0
0.8685298005447668,0.5228425499004971,69.01203209746117,12.92452801359906,-0.016044667538474586,0.6314666229493486,-0.010796705589574926,0.41048818245776586,0.031134794667070986,1.7571449768452327,-0.2704733263646482,0.12346214101162442,0.2200837821437711,0.07980296154560386,-100.0,2,51,2.0
0.8508716736938439,0.48818465935023414,67.99832152852825,14.078159541201332,0.0246249200666652,0.604711395873651,-0.012515122983969893,0.3565806844019081,-0.014028350329574417,1.6565082689472532,-0.25933980608090884,0.11590877556957628,0.2134143160710682,0.05227701895011663,-100.0,2,51,2.0
0.8633539731449941,0.48371677740881186,65.82932496070862,14.902685613922783,-0.011773316226169174,0.6253202671860596,-0.020821769886157093,0.3095565736033359,-0.01974967600522088,1.7433566273798782,-0.23075431462886486,0.11288082938145116,0.2154797489177689,0.054148236318488245,-100.0,2,51,2.0
0.7387429732171928,0.26350588015737814,68.19088942396874,14.962991747970317,-0.02694070463379224,0.5568418317778939,-0.023700011711494596,0.26249589669359014,-0.08954303576519676,1.1594108171625037,-0.20862000786562565,0.11079589341347523,0.21354580188459826,0.05543184333511097,-100.0,2,51,2.0
0.8235257528722286,0.24735752790472013,63.21135824801875,15.443587394810349,0.0011592505171018489,0.584097730868172,0.002344777040621814,0.37727085189917176,-0.07671425743576359,1.4968331847967418,-0.17925935258909959,0.11172041519920076,0.22762876155858977,0.07587966926516268,-100.0,2,51,2.0
0.8238920019391704,0.2252005172781489,60.67957685040493,15.557799404457576,-0.009713202714920044,0.60847561202881,-0.013874463737010956,0.4250050505513217,0.010853742267571244,1.744797613324062,-0.14662251894625009,0.11639660947490141,0.2309218245374007,0.09568256461577708,-100.0,2,51,2.0
0.8434323011075749,0.21220290300851463,60.00355207686331,15.879770347699594,0.0063104992549793395,0.5427634672351671,-0.029130764013411952,0.46690322693330083,-0.11268942262612137,1.9090136413086771,-0.11819287253767156,0.12119185606857517,0.2346554416566316,0.11037665594427569,-100.0,2,51,2.0
0.9127661137312066,0.1788243792690944,57.39631820192524,15.144443806707477,0.020441249232081807,0.54068944249537,-0.007157865546497644,0.5636777509672607,-0.0852548381423249,2.0529595442259776,-0.07484757479320664,0.13575930107474093,0.24206493521935454,0.11957392489239047,-100.0,2,51,2.0
0.9318383650160303,0.1706382251190206,55.19277140673469,18.139085028875776,0.03778612314193856,0.4637800802784475,-0.04763031867789287,0.6222785346373582,-0.10336139600943117,2.2320555946944483,-0.024043242113224013,0.1566932532243125,0.25745273037335736,0.1317583281576995,-95.39769058485335,2,51,2.0
1.092446973656907,0.4737137047635572,52.40835847106634,20.115669333855152,0.05163817692036722,0.4772382451415282,-0.03677494371054219,0.820596010442276,0.027689021811181425,2.6173853531078835,0.05122706362953888,0.19492199453538311,0.3020554695136192,0.1681465138763003,-79.63825865330232,2,51,2.0
1.2048477327414588,0.4801239630578688,53.10133579198052,20.235856225498694,0.03206137889156155,0.43686850181884096,-0.050096505412868426,0.7857688005387952,-0.03137605016430219,2.4249560802346712,0.13907056847129506,0.2535281784263823,0.3278836512044416,0.19921118269784982,-64.59098669262634,2,51,2.0
1.3597695880076464,0.5461312951273046,52.24545313797745,21.016685175706996,0.01703220065317902,0.6673773135906123,-0.029030968891639336,0.9872019936738253,-0.04917436166136872,2.525966563198136,0.22867892943747245,0.3216193003329872,0.3691510947425858,0.24592350611251587,-50.10809685418618,1,51,2.0
1.504492418000511,0.6013234004133052,52.23662314227983,23.58550661801221,-0.05230335876637814,0.9056027765968518,0.00957777818628386,1.1577466008723925,0.15483675283544204,2.954055311959722,0.2917931055495843,0.36632407717947146,0.3945423717163143,0.2865201311886593,-37.70144878808801,1,51,2.0
1.4897067704621483,0.44408214250955635,46.207202130672975,29.589352187281847,-0.027498973643078524,1.2659316448993585,0.0010131435359225555,1.3769455478018435,-0.032851384550917385,3.6422498445824627,0.31857081333837195,0.37993625767894884,0.38862916272876125,0.28649842820187293,-35.64792141020921,1,51,2.0
1.5111178650575525,0.48559430534327036,34.70978375977161,32.950964323457946,-0.13501767434325873,1.5222571604522224,0.09198138585277632,1.6954590620553298,0.37520231087418165,4.7951987525019,0.30696055120183663,0.36783784163519,0.404531960722025,0.28563213438260354,-41.62690818959307,1,51,2.0
1.426438310128801,0.42687925262366994,25.586850357990638,33.97852088100173,-0.08738830919359244,1.4732334924545845,0.062026853362719216,1.7758002542056457,0.29782827329986233,5.357492880924799,0.2591212070875603,0.3363216982032167,0.4090342392560908,0.26748912518676937,-52.91621256396504,1,51,2.0
1.3502168336919709,0.2881449419856833,16.75439692478554,31.27406434405461,-0.05708911313730128,1.4897889800601187,-0.06438799845237358,1.7749277656464921,-0.053192101418972015,6.136677158172016,0.20352086414819853,0.3149418977611178,0.4195729626880519,0.25492414697969584,-64.5873753660025,2,51,2.0
1.3416328243180817,0.28205501565142177,15.403084584310943,31.192161199438836,-0.04607552173090916,1.3315803128818877,0.06785267796002183,1.8626594952790565,0.10370757050958335,6.239081737495939,0.1308741153130183,0.3033107896151459,0.41987083585600965,0.23082999778935046,-81.89613129883276,2,51,2.0
1.522939010139774,1.5527472454485676,14.939067055197324,30.03950664740193,0.12501746299220065,1.885608282510015,0.1488332684133567,2.6385031912925254,-0.06488746696827459,6.625241013816888,0.07018423971641984,0.3172043559071752,0.42802692262277137,0.1765678767903081,-100.0,2,51,2.0
1.542161193694554,1.5698606304487337,20.334643268117716,31.989981934100093,-0.055573023709596374,1.9330091480952325,0.023514814820944096,2.599707827155376,-0.12721629645310195,6.389116633464763,0.043779440402123726,0.3462686914106341,0.4242429834234393,0.18095100407208614,-100.0,2,51,2.0
1.4582183868715577,1.5848256296730419,32.53186120005215,32.507235710448384,0.03376885744578698,1.7757650167512504,0.08301775741810892,2.478635657425385,-0.03557537346347874,5.199365320675417,0.02291926973154786,0.3569188144405345,0.3591075895863299,0.13826725018311764,-100.0,2,51,2.0
1.402768590505801,1.5924767290310138,44.369730577749365,28.036013096718975,-0.025724895079346263,1.688950552233422,0.04174887257463792,2.2478402769167944,0.0873830100503184,4.437356990872852,0.015263579831278707,0.3666387608967442,0.3093105009471849,0.1310209752954547,-100.0,2,51,2.0
1.1332479479412239,0.31280659345894696,54.73929570936689,20.77664758932212,-0.07755548090619199,0.5666383693153486,-0.12131029893370236,0.7155724860126457,-0.1390425349841369,2.203558133688587,0.024685101037361948,0.3739061715174322,0.27690587923104243,0.17171953097821746,-61.25473768395502,2,51,2.0
1.0635363380698597,0.13102567899234513,65.69499178961212,11.793330080980379,0.02608825755762119,0.1985085812411412,0.028305316380425997,0.20531111622618958,-0.013031276006835932,0.5609533623408435,2.030907760540843e-05,0.37568196558970035,0.24395750864334242,0.1595247112406181,-52.9277230756874,1,51,2.0
1.0300796319748842,0.19913954566179418,69.39498533454596,12.421991885873389,0.022821645088055554,0.31519440653338204,0.01184196726364248,0.2579606870948663,-0.019301238004118204,0.8994220514665998,-0.024909148721302506,0.39942920249793834,0.2608907367606631,0.17839842252578192,-46.240495328908814,1,51,2.0
0.9504068350675059,0.23278124920536356,73.30832313556297,11.886030182856631,-0.004125725295321614,0.38873524980865737,0.04374855837109042,0.31486842349070726,-0.0023022346636828255,1.0176993887056494,-0.05349128647453469,0.42147601450197036,0.25511453888314894,0.17789096960670978,-43.410618002234116,1,51,2.0
0.8330690095968106,0.23489100564650758,76.05614813168843,7.441395137898823,-0.011205943812634431,0.38279233052286915,0.05231264576900239,0.33246051345104616,0.009526340546561223,1.0092806685904148,-0.10053982671868017,0.4165376853968321,0.2333969619647025,0.15471040340163306,-50.860547728517425,1,51,2.0
0.7019900976150644,0.22206897831757116,74.93343901634216,8.406479179731638,-0.01002292207204828,0.38108753893004504,0.05570304276896458,0.32670640194519895,0.03237870277142992,0.9803637494897587,-0.13844322387543667,0.4060186505649261,0.22464360968526914,0.12882780259150844,-74.37510006871474,2,51,2.0
0.6184836117660298,0.17815993029000565,74.61079461200565,8.267621624767733,-0.030102016477316033,0.32214628341571755,0.06217933526518298,0.324367135548032,0.021614920494018818,0.8012778181853213,-0.17148316700869456,0.3875137040673005,0.1999989907665961,0.10133638496123572,-97.36148160712648,2,51,2.0
0.548796061499446,0.16052750556707668,74.06966582934062,8.34579410921243,-0.03758146884102447,0.22707137940028985,0.05280438503798317,0.24663460290223155,-0.00908644658093359,0.6601321910593115,-0.20828659556052442,0.36253755392213166,0.18053659348614343,0.08126331047850746,-100.0,2,51,2.0
0.6219897601826518,0.2705714637844704,71.76982527854396,11.082952865310983,-0.030371543896548888,0.46237293362493376,0.07891995299096201,0.35269796393565683,0.07069210744663781,1.0661878801536036,-0.24278921861114372,0.3350236956469871,0.16560950733654792,0.06931879266023099,-100.0,2,51,2.0
0.6917540824734697,0.291794683247839,70.63199462142646,11.54102083928735,-0.04513425065898428,0.5039992104530265,0.027109969407320023,0.37420171459544865,-0.010068341140069213,1.1738669438841494,-0.28041894134804524,0.3086171554099166,0.1535423315964459,0.060943855927409245,-100.0,2,51,2.0
0.788703751476372,0.30697446648526894,70.2386845630758,11.31953521495759,-0.010372902467554691,0.5174082429709568,0.052273185375858754,0.369545312650655,-0.04086658000653865,1.1382852117011573,-0.3222043882143832,0.2854976745090098,0.15101495565684142,0.05086538962176311,-100.0,2,51,2.0
0.8528894755770179,0.2660796058490879,70.90092191509171,11.183738236839236,-0.018315911658254323,0.5234574110763319,0.019000913509551215,0.36736356646744467,-0.01277325170881608,1.1430550281893979,-0.3608005837678577,0.26424590878588455,0.14161330435205657,0.04561559625170576,0.0,0,51,2.0
0.8391173177343958,0.23828678455363395,72.94963847188389,9.35462446507307,0.014792461240408467,0.3632247856538512,-0.005367251222624499,0.27985016988189965,-0.042183378455685636,0.7018243147815064,-0.4007686649584975,0.2521372617382024,0.1289871282447687,0.0341468520434432,0.0,0,51,2.0
0.8685978462590891,0.24714338851573342,73.13356961222256,8.0464775681045,0.008941695240198397,0.35781034541131634,0.009048391571816276,0.3475042868456555,-0.013349227899429845,0.7114065146711165,-0.4372285923622697,0.24564806142130466,0.1269855538120675,0.028481748075686056,0.0,0,51,2.0
0.8702959672493094,0.2638483545014015,71.58396622713875,8.85950669312141,0.002580154029762044,0.434027880678158,-0.0002959012693049861,0.3701181570136297,0.018795106925216375,0.8272023248389195,-0.4680653361615525,0.24219208463955538,0.12473246121477849,0.03034413184859429,0.0,0,51,2.0
0.8686600813970846,0.2542350510616781,71.55793832330143,8.572799864908715,0.011419008212054478,0.44114475913833007,0.0007595389204866745,0.3769193286551811,-0.009397957693128026,0.8681809181400333,-0.4983623414359352,0.2380842281272332,0.13079421076362016,0.030332212611367187,0.0,0,51,2.0
0.8537190078082038,0.2610801368618957,71.34840408493491,8.395453896632148,-0.007699645069592139,0.44806173767401203,0.006013535255310582,0.3450000528691377,0.017281533310226367,0.8782555850134998,-0.5245167226909061,0.22942006795954653,0.1387685107167616,0.029723329716164513,0.0,0,51,2.0
0.8046665556144481,0.20292377726652389,72.89633107185364,8.078180616823818,0.011763936675646725,0.4390328425848899,-0.006651201595862706,0.2723281598084355,0.04480125062971139,0.7627719130651872,-0.5431728755217335,0.2146694322609809,0.13935184089438243,0.028846274380112596,0.0,0,51,2.0
0.8219715537247705,0.1954058042794251,74.20496248731426,6.9955307834299125,-0.052267306648633056,0.38365094808976624,-0.038572467498335185,0.23616038300696138,-0.05054130469101901,0.6160510034473669,-0.5558892402096005,0.20262976291884857,0.13051057845778472,0.02673974521089488,0.0,0,51,2.0
0.8786297998577356,0.22573201501710347,73.57643577575683,7.481673589697556,-0.05122014511376619,0.4668158217641501,-0.01496552774682641,0.2620844414437418,0.0023512920178472996,0.7325708926047969,-0.5576331704217479,0.19579253651477874,0.11838137975734954,0.019982352983305317,0.0,0,50,1.96
0.8911498136380139,0.21188410445717368,75.8440684524237,6.013991071768885,-0.04388631328794302,0.46047056902384426,-0.03420245232900568,0.27600516927985175,-0.0058491341587083015,0.7198025826040161,-0.5535192214475484,0.19794037988011864,0.10627034524395766,0.012118907415902313,0.0,0,51,2.0
0.9849761817604303,0.27109701624401905,72.70484491825104,10.177598598659017,-0.07030458524823188,0.6486466242007882,-0.02587552519515157,0.4789699283619154,-0.047641873508691784,0.9352763776715531,-0.544593127494937,0.21279696662074093,0.0967136001075539,0.020779711195367898,0.0,0,50,1.96
1.0333015682796638,0.5479518338738816,73.50611800305984,10.116497285479436,-0.03501992789553661,0.6807203379655143,-0.020733499881245343,0.47255053545628717,-0.02939853203647277,0.918849061739145,-0.530954768488661,0.2276106756386204,0.0967491734054951,0.05097705172698435,-89.78966049988645,2,51,2.0
1.0120873336552405,0.6091263221357877,74.41301124703651,9.817589930702358,-0.024501545026021844,0.6631380471210391,-0.01418209828290285,0.5021015004369408,0.03523309470391741,0.9094579889513035,-0.5176878623432559,0.24908175421278675,0.09331717951519289,0.06477698072900973,-44.05916803313082,1,51,2.0
1.1039225426228607,0.6878064995088811,73.05534408139248,9.637389502156172,-0.009130498357847626,0.8867220334746672,0.03576915119500721,0.6648796844309763,-0.019200488632800532,1.0922541416546272,-0.5085281051128085,0.27615192684086715,0.09449362955387244,0.1126563124688977,16.122206130295304,0,51,2.0
0.9583740480536339,0.5486243368046657,75.75919565499997,6.006806908395609,-0.00448968509833018,0.7250609986330464,9.143710428593205e-05,0.543240255127114,0.040278088520554936,0.9425651249616708,-0.49732430717089415,0.2886141275093877,0.09181473634229179,0.09360008721817405,1.9074243720743067,0,51,2.0
0.9532357097840777,0.49992422822724025,75.82133917715035,5.296598446203988,0.010477291018355126,0.7547488800055705,-0.008414168276038825,0.5379287066143601,0.023055944664805542,1.0619062302858406,-0.4896595894207612,0.2895210714115737,0.0915898683377054,0.07213345485138667,-26.972801353274846,0,51,2.0
0.9704854710429323,0.4463317971903611,74.57546408036175,6.387054240006949,0.04088419033031838,0.7677339200800279,0.011268269928062664,0.5312156222212158,-0.017596915948624704,1.16768586601505,-0.47745995790531687,0.27835768318278564,0.09887092167666862,0.058133736168078744,-70.07494820358491,2,51,2.0
0.8336458516617616,0.3000374885518481,76.13022287219178,6.370192583097518,-0.021082410333203336,0.5629188600791746,-0.028741390973913903,0.2973324639962583,0.02890310531445578,1.1325518272755237,-0.46083111187409037,0.2487962803666478,0.09598839209833487,0.01243432285048697,0.0,0,51,2.0
0.8446138231631588,0.28854440918653745,76.50065536125034,6.078159514984568,-0.01619479009041599,0.5444456561328168,0.022310470541318256,0.31026983853526874,-0.005638420216593088,1.150390605526102,-0.4500499369144976,0.22065223863308875,0.0875641868397737,0.010677003888091433,0.0,0,51,2.0
0.9777840117321295,0.9262125614190772,76.94437382735458,6.1596474923636615,-0.01461964064076835,0.5336174166061085,0.042521228210306634,0.3440076670327704,-0.031970570338707344,1.029280709828337,-0.4425483547504878,0.1982196824802215,0.0748755458502368,0.06591631534822966,-13.591825414810232,0,51,2.0
1.0967268132988144,0.9790624088266638,77.58860721307643,5.187639399421984,-0.024527518115207262,0.5509767210569728,0.04681908364827726,0.3831056242411506,0.0481346583395612,0.889113729867663,-0.4401886734541411,0.1745965938479972,0.06050546364106567,0.11223341962907707,46.089619436856125,1,51,2.0
1.2065602448202817,0.9716687156897593,75.33927533673305,7.232924801419151,-0.03016148514899553,0.7176309602499427,0.0007739502790511824,0.43797991011140736,-0.029293688781121197,0.7610125101239746,-0.45057478244412563,0.1419296563853062,0.05709364646681387,0.132783114357988,57.00232914187615,1,51,2.0
1.2777079331378143,0.9781544196880071,73.24810746136833,7.822382221166738,0.021832158460336572,0.7955116079036458,0.030564116971457705,0.48503365693947254,-0.0033874916387539285,0.7693353403552209,-0.4566535974390565,0.11352873966482714,0.056449529806480485,0.17079983314473546,66.94989171409479,2,51,2.0
1.1293829388039953,0.510670034531583,72.11234491479163,7.5675345273650025,-0.001148288740831263,1.072436560124297,-0.00024975726709646336,0.5671246065359075,-0.015468786160151163,0.872548279653985,-0.46540563794196954,0.08149797112548089,0.05999269393423342,0.1351051882103824,55.59556614449601,1,51,2.0
1.1151572449826728,0.5146938206851464,71.18978878096038,7.402756794888729,0.003347808969955818,1.1389236043400106,-0.02948372277851198,0.5738777828894372,0.013082083533791936,0.9636678609810413,-0.47486415441146534,0.05293019353187038,0.06804419417011766,0.11557784863632918,41.12695903847309,1,51,2.0
1.1906963986362897,0.7431896546802149,71.62754105586632,7.295765909099277,0.0359037109449798,1.1074484935191,0.009308966789759841,0.6098870144456864,0.055891554875701084,0.9596573438761302,-0.47331307520899063,0.04311110590064119,0.06195526377974348,0.14512609148721534,57.309355509514745,1,51,2.0
1.2855149425712287,0.8392035315419364,72.57653839915406,6.932223266555777,0.020968601399776982,1.1309721326802349,-0.003713338982825186,0.7705878363201276,0.010221424202124277,1.065144887249478,-0.4772002802101463,0.033330649468424525,0.0680503579059121,0.1596765165389007,57.38236317966421,1,51,2.0
1.3731959411034398,0.8686446997514087,73.28668821091746,6.914253544931113,-0.06464555479732215,0.8587628746194482,-0.01454170311198515,0.6847640773910765,-0.0041567493303149355,0.9283943790449282,-0.4803807100744845,0.024576583383616353,0.06723246717131819,0.1885655989528436,64.34531667245855,2,51,2.0
1.214563412117023,0.6740557690828197,73.72537468928917,5.900908925882432,0.019890381425034766,0.8394544679170848,0.03034522252924302,0.6888126126969177,0.004993946236722609,0.8438315993614999,-0.4847455623424464,0.011630603322038167,0.05599727784184602,0.17012382522350822,67.08439998437787,2,51,2.0
1.4108047177832501,0.8184995974213702,74.77401136417015,5.715922389419163,0.046675591784365034,0.7762992703867418,0.045930948911928664,0.6340360138794836,-0.01422231366821364,0.8527859152673195,-0.4940015183821099,-0.005136434019909822,0.06708090937616479,0.2200313574208188,69.5130229788703,2,51,2.0
1.3910201143692522,0.8859319084096768,75.12665517189923,5.802214711261572,-0.014055601229854659,0.7084425110571659,0.032820866972792385,0.4864899468775184,0.035925946983636596,0.6343676357793654,-0.5000077903605348,-0.018628689803879814,0.061641561045763196,0.19415731456305757,68.25174411559782,2,51,2.0
1.5082315875619066,0.9481789046739132,75.00462848064946,6.720806115504523,0.001645577304503497,0.7441136293306391,-0.01817975675358492,0.4925039043884043,0.00633385565643217,0.7058054801533866,-0.5145086061655691,-0.03798599832907004,0.06757446309205385,0.20437865516396936,66.93663384865701,2,51,2.0
1.7389170762662793,0.9935208372210443,74.97960749794456,7.479265541399898,-0.051151223918970895,0.6984653355368898,-0.07020331144917245,0.505418891124443,-0.05293229901615311,0.7584174942523241,-0.5281709470258474,-0.048118440671821486,0.08691882412936894,0.23788807791171065,63.46230341075443,2,51,2.0
1.6743261437936157,0.951002089215351,74.37306119881424,7.657082632492425,-0.027728904696071848,0.6775299816898172,0.028116379152326024,0.6090550538285855,-0.0021048565851707083,0.7897385678502341,-0.5220265737012656,-0.033909560562103126,0.09086123661144575,0.22881837510996875,60.291110113959,2,51,2.0
1.6064920311099757,0.8451162979851732,74.05527785712597,7.401865084170968,-0.003470468754861869,0.7243771048586164,-0.027879332064413558,0.5728339156265798,0.0016109919285073,0.8643766861013259,-0.5212493318561514,-0.02893682782796528,0.09816419935878595,0.23886613974293494,58.90409604959952,1,51,2.0
1.5861809229953032,0.8441411456275113,74.01314796185962,7.261875882789174,0.07184034585952759,0.7207327643338182,0.03566991683899188,0.5790154140749197,0.02522598031689139,0.8319396119776679,-0.5076459925913962,-0.01935617603796243,0.09051774364807372,0.24641461184055963,63.26608110940985,2,51,2.0
1.5338586108284253,0.7099381996632192,74.03205865504695,8.196813508529639,0.06543045593243019,0.7553463839277944,0.0982687154821321,0.6500481144529703,0.057988241314888,0.8618852404666468,-0.4975592562432012,-0.024446845627399676,0.09273563328645845,0.2507001385483092,63.00934103050424,2,51,2.0
1.4379523946154935,0.62474177389697,74.65709062183605,7.811310574972529,0.028139419999777104,0.712156920543653,0.008094156489652745,0.5424167527213274,-0.028964753828796687,0.8479844719641122,-0.4996575410942662,-0.0537856552173596,0.09455043416570584,0.21617675318833218,56.26244137206837,1,51,2.0
1.6010453771142399,0.5725355037136686,74.67702391568352,7.7444916535923225,0.10829183254756179,0.9355429056029207,0.028304870222129075,0.5006973305374095,-0.026332738937116136,0.9893152432596523,-0.4959397332761004,-0.06921526902032993,0.13163757798771908,0.24280993391796948,45.785752722872,1,51,2.0
1.5237190965928284,0.3829776361924395,74.83659616171146,6.968893603821966,0.0973786140481631,0.9057800458255911,0.009176182989761526,0.4674295231454464,-0.013205312192440033,1.0480026080850462,-0.4780427814868831,-0.07116456680079997,0.19950699657100443,0.23042901698314147,13.419325750280553,0,51,2.0
1.4627030760634179,0.2927732088862783,75.12056789211198,5.452289642595163,0.1289650077621142,0.8509103971828021,0.00540299919050406,0.2761730865371682,-0.030292179435491562,1.0483916340884438,-0.44265854709485425,-0.056930965740857285,0.24304369969326894,0.21744292027395562,-11.773563097413797,0,51,2.0
1.421005479260987,0.3568603604238352,73.55141528914956,6.72120544551045,-0.022871573619982776,0.6401105925794288,-0.0184782971445398,0.2828541339393024,-0.06445035798584714,0.9106489726738091,-0.3900648312953618,-0.02250022143078297,0.2912806693408815,0.22509336972028168,-29.40437548331576,0,51,2.0
1.3858517192158044,0.40282364047590924,73.2983834883746,7.724528445746827,-0.06475754849174443,0.4783677655767325,0.010659751710573248,0.2896703674092335,-0.06030521461484479,0.8725666045107576,-0.33066159165072456,0.02144540155704178,0.2916374064567702,0.2331809375122443,-25.0691456892596,0,51,2.0
1.223439431877113,0.4789434564602184,72.60050448249368,7.757347767941242,-0.04224792214147016,0.43358639058244,-0.011694373873372873,0.27213693151539065,-0.012108192213025748,0.7195623193385181,-0.2817801740052295,0.059063727684461706,0.26098949460014753,0.2036089370014151,-28.181748033159092,0,51,2.0
1.088402862423191,0.5077368893851808,70.41451242390801,7.586848049189012,-0.07705665646376562,0.36247574551867623,0.0023547048844835337,0.25787323678162877,-0.01679357813269484,0.6445621967599291,-0.2389071992938298,0.08794375370704144,0.23311126563538245,0.18409054477612422,-26.628592423838615,0,51,2.0
1.054893914902327,0.5183223046322343,72.13719931303287,6.6913288024288695,0.010349361810321901,0.30080604754066964,0.00167379473500392,0.24149552375411107,-0.03189305190508272,0.5895297563308673,-0.20450085601479806,0.10861644827093737,0.22726346583960252,0.18018358296095094,-26.128841543158043,0,51,2.0
0.9422934587095299,0.48992377587067737,73.30086047509137,6.374979945098855,-0.0039863605417457286,0.3570632037849982,-0.016475449918824082,0.27741726606150463,0.001418645584992334,0.7130609276758687,-0.16741354439437245,0.12499161622332412,0.22614139454469012,0.1569732708685034,-44.06363153006405,1,51,2.0
0.9376607697237941,0.5192043357953192,74.50523050626119,6.2073050971075725,-0.0038672083733128568,0.3486604674331561,0.004219665246851304,0.2757412677117846,-0.010333074841137026,0.7294885514955617,-0.13693180776953098,0.14269206367160822,0.22747857633426094,0.17013216395053285,-33.706978769988474,1,51,2.0
0.923129731606619,0.5322619535473974,76.37400240056655,5.107589350325183,-0.004741692879036361,0.34342648634745343,0.013924033143648915,0.2642003697066252,0.008182572785253618,0.687912233465018,-0.11412128649854895,0.15800524064160434,0.2291522570852298,0.17445277347875726,-31.354894803740784,1,51,2.0
0.8467425534538194,0.44468171804956425,74.87106006285724,5.41944788742826,-0.05191216525603451,0.29436616367505086,-0.00912681174482785,0.21090391180532486,-0.005383105327685674,0.6740853042094666,-0.1105949747343418,0.16580449260639823,0.21225501253158574,0.16054125955700818,-32.21212610220865,1,51,2.0
0.7307602931179252,0.18817783503179314,72.61583728883781,5.245190353404929,-0.0017056890909432196,0.16190094253719725,0.031793098348905056,0.13889814406060613,-0.01970774673071562,0.4829504973621437,-0.1240333166815587,0.17513484957883163,0.213096457216312,0.13650791657539446,-56.10556703399474,1,51,2.0
0.7884634462203465,0.17327827420739036,70.51959423457875,5.453361770329878,0.015029648108882647,0.16230508701318364,0.021266705776546515,0.14644246058602248,-0.024118693161974934,0.45492501715797046,-0.1287953736041819,0.17109992910192073,0.22256935800410732,0.1471285896348096,-51.27539695483423,1,51,2.0
0.7979949568124378,0.1488892037095205,69.33014374153286,4.678641213980587,0.027122603227183514,0.14309737623012653,0.020153975643801923,0.14278857787665578,-0.008827488741600047,0.4225647744135074,-0.13726851191953407,0.1614390154405054,0.22604834458234693,0.1500412978124087,-50.6574175764376,1,51,2.0
0.832152920172495,0.16628957116641815,68.85534974173004,4.8284008045189895,0.03654129943792142,0.15099211302966722,0.04174956352468215,0.12585406879185562,0.011556334884873792,0.3954143441571567,-0.13565697389236944,0.13846336980166785,0.2388371919002707,0.1566611111895648,-52.45467754359938,1,51,2.0
0.8656473248904827,0.1273410011854707,67.82045029658897,4.441296674927704,0.01455704383917299,0.12225092105410247,0.010715906983058826,0.09943463686097821,-0.0066955960812229735,0.35119301101110456,-0.12472700903096826,0.10422914110299913,0.2478519462300417,0.16744012189698596,-48.02422706221358,1,51,2.0
0.8938451260328293,0.1230981918579898,68.7471848749647,4.253843695842783,0.0017327176151322383,0.11399733375324138,0.01916156952068502,0.07867702175573381,-0.004801550697462231,0.3276001587953244,-0.12044904805896317,0.07756251520930396,0.2516145529755537,0.1732271853573895,-45.25119279427254,1,51,2.0
0.8964865133166313,0.11442061023793482,69.5637812427446,4.839177151649442,-0.006133531329824644,0.11260283969020765,0.01721884956692948,0.08797017884960898,0.017669103875317994,0.3275166159024105,-0.11340807327670997,0.05177046977228598,0.25034115096455806,0.1737390863918641,-44.09028858360631,1,51,2.0
0.8758552959736656,0.12744238950701034,71.81514010242387,6.291027674638328,-0.001576696705146163,0.14102228340475245,0.01924652197197372,0.0961136973240443,-0.01915114882456906,0.4971859029317037,-0.10751170160576151,0.029704919523647882,0.2472386437773032,0.1669316484860336,-48.107711161786405,1,51,2.0
0.8978303245761815,0.12952127127254576,74.64679977473091,5.947859326638193,-0.007670805570395554,0.15079774257863102,0.00938121328020797,0.11761964685508292,0.009288324170983304,0.5366397120915358,-0.10200179076280767,0.007253049660210117,0.24868278311047698,0.17119040881835618,-45.26677331225086,1,51,2.0
0.8797277654064637,0.12892303045239714,76.77760662284552,5.6155022355707045,-0.006286862945439769,0.16191844703050357,0.0032042741191153435,0.13231737686876574,0.01627803555525401,0.6144029281794376,-0.09546129683694657,-0.014017292537071204,0.24831516256563965,0.16762663074604808,-48.13586687298721,1,51,2.0
0.8642492103664314,0.16203100388674113,78.61585132280986,4.049102767086826,-0.012554276953725255,0.2000369385636141,0.007559814472116676,0.17334678189536176,-0.025551607722745222,0.6353733472619421,-0.09145174281008202,-0.030630589939863544,0.24345009550489008,0.1639951400720804,-48.44957929722005,1,51,2.0
0.8626178436565632,0.1600307036118543,79.49615693559834,2.0246794748724017,-0.003926610866305875,0.1817879414914903,-0.0009740442676725341,0.18715987336689713,0.03225032817207131,0.5475663758622051,-0.08593140183429686,-0.04803166489982019,0.2466728682775292,0.1660876910593202,-48.51965651652479,1,51,2.0
0.8451486774081108,0.15396598818883125,79.79809963001924,1.1188721433606372,0.008862883838660577,0.18379486340204074,0.004792642514860513,0.17335338835362293,-0.0303761905753145,0.530318882332397,-0.07842501768936035,-0.061820470598771826,0.24930455500243506,0.16185657492764072,-54.02806782108706,1,51,2.0
0.8265439416555798,0.1649631089793909,79.84923026140999,1.0661030455472347,0.018068763591787395,0.18794509466763681,0.016003756044322952,0.1700347059596699,-0.018516150394491122,0.48851089593677527,-0.07181414675745482,-0.07097556034437409,0.2472824240634009,0.15812769415090192,-56.381477255602206,1,51,2.0
0.8447009541240393,0.13045390940824997,79.84923026140999,1.0661030455472347,0.0072227600669743965,0.14281929006868974,-0.0051009511009004775,0.13063515358196476,0.021927669644355774,0.44407371905549436,-0.06435472376968161,-0.07926180963231513,0.2538483047678193,0.16227827006205287,-56.42778584634367,1,51,2.0
0.8518867312985308,0.1272170848224507,79.51233411302753,2.0346446958479567,-0.005699904872944542,0.13233917803305373,-0.006319115376647781,0.11256741883451085,-0.008341666895384882,0.38410613234061214,-0.0589214921088337,-0.0803181836831684,0.2522112823570679,0.1640712715272739,-53.720563026868675,1,51,2.0
0.8695191282267664,0.13198170771366607,79.21925615796856,2.528253415042715,-0.00592673286868661,0.12185354713400214,0.0022376004387350645,0.10701642107675426,-0.010924145506293165,0.32966066923920917,-0.05798336452790136,-0.08078843103504986,0.24975636513210223,0.16833402182231336,-48.369511063981484,1,51,2.0
0.8731656775755041,0.11594110177651756,78.90594981698429,3.2879909523806456,-0.014274911790647927,0.09318831703602365,-0.02890642484029134,0.10779083419102188,-0.004519395676313662,0.28663583349073773,-0.06266985614380186,-0.08309989006897206,0.2470584991061993,0.16921950840662942,-45.99882805032449,1,51,2.0
0.8598671513883507,0.12818918010161945,78.90594981698429,3.2879909523806456,-0.01068336317571355,0.10152201376830935,-0.017235494711819815,0.10320462967027266,-0.011490597663556828,0.3019653429913441,-0.07136104513686078,-0.0826405080453005,0.24255453756156842,0.16664225394697,-45.554042757220344,1,51,2.0
0.8283719362727567,0.1394894977712365,79.09778621149998,2.981520148179011,-0.0048640757506968925,0.10116498408558024,-0.010881027498958157,0.1097592391773351,0.0043951433663274725,0.35711022890724103,-0.08315992450109222,-0.08299483501373517,0.2398847029972119,0.16053848120509304,-49.425048247934726,1,51,2.0
0.7888113204024586,0.1079791085556124,79.36785873712277,2.5801153693703216,-0.0028720639426918593,0.10406113228738302,-0.021575982737190583,0.10904568227785044,-0.011115661584863476,0.3044079130495059,-0.09564853814659305,-0.0823572010160088,0.2367840209810169,0.15287163391494546,-54.89075044017553,1,51,2.0
0.7760657394195304,0.11700968566234872,79.68116507810704,1.3959721199672819,-9.545530466472402e-05,0.11334228305864372,-0.008623290186127027,0.10358265829661252,-0.012618368016738518,0.35002668801370695,-0.10504679395052163,-0.07823750552856305,0.23933688260549152,0.15040154039731998,-59.13193573232598,1,51,2.0
0.7463140135594443,0.11463387317708876,79.34966178501354,2.689250857245689,-0.006633698556791334,0.10282078964933225,-0.0043568294632303365,0.10010194289244852,-0.0004562950857421931,0.3417082185659607,-0.11563961721015303,-0.07456269673641353,0.2356540509918156,0.14463565577797166,-62.92943100667039,2,51,2.0
0.7109973857551813,0.11071782463102214,79.57144206523895,2.401847955645197,-0.004895735941827298,0.12251141514713476,-0.019659263431094587,0.09384396850045931,0.006923489291220903,0.28188213480888913,-0.12994327951106316,-0.0712744212782921,0.22486380652425236,0.13463380504318317,-67.01883041345249,2,50,1.96
0.6948895945998967,0.09682367416129485,79.6067950258068,2.3757457604235857,-0.002923926192463613,0.13034087358921034,-0.009892232181942639,0.09482642226271178,0.004672168407077883,0.33492546198122475,-0.1443372182846599,-0.06623841936948831,0.23033396421379812,0.13352880942294026,-72.49757951801728,2,51,2.0
0.6682713378732111,0.11947741186635913,79.6067950258068,2.3757457604235857,-0.005098100897728228,0.14000839430218368,-0.012148960981992822,0.09144349458368273,0.008054453185668178,0.28507658621502824,-0.15903066599295498,-0.06192781059410672,0.2283248664675833,0.12828302181142665,-77.98525731894286,2,51,2.0
0.653500885574841,0.12940782880374474,79.93829831890031,0.4362967711619778,0.014212078597469657,0.1433061583264258,-0.024489822505297614,0.10941047644513206,0.02866491195106623,0.4085630488813735,-0.1749703543668141,-0.058900680662987696,0.22969689544664973,0.1254205080966106,-83.14141676871196,2,51,2.0
0.641121879146964,0.1313793211583625,79.61593066944795,2.7157802807912863,0.00027832009044348027,0.12905643362103159,-0.025256851961945787,0.1375119335971542,0.012224134222111282,0.4253410189584081,-0.18811343375397924,-0.05389284761578646,0.23336544119162544,0.12326875578210861,-89.31434791483181,2,51,2.0
0.6238073729270813,0.1223349981874908,79.34885006324917,3.2767224637826358,0.004069856906711471,0.11689330244320292,-0.007817412799626005,0.13476598124760727,0.0074633141504783255,0.387204541440232,-0.19775668775072675,-0.04831273894785503,0.23155024641624217,0.11566498692261502,-100.0,2,51,2.0
0.6362957933223715,0.09801697544792931,79.34885006324917,3.2767224637826353,-0.0054734656313324675,0.09996149375374865,0.009454600951250862,0.14114280401182328,0.003071390530642341,0.3954774237438006,-0.20576430278650823,-0.046470581041921914,0.22829941469050016,0.11125283119551989,-100.0,2,51,2.0
0.6328750212548995,0.0900779626308243,79.34885006324917,3.2767224637826353,-0.020662682487026733,0.12386215854333993,0.011711366839852988,0.14234066032930964,0.006660869819860833,0.3649117551746826,-0.2095916469986142,-0.047179261966735164,0.21858677724542813,0.10456345599446307,-100.0,2,51,2.0
0.6596205329485968,0.08252687085425642,79.43682029200535,2.3633849584579223,-0.0037381287718958713,0.13946932363034673,0.03419811797200465,0.12866805284864272,-0.003399146757289475,0.4099500003072319,-0.21142663634472103,-0.0535686395015973,0.21366003122228622,0.10081618800266061,-100.0,2,51,2.0
0.6733164951643523,0.08037295010250807,79.23761885773902,2.7096645141558633,-0.012822234272664669,0.14177216868143805,0.024950320120243466,0.13154437601999344,-0.01563774787035643,0.42747346791693175,-0.21190522274465132,-0.06397978501550876,0.20923467079741023,0.1021718746841222,-100.0,2,51,2.0
0.6631190474419033,0.09153808445609415,79.23761885773902,2.7096645141558633,-0.007334616290880185,0.17157189318008262,0.024558195588635465,0.1359672681394981,-0.018876555430538514,0.46801722349607955,-0.20970047203527023,-0.07299780243164208,0.21009871268264055,0.10245297620787186,-100.0,2,51,2.0
0.6509848944842815,0.11389136655134659,79.23761885773902,2.7096645141558633,-0.0027650600920120874,0.18949811313327533,0.030082074961825914,0.13766737869456386,0.0005828459181037604,0.4284963960203439,-0.20760941761600468,-0.0827444043355595,0.21372026041787623,0.1012998199640383,-100.0,2,51,2.0
0.6289837733641559,0.14247513487303234,79.53371795953488,2.3326514011551627,-0.01959898355690872,0.1802239466197674,0.02105172825794594,0.1497158078210782,-0.0179094597697258,0.4032011933343505,-0.21159857039209923,-0.09314595181972575,0.20614932853978898,0.09735697897693518,-100.0,2,51,2.0
0.590365161279253,0.1392845114717973,80.0,0.0,-0.009007380289189956,0.22129264171111743,0.02012214656261837,0.16999250341105449,0.013313868612635369,0.40729361114493756,-0.2183478497169434,-0.1023781875514851,0.20679710118519046,0.08816857841462941,-100.0,2,51,2.0
0.594056690732638,0.13444409868496085,80.0,0.0,-0.00556558502071044,0.1999786636792363,0.02092699830730756,0.17048466102216764,0.008864986600683016,0.33380282870759553,-0.23016124714253758,-0.10960934932806936,0.2034084527382795,0.0804807605083036,-100.0,2,51,2.0
0.5874067919657511,0.12619697502381372,80.0,0.0,-0.008375290708214628,0.1808122768205545,0.016998874114862846,0.15651026426935197,-0.004549372521247349,0.2914708606953379,-0.2428560728952466,-0.11646236474930352,0.20113554120943142,0.07257516615833864,-100.0,2,51,2.0
0.5547468652766124,0.09013927559529455,80.0,0.0,0.006682046561264524,0.1764727999681238,0.009935296798015343,0.1414604991977987,0.02859681981670506,0.285071730886501,-0.2505200820357268,-0.1235392382761929,0.20667404000580752,0.06907572928595838,-100.0,2,51,2.0
0.5566885080553737,0.08585542960957566,80.0,0.0,0.0010988192231047387,0.12554865809911342,0.007626540794530336,0.11983303141548775,-0.011226433694508731,0.24842950940939687,-0.26059251493915747,-0.13305190418732862,0.20287928224803692,0.06750243862170395,-100.0,2,51,2.0
0.5393226414772809,0.08806618299779487,80.0,0.0,-0.008883355760618168,0.15021321696292522,0.003579321828689061,0.15936256396326343,0.016579658998286024,0.3326682686818708,-0.2689933598723366,-0.14356918506065602,0.20259639061504733,0.0682452136304338,-100.0,2,51,2.0
0.5491882322319582,0.0951237195587344,80.0,0.0,0.00958076755826672,0.12786012170486233,0.007927048403550596,0.1642153597588315,-0.0014396228407527886,0.32573266247320465,-0.27956869952372726,-0.15418671510144588,0.20568085039742326,0.06550701362367178,-100.0,2,51,2.0
0.5691959207840994,0.10784594255135199,80.0,0.0,-0.010078470122215211,0.1363586228533335,0.011119864187112041,0.15888177143200058,0.004998025977436234,0.322025727077371,-0.28892559052844696,-0.16478043944956128,0.20229149012636738,0.06159421614049169,-100.0,2,51,2.0
0.5883024667261862,0.11368355969829394,80.0,0.0,0.0011205718596922416,0.1390353085487751,0.009126070558148272,0.14626622291843824,-0.003998942563638967,0.33569592950008625,-0.2975257740941588,-0.17650612521633627,0.20321189131112122,0.05364866859904518,-100.0,2,51,2.0
0.6182806055773707,0.11093040197115905,80.0,0.0,0.0051161011717483105,0.14293301890953977,0.0005538762711426791,0.11038399621161889,-0.017747309095427103,0.27519016996033807,-0.30293076098725963,-0.1915784982478049,0.20542653164113803,0.05126740629691091,-100.0,2,51,2.0
0.6787535661429751,0.12611844497130614,80.0,0.0,-0.011773091576555195,0.14743004280776056,-0.006602926764125917,0.09706668643318653,-0.007189205427672349,0.2718708065467989,-0.30452966849022745,-0.2017719078882155,0.20050085835397222,0.05314835673307975,-100.0,2,51,2.0
0.6923666877635554,0.11269108708492392,80.0,0.0,0.002211263677214875,0.14926903329697266,-0.00023080540053984697,0.12053729573314652,-0.02335842570983896,0.337346049436903,-0.30146245441934144,-0.20999209407027336,0.1992263658359169,0.05121674409762822,-100.0,2,51,2.0
0.6876256495860278,0.12029186797850507,80.0,0.0,-0.016252316954527415,0.13638739076362338,0.008403018116950989,0.12940228163117654,-0.008500376497121417,0.3286858239915493,-0.2916581842224574,-0.21572756241825958,0.20005285349226246,0.05742115396518791,-100.0,2,51,2.0
0.6652769840085039,0.12197730413378521,80.0,0.0,-0.0003118212426117822,0.13026919610683663,0.0005207426261668111,0.11639035826029621,-0.024809041553560424,0.3372390275962379,-0.27888890431754304,-0.21864472842715946,0.2003270589890573,0.05804801432379045,-100.0,2,51,2.0
0.5904601513608998,0.09517123525436405,80.0,0.0,0.020728968942136158,0.12427896849411613,0.015886829691190346,0.11412552207682071,-0.020957801819724196,0.3159121447903735,-0.25980946409702244,-0.22126693617745674,0.21020668721074257,0.061386557810177926,-100.0,2,51,2.0
0.553235731726768,0.09489096689266674,80.0,0.0,0.0017433872482940263,0.12120910466214313,-0.0004359627617340462,0.10390886317289028,-0.002856067400060448,0.27272969846917133,-0.2423304913928075,-0.22377696155903196,0.21265666243978762,0.06945488021323894,-100.0,2,51,2.0
0.5200149857384317,0.07650549011664075,79.73142927768184,1.899081789793424,0.016033787243798666,0.12773221085752232,-0.008571285827487124,0.11213130415718534,-0.012987505133245505,0.29336395125266884,-0.22925252277338146,-0.22663945437224994,0.21384066502659246,0.07316034694092707,-100.0,2,51,2.0
0.5080490579792097,0.08012587721579476,79.73142927768184,1.899081789793424,-0.006066075909663649,0.1197647132872554,0.00926647196505584,0.11955938483973888,-0.004276983659057056,0.3266043526979043,-0.2182602916120863,-0.2271072586590101,0.21721948291587864,0.08179704606823984,-100.0,2,51,2.0
0.5012508885679292,0.07692217636226896,79.40575365926705,2.6003984882127407,0.009849348635065789,0.11729134704925502,-0.010308469298715685,0.1228789612985684,-0.020016309421728638,0.34588896410503595,-0.21573574352249167,-0.2297893436011306,0.21665960385982286,0.08518389319318712,-100.0,2,51,2.0
0.5250579372194468,0.07838801001514543,78.30978309406953,4.429520632335516,-0.0035834690446362775,0.11437190952709907,0.0072394766863070285,0.12313335518338275,-0.00856463658605136,0.3672476091474214,-0.21366181832373443,-0.22767747972553815,0.2217128855983584,0.09464333781475677,-100.0,2,51,2.0
0.5679924084129286,0.09727161438184374,78.57755112180523,4.095792523228971,0.004564658501276783,0.1394544557526798,0.000799795366166269,0.12980717934832126,0.010043687643665894,0.402667536244529,-0.21152859969531249,-0.22498551752338558,0.22011149820049236,0.09612771521850945,-100.0,2,51,2.0
0.5955007212126956,0.09683172154402642,77.3089111365524,5.5828167329222005,0.0048110091730075724,0.15529493170642264,0.013211101412261818,0.15605723780041675,0.003951835026051484,0.42081875166939187,-0.20748899018387046,-0.2206017930864342,0.2200055819108377,0.09659246822595076,-100.0,2,51,2.0
0.6260085363744521,0.08818223056390019,77.63458675496719,5.420153410267004,-0.00816577811743699,0.1513743430164365,0.023560054901549044,0.1758705852065322,-0.0009916046378659266,0.4218419885490347,-0.19496367467608613,-0.21814756738586613,0.21841016319874015,0.0993228004540142,-100.0,2,51,2.0
0.6437852142342165,0.10218533975247684,78.73136001474717,4.242814788294396,0.0009855554968703027,0.1678389710745591,0.03005268783582484,0.1750200152103953,-0.004500163719058037,0.4219462168955194,-0.18079353036325768,-0.2201913714163022,0.21475440717038552,0.10081667076098884,-100.0,2,51,2.0
0.6334802091267764,0.13566553903443537,78.2782435837914,4.913114120518401,-0.03375436657784032,0.17071173782072413,0.04254880956574982,0.18035465768662723,-0.014740106412300877,0.409323573226092,-0.16578101955694205,-0.2213528833702424,0.21186031539307112,0.10941598829232252,-93.62829756383684,2,51,2.0
0.6464147686812223,0.1525909208545144,78.79582572918312,5.900055671195116,-0.005331853587253421,0.1889205979403146,0.036865208042310735,0.17677998985853044,-0.008810623932410689,0.3813565673416141,-0.1542643023878018,-0.2247946602247377,0.21440061176317096,0.11506396769888357,-86.33166928872664,2,51,2.0
0.6508979403651228,0.15561159031022415,78.79582572918312,5.900055671195116,-0.012433073026876823,0.18977430226585199,0.038655800087486994,0.15730201573259817,0.0015156933782147425,0.37028042063372435,-0.14359658886981685,-0.23071460953532685,0.21669090651037276,0.11971828256534148,-81.00068082091325,2,51,2.0
0.6920727928917781,0.17911839229230073,78.7865147637386,5.898522491016508,-0.0004806395839242374,0.18882719250548838,0.026116547594759978,0.168827412130625,0.014014815619471026,0.39387382912359453,-0.12958512422836851,-0.24104851484240727,0.22506406148551608,0.12946551796525543,-73.84093079202476,2,51,2.0
0.7243724379907636,0.15096494272556538,79.23963119469437,5.3098721733700165,-8.85805370760899e-05,0.18746533912292998,0.055465862739319895,0.16609028834444478,-0.0124057956478175,0.38542760984277363,-0.11595767150703645,-0.2565224212167568,0.22938650166477312,0.13576056373817252,-68.96401675759635,2,51,2.0
0.7384529398644671,0.1267954258911562,79.99068903455547,0.06583846805218957,-0.01977798870454232,0.15519465386009682,0.04400065439004524,0.18661529156125536,-0.015671561672991396,0.43876775088800973,-0.10357993445113672,-0.27680524401605766,0.22675689479279346,0.13950536697700186,-62.543491842987976,2,51,2.0
0.7515828922829207,0.11942894311246903,79.99068903455547,0.06583846805218957,-0.017614747105421973,0.1605495343516719,0.02991315735248374,0.19114275035697698,0.008257371282168463,0.43215406690773517,-0.101858245654785,-0.2955185028521985,0.22422281831977212,0.14186578735605324,-58.052778262189506,1,51,2.0
0.7349274891118208,0.09306289657334117,80.0,0.0,-0.015578321035147882,0.16181950170988288,0.033089158855670806,0.20394501298552525,0.01511707127678628,0.4396272776874361,-0.11035229097652095,-0.310540463869932,0.22319323591909102,0.13733713139892775,-62.51485206194831,2,51,2.0
0.738067874210138,0.10779533435748996,80.0,0.0,0.007179763149835316,0.2109382612068225,0.012244121390668786,0.26492009094599256,-0.0029795712919211854,0.5730157920587501,-0.12026500121996474,-0.32604012683883815,0.2296033634136104,0.13247877044020323,-73.31332609042154,2,51,2.0
0.7598636651448175,0.12447260010632455,80.0,0.0,0.01685949842281201,0.23889432714961426,0.012417159006730015,0.2532070992132096,0.013649661422652356,0.5298449441795992,-0.12656660455187246,-0.34019954527193164,0.23241887078130835,0.1289140341687429,-80.28981272673703,2,51,2.0
0.7808932495467803,0.11602163919311237,80.0,0.0,0.0176101734898254,0.2336597026265309,0.031132974241878473,0.2482352045500549,0.006889444173258894,0.5654918369154474,-0.12332786125546971,-0.35520983986762644,0.24508798216613412,0.13021361138125437,-88.2199407314934,2,51,2.0
0.8060745991328183,0.11441578148951596,79.73010358623429,1.6451500502803578,0.0188096250023912,0.2281850761070942,0.014717381155374003,0.27121822578887345,0.013098365682012895,0.6149277730167072,-0.1093840953734975,-0.3724534254264194,0.25577849207166153,0.1330921618568431,-92.18148424606896,2,51,2.0
0.8081019787373496,0.11111526935328242,79.45744819267124,2.5052723293198804,-0.02841255313479433,0.17803076931349449,0.029546202689993615,0.2070651078293318,0.0011830909871587566,0.4670404391492471,-0.09411110688668148,-0.38884717887568654,0.25192136107313806,0.13758879537202715,-83.0972939271446,2,51,2.0
0.815847166247812,0.11582341944615245,78.69785578578126,4.426545987345392,-0.015952082789119554,0.14755112519584718,0.03772999054076625,0.21791970115813505,-0.002605133489066479,0.48594469403505125,-0.08403585540917928,-0.40356834949783943,0.25289435455164283,0.13763049546742176,-83.74877870835316,2,51,2.0
0.8303983296249428,0.1201982749683114,75.20716977119446,7.3341916578338475,-0.0026453365663103028,0.15903339466059604,0.0158133138628567,0.27917065730122287,-8.874707946590348e-05,0.4812775202148965,-0.07727896195944552,-0.4189524206677913,0.25415491581080873,0.13612059712098323,-86.71304797826977,2,51,2.0
0.8456686748301282,0.12541006282688025,72.00465811000151,9.462922754328426,-0.0025603455290490506,0.14771366934102945,0.0174233989388335,0.3095869753046516,0.01972748631355809,0.6461801759447231,-0.07871676233372817,-0.4316445456895167,0.25425954488512176,0.1375808941382016,-84.80730662334197,2,51,2.0
0.8836159213062595,0.10878725275463014,71.92068355223712,9.409543121345068,0.010134853313074392,0.14640873106234817,0.0002580198879335441,0.3275285183510168,-0.011100662981762606,0.6999251722480854,-0.08042590548762202,-0.44431380529638503,0.2657158601187177,0.146766495533033,-81.0466749605754,2,51,2.0
0.8849378892165773,0.09488168303011459,72.19024344051586,9.152696600690398,0.01575966844079541,0.15369241177573628,0.007088174860851437,0.3322648090232876,0.011082863909941093,0.7223500761953718,-0.07636414486958072,-0.46021374282558863,0.2756383897232996,0.15320381959045337,-79.91613424530803,2,51,2.0
0.9062270354114327,0.10351725906494935,74.94265764367347,7.579190509449454,-0.004849072253587199,0.1575320502056123,0.038885768283815944,0.2932910196199155,-0.03091440817304686,0.7419897893639601,-0.07195083782630855,-0.4726825315092251,0.28170245125022697,0.15729894339713962,-79.08731309084531,2,51,2.0
0.9541211937572441,0.15058883230732703,75.71399859353608,6.411436531796986,-0.005862801463580599,0.1645080533966703,0.01178752411814297,0.3614518319899944,-0.021178178416163315,0.671686993809384,-0.05281578807741671,-0.49002322717459124,0.2930632200238466,0.16299397141223537,-79.80003645818732,2,51,2.0
0.9662646657111598,0.14100647460447893,72.44945297521703,7.305430609950191,0.007366075673524071,0.15532678517056428,0.04310693679487004,0.36181421657443186,-0.018789827896683823,0.6868692727203236,-0.032959864047999485,-0.5065530444519292,0.29686349796954353,0.16478934399747014,-80.14726605993468,2,51,2.0
0.9865048518952202,0.1351807326662565,69.97989066441853,6.621679506396807,-0.01739557335774104,0.15086681706277458,0.020947695070622014,0.36595669809188547,-0.019346958135857302,0.7240841428524611,-0.020570580880494745,-0.5183938047959573,0.29738667340524166,0.1721522388874938,-72.7463292531397,2,51,2.0
0.9689470605522978,0.1368086753730773,68.56807098669164,5.874001274942966,-0.004071306583343768,0.14954333204987233,-0.0016233688402994006,0.36592586175068814,0.002292789737967884,0.7484007244735162,-0.014791503525365462,-0.5291649753808524,0.297673561728966,0.17747331320234094,-67.7286327491854,2,51,2.0
0.9023364780843258,0.11368318570140164,70.15079699993133,6.471570632036905,0.025736757591366767,0.1488687670864187,-0.011272741220891476,0.3159907408951576,-0.03149566173553467,0.6403357513571912,-0.030169638753575246,-0.5294605902515235,0.28321782444714755,0.16714111747753696,-69.44832529626397,2,50,1.96
0.8837609574198723,0.1156876962125427,72.90961372375489,6.669022037678035,0.007695780843496322,0.15371807937022958,-0.027913816636428238,0.31919198460184955,0.01732242725789547,0.5812983840046017,-0.046189921565833895,-0.5339868173029118,0.2796084221453047,0.1659481209402305,-68.49146622516513,2,50,1.96
0.8534807231204182,0.1302302272508928,75.91827733376446,5.9591986760955775,0.017628487199544907,0.15366528754589556,-0.033747343373868394,0.2884179588176447,0.03150188009820733,0.4822590324920083,-0.06132959303240385,-0.5375033255044422,0.2816332302517251,0.1631087935365655,-72.66587787530227,2,51,2.0
0.8624093135197958,0.1659882202842194,76.75346804600136,6.644352185264953,0.005816984921693802,0.19080161404872853,-0.020748733698079985,0.23993296138022238,0.0025690378365563413,0.45462391537049596,-0.07193040174911756,-0.5382124698322289,0.287029908706852,0.16523622481291644,-73.70882748733376,2,51,2.0
0.8596905988513255,0.16789503521472707,76.65301746948093,6.930092518258532,-0.015729527774394726,0.1956472112355905,-0.006933008220192848,0.2226245358395947,0.0014913629959611332,0.40875989277766267,-0.07903150821790615,-0.5413819673955028,0.2892224165177363,0.16359132735798418,-76.7956903270524,2,51,2.0
0.8405483365058899,0.15876906262478244,76.8204350751989,6.451928638078098,-0.006021758943211799,0.2030201022609418,-0.018349771844405754,0.20255824049710142,-0.01693197573516883,0.4087041527907243,-0.08840184088683889,-0.534382480324363,0.289219069476526,0.15679865269130863,-84.45252207996646,2,51,2.0
0.8309986589878213,0.16020247659594433,76.80718470554726,6.518520346762522,0.009011297760640873,0.2087364541852378,-0.033753060827068256,0.22119259345267708,-0.01763711877021135,0.3940391665637815,-0.0933867209133102,-0.5271089006179651,0.2866890249511934,0.15469005220063142,-85.33126136602544,2,51,2.0
0.798912840438824,0.1038244659435811,77.98888450977849,4.538288368377951,-0.005082523450255394,0.16653159988066774,0.0032407965730218325,0.20277640946572847,-0.0038725849898422465,0.2825737475380302,-0.10608106358550223,-0.5223358896195425,0.2735828101732261,0.1473163694521197,-85.7110728364407,2,51,2.0
0.7976178585314283,0.09406695886123201,78.21847184499104,3.9186928482193437,-0.010880579441493633,0.1657825372242912,0.009621645597850574,0.2009530770237773,-0.030719613181609734,0.3339872552211846,-0.11765433807707852,-0.5176555569653755,0.27290539769751987,0.14604326760389288,-86.86612685064668,2,51,2.0
0.7774748590354826,0.10368966330076186,78.8551368339389,3.3666310819677006,-0.0019677156838131885,0.1811773299638248,-0.0005353797300189149,0.2134989141111381,-0.00415337385207999,0.435085468509355,-0.1269124230498546,-0.5151960813442449,0.2729970742392624,0.14198809778448082,-92.2675762961737,2,51,2.0
0.7654717056190267,0.0923897339762471,79.4376267077876,2.3165534897874043,-0.010981421735064657,0.17751534741301997,-0.009390397545169382,0.2005873651914619,0.0047718117780545174,0.4340723777186503,-0.1354222389943452,-0.511621735617763,0.272567698349491,0.13932975992533467,-95.62776717304125,2,51,2.0
0.746285006403923,0.09588549039067351,79.31473967608284,2.4460712233961295,-0.00623384088862176,0.17772680893409035,-0.019280965677371212,0.19755930215134904,0.019715776009594694,0.407614200657075,-0.13916169555586225,-0.510470724438212,0.26905095473819246,0.13384028598743683,-100.0,2,51,2.0
0.7372806399476295,0.0844820943795192,79.59195309059292,1.6411894108817728,0.011814269072869244,0.1776177786847545,-0.031091217499445465,0.23917309926116181,0.022471421964320483,0.507915411294852,-0.14000475078340188,-0.5065969082063986,0.25906082572784345,0.1286709371782835,-100.0,2,51,2.0
0.7323013376079354,0.08827384194242321,78.4582124410891,3.8972086330866667,0.016210028719083936,0.17303936949670926,-0.029862193244637226,0.2601267235474352,0.021826981658152507,0.5756939130051602,-0.13933630200829988,-0.5020919363070906,0.2564973132784633,0.12971789813578222,-97.73471276105225,2,51,2.0
0.75048954901742,0.09211320875772272,77.39988548147912,5.190777612844336,0.013626226096176634,0.17846593441346065,-0.010510309690646097,0.2732014391844198,0.006728168832612973,0.6589023518097259,-0.13544132998897854,-0.4946498150127401,0.25860809155770603,0.13397873247082037,-93.02174814501178,2,51,2.0
0.7495078143535876,0.09494865195397645,77.10215602669061,5.405384954156891,0.01611622214755591,0.17433969888673143,-0.029825682806618074,0.2967909646369632,0.012207248412510929,0.6809412159986538,-0.1313592593759787,-0.4807316256932037,0.2645746838462714,0.13681320993252777,-93.38387278300966,2,51,2.0
0.7411966846854079,0.09740682397728194,76.89315568232068,5.481809359591701,-0.01169502534264443,0.1551113231349395,-0.027665703320035748,0.244978824075832,0.003913618295508272,0.5827755220137182,-0.13165596831426155,-0.46898171366968683,0.2627345955143793,0.13950726084101311,-88.33040942134183,2,51,2.0
0.7198345017637692,0.09843076580695367,76.31700559690887,5.470268933715427,-0.011845344458432758,0.14690372030404963,0.0060380374391873675,0.2973089145605092,-0.03876397324105104,0.5827683399758464,-0.13469620349146683,-0.4586834008038526,0.25662443958184683,0.13670431860570648,-87.72226232444314,2,51,2.0
0.7170420839067768,0.10837878151026062,75.88668209431218,5.650572011769664,-0.023015293055305294,0.1582699785014953,-0.0009063533415981368,0.3055141347365929,-0.0020865704864263535,0.5198272623094554,-0.13420442841044128,-0.4515203429499328,0.2528107736040042,0.1359256072746816,-85.99201333205626,2,51,2.0
0.7048232297814798,0.1163922823193637,76.0963406235564,5.491789038147391,-0.006644421896221591,0.1634795881403914,0.00016854688817379522,0.28272962086022174,-0.02235842098061945,0.4916088684815118,-0.13136692733323196,-0.4459437218342782,0.23862946487099593,0.12991123703237994,-83.68654653909448,2,51,2.0
0.6923271604201884,0.11232515678279505,76.52927832977444,5.431552898043322,-0.008392147537247808,0.16502521024521613,-0.0024453125455800224,0.29504187888493116,0.0050119584535851195,0.48249055939615254,-0.11906244055814187,-0.43678418805765873,0.23502419040846306,0.12703837243362895,-85.00252003090733,2,51,2.0
0.7148047308106541,0.11409103638093689,77.61171197423748,5.30043110231953,-0.010677398383325222,0.1445313271128919,-0.0032521175841490426,0.21290884426388626,0.013745455107852524,0.38423945718594543,-0.09543765476249008,-0.42640248323120145,0.22826660592915604,0.13110495068077138,-74.10982937247309,2,51,2.0
0.7345270390620036,0.13182407961247591,78.44195634243535,4.398433648029017,-0.0007492045634517483,0.15227786544172453,-0.014109284617006779,0.22811316994247094,0.0010062404269096897,0.38499095648032233,-0.06666269495226447,-0.41447074843012777,0.22416076396192988,0.1341693116859528,-67.07305206023423,2,51,2.0
0.7369579050322429,0.1289565033131112,78.27701511570052,4.631460329068207,-0.01583501930330314,0.1411650515380803,0.019506378665420356,0.21488152216067677,-0.014316380243091023,0.4045545764682931,-0.025651891852782962,-0.40195850965636826,0.22274746161474887,0.1368568986864249,-62.759395947676566,2,51,2.0
0.7558917896628069,0.12838614466668247,78.51037394299226,4.007841169303324,0.009189843401020649,0.15750938528071065,0.029645624862728166,0.23266981252722038,-0.0035914131531528397,0.42373300831620725,0.019624485565219753,-0.3899610363286619,0.2181418250916557,0.1372362955869739,-58.95344898274939,1,51,2.0
0.7918275106406095,0.14009875342675615,78.86690826509513,3.242672799353106,0.005416501094313229,0.1776169266768815,0.03320288798753537,0.2623638584161699,-0.005172823902730848,0.36425047610059197,0.06777970834923135,-0.3758950103401487,0.22315069049892905,0.14097291778509963,-58.29330484533346,1,51,2.0
0.8291945367430648,0.16024748408405856,78.5142291246676,4.152435990976067,0.003821943174390232,0.213479793868214,0.04598971039933317,0.2788997224731953,-0.004426724222653052,0.4027518052750556,0.1179760751093693,-0.3560988777236805,0.22778399178341208,0.14778208183186,-54.13505410119661,1,51,2.0
0.9122804236032215,0.12869405631426425,78.54908031108333,4.068770490905656,0.016059358914693195,0.23963687518855634,0.05110950198243646,0.2847069347157766,-0.019643538978462126,0.3789411516563673,0.1677927158098354,-0.3298186264141595,0.23523963781219662,0.16315873307862322,-44.17839203178842,1,51,2.0
1.00780033833329,0.13005389577985263,78.92686245955673,3.884710409979911,-0.008905540567402746,0.260497783090537,0.04343614040636549,0.24856573109957092,-0.03092461291189287,0.4546630306988636,0.2180811584165122,-0.29564242084066483,0.2379791776685595,0.1852516745353486,-28.46263239750082,0,51,2.0
1.1990966156636382,0.30382670422409547,78.63323227097007,4.213722134916811,0.1287172143804092,0.3971809640050009,0.07073947937026911,0.2784532281980238,0.005428677169131297,0.4667308546064996,0.2600356190596232,-0.254391888818347,0.26508478295845395,0.2265758341115043,-16.996052998307974,0,51,2.0
1.5539536587893963,0.5611802861395039,78.76921054428699,3.5919242278202077,0.12626677218313312,0.413275873633162,0.06778461372881543,0.23615042453483984,-0.03124665757458584,0.46808454135254157,0.2933563784780959,-0.21878813836355968,0.33412083042461316,0.2972137538745731,-12.417687966625923,0,51,2.0
1.8840541741719432,0.5080375973037199,78.59845492419075,4.184195581301188,0.1071768668206299,0.410554418797037,0.06337432713046962,0.23638789556093712,-0.005584798716739112,0.5430595076723369,0.3170799990635683,-0.18791515338640594,0.3920980620303464,0.36392535747382393,-7.741341453116202,0,51,2.0
2.133668475583488,0.2947298795035488,78.59845492419075,4.184195581301188,0.09550166772861107,0.3663953721204556,0.05607317778847966,0.23949347838331392,0.006824976965492847,0.4685354498332155,0.33080333175982973,-0.16239367759401116,0.4433512754775859,0.4135049507201895,-7.217888130580774,0,51,2.0
2.2424414514326583,0.1548556762643872,77.89870094785503,5.036753474318889,-0.03307716179566056,0.21352650418921698,-0.006496185911636727,0.1601264528524534,-0.01959160949085273,0.48126797573512015,0.34113580743581395,-0.13838480790944213,0.45686204819464715,0.43458515310304324,-5.126013839299737,0,51,2.0
2.1632288852158714,0.15209152057224026,76.75835835232454,6.4066401332231475,-0.010563631140280003,0.17299853437021098,0.01851699771542175,0.14638099583237743,0.012925815531143955,0.4091420023090042,0.34333312333920446,-0.11107562193537684,0.4317103628501011,0.41923375804625523,-2.9760496535370384,0,51,2.0
2.122680635428896,0.13215746950738866,75.02875851182377,7.126542446446236,-0.005882683319642264,0.16804199262815028,-0.008393778593516817,0.14620773422833877,-0.005320796669990409,0.35795510414810566,0.3380934709328111,-0.08306163964893905,0.42499515734222937,0.4113755073971901,-3.310758589205287,0,51,2.0
2.0864673040661157,0.1373337564761299,75.02875851182377,7.126542446446235,-0.02927263963091023,0.17422306994543119,0.02126382123313698,0.14334071205910867,0.009216398146806979,0.401886922970076,0.32361529376202464,-0.05014040056402074,0.4146320697699122,0.40435736340695383,-2.540996478062807,0,51,2.0
2.0157325513222637,0.1368493856671845,76.04347337928473,6.467825665499995,-0.03598703007560735,0.167353061842573,0.049762251476446785,0.17408765476109272,-0.004143788753186955,0.3900981891621394,0.29557120579730917,-0.024563870434912056,0.39711155878147186,0.39064896849286096,-1.654321605799658,0,51,2.0
1.9532046037561752,0.17322450269088394,77.4526751462151,5.330743173565621,-0.04021965957009325,0.1884681142811161,0.033636986113646454,0.18710868734800373,0.0012913097207452736,0.40775982391052057,0.26028518387189653,2.625407243612824e-05,0.3809818544605786,0.37853105240358065,-0.647450728661747,0,51,2.0
1.8216093927621841,0.20659633330608984,79.34544562358482,2.3740349259274764,-0.015844423469959523,0.2067182596540524,0.056390503202291095,0.18455603685683983,0.04054601479540853,0.4057542768206463,0.21688175836764884,0.01956056603268504,0.3595976429418935,0.3530279001620295,-1.86096984879911,0,51,2.0
1.707152379786267,0.20534497492150716,79.34544562358482,2.3740349259274764,-0.007448206363501502,0.20628064846288033,0.03646261898764208,0.1766576871199339,0.03207192197442055,0.3560940145725095,0.16735850071852426,0.026486486880913908,0.34650388372254937,0.33084613117533335,-4.732638852868476,0,51,2.0
1.5994755187455345,0.18995152658492784,79.6294747801388,2.1251408685481175,-0.019320412685035492,0.1837386205508788,0.0173800333731753,0.1437445128036448,0.040808227607140354,0.3080424214571676,0.11436930852343155,0.02876980899991252,0.3354093180235051,0.30997835552072817,-8.204109109507286,0,51,2.0
1.4796940568907588,0.16937816034479244,78.01663019142899,3.417242573778694,-0.005752876811825177,0.13608583012221645,0.03724886680606241,0.11586852768429094,0.04583917364624201,0.246226720423548,0.05569783118661511,0.029083398882026757,0.3270849914330392,0.2867647081875266,-14.060406352076505,0,51,2.0
1.404008291953919,0.1316161118791706,76.35871742285934,4.560836115742087,-0.01961292483040369,0.11231300677667438,0.034108941566527766,0.10216177088680906,0.02493346855044365,0.2504160368862671,-0.0004660397787035219,0.022877545058700138,0.32318323528863735,0.2720968071051295,-18.775092852805763,0,51,2.0
1.303927232383513,0.13387032894197964,75.9169763583763,4.563347138271213,-0.002523828749818837,0.11702978284454646,0.02666485508191673,0.10895749468017278,0.020962254199035028,0.26022065979510417,-0.05007500256880231,0.012246836259855719,0.3211430032563115,0.2527010975058652,-27.084134744946155,0,51,2.0
1.2236009532330083,0.12117145983076359,76.11787454754699,4.615639380903348,0.012956803623477326,0.11257193729060233,0.03815886203437021,0.11447796994020441,0.020156601069531606,0.2717099216101819,-0.08983682521707834,-0.0034738283535300824,0.3229240900473198,0.23713386466990685,-36.1779729339097,1,51,2.0
1.1848286558307854,0.12024299148520837,78.01962264378865,4.14242857378817,-0.012445585386754544,0.1147583883214364,0.016279135104816628,0.12421173252431773,-0.014059678423127123,0.291603638363135,-0.1164716190886139,-0.027467814354069465,0.3209050291737735,0.22961979357170112,-39.75495064347214,1,51,2.0
1.1120539215557717,0.1210444916114,79.64164406645531,1.7024635648869086,-0.00331047137140059,0.12253183701008728,0.00886191650494641,0.14508538827946013,0.005953812962580545,0.32982312532048474,-0.13733426701903803,-0.04837316359292212,0.3171164739013401,0.21551604987837208,-47.14285737897801,1,51,2.0
1.080640561294322,0.13009802036123078,80.0,0.0,-0.008133232885716008,0.11557601939231789,0.025536005992405846,0.15606078127710774,0.004573293130698742,0.38708217224799635,-0.15434832925318304,-0.06515962298602856,0.3119141670143831,0.20942814075079513,-48.93612954599984,1,51,2.0
1.0445829540783285,0.14864640673184032,80.0,0.0,-0.010802135282360455,0.1416259396299321,0.02493064025161313,0.1466387082773785,-0.006858612757687475,0.4102158180652004,-0.17096345515202246,-0.07891320888305593,0.3052817009377877,0.2023285281493944,-50.88416039500632,1,51,2.0
1.0089325972047507,0.14189894338575548,79.71371734843535,2.0243240425743254,0.0033475561980523317,0.14834501955864376,0.045414609779768134,0.15753831169680932,0.02450086495966888,0.3935241447740412,-0.18765454908131113,-0.08954044437034045,0.3051369933580053,0.19495189279403802,-56.51912324871613,1,51,2.0
0.9794623536222121,0.1536548539313084,79.71371734843535,2.024324042574326,-0.0077778343841725705,0.14926649202773215,0.04578617520119045,0.17186221038036587,0.03466857149831805,0.41682815966015613,-0.2009357865979854,-0.1044289881129092,0.3036287601788554,0.1868493747434441,-62.499211247432164,2,51,2.0
0.9580857338858586,0.17388714377803832,79.47754934722302,2.5983518749338272,-0.012556580059668598,0.1811751032136853,0.0421771006476061,0.18776699120770007,0.008610778196039153,0.447729543597314,-0.2159810734770713,-0.12067208328920864,0.2980116662119256,0.17759485433115718,-67.80422345809065,2,51,2.0
0.926053042213122,0.16295726187475074,79.47754934722302,2.5983518749338272,-0.031124767463873413,0.17285212275931333,0.03022702293945294,0.20264991275641503,0.015297080134498138,0.5164784033952415,-0.22861141641178936,-0.13832249695842047,0.29239659380115524,0.1705730500708055,-71.42015909299877,2,51,2.0
0.8885602672018257,0.15149641111152456,79.76383199878768,1.6699599515650834,-0.0017943386737184197,0.18912917631451062,0.014530439112408488,0.19160701813863318,0.002110524600663898,0.5537156091683462,-0.24287428296604946,-0.1578617622316253,0.2850445795437532,0.15891299332036676,-79.3714746591593,2,51,2.0
0.9054184380699607,0.15258371465862086,79.76383199878768,1.6699599515650834,-0.015870804633653045,0.20884410961689404,0.02724809765669645,0.17106032530168802,0.009963993663333502,0.48466314473486716,-0.2551403755982922,-0.17611822231824634,0.2880219195394911,0.16026741713758533,-79.71333455273188,2,51,2.0
0.8870111284594909,0.13463131123595,80.0,0.0,-0.003791892837148671,0.19466625327743894,0.006797284134389723,0.17313595496602863,0.031860357428919156,0.43633560072468985,-0.2580725951362076,-0.19697408470841443,0.28845236678407254,0.15523436771277505,-85.8173360926018,2,51,2.0
0.9119697384097997,0.13421701672000494,78.71400240355847,4.580510364218852,0.01851188109311111,0.2232637738536113,0.01056032802215686,0.21977566677757054,0.02124977557390344,0.4815556419413197,-0.25415720749759463,-0.21665310437203145,0.2947476350102072,0.15808878413161576,-86.44436835241709,2,51,2.0
0.9145588721422588,0.14859993089654988,78.59596847085392,4.623212406183416,-0.019636601428775227,0.2256239687909316,0.0016453483726317976,0.26562497099541277,0.0345172638110086,0.554123508979665,-0.2399243434299496,-0.23505466307822698,0.2974838463554209,0.16236015998949582,-83.22465706776043,2,51,2.0
0.8797903452433792,0.158723504418513,76.62784248239853,6.737496855744282,-0.0034804411378561283,0.2616962787812647,0.019243893514880362,0.3302243816768532,0.015050438250981126,0.6327285836454367,-0.22305155006175414,-0.2489664173156721,0.2923090736130241,0.1577326225136147,-85.31935179597579,2,51,2.0
0.9263855981476167,0.18653360793720355,75.50497596404132,7.3514510545451985,0.01357566207355144,0.305749676600916,0.02797774115906042,0.3644284869046119,-0.019831018193679696,0.7889610484007649,-0.2054778100070328,-0.2634320165653876,0.2934933793728822,0.16014856111877557,-83.26320094453443,2,51,2.0
0.9630191424021534,0.20892900950527296,76.32843725354064,6.641295378482604,-0.001090619092186292,0.3207806367923046,0.027916848988217467,0.3659706092776238,-0.015970736449840022,0.8368436229914267,-0.18072737321855534,-0.2720203253992681,0.2992836106055099,0.17023225452603655,-75.80899192035038,2,51,2.0
1.0079327799818094,0.21047631679125736,74.51035001698662,7.994477048059782,0.016902979098114314,0.31961136654223815,0.010357092116393294,0.41635415215338956,-0.030846962157417748,0.7959313591963872,-0.15210494202163702,-0.2808608252935042,0.30796185986201263,0.18049697758924463,-70.61884579742865,2,51,2.0
1.0817615094722486,0.1817219767509076,76.478476005442,6.944557311056631,0.02141785168764638,0.2887164212023141,0.021005238479405056,0.38037417703461407,-0.02447374480064301,0.747180896849186,-0.12279189186942549,-0.2899925994310831,0.3192402286482689,0.19893026528922994,-60.4784612256547,2,51,2.0
1.114387248514914,0.19187361192361752,76.60830894171023,6.719763440352381,-0.011017591382066408,0.32162856992825933,0.03430724843386926,0.49626749143328314,-0.005635888197039272,0.671467153446742,-0.09065956182893288,-0.29439261807360617,0.32470085983897173,0.21469239292567988,-51.24003948820559,1,51,2.0
1.1615654415651864,0.1904508699032728,76.2611711212233,7.028227464220987,0.014586536615502601,0.2921908933228287,0.019499706926152986,0.4852860349592551,-0.02912037301918163,0.5261347217146494,-0.06069380889062921,-0.30666170731947984,0.3336876137888112,0.22383552684459337,-49.07714539010017,1,51,2.0
1.21509608348795,0.19856223082995442,77.71254821852142,5.055406694130307,0.019317400824351637,0.293123686513547,0.03547636662409002,0.43548484606512844,-0.017950673998497865,0.4824380266988036,-0.032904106646665106,-0.31589837838289375,0.3378910366588317,0.2342097652824052,-44.26855184770362,1,51,2.0
1.3095691868779706,0.24506567553863703,75.41821348900889,7.627153394464103,-0.014691793761563068,0.32681732962225324,0.0498584966887446,0.5133975438085118,-0.04494350726771004,0.6867435723880326,9.33973556455813e-05,-0.32204641875780327,0.34805947694393186,0.25251865273152985,-37.83515521682199,1,51,2.0
1.3698233022701507,0.2277989820569312,73.98273020632126,10.05490926721135,0.00441253285708965,0.3038352080085546,0.03919244453530101,0.4483588408064998,-0.06911703142538375,0.8589555185763765,0.0250973330789268,-0.3300578420805023,0.34890086200509113,0.2653460327399281,-31.489006412640475,1,51,2.0
1.4453336244412498,0.23949727195963907,72.67855267898709,11.376066521137775,-0.044435597463127446,0.3419318056889389,0.061311247795089785,0.5263124564195261,-0.05365332590379551,1.1027894394574564,0.05026420743280381,-0.32727788720763984,0.349206649743408,0.2799799329533599,-24.725599459865634,0,51,2.0
1.4915062322043906,0.28207189691692514,69.34839308963103,12.698395750655521,-0.03243942865554024,0.4289197957727494,0.031378303837104174,0.6059223600724901,-0.04676192787055876,1.4134443611767613,0.07407262849099241,-0.3219960224920341,0.3570551121617586,0.28882328359504345,-23.62407480360289,0,51,2.0
1.4913559558929181,0.29441551073454664,66.84285605654998,14.051143766181509,0.006861196903913629,0.44641782274693365,-0.0208773921773422,0.6491094947394512,0.0040309608128725315,1.6326293880159857,0.09600912563190182,-0.31046362813338607,0.351344210638919,0.2887941602184751,-21.65904268047676,0,51,2.0
1.522672227930789,0.28615182183529975,63.59330348407521,13.783083515716216,-0.012195649538554397,0.4363660983057038,0.03885084408901486,0.6422251134448859,-0.012521065698534834,1.7755232275396033,0.12158482139492129,-0.2911620813691185,0.35847727174636235,0.29497428658203184,-21.528312145496265,0,51,2.0
1.5620588255571384,0.3063080707795917,60.47958204792995,13.254928532846112,-0.008002488490413217,0.5283914601922899,-0.0036584791891715106,0.7698261046568914,-0.046556944356245154,2.0354063796898356,0.14734406477955142,-0.27318166433214247,0.36678902004727637,0.3006504732726248,-21.998484171577637,0,51,2.0
1.5340561036970102,0.300322679393843,58.4555349630468,13.182517323976173,0.03041181771778593,0.543477191445276,0.06246292707966823,0.7743806375607185,-0.05265897833833508,2.2097461906150775,0.16613566562967044,-0.2518074475284089,0.36217459330493534,0.29419094831394854,-23.108680053078135,0,51,2.0
1.5724158446286238,0.3002690236829499,60.36089361882677,13.876080722770741,-0.04968661712665184,0.7166044602195575,0.04776580456425162,0.823974906719634,-0.06444855881672279,2.6399008617599504,0.18958213669395946,-0.23258598904407904,0.374347562237368,0.29909428393993404,-25.1603866533761,0,51,2.0
1.5144913463908083,0.308019253342251,60.79855507962844,15.042619660585938,-0.032107403319255975,0.7906239027488908,0.016407620526996312,0.917841799135469,0.044144432334338915,2.9078807260847115,0.19640865064595547,-0.20957515767442955,0.37055192226567774,0.2838947610762372,-30.524396033560343,1,51,2.0
1.5201533432392513,0.28468521028596777,50.14480485168158,28.471151849744512,-0.029853154777311812,0.861502400306184,0.09001625387691985,0.7999082924778433,-0.10735414045698502,3.661692413995391,0.19089224737163946,-0.1873908372620542,0.37459597298969394,0.28694899221346454,-30.54444627950734,1,51,2.0
1.5657856630928375,0.25851570438166194,38.00274581067703,34.03800672475376,-0.06061596335733638,0.9317233652273106,0.020786367648956822,0.9993587858560569,0.1842572423172932,5.227202093149275,0.1777586946441977,-0.16299406434964556,0.40588441905016526,0.28335195166591287,-43.24391156081562,1,51,2.0
1.6633660211866976,0.5344456666079961,27.03485357060152,33.91622839731881,0.06739227838960349,0.9534405006705633,0.03376696901578529,1.0528038392157975,0.13569989303747812,5.593169061995941,0.1450345966623062,-0.15070757887840022,0.4364448608878466,0.2566640002538814,-70.04521882933852,2,51,2.0
1.8332345060565893,0.6359404107369712,15.273019584954953,30.970051321917303,-0.06479541928160425,1.4857921192745673,0.040059226108532325,1.1256073480451285,-0.07056102828652251,5.94316985992421,0.15691609442622884,-0.1476690381250743,0.46287005103767986,0.2935729579386247,-57.66780914965912,1,51,2.0
1.8340419152495908,0.6337983108269337,13.709467294169407,29.647430671551906,-0.00029650213671665566,1.4456165721515164,-0.016003079566301082,1.146468457271488,-0.019990406784356807,6.010875826027829,0.15432475471305154,-0.13643767181093683,0.4526909796380478,0.27803637351134325,-62.81717888957397,2,51,2.0
1.8285375385015619,0.6476205727569292,13.710218195821724,29.64708380976936,0.025081291502597285,1.3930725758380238,0.0022341305134343167,1.044489464323949,0.018342300957324458,6.328689098333452,0.14840704129013618,-0.13022500721904037,0.4428163785825358,0.25624355743945926,-72.81073639759965,2,51,2.0
1.7565827111110968,0.48468126858942595,12.596259210623947,29.073352483912615,-0.15329735010277992,1.4547086383862275,-0.033306342129613836,0.9580501418040851,0.3012918257245831,6.8334274189974105,0.16123860401726542,-0.11014149832697555,0.45993977795173785,0.27599410703515187,-66.6484052477098,2,51,2.0
1.647640619207831,0.29158316931487305,11.019132254170437,27.513862737686473,0.007577590498269773,0.9431880857169141,0.002028197634453867,0.7623562776742657,0.3152947519339767,7.46232332492925,0.1377574875144004,-0.09273620980934709,0.4838958127812281,0.2487497284706832,-94.53119235796812,2,51,2.0
1.6464038599355548,0.27306448797485566,11.010682419234632,27.51722938039531,0.017635683802997366,0.9002473805032752,0.08166684765441745,0.5869536457110968,-0.3746160946640314,7.004720688011201,0.12328608421684938,-0.08331044677932865,0.5181921966443953,0.28185502695747655,-83.85061364279834,2,51,2.0
1.6384378816275036,0.26889943415429024,9.44216015292149,25.764093154661857,-0.016301115938261442,0.9010025122671351,0.029755166859603395,0.6356931672908548,-0.5843944082073137,7.307445668698739,0.10802986233952384,-0.06728101737431016,0.5233012977886501,0.29220277369169606,-79.08840877081704,2,51,2.0
1.5984678062445976,0.2678551845216948,9.435752653608136,25.766425151896414,0.005874527417415497,0.6677265867938609,0.06606501560000812,0.5058034462358488,-0.5121755973965514,8.042812668735714,0.0715103276493442,-0.049007896309618826,0.5121500222671669,0.2927893694641218,-74.9209758552813,2,51,2.0
1.6297836259883993,0.2354255217782823,9.36827457184885,25.135655043826247,0.05252084473841915,0.8633608606080528,0.05785171943260174,0.4741805602705779,-0.48066961999033014,8.898504436708686,0.034410879561743844,-0.03286703429708399,0.5192498769990375,0.2899914102314043,-79.05698537232256,2,51,2.0
1.6231693638598217,0.2669781172658679,10.937702595018873,26.93367103226853,-0.03008871260738256,0.9560411959030731,0.027387329249405394,0.39306849833235974,-0.3727742410173603,8.794321629274386,0.021798455245862592,-0.019214134606859334,0.5039868551689957,0.29074818383177037,-73.34135970410986,2,51,2.0
1.6288063369837462,0.2940340928942881,12.459114607642679,28.42850923625706,-0.00900424485478331,0.9953036547730622,-0.04791965094559333,0.4290099533810424,0.18821236666511088,9.163921821054107,0.009249802268834106,-0.007688451398512435,0.49396036988345626,0.27100825868947315,-82.2676446364117,2,51,2.0
1.65636690413835,0.33471199521994566,13.361071539860145,28.750951518595837,-0.024303633281413245,1.1755446756588597,0.004144547616734225,0.853560520960931,0.4113370421178201,8.664538368858036,0.0015640779300972046,0.002335804145850418,0.45712238423786816,0.2570408178496228,-77.84038662112395,2,51,2.0
1.6498985514044762,0.32229549727163287,15.001340632345162,30.642488742023087,-0.024600984236481143,1.2800303405126354,0.04391772541053155,1.085867360614247,0.24462700196925333,7.752925778477612,-0.020049778737061156,0.017517004130147805,0.4164485889336191,0.2580607805730488,-61.37616417684812,2,51,2.0
1.7586752389575921,0.41796246638091383,18.136830769333184,32.95509061453025,0.020978040226242122,1.1804140723238907,0.02514547664745181,1.5525103479664537,0.4009622132369116,6.928026866052191,-0.03492606556881355,0.025197254654133416,0.39326509377379576,0.23365799883260688,-68.3079953344682,2,51,2.0
1.7613758530979062,0.3912988157075266,17.718757577970916,32.319213518116094,-0.1255158963521906,1.3272317621397598,0.08518737810207348,1.5572217911717405,0.30373301035633277,7.443781775257088,-0.04081988973516572,0.031070991660195276,0.37021347637664187,0.255772459690256,-44.743291292962304,1,51,2.0
1.904015530850373,1.0521283738151548,14.200230299257765,29.58206537307739,0.03179227630151253,1.668769467337047,0.10372894819752843,1.4958181072117083,-0.4028409512019625,6.836483395852955,-0.06990292687333541,0.044907218182575266,0.37546782736380313,0.24075419400467324,-55.95484386723291,1,51,2.0
1.8770648268800156,1.0873029604938966,18.023929105085486,31.73092598388681,-0.023631182700103403,1.4841247305396654,0.05818465666151514,1.837882294193944,0.09835240624698938,6.761136823681324,-0.07064216836480151,0.05519212131838696,0.37708955729294696,0.2245898015100976,-67.9014606885402,2,51,2.0
1.7890910409829195,1.046607160931396,14.690604934505387,28.899827970082367,-0.07895430918855995,1.4612456099623472,-0.02091719502327489,1.5173289728976764,-0.321755722749467,6.77793852144384,-0.09889331136476534,0.06407438599937648,0.3536714438840184,0.24577466223431732,-43.90069369593279,1,51,2.0
1.8313527006436796,1.0775952472156924,18.737284884733313,31.519343251185074,0.005515576869833703,1.412000408359836,-0.023892135888922448,1.6767425553509463,-0.14729387766005947,5.755436537168538,-0.11930846792495858,0.07783143582695676,0.33838280371854507,0.2129524694750015,-58.90062442232813,1,51,2.0
1.808980597000496,0.7623691129712274,22.300318540311327,33.517805036591255,-0.012919816608522452,1.036876985212777,-0.08173861836685854,1.6238583340426012,0.47867409475878175,6.044811936518817,-0.11431822582250734,0.08464372617333377,0.3287340785269832,0.1881456515322749,-74.72318698292717,2,51,2.0
1.856077249143638,0.7356824399304922,19.008000196195116,31.594228485063745,-0.0007379300454083611,0.9564607049580387,-0.0943103251503963,1.2064580127894362,-0.07440971889916588,5.331715711614878,-0.09728586609865447,0.10149606376271392,0.3304602765017605,0.1959046965886217,-68.68420321524538,2,51,2.0
1.8084793207692165,0.7289862085001722,21.799269255469827,32.14490155412422,-0.01465081189777337,0.9690768901595858,0.06025519820989347,1.2320510241622533,0.1712389746133019,5.4574118812261725,-0.07158918959868923,0.11861790650385658,0.33132962914404,0.20322915788943688,-63.032525738405056,2,51,2.0
1.9128649386705137,0.8692177426550682,20.159664182101977,30.9650251585718,0.08818019824285134,0.9306067612320248,0.0033409113393110387,1.0296355714092917,0.2349466199384016,5.474083048357355,-0.07106742883720586,0.12031991209973385,0.327927628232486,0.16557398017217967,-98.05504940539296,2,51,2.0
1.8049317786798758,0.6300032099978462,17.273938510932176,29.192557649333203,-0.0722673658792879,0.6247175080933983,0.013571022772321514,1.0365864560620606,-0.42219795871014687,4.881105843971236,-0.06546097072241137,0.11957318451288167,0.30947599705419016,0.20319139456837096,-52.30762981453723,1,51,2.0
1.8180264706412952,0.799947437962315,18.710275785595762,30.66724611885203,-0.03164198388363801,0.992575533671546,0.0030565045627893184,0.8224011836972055,0.2376866191625595,5.750086424522836,-0.09138488829465517,0.0931737107868838,0.3311289419664966,0.18266326365444133,-81.27834537814876,2,51,2.0
1.8607769420041758,0.8156422360564092,19.070827834746417,31.08926458116594,0.03407596468048937,1.037056394331539,0.05263142813654507,1.0689344919738901,-0.00691157082716624,5.287930166456681,-0.12198659788189695,0.09542304575136171,0.3292327956035228,0.17991123685998084,-82.99734988746377,2,51,2.0
1.7257852278211538,0.679145828330862,22.926327228546143,33.03175993654094,-0.06628750403429948,1.0128538500393722,0.02733881493993834,1.1624440123419009,-0.0846225356354433,5.24943353333946,-0.12447464997158686,0.09837821071399316,0.3293975315239595,0.2186216223195139,-50.670152398076816,1,51,2.0
1.6540424753637875,0.4061763309058624,23.302484334683886,33.56621786111417,-0.038510614750432035,1.161660922005854,0.0031817124462595174,1.132689859562526,0.0979877464911517,6.014641859965564,-0.1426909962484653,0.09674829989335011,0.3296301201810279,0.24202896091266812,-36.194494633214205,1,51,2.0
1.6868674107918553,0.3760666583112513,24.676959215425978,34.35393279380291,0.015667130549748737,1.3174324977608105,0.03258130728614097,1.152965660192896,0.08902418496561985,6.65285263209196,-0.15340043725466498,0.10169648764887146,0.3248621249254115,0.24309365064050675,-33.63661455963987,1,51,2.0
1.678939848261721,0.3593734476358272,21.728397916345035,34.030191485758564,0.045339345347647574,1.5397192885354667,-0.05408194091390161,0.7501491089165964,0.2636684938973072,7.338923554989508,-0.1583638156145328,0.08774738984210904,0.3620583334841651,0.23648730859003494,-53.09842022508495,1,51,2.0
1.751921809479302,0.5338705823755061,15.389079739065732,30.78375015933693,0.05420342935066597,1.5762606753687909,0.03676713637861551,0.6625211669593816,0.17868215430016612,7.653678901533723,-0.1686252430400834,0.07667324301794652,0.38804399460845906,0.23047354979336593,-68.36812508696333,2,51,2.0
1.7225211885045557,0.5310207843836384,12.252286480922326,27.98864324781951,-0.10347643874439538,1.3264278031869332,-0.025583543759935042,0.5771912302326365,-0.35636620194304225,7.359964200493505,-0.15500941229604798,0.0748286926866635,0.37832280113853645,0.2529830432152263,-49.54472692332856,1,51,2.0
1.8105561699645192,0.6679966849666416,13.613177135878919,29.52127954137864,-0.07278748440976236,1.4763256904789375,0.008810085262738023,0.5678723948134003,-0.08629859370343826,7.009831534471424,-0.14878820029262702,0.07084675409622168,0.36274367931493356,0.23263618711870887,-55.92745213358996,1,51,2.0
1.8595534834791632,0.7285770280903353,13.610667312846465,29.52243164616402,-0.06393092169481165,1.3505951839577475,0.014052905434486913,0.5361749947314899,-0.3521632113877465,6.308887953650957,-0.14584558835458153,0.06414110118615436,0.33460390805324447,0.2195228612147605,-52.42326298120701,1,51,2.0
1.89763721297769,0.8694481221056667,15.19075697076087,30.876217312024078,-0.006012139659301907,1.3209972879649372,0.04674818936516257,0.8944385211709894,0.08086503077955808,6.550515113335587,-0.14027894962314427,0.06614161951398971,0.33418535146827794,0.20008441014906064,-67.0221838969431,2,51,2.0
1.9408761448427743,0.8741271944841148,18.082110012278836,32.72463365733697,0.08950425684452057,1.3764549405160675,0.033609301144001534,1.0983999078566995,0.24515001388157115,6.0231082123787445,-0.14923925582459957,0.06242542587146114,0.31314760186882806,0.1796209728062511,-74.33799459855169,2,51,2.0
1.8701665407302333,0.8118736142731744,21.02918890878266,34.32929771714182,0.06468998246333178,1.219182821066558,0.001739812832252652,1.128795638699327,0.06893139376359828,5.594226979360899,-0.16643158357934282,0.05940581342357538,0.3042999435056997,0.1956492261084888,-55.533425589408346,1,51,2.0
1.7734555829973782,0.6547043512743104,21.032034738391054,34.3275570206259,-0.05615839069964839,1.1684909298222335,-0.03130169651087593,1.182026617487961,0.009650710751028621,5.820188821699375,-0.18222727083776374,0.056748490580224485,0.3046123566934024,0.22857732519803178,-33.264468131078374,1,51,2.0
1.7589519877059787,0.669941618130253,22.49951252750322,35.074461791846815,0.026877240807402367,1.4119314364880222,-0.07656460562173058,1.0120192057964856,0.19602016140432918,5.7625994288748466,-0.20899743041839844,0.04427186327423332,0.3086997179686522,0.20794971841632437,-48.44921181889843,1,51,2.0
1.847939864969721,1.0034595722407782,22.096517955555637,34.679494695213286,0.02718192222071629,1.4827498476507575,0.014997679521055782,0.884589671645591,-0.13413355280371272,5.341563604115679,-0.22331830928678914,0.04072703491761558,0.32080359528867575,0.19815422045341682,-61.89591851973297,2,51,2.0
1.7393673878966593,1.030433811352829,22.396760949901505,34.120988983424986,0.042804135411393406,1.3773742942119283,0.0016621674100557964,0.9637318082919153,-0.12427719258794598,4.877292120188213,-0.22156665770893436,0.03603678544904704,0.3333681493721987,0.16655075057576685,-100.0,2,51,2.0
1.6786687711582464,0.9502191694209666,28.342026009279138,36.30583390171067,0.0722329271774666,1.2694610714570382,0.04674478182021309,0.9623871290830244,0.17336759146522074,4.754697188589341,-0.2085667366543269,0.03357533773538875,0.33643584567063256,0.15541372416867058,-100.0,2,51,2.0
1.6806939876839226,0.9526952685499493,28.688634989308376,35.85786870813039,0.04411598806287728,1.0689892072880152,0.04802136108571408,0.8395879978294343,-0.02711827556292216,4.211024584503202,-0.18902614559766906,0.03223164947177471,0.32990459598513483,0.16123228709167522,-100.0,2,51,2.0
1.4706865402997709,0.547985706615094,34.60932773702285,34.05984132291408,-0.011819961900804556,0.8266610036297217,-0.03139645942285949,0.7356130795634456,0.1138463178101708,4.080004833460454,-0.16909716884996362,0.02560257501041202,0.32556869345611184,0.16948104039652848,-92.09741260402396,2,51,2.0
1.4810033345631524,0.5320529726722703,35.27303927552466,33.01860399440864,-0.004540333853048437,0.8201311612089736,0.0032179072207095577,0.6169841725102019,0.047821636293448655,4.103017761088917,-0.1507419214127372,0.026996830445464793,0.3289228952615949,0.1914526888415092,-71.8037480966841,2,51,2.0
1.3855558540306838,0.44328681217934585,35.35849889586954,31.305062017972446,0.03068273441464293,0.7666378566274848,-0.02122208417630663,0.49670457591390343,0.05028485901215497,3.640393832706629,-0.12578256992127718,0.032919957649993746,0.3265003002120564,0.19127534218545714,-70.69649254397233,2,51,2.0
1.2457902568812464,0.31643175952062785,44.79795505018795,29.54332145484653,0.005413062140053394,0.5899350223716471,0.0041733899829434415,0.4518874242839822,-0.059348032901100085,2.782821108744473,-0.10325967832944473,0.043437839993355154,0.31890181502086073,0.19920275665477022,-60.08905718786606,2,51,2.0
1.2552736159048827,0.29150916415079453,49.90633742482054,29.81399730964003,0.007678525120604272,0.5340336465520323,0.03502934192325555,0.47978526403214,-0.08130835172008066,2.5143402201027483,-0.0852022398959972,0.05876532491678016,0.3233711111741661,0.21497570121617537,-50.422168340314165,1,51,2.0
1.181216132261005,0.2651077278758466,60.82267796759512,24.874453015826948,0.006497092618077409,0.3532144512610039,0.0001099801384935192,0.40870315125148793,0.07316048764715008,1.8661376439261554,-0.07451646358121387,0.06926210689391372,0.3248346740176134,0.21682100670265475,-49.816975281867904,1,51,2.0
1.1522130511847197,0.26013331443137433,69.54039492794112,15.10998783325286,0.00887873819937893,0.3645276712815235,0.03765983171030587,0.3909134184543504,-0.04517917923044925,1.2101614877020648,-0.07395487676652339,0.07976512640810132,0.3216470878704479,0.21944605941580442,-46.57227781930404,1,51,2.0
1.1781192860182594,0.2434061195727679,71.66625038782756,14.311047641177804,0.009991336467803693,0.36694479791624385,0.03122921733587396,0.38417505579652306,0.024206773090340635,1.1912734376535044,-0.07306083669909785,0.0880156228524912,0.3304270570161829,0.22592873439436012,-46.25278094968668,1,51,2.0
1.1701766677639063,0.22983518897487418,74.63492853501263,11.91439686439214,0.0069205340947590625,0.35039418785925736,0.01603638271198553,0.2573062132685846,-0.019187332610325777,1.0149591023626052,-0.06993816335703232,0.09032172009517027,0.3329324715043527,0.22438945507064392,-48.37260128803131,1,51,2.0
1.213536944021197,0.25801673227267513,73.72052553120781,12.522465577440412,0.004886020194081699,0.4621061839756744,0.04346366383719678,0.3455586116540478,-0.04461298907157399,1.1431935004680598,-0.0603627879972816,0.09288434936501651,0.335215204972743,0.22751838786295323,-47.33543434505234,1,51,2.0
1.2451306470468932,0.21004762668166513,74.89483852479972,11.050001315598086,-0.011001698964951085,0.4306760730359136,0.018639520650693013,0.3645810498907568,-0.014173967786608082,0.9946836140756348,-0.05255760367742618,0.09084074574583995,0.33758271408392737,0.23441025555001455,-44.01362828253033,1,51,2.0
1.222529901739429,0.1962321460694725,74.1689091757232,9.717704553516361,-0.007108189749951456,0.40387326362033704,0.023997657402765517,0.3938480249335487,-0.033981502795701515,0.9123843201957168,-0.05039762726375969,0.08653482438014688,0.32991530089983667,0.22735940445706704,-45.10739139543074,1,51,2.0
1.2658248149296816,0.2292725532745212,70.37053647695804,11.334105316348804,-0.021183511278792925,0.5187311215030984,0.06306042788805914,0.5522483051949848,0.030005878166240806,1.2309898417500762,-0.05025302118768373,0.07993878586747134,0.3316314460561571,0.23694859411757294,-39.959237695076965,1,51,2.0
1.2508976048990792,0.20022321077176436,68.14643055784936,10.432048313339662,-0.018699400053889145,0.41481676520097266,0.03539421504326895,0.49453514424406597,-0.012356542708242641,1.083321245540754,-0.051538577160728426,0.06525835091134312,0.3282046704337318,0.2391268718418118,-37.251270802742376,1,51,2.0
1.279264390760777,0.23445993286705813,64.32364356751536,13.445613372566745,0.008557838186913845,0.47756990475186517,0.07044369617805761,0.5721772096293203,0.012167165457618003,1.5168723224518927,-0.04426606326673323,0.04648650817661971,0.3405976817343712,0.2444346884255275,-39.34097649079864,1,51,2.0
1.347023262551018,0.28612889051391543,65.33965550684461,13.973234445689284,0.03248759139986599,0.501902052643365,0.012788460169937097,0.5615768482655041,0.02709307251315491,1.579952131362267,-0.018155725834406035,0.018556557054551545,0.35090866565285317,0.2575663579597473,-36.240100777328024,1,51,2.0
1.3890741257106556,0.27799038869283116,69.65298524557376,13.644238101663808,0.0022506966602568535,0.40150835908822685,-0.006549456394186207,0.41635590429752556,-0.010478717293225083,1.3565708489235966,0.010258101536311159,-0.003549237471085931,0.3564710501870065,0.2658332682697267,-34.09572568069792,1,51,2.0
1.4077706126605762,0.2686116336027531,72.50496687608607,11.472245141455488,0.017094064887393925,0.389135178824238,0.014362864561525046,0.39724245249910123,0.048295917102437025,1.2790005130568756,0.030770398597957403,-0.018639118341992673,0.36003747120617224,0.2697007183335839,-33.49518437724508,1,51,2.0
1.42455442994833,0.2387814117368639,74.63170818254059,8.46904882644591,-0.014647108867910564,0.2550048347394209,-0.0021101382433199416,0.2103601058388818,-0.018316432465023052,0.6792338333763691,0.031363656494704635,-0.024957673203186124,0.3474417043640167,0.27607864851671127,-25.848813818351402,0,51,2.0
1.410055310994971,0.1455056818142209,74.52041616159327,9.475770216557558,-0.010112308897078037,0.15271999506849163,0.025175439960816327,0.1563105718370144,-0.016704941201525943,0.4394614286392478,0.00792622571842631,-0.0190678652290244,0.34228916764843587,0.2732687191680953,-25.25735425937432,0,51,2.0
1.3807660605685383,0.14656394737333467,72.39516552756814,9.769497720869511,0.004017399304418587,0.1226056950092581,0.027242127805948257,0.13067383085366388,0.015262231015025036,0.38255029318975425,-0.024827805301673445,-0.016039538502343107,0.33674747245811115,0.26759246259434694,-25.843407244470406,0,51,2.0
1.3353618249004962,0.16601126062685953,74.0255698409735,9.462115990078944,0.002836592559355731,0.11651153196860112,0.03190756088816652,0.11749567572747675,0.008293986758765052,0.411883276298044,-0.055000208378736704,-0.009889607462720317,0.33568515009750366,0.25879312149638223,-29.711774469321185,0,51,2.0
1.286613091680349,0.18285170135016515,75.29067896861656,8.111162443763245,-0.008098331307444502,0.1526652186136256,0.039287640220102144,0.1679523869699362,0.027927818982040182,0.45978221481806814,-0.07568470251378197,-0.004983201226676909,0.33700793184687716,0.2493456171112661,-35.15695032108517,1,51,2.0
1.2290177926713346,0.18752088174337497,76.06383726176094,6.88274878473848,-0.010738037024423773,0.16244151231378195,0.026596664834548447,0.17777179205520222,0.04016925659322856,0.5093811580097583,-0.0909042262961527,-0.003077433184585584,0.3343327201257617,0.23818364836562148,-40.367620707760565,1,51,2.0
1.2153730613051676,0.16707916076509013,78.42747433512818,4.488091550959076,-0.013392602184823915,0.16950942119515203,0.0372585097291306,0.18750558180022167,0.019803565890327387,0.5196011939471492,-0.10086641322815056,-0.0010023101414373614,0.3359157456323126,0.23553929917849314,-42.615583388381204,1,51,2.0
1.2248887764472587,0.1765960735455365,78.49354199334687,4.289465532685225,-0.014170677127207027,0.18710849324941703,0.02903336578724431,0.19493937228723368,0.012082000956961922,0.5599159728785305,-0.10421818480251979,-0.0027478724306568723,0.33547936302984227,0.23738344483541438,-41.323824524680305,1,51,2.0
1.232172046075849,0.16062541843146544,78.90911704418706,3.466275272605571,0.005512140326055826,0.16797612589215857,0.004107186926857513,0.15501511211704208,-0.0009934441095181539,0.49726363915483457,-0.10370241931866024,-0.00548226189868572,0.33408904931440814,0.23879494265019804,-39.90624994257226,1,51,2.0
1.2594038286045486,0.13455870759709745,78.06570707115472,5.140186347090742,0.0025841738736512615,0.16772141880125785,0.016885525519576144,0.14828654687715864,0.007052418355848275,0.5237470496623061,-0.09836220614689378,-0.005577820018408569,0.33710668658290066,0.24407246181588713,-38.11746072246065,1,51,2.0
1.283950486749995,0.14666377997210184,76.96954073157966,6.0660016822945195,-0.00022894001620657304,0.16038196409157862,0.011291980661232682,0.15151034184692636,-0.0003727556334114542,0.5081755412148113,-0.09242396902729391,-0.006633080755277426,0.3344210240296315,0.2488296043220156,-34.39760310708457,1,51,2.0
1.3032279518597267,0.13796810200110077,75.19250022196302,7.07333630042004,-0.01483189646958136,0.15047729743184426,0.009413861970910254,0.13492471235761003,-0.0020106907787860607,0.39226122317325995,-0.09128733750737512,-0.0038222564263749163,0.32717653662725055,0.2525655772125211,-29.54122261560137,0,51,2.0
1.2911446005398153,0.1379738966473096,73.37780652326695,7.659892792452319,-0.007424021431920575,0.15384013128420138,0.02777412975681763,0.13606964284908377,-0.017994896910500293,0.3834295250460989,-0.09534428690277684,-0.00030216976355575256,0.321886961112845,0.25022382356694556,-28.639614135992318,0,51,2.0
1.2743982729666374,0.1365402742761886,72.33356263123306,7.550559407422938,-0.01135399462837799,0.16833307642816503,0.020340821103138083,0.15324504192275634,-0.0022266185933760567,0.38241489573191034,-0.1010350805722408,0.009308821473451653,0.3182614307081982,0.2469783852638071,-28.862058259977253,0,51,2.0
1.2495605235590654,0.11542545378266285,71.08588202326905,7.436498821825591,0.00920168602583455,0.1605189632993968,0.012957673227670146,0.16749981430798475,-0.015151594053296483,0.4275669074305138,-0.11198026791281047,0.018831443437391838,0.31313410872982284,0.2421648292906809,-29.30618770984057,0,51,2.0
1.2174341157078743,0.13361547149586858,68.41857919505998,8.794795873442192,0.007080779392637459,0.17716712586648883,0.021518519878679632,0.18447821160414035,0.0030179970222068767,0.49714507574017325,-0.12130223165429932,0.03366695311691498,0.3190655706651612,0.2357230158625898,-35.356138006971015,1,51,2.0
1.254880257827394,0.17566993350028326,66.07935877407299,9.161374511060105,-0.0007620739805347779,0.17351798130867355,0.015311385011848281,0.1850649433429463,0.004580386202124988,0.5875647204422016,-0.12764800779798557,0.049563391022064286,0.31881458333609675,0.24298007828006069,-31.210173933942276,1,51,2.0
1.3202279816363371,0.20434308854998207,67.95717284726162,10.144067635440285,0.004688172619424614,0.15788084611592468,0.02154158021085987,0.1716722179641966,-0.010832154940740735,0.5342754025369371,-0.134676437734978,0.0646515063308296,0.3179458463525993,0.2556444669134046,-24.37032187373658,0,51,2.0
1.328833067241837,0.2168499680350329,69.94009400349037,10.873068216682189,-0.019730315196747873,0.15990324369625092,0.022864941160614584,0.17983076858665306,0.037725866279181314,0.5188184296996553,-0.13277451566281648,0.08330780474404419,0.31622170400296173,0.25532978070883094,-23.84834355204721,0,51,2.0
1.4015020601013128,0.22166399071584594,75.0964891910553,8.165460589655822,0.008448737326498125,0.20496522983099164,0.02586980337532712,0.2135059667461648,-0.0027743405205946344,0.5110998708864954,-0.1319965637382973,0.09851690527167106,0.3053516687868371,0.26962874732168074,-13.248929062648184,0,51,2.0
1.3918220403732038,0.24065490530818937,77.97437622967888,4.793969249765343,-0.017197984946416875,0.24032298833670884,0.003316095920608324,0.2425589363280834,-0.01901560605448835,0.5482246926583892,-0.13094205926824884,0.11361401554146462,0.2988501494196127,0.26775275925272624,-11.614218375816732,0,51,2.0
1.418237117575664,0.2691901024582353,78.3227922074935,4.677478690826733,-0.008302312344312668,0.2740622305457872,0.010255412910791004,0.28833130865039175,-0.00688366139051961,0.6652658142579504,-0.13852053298206543,0.12249569598060135,0.28717329680078746,0.27287200138347867,-5.241027054736391,0,51,2.0
1.4498173600318385,0.30869010097317984,78.95455310858932,3.6627529384777793,-0.012668822764181624,0.2881095653373417,0.003283523644010226,0.28387880335248616,0.015284123227876775,0.6740335776812514,-0.15591485362114832,0.12885136065343894,0.27978845077879494,0.2809604860456447,0.41715306068319524,0,51,2.0
1.4365213934112997,0.2937434594322345,78.9361933633393,3.6060613355062876,-0.014797090972755469,0.3011343476568541,0.004613981344828419,0.28419260048883743,-0.01437954568103248,0.6992831771407079,-0.17945182585889588,0.1308206155036136,0.27650270768123975,0.27838372751599855,0.6756931705538372,0,51,2.0
1.4675044583193226,0.2904592569517743,78.77243757247925,4.164848327294919,0.003607969438912822,0.3060280178392214,-0.00679968607922395,0.27402656472239195,-0.0003895455715703029,0.5622456869675437,-0.20279449480304124,0.1316752074465919,0.2773727001985381,0.28420343818947164,2.403467753398414,0,51,2.0
1.4142766728558962,0.27084876860244783,77.64577855783351,7.124381429339755,-0.008461270481348038,0.35015255008987894,-0.00494921894050112,0.25421277592358993,-0.009375248433035962,0.5368965625961336,-0.22272935364818047,0.13213164156218207,0.26887468905561035,0.27388789330509844,1.8303854869202274,0,51,2.0
1.384153569957205,0.24204309212072275,77.64577855783351,7.1243814293397545,-0.003373033421881059,0.3612420292773181,0.007640139309360701,0.2457723180867818,0.03319767471768108,0.5382243416405874,-0.23438242064622647,0.13153634406036907,0.27465807352421556,0.26795340686077646,-2.502176308182835,0,51,2.0
1.325976564968918,0.2350030484109984,77.29498844520718,7.335174175028434,-0.0018375048450395173,0.36634066309839913,-0.007801018856173637,0.2661330239784755,0.03916490439544706,0.5724930298091748,-0.24525003297671907,0.1280110298095306,0.26607709704030996,0.2566787034006909,-3.6615400947181964,0,51,2.0
1.279512797354483,0.20910142432052517,77.47511508418064,7.108597986624956,0.0018456012887113234,0.3771885552290455,-0.005631030171963514,0.2689970206398889,0.014288942676548864,0.5948547554341471,-0.25188009824597607,0.12444267350795303,0.25943427949331693,0.24745021150839366,-4.843021920196167,0,51,2.0
1.317636901987534,0.23251573847113963,78.31268440040887,4.410075201251526,-0.004324558611009635,0.3164740937375914,0.012405630292407438,0.274055732493149,-0.002635597233094421,0.5809393863237478,-0.2511727571150648,0.12309198960827036,0.2720459805641238,0.25494941058064235,-6.70586762469636,0,51,2.0
1.3892011252396248,0.23783960074304997,77.9202640617595,4.481415183462434,0.028423854752498513,0.300733563886923,0.007206980504241644,0.28133649643171,-0.04752417690321511,0.5676542850900512,-0.25035400492657217,0.12207067908603203,0.27565240367333343,0.26881855708567,-2.5421781374585617,0,51,2.0
1.4236744193761957,0.2216424831641547,78.22661946801578,4.121116912255518,-0.02508843514849158,0.25409899559686544,0.006474940508019691,0.24916712643180008,-0.0005734781278114693,0.5192913123395155,-0.24749326099503244,0.11995167839737624,0.2789051986210875,0.27549948127264245,-1.2361973723916453,0,51,2.0
1.456761551838295,0.25527902563765575,78.18181659661087,4.101102188102075,-0.00028352877672980814,0.2492027811278017,0.019941611325039584,0.23027084479139048,-0.02870539437029876,0.49459243318666657,-0.2467261520848872,0.12027163006404593,0.27892209809937984,0.2823203884601056,1.2036999450381392,0,51,2.0
1.4661025228161437,0.2478708502176357,78.2901655552434,3.6592603052372605,0.00825490539564806,0.26374379266006176,-0.0034203302918695937,0.24903589898323797,0.03079654181412622,0.5980621846391506,-0.2379018792926498,0.11724920561205424,0.2819588209849095,0.2841306689244998,0.7643834957385076,0,51,2.0
1.4573273769780701,0.2554535148602751,77.87540352578257,4.3701479697081185,-0.01370272054976108,0.25323610382629647,-0.0036459219660244734,0.2325461322430174,0.02069329097867012,0.6424986965049017,-0.22541921409923588,0.11457005708048675,0.28207370941317195,0.27816284384444495,-1.4059626061754038,0,51,2.0
1.4429118154095668,0.260163723963864,77.2028062951331,5.256558772965135,0.018912550354120778,0.25755754509709294,-0.008962849794211341,0.24855896881353964,-0.002476843767890743,0.6445610987061989,-0.21001428551656084,0.11745844805312251,0.2812152815916529,0.2753691082129368,-2.1230316707113506,0,51,2.0
1.459961683142419,0.21560418772068654,77.11705372847763,5.853706041946247,-0.023698047168698964,0.2750255273457053,-0.013454230995300938,0.26357899789105843,0.03796679175951902,0.6382592551908286,-0.1931351514711339,0.11866414670043386,0.28455600353555005,0.2786733728763578,-2.1109410628199043,0,51,2.0
1.432461095060788,0.17980506204469082,76.66254357263153,6.396288790804732,-0.0035242890829549115,0.3095362238710691,-0.0022873835565120565,0.2656084995152575,0.006962496422085108,0.6503034630477788,-0.18889695718450425,0.12063230090434109,0.27920254762394975,0.27334375875151784,-2.1433775913493047,0,51,2.0
1.4607710478936924,0.1670413338214119,76.95854254797393,6.355327297740038,-0.008286353091106695,0.3318289970168002,0.015310608727090499,0.2724706600265309,-0.04316199819246928,0.6181732152218018,-0.19261366425847837,0.12138344521377104,0.27698420439028315,0.2830974291490277,2.159406666856878,0,51,2.0
