feat_w_vel_mean,feat_w_vel_std,feat_curr_mean,feat_curr_std,feat_acc_x_mean,feat_acc_x_std,feat_acc_y_mean,feat_acc_y_std,feat_acc_z_mean,feat_acc_z_std,feat_pitch_mean,feat_roll_mean,total_dist_actual,total_dist_cmd,slip_percentage,slip_class,n_samples,win_duration_s
0.6741259489542845,0.19371436559473207,51.25527960442482,13.71253558284512,-0.09886741543069799,0.43065160892687204,0.00037165550128655863,0.2161332004926501,-0.0019942103151945356,0.23161475383602562,-0.03768238714096874,-0.025784799029851545,0.1693655576022054,0.20221168841071935,16.243438283250477,0,47,1.84
0.741092332145747,0.07083468117080187,51.95907175774668,11.337171879509931,-0.059155296651285834,0.3549453353055849,0.008997251017146981,0.2309696716577092,0.003644661293091143,0.29276115854308327,-0.02246575142367343,-0.022621501901317388,0.21290423855537632,0.2504504831581832,14.99148419653591,0,51,2.0
0.7469892139528312,0.09411223888890971,54.451088704314884,12.582248231480563,0.029457911330288935,0.25251253899309545,-0.005579908074829362,0.22357893018435204,-0.011482955239640148,0.30861665240453984,-0.0037287793140356406,-0.019387440275940464,0.21053789040789586,0.25213980245321443,16.49954177823153,0,51,2.0
0.7275380692270119,0.10893467059666868,56.052320952415464,12.405179262511185,-0.004047219723579474,0.255944093045962,0.0016494108201004565,0.25415341612145925,-0.01925280872732401,0.3171063615336686,0.018103538476088633,-0.019768541513087434,0.20191250401853322,0.23819648298764112,15.232793748256345,0,50,1.96
0.7309697280813684,0.11835348620548643,58.04800966323591,12.244425341456015,0.009475344681870375,0.19205606311669796,-0.010346252105984033,0.25202917044112655,-0.017223201783410476,0.3072542104557268,0.04118614705689267,-0.023675383609122747,0.20748786402364777,0.24292203359433473,14.586642902002012,0,51,2.0
0.7229440028735838,0.11133152738658086,58.96725868302233,12.389020541097295,-0.006250573826643328,0.23386173126485243,0.004726522328222499,0.2621761798030531,0.0032281643144932448,0.34764319879292344,0.06250123950365125,-0.027082840056573715,0.2136175846852005,0.23976003174581245,10.903588421412758,0,51,2.0
0.7047713346809021,0.09583839545025905,56.760554885163025,12.993608283468431,0.005056518702950401,0.23398630367148843,0.006216754826406638,0.24213534769252454,0.001731117548165368,0.3149092201938632,0.0786726894305683,-0.02721829587053742,0.2188461278952818,0.23267930184562033,5.9451673787110915,0,51,2.0
0.7414552794641578,0.14270841941679693,56.06448016564051,12.082275391882842,0.04674990605973803,0.2722565550903008,0.00448224239288738,0.2297442106352453,0.011280265828484999,0.36423139257110093,0.09257419184721667,-0.026321181334590802,0.2023325010032861,0.24426767836411706,17.167714386804956,0,51,2.0
0.7473621978972327,0.1969635535887582,56.70307437578837,11.96255286480743,0.03160811970284318,0.2752165978249142,-0.010207635638139704,0.20616453309052726,0.009524913806029978,0.32727112369610134,0.10350784746658605,-0.02574791849038669,0.184885926651894,0.23664930689741348,21.87345525079383,0,51,2.0
0.7642069044705554,0.22787063479861516,59.5055953328516,12.190093585057388,0.040632800495836376,0.2770693500034453,-0.003854468574418741,0.22568320848414938,0.006747481634602973,0.3060189975098942,0.11221531875041008,-0.024433805331237884,0.1647292531015268,0.23841377483161344,30.906151199580833,1,51,2.0
0.7802558670313481,0.24356351967878442,63.097441538876176,11.263342834623934,0.004304016917469162,0.33671018534743086,0.009785855672888312,0.2865366654071208,0.02217264045440756,0.3818776071893919,0.11853696004021542,-0.02203360443654849,0.15048544362701197,0.23693182827088471,36.48576270851985,1,51,2.0
0.7504783676042422,0.22798380767310492,62.8522021688667,12.660195054936077,-0.02523730359241074,0.31328023067965877,0.012068844806658579,0.3259019502992636,0.02415860595190715,0.34732103984039436,0.12320168884998743,-0.018950181187977127,0.15280742496315666,0.22338277978162668,31.59391018746507,1,51,2.0
0.7282580913126688,0.17532261376575486,63.66667767365774,11.850107890776606,-0.022992067618806865,0.3147835130002172,0.01175102184745757,0.31042092513018504,0.005614658025568169,0.35811125299430535,0.1286715410941336,-0.015446493431786515,0.1536283073472306,0.2273164693278681,32.416552218376204,1,51,2.0
0.7189310657307871,0.15266259058118226,64.01325907660465,12.252210868374567,-0.015066825707132617,0.33215963681093186,0.014491967290785968,0.2997738994103672,0.00238752087541655,0.39886886223506235,0.13245846348272589,-0.011480350365264977,0.15942961203898923,0.22604212565033893,29.46907060783509,0,51,2.0
0.7680237041649354,0.19873277211273283,61.95323554207297,13.386268759667994,0.006036828514005916,0.275654039508006,-0.02183559244297737,0.4065226060418654,-0.011803278955174428,0.3649093396108924,0.13589261825834567,-0.006908759709697822,0.15793529045865545,0.23566619489252205,32.98347667951127,1,51,2.0
0.7748372431196199,0.18826552587290218,61.31234486897787,13.52292949266044,0.009981934837175204,0.27138681437157985,-0.02333360548386825,0.3763185368939954,-0.011216548618440535,0.36201237995075136,0.1388106163223065,-0.0018895766860614496,0.1548825888587598,0.24501710271093508,36.78702949912589,1,51,2.0
0.7739162709673538,0.1983862903584286,60.59117408359752,13.935023147457889,0.0250848854923913,0.2305755958867299,-0.018427372595076177,0.37171991399873344,0.0009268687983207843,0.3627452295832473,0.14046030572889498,0.0029909243644846615,0.14817881335500518,0.24584482064465363,39.726688987609705,1,51,2.0
0.7635055820402854,0.15543413511167023,59.967672598128225,13.432674289051413,0.008085340204393016,0.21284932763639747,-0.03800621554346792,0.33667642497847755,0.007360183825606809,0.3354664984914637,0.1431178554915957,0.006878270523600951,0.13579961159231993,0.2514308841084303,45.98928764305822,1,51,2.0
0.7409627394495057,0.12005644860842594,60.65354522303039,12.176778052132692,0.004625785385952422,0.21599953502025537,0.006600625685178766,0.1815086306800827,0.005590900459198975,0.3076204348587802,0.1454054430169244,0.00908370590106153,0.12855463849541807,0.2449971865625595,47.52811642488314,1,51,2.0
0.7572880219850763,0.12868720040585074,60.48556003149818,11.965501444513583,0.009251621592899455,0.2455238857525483,0.0068002388054760644,0.2332177843246393,0.01592534503844731,0.32986836647878254,0.14698782037257319,0.010272815546618137,0.12302812926964968,0.2505416265791122,50.895134293860856,1,51,2.0
0.75334731319134,0.11824551754024537,61.54379325754502,10.770592737738676,0.011319300840042677,0.23289676910554488,-0.0016259372133907734,0.21548479011575367,-0.009510149270770889,0.29159752617510276,0.1494728919377986,0.010711065705555165,0.11956146416390662,0.24989775006563428,52.15584608804823,1,51,2.0
0.7635724463479538,0.15145577733676385,62.03238875258203,10.419059077000231,0.010043887111047903,0.25025121077619356,-0.004654697074061807,0.21955432226917265,-0.010449550466100667,0.31347888177329714,0.1507034251036137,0.010844431569313308,0.11931227986186382,0.25644291786672835,53.47413730338633,1,51,2.0
0.7533936098745257,0.14487422429170407,61.60729975326389,11.275571288074334,0.0003298347423254859,0.27524510986306816,0.006840875901866193,0.24046675154191993,0.016129554390870764,0.33683267040025594,0.152510804777652,0.010809371840663967,0.11346056477624004,0.25435147883909287,55.39221344648948,1,51,2.0
0.7489855357699151,0.1414079539050717,62.87017581509609,10.383235167125605,-0.017841684024817513,0.25773770590129297,0.005455647526747163,0.18354268384863184,0.007374663503986655,0.3000370875487507,0.15467751763346274,0.010959917874126862,0.11421027442943228,0.25228561569170743,54.72977160576724,1,51,2.0
0.7756991755575691,0.1380361692786591,60.080871293357774,12.06854416879224,0.03684416380893512,0.2869008112006653,-0.0006374967439721028,0.2005773391940141,0.0004244219219567729,0.33596435988249296,0.15548394703022872,0.011712729020423172,0.11095432162933169,0.25721861663169154,56.86380593975204,1,51,2.0
0.7931465835118776,0.19055853211780222,58.98448526274924,12.213546861367302,0.02241371671084826,0.35278111574246107,0.0017191506488540885,0.20518519474064695,-0.004663422265473534,0.3690743597273125,0.15587768078141767,0.013041384090769341,0.09854011322921433,0.2600662495306984,62.109611144454725,2,51,2.0
0.8017450378335756,0.18126570104781112,59.269604564881796,10.2598173919301,0.03275617800296887,0.3311038567920031,-0.009238216882188092,0.19712255876165116,-0.004544934723526239,0.3540321852894593,0.15555711355715574,0.014677087580291188,0.0837311789565622,0.26278983528560257,68.13758840194015,2,51,2.0
0.8068351632385862,0.17518334157478796,57.688920599572796,10.78486933079931,0.04283476447659161,0.33603616026718425,-4.31127869067531e-05,0.21399546185389254,-0.0005057271405616228,0.3652793670767035,0.1551947101371293,0.015821234512437526,0.06886895436085873,0.26310656867366733,73.82469213595449,2,51,2.0
0.8005357294950598,0.17610869312638577,59.734529899615865,10.447076173637635,-0.013287333751042537,0.32412902946241245,0.0036435292590884308,0.2004674801707666,0.0005844848632228141,0.34245203476280167,0.15517587725083037,0.016654209144150115,0.0629262658365355,0.2635594167349385,76.12444790776706,2,51,2.0
0.7734292358346626,0.08768590566522694,58.605184503922274,10.725400635445578,-0.008470175913352446,0.23790961428688248,0.0019374695223043947,0.19081700851484346,0.009409030132433948,0.3000496925958233,0.15516844046995318,0.017587962389941585,0.06225791737924997,0.25667809040179534,75.74474810771987,2,51,2.0
0.805051132033102,0.09374353072425565,55.87434077993328,12.229236639911324,-0.03242649901293072,0.2879399786247398,-0.020683431002658372,0.1863412818256225,-0.001566809264249077,0.2769934067724291,0.15494832673138217,0.01775446183506887,0.06981219091823904,0.25839806275870114,72.98269570100008,2,51,2.0
0.8101088497762035,0.09262966687911957,53.186362570991705,12.375970350633542,-0.04438101737668701,0.2850095978128595,0.005270489665003968,0.19259457559838275,-0.0022633858846829217,0.2697197992684972,0.1555536735687483,0.014964394400667623,0.09044684498417452,0.25838219777089827,64.99493937102751,2,51,2.0
0.7981897241903319,0.09346944033050052,50.13895300790375,11.398621770921922,-0.019702437425068782,0.25770301989635136,0.00579286678968107,0.2057772630611193,0.008016499078960395,0.2377925746179962,0.15547945541849026,0.011424763636233659,0.10487136802302385,0.254722655327883,58.829194879414324,1,51,2.0
0.7833101457457387,0.07090168730572004,50.29899334060211,10.749214667111852,-0.05084024870074263,0.247114503706568,0.0037074192043612987,0.19352673163527456,-0.006432410265666013,0.17357513972137958,0.15612823221167355,0.007707813501804788,0.12263621145337333,0.25113024940809475,51.16629249466258,1,51,2.0
0.7407062142464222,0.06000721475557689,49.545587925642145,13.32218137652676,-0.035265394906495134,0.22050336330147902,0.03437012795578031,0.15251082474400002,0.003851729673424772,0.15920505787315503,0.15601084343973776,0.005619698954366102,0.13663824467333702,0.248288360809945,44.96792188421259,1,51,2.0
0.7205516193199026,0.050459736122785245,47.66484694212091,14.454626187412584,-0.09302606104927905,0.21692840164797478,0.020775319305339865,0.11995509646290188,-0.004274667304593558,0.15514983564325474,0.1536254204183495,0.008011161629331768,0.16700195514484972,0.24364260141486616,31.456176311102258,1,51,2.0
0.7087268014301491,0.05570704856365616,46.01275463314617,14.829357463311107,-0.11824006631093867,0.19493763779697346,-0.004180384041997148,0.09740771403817729,-0.014658024443276957,0.17607700488252914,0.1479815706887906,0.014957269083943028,0.2230384357733455,0.24102958786616538,7.464291936975675,0,51,2.0
0.7238127255730111,0.1278495866266401,49.180571686403425,17.24917130639621,-0.02516550304112481,0.35572959199550747,0.0024869083426892757,0.12631476929690635,-0.0066687929462276255,0.22384872485310117,0.13209902107783045,0.030340507728059046,0.265141239220843,0.2383855229154219,-11.223716934737649,0,51,2.0
0.7358778535945377,0.12891996982632573,48.806567781111774,15.43444604416025,0.04121389857255945,0.35617869051716067,0.0060295675077713,0.13238317989112344,-0.007090432879825433,0.23823206157251667,0.11427277161417766,0.047070733229445876,0.26142391122706576,0.2420363282483265,-8.010195460760672,0,51,2.0
0.7649837656530971,0.13605564356827782,49.7612133429331,13.822032869337715,0.10985386173478236,0.30525593271706253,-0.012121505761409508,0.14807020801917783,0.0035405325721584112,0.24280738124163156,0.10032066721301362,0.059843901374319705,0.2183137880147882,0.25350560815773715,13.882067698104638,0,51,2.0
0.7768784960658819,0.12660908352330064,50.64925975834622,14.097426799726087,0.10171872064215588,0.3275452481252857,0.010350063351877764,0.16473640574169773,0.0004032823969336117,0.23155273847611663,0.09778806503936416,0.06204141454685804,0.16147574052501779,0.2577885235554189,37.36116010986657,1,51,2.0
0.7618797163241634,0.07186236483363345,44.99964717790192,10.96911041921259,0.024045384114644693,0.21769013792298267,-0.0006641617556120836,0.1502352938857238,-0.0007103937951957478,0.19863865865421007,0.1012138693709568,0.05839280503439305,0.13122400645529234,0.2604624547138637,49.618839844133724,1,51,2.0
0.7623962945870909,0.06566839173928228,44.49814137699557,9.274493886974172,-0.005917039307236087,0.19160846701861803,-0.0019205617490133235,0.14623866226011972,0.0007079626415290084,0.22269974537734014,0.09676464976852923,0.05939803395177924,0.13127278615934881,0.26128845803509987,49.75943937725928,1,51,2.0
0.7550368448582423,0.05663218596998555,46.230292270580925,11.429200814620039,-0.019587211438692083,0.33863699322750523,-0.009607166506112645,0.1678651405560243,-0.01191546833690475,0.27014886712751934,0.08087690620338188,0.0688889903052,0.13963106118750382,0.25876622724955856,46.03968892244921,1,51,2.0
0.779148423427935,0.07512659183254188,46.73422089569709,10.724921964515776,0.023418661718275034,0.3190090687364969,0.0017083842357547552,0.16706345646809778,-0.0017319152168199128,0.3043906809940772,0.05627106519528967,0.08460707820892481,0.13688163805487782,0.26702974745745334,48.739180050833994,1,51,2.0
0.7971012468915433,0.07992568860183985,49.27274652497441,12.139372123839879,0.0006206931692420267,0.3236884890757031,0.003947442532151791,0.20655518937294384,0.00805812703180766,0.3748695937800851,0.03684724596220991,0.0964687159478669,0.12956742430944224,0.2731825394275939,52.57111798545835,1,51,2.0
0.7970163792636538,0.08988653173299319,51.82109209369211,13.57165048667818,-0.009169056911167562,0.334748889873353,-0.000746927068879207,0.2250761967880639,0.0031047996074216916,0.4061613216733853,0.024920316449974788,0.10374867115459255,0.13043939486455974,0.27315345370471517,52.246844000893525,1,51,2.0
0.7810994011222148,0.1006744221232928,52.02801380145784,13.690282140551806,-0.00908371295743421,0.2615977543288044,0.00738525134511292,0.22456463863906614,0.0022354829102279802,0.38019194895095043,0.016809011814424263,0.10893914472562818,0.13106074392101547,0.26769838689405967,51.04163852399972,1,51,2.0
0.7755659213837456,0.10103850307444301,54.55106973706507,13.811816366884264,0.002631203426669041,0.27848325267237284,-0.01932106864656888,0.21996718504247545,-0.03558342446636993,0.3760179959405629,0.008940048609503065,0.1153426129830397,0.13518073101162967,0.2651674602197014,49.02061855567524,1,51,2.0
0.7832542535867176,0.11244873830967964,55.61948080682287,13.31208883093523,-0.015952314295824253,0.2983583181404465,-0.005436933197665448,0.20652889069286476,-0.024377963021762816,0.3905424804023662,-0.0009364288511297439,0.1236183289603913,0.1403577930035482,0.26305188373079125,46.64254404382402,1,51,2.0
0.7766072967582766,0.10792250229167338,53.81111484240083,13.119255616006152,-0.005259102356492304,0.31825224900908955,0.0024877106314342397,0.19354256229867,0.0038745853885569993,0.4232915811258083,-0.007660783378063447,0.13040317943033358,0.14204631477556912,0.2607356409322625,45.5209444064949,1,51,2.0
0.7799484900012612,0.10356248728745643,53.058165810108186,12.72788988896767,-0.011868824996054173,0.2871121595226901,-0.003536095870658755,0.1657330683586091,0.005683539109304548,0.42720217559408624,-0.01088400785479101,0.13531504140003803,0.14656600226821392,0.25653276580856826,42.866556712063264,1,50,1.96
0.7672388556541181,0.10206336539239493,54.988386198586106,12.978982130197592,-0.02657487878904623,0.30807146536499896,-0.0057819807153268185,0.16215698982740614,0.0014683167157950355,0.37053901864529276,-0.011285599270342884,0.13866686750819862,0.15987256256776713,0.2570644620653704,37.80837643473558,1,51,2.0
0.7481121969792772,0.0731826273693024,54.58848308815676,15.119569300134147,-0.02138744336644224,0.2968374747989203,-0.013906917909123734,0.16176256129245928,-0.019544592556342773,0.24875582738441543,-0.008282932746641434,0.14138281713089274,0.1768657976656491,0.25304673298452324,30.10548068349631,1,51,2.0
0.7642671125849673,0.09283991315644295,59.781593182507685,15.590211482104907,-0.04703856029492967,0.3037560694304615,0.003341960629411772,0.1713000767998915,-0.013751630461318236,0.20892739616089887,-0.0018066329507067283,0.14267757542990916,0.19366325369654058,0.2584590049079088,25.070030442334755,0,51,2.0
0.7746669868664706,0.08848867546322492,60.07514871510805,15.834066322507738,-0.0020109244494461546,0.3085412705808016,0.0184423309915206,0.16561121860387704,-0.0006305849106580604,0.1937206374141743,0.006733893726081981,0.14347787368685921,0.20107874181497157,0.2614995740072439,23.105518401570546,0,51,2.0
0.7635084280342448,0.07706580789927334,57.52267095505022,17.167065324634596,0.004540401967424972,0.2978923130938377,0.02480021206771626,0.16473664468907417,0.002371658835852263,0.19546301214031725,0.016266346061639094,0.14394945065178252,0.2027642513752436,0.2592344705300368,21.7834530413077,0,51,2.0
0.764109265755442,0.08512488483703289,58.769603565627456,16.35631757706792,-0.0007687047963925436,0.3041281212031284,0.04062351577130018,0.2235016476117127,0.005642690157116044,0.21288634667844175,0.025644326250668467,0.14364432530206436,0.19687119881477236,0.2550630475917148,22.814692024730853,0,51,2.0
0.7357957820229999,0.06360185409793576,54.92799844169149,15.842002843212214,0.002105678888220413,0.27739811062350506,0.022826080593992683,0.23207681298761432,-0.0038127268701061315,0.20291249411514442,0.03467681944933344,0.14217799071136417,0.1930398716391153,0.24361757762656475,20.761107010504286,0,51,2.0
0.713367860191319,0.07113141729691899,56.93174519609003,16.55755986352803,-0.09706027440580667,0.44579764596664484,0.008845144773230833,0.916377938250672,-0.0020717541395010902,0.3647355398152166,0.041076170240384256,0.14061047992619716,0.22426096562835887,0.23419208716990086,4.240587998320022,0,51,2.0
0.7311261399197119,0.10067332996399872,58.78092389597612,15.681132175603675,-0.028651479522095007,0.49242229391629183,0.017198258846559945,0.9246723150594323,0.00492448584340951,0.39139954057008014,0.04246563407568377,0.14049074741109863,0.25066838695731913,0.24027820461140298,-4.324230057703304,0,51,2.0
0.7213749983987096,0.09004907706065475,57.730384265090905,14.951022590756287,0.0024600878686589353,0.4883051572326826,-0.005303167701497966,0.9157925929320049,-0.003770836793324527,0.38449252092202174,0.040493766101541116,0.14166813663104189,0.25704549402092525,0.24256465226090798,-5.969889522254612,0,51,2.0
0.7358452012241983,0.09022061862727115,60.29156535747004,13.51569159221754,0.018315412852840097,0.4943722060574915,0.0022211069168121206,0.9134587555349669,0.003248295874572268,0.38955641332302576,0.03508964560857628,0.14521116333854747,0.25336795912802407,0.24819634921231967,-2.0836768679785678,0,51,2.0
0.7593598710236085,0.08533411484001217,58.58519125218485,12.427947592491623,0.06950052232280665,0.29999489924336253,0.018349650142458724,0.2614602460098133,0.0003526335809403784,0.26941560951758,0.03126869298385587,0.1488271875430708,0.2208601071412683,0.25677593967471335,13.987226598778546,0,51,2.0
0.7524627476757136,0.06905147547366551,55.22914667865809,13.1098604394079,0.012558095869334304,0.2546238108225003,0.010844600414309432,0.22323263272965876,-0.001545969677239305,0.2252749585781746,0.029531446880455947,0.15185315146818415,0.20823082572380078,0.25441215763158,18.15217178994073,0,51,2.0
0.7556352680138148,0.06788743351000938,52.45918441286274,12.589014204264764,-0.019779327215955538,0.22855632873672282,0.01702981603824917,0.19842870639464485,0.003815377763756117,0.2148532632124702,0.028220155377948745,0.15502525100327372,0.2125853965806143,0.2558906359119994,16.923338822870313,0,51,2.0
0.7518408276944184,0.07009638351247303,49.8901504722296,12.423739632712826,-0.008206911987679847,0.2061392033882977,0.020256913139247427,0.19341280174951672,0.005811479821810887,0.2549933407576849,0.02691204690139294,0.15589025689074018,0.21785834526475914,0.25582214754030497,14.839920093143855,0,51,2.0
0.7492235834692039,0.06501280105032331,50.7737193551718,13.806612225398032,-0.011622962304482273,0.14929107198225336,-0.008221638370670524,0.14032564520698812,-0.009165966673297625,0.30688215936069424,0.027731137503714004,0.15088404636194505,0.21993874177970466,0.2553581100202032,13.870469294159593,0,51,2.0
0.74778584931411,0.05000172844429331,50.12951280556473,13.431613993577605,-0.0023473675737120943,0.17115068827278684,0.0015566387195505348,0.17939633851260164,-0.007839976216429005,0.33673114673807136,0.028388354370472206,0.14845125514856897,0.22396172109195875,0.25486536978535607,12.125479706962118,0,51,2.0
0.7419133082616562,0.05108038590658121,53.006854828666235,13.95467676363635,0.002120415657283921,0.1720717376731933,-0.005003212261762397,0.18775822643873835,0.002956733865407752,0.3417712247240602,0.03176536667382687,0.14522640488101116,0.22279213333298012,0.2528527323861484,11.888579873940508,0,51,2.0
0.7353859805301124,0.04740266123391939,54.484078692454915,13.630852120339068,-0.010191934808686959,0.1531294759077562,-0.0076234163305557824,0.1859589529920772,-0.0007581008671253335,0.3037991355032026,0.039222068716127566,0.14388729501736153,0.22558816963962058,0.25061568675093104,9.986412836233793,0,51,2.0
0.7187794860196757,0.038523128619873157,53.2832657028647,13.111119483764133,0.011614789305181773,0.13582984958259625,0.005999179506747454,0.17525475064264895,0.013962033168211872,0.22769627852028754,0.04771330485242757,0.14828918709550573,0.22145237018393935,0.246167625177029,10.04001032845644,0,51,2.0
0.7240505662436286,0.05348076358659814,57.1767557368559,11.823621708354839,0.03722135195800779,0.13221697647335998,0.001318169068362491,0.13649768398837384,0.008916584172231309,0.18158517157843324,0.06011601369326083,0.14978580702851357,0.20870877286940243,0.24797412979645117,15.834456989234969,0,51,2.0
0.7167056240689229,0.05896015798249249,59.32038085367165,9.454818516545759,0.04663543628218273,0.1685716525240782,0.002049365930040093,0.12593641804944825,0.009214488807700429,0.18692436406527668,0.07337065101334024,0.15256725152806672,0.1903449528164141,0.24545687123819457,22.45279105195599,0,51,2.0
0.7167547356666011,0.07150308886439496,61.610103116315955,11.063587340000526,0.02096863252147302,0.17797109292735522,0.007008558814870376,0.12703360745636105,0.004655916791628389,0.17558555398620393,0.0881378881855984,0.15627774486747426,0.1756843735092216,0.24547370278129624,28.430470751587254,0,51,2.0
0.7250970043241978,0.09317350711100104,64.87063269872291,10.151378882296225,-0.029360222023016976,0.23653109442485745,-0.007961139174214765,0.5159341803038631,-0.0012330758001874475,0.3453257134028005,0.10050720813798875,0.15899117725294176,0.18111010335480843,0.229265073125167,21.004058365256718,0,51,2.0
0.6995406328316998,0.08544125097634443,60.14809055071251,14.362645274729985,-0.05003000240243387,0.21521218379333185,-0.014088948129438887,0.5160113877701737,-0.006557654078100242,0.3382741018419971,0.11113488841816048,0.15809351632948476,0.20402196069719672,0.22050639320786036,7.475716359445683,0,51,2.0
0.6957383775243572,0.08374364148719762,58.49897154289133,16.256935126316485,-0.04938212027955873,0.2564354302408482,-0.015041280775239654,0.5218496053130308,-0.00325986596883512,0.33980244172084006,0.12513675021813128,0.15761272482915992,0.2225188386375124,0.21920328438099038,-1.5125477092575723,0,51,2.0
0.6883848175205582,0.06086648360103294,55.081197389200625,14.785283608019375,-0.03153902241120152,0.2701029569174198,-0.02077430853729739,0.5184134400637925,0.015743956261990117,0.35122693788252146,0.1376855511729216,0.15638387528208192,0.2367866204086798,0.21659886766022685,-9.320340852437404,0,51,2.0
0.6874202272270387,0.03767722276169199,52.08924140299068,13.23218146051236,0.01223757284620375,0.22542608030240643,-0.009450999453809917,0.14725843990176116,0.006361325435778674,0.1828519923844355,0.15354434645218246,0.1557893134050118,0.2339068756273033,0.2355084556003042,0.680052004467746,0,51,2.0
0.6986017113861939,0.051123749442404116,53.6764078151946,14.094684615151976,0.028299588112014475,0.24739722666997632,-0.003034389541283542,0.1659940407348388,0.009044727894897554,0.21274013580316742,0.1711751342115392,0.15709781432644923,0.22101809538435638,0.2356815472751852,6.221722515130789,0,51,2.0
0.6932605401722386,0.058488232840214587,53.96406735392178,13.927121778747312,-0.006473010401332788,0.19302300794758148,-0.010746856731380903,0.1629204667891684,0.0095920416654325,0.23659947791507682,0.18650454089128793,0.1569999971647846,0.22006263759998326,0.2338510210509414,5.89622546396944,0,51,2.0
0.6913560436782884,0.08059463824192432,53.851688822110496,13.688598931995191,-0.0019755479925330365,0.20967960856053539,-0.01842758700470714,0.17079757613964763,-0.003610882004175116,0.23420268090742447,0.2023336745316542,0.15736165143001457,0.2253882658350045,0.23084393758579563,2.3633593361157668,0,51,2.0
0.6832537527022627,0.07826960958985044,55.665658609539854,14.201401907499745,0.0033308057041437017,0.245389725178926,-0.012353746768306284,0.17901219625827844,0.0006482156139670633,0.23731417397851381,0.21698008205105168,0.15575061415248923,0.22436732228790746,0.22625294361231463,0.8334129467231111,0,51,2.0
0.6783335852692378,0.07976711594464535,57.42595955086689,13.120322122441197,-0.010921329825970471,0.2827294706938995,-0.031936663732517,0.1708430454906138,0.008319226970129153,0.26288414080728933,0.22987735496760903,0.1531147017597845,0.2298704484593963,0.22822573045149963,-0.720654066762294,0,51,2.0
0.6839472943387341,0.09085121731380418,55.56156832213495,13.09376823950089,0.003928760468375449,0.2980077469374598,-0.01555006628783018,0.26019423400390346,0.008413381600642906,0.23960630512910855,0.24509011280108833,0.1543963775345519,0.22781140946543574,0.22660349213323475,-0.5330532732879423,0,51,2.0
0.6724236901648635,0.0748121273063339,54.81647734197916,12.223664453228768,0.004754779166450687,0.28498058232887086,-0.01668093841997724,0.26107831648478913,0.002992106318546861,0.23339798571575532,0.2592625255262466,0.15613219320217808,0.22545697599595488,0.22483044666346738,-0.2786674766631192,0,51,2.0
0.6732299338076629,0.06948448519298793,51.682327711114695,11.293974453769396,0.0035552967193664287,0.22090035859765758,-0.02707928034714332,0.2550657908202436,0.016119019128382206,0.23081113611178825,0.27281822675279405,0.15972452778643031,0.22842801305727006,0.22665131087480295,-0.783892303825473,0,51,2.0
0.6650151622061636,0.06795490022994563,52.173967105500836,9.952371716052522,-0.01196469969170935,0.16733390668825984,-0.002359494959533799,0.24867660668851038,-0.00024396738073989457,0.19599567353512867,0.28611527033166695,0.16483359058290034,0.23455789779195355,0.22383594435793638,-4.790094577871584,0,51,2.0
0.676304389302637,0.09909846912075361,52.80726985136668,11.629366985693302,-0.002982518617428985,0.17458190796859951,-0.016249474256719444,0.1615774562972151,0.007572289501481196,0.23836717135165916,0.29297674477049984,0.16473142872710647,0.2407136191057927,0.22967412673452692,-4.8065894614355065,0,51,2.0
0.6760065608667027,0.10485623694935332,54.00825492657867,11.307592118456775,0.008586196703653709,0.18353353763417043,-0.014520246599453921,0.17081272910338258,0.006297727462415602,0.23708290088061246,0.2966206272641937,0.16300295441942086,0.2385749550881997,0.22921338297456548,-4.084217069765517,0,51,2.0
0.681767539408825,0.10423054903923369,52.71206228405821,12.157924180096918,0.010933763658006987,0.18111125886878002,-0.008682995509611918,0.16812490545462358,0.007750711202913639,0.22782542481361373,0.2961790180562753,0.16023130081847067,0.2349226488655995,0.23118778563042702,-1.6155106226688698,0,51,2.0
0.7039806328156927,0.12937407574684287,51.07627173615437,12.20249142997651,0.015424195019637836,0.25910453959651175,-0.0058563880156725645,0.16325630983038053,0.007173701974691129,0.22263820457775466,0.2933042524458652,0.15635002359986516,0.22512325138985592,0.2388006569377997,5.727541005679193,0,51,2.0
0.6920312081655378,0.09799600374326506,52.14546941308414,10.33918413093765,0.0198090862227129,0.25061264988785836,-0.0006762798099468151,0.15106575222927204,0.008379952598582296,0.17096688470069626,0.28899829547372,0.15107095652220798,0.21308486614314498,0.23628238025750298,9.817707985283164,0,51,2.0
0.7064970054608934,0.12187570176116325,52.16387234248367,12.227478233989158,0.00814471812005721,0.29553248236630253,-0.0038541786363530976,0.15377704911612533,0.006077433242371269,0.16554874759311067,0.28472195580934256,0.1446751249435418,0.20587487739169752,0.24213065366684539,14.97364159642225,0,51,2.0
0.7103344960978218,0.12018937384811414,54.17681864313051,10.600423975769525,0.032950025928371096,0.2996024509506523,0.0023029302338174744,0.1539546538357409,0.0002801168194113701,0.13584177288350435,0.2812300885676759,0.13620563596983762,0.1954726477226177,0.2434458385769052,19.705898911528386,0,51,2.0
0.7100400978918461,0.10348135822007767,53.91622658570608,11.252931567178312,0.010122968650916043,0.27047956375306603,-0.014337587206825321,0.16758144126705543,-0.003997112234013484,0.13507928730764135,0.27806119170398275,0.12729907538474683,0.1916305772072059,0.242777023159438,21.0672514584063,0,51,2.0
0.7189212381730185,0.1093595327909751,53.148510217666626,11.639000367542225,0.010954317454175622,0.26547056404285674,-0.007368254822258856,0.15664364431979722,-0.006923422283566028,0.13557847932194972,0.27488706837754806,0.1185076849851683,0.19322941608799163,0.24582076759221877,21.39418569852838,0,51,2.0
0.7199795276529211,0.08612981286733674,53.16157660647934,10.877690978889625,0.0016429282030930707,0.2654490462675074,-0.008157693201164697,0.24134376377941677,-0.003894789101026368,0.17680985460532675,0.2726551887215841,0.11203109228913331,0.18786033446618408,0.24302621130233515,22.69955843056053,0,51,2.0
0.7171860474307894,0.08684539871367618,51.967490552687174,10.98443990538588,-0.021376027561285916,0.27185495035518004,-0.024812529064422727,0.2506098195248511,0.006332396876578238,0.19158886019764707,0.27014097134837384,0.10809759456958963,0.19370595054527062,0.24206882965374826,19.978978366465107,0,51,2.0
0.7135241081043348,0.13231534399443798,53.52853088168537,12.550143865863244,-0.00566349032462812,0.3483044214038621,-0.0137973561262091,0.25946404668567125,0.0009275449385099552,0.24956630806297714,0.2677077332514164,0.10738055921558376,0.19390945272629415,0.24138172899355068,19.666888817639094,0,51,2.0
0.7009154777316486,0.1278793882599312,54.83781531862184,12.6108524708927,-0.009852039225983853,0.3430324197971218,-0.008023834887745917,0.25709617743081753,0.019229045868212103,0.2618253485183432,0.264410708738709,0.10976366256066662,0.19660110295328043,0.23927123702138192,17.833373789214946,0,51,2.0
0.692568312052126,0.12631447866368478,53.68124226027844,11.803700637631861,0.03834873286313286,0.29786863509793765,0.004752368383182615,0.18251050399362126,0.004481211651627924,0.2427152228258103,0.2608273177029479,0.11479757290754869,0.19867028891353616,0.23646888918621445,15.98459755224403,0,51,2.0
0.7235008724326012,0.23151424592229472,50.92059500077192,13.01725663540891,0.03440081041452347,0.3369849709938006,0.00844593600863043,0.23005769856924754,-0.0026553812455020697,0.2638999392811297,0.2592728688250217,0.1201527451791889,0.18173112172546152,0.24488464297885548,25.789090114093817,0,51,2.0
0.7416738118684175,0.23148356689451338,47.70636826052385,11.845532082473127,0.04438479377559441,0.22956787328327732,0.012758629442210876,0.32052181375291944,0.006177865982274799,0.2338980255168248,0.2596291461237541,0.12450055336087974,0.16755066499107815,0.2511128727992903,33.276751954887565,1,51,2.0
0.764159530894283,0.2455689769242882,44.806991579485874,14.004702844127422,0.03208322608021691,0.2269610293486319,0.016704477278479173,0.43531982671632186,0.001971225601200964,0.22421737205874331,0.26315384916337137,0.1271544404766188,0.14740417098860262,0.2589240683009226,43.07050250064476,1,51,2.0
0.7808990194188321,0.23707636695761433,41.60915367159189,13.991337300890526,0.009802646081273755,0.21569297606777935,-0.0018378403460077358,0.4320331052462565,0.00035503015433456384,0.22021188459224578,0.2694739490013573,0.12547626269744575,0.13339834298737654,0.26540097897742226,49.73705692369553,1,51,2.0
0.7595205378043008,0.14351136485062962,39.570839074312474,13.86819684536072,0.011717295059569035,0.12841497494927337,-0.0023414183318998445,0.3991209985359587,0.009013221873080028,0.1953940142903285,0.27603163477355025,0.12415655412554452,0.12897859810269352,0.26025959917135005,50.442328154906434,1,51,2.0
0.7361019488752765,0.09867146994524746,38.77422537756901,14.021172565833867,-0.0020409722301159418,0.1151066125078199,-0.0011717898864755589,0.32612893030440626,-0.004026525434763993,0.16026097437139675,0.283582478125025,0.12061968132428835,0.12291769815962143,0.25223358026043363,51.26830534114145,1,51,2.0
0.7212023169678801,0.01971139947884526,39.53470141163059,13.105088156415693,0.003061215749339146,0.11309674010616166,-0.0020036037849244094,0.1077707983638085,0.00254141059064982,0.15576398071164688,0.28809082927160723,0.12050169204475569,0.12456720244727654,0.24717045808265695,49.602714089068165,1,51,2.0
0.7152774912469527,0.03030150620138296,39.03421210541445,15.087933532257983,0.0038746549866582247,0.11325889615510028,0.003972922693755405,0.10589323198710189,0.007807756774127483,0.149606437873876,0.2891450151167147,0.12287242400087138,0.12231105188109206,0.24513990167188784,50.1056127350489,1,51,2.0
0.726166801563665,0.08676658739724546,41.11384633475659,15.06491062810795,-0.013037618601183389,0.1305679680995276,-0.01160101210424567,0.14258321374372301,-0.004711529915677566,0.13576162341827697,0.2936126622428893,0.12163097145475113,0.12234852003123388,0.24887188601780597,50.83875403167064,1,51,2.0
0.7208581124246121,0.08795497990019993,42.468549959659576,14.950039397508577,-0.004326019077561796,0.1270813815437883,-0.003922083075158298,0.17291869675598034,-0.005033478713594377,0.14316630734838645,0.2928706236932223,0.1259635413487815,0.12461882545360012,0.2422083257925708,48.5489092722912,1,50,1.96
0.7310185780127844,0.1007428571714265,41.28222276416479,15.361846861309052,-0.00691674549735206,0.13916912362081443,-0.0006871618485699097,0.18620081553964873,-0.006794600889050201,0.1401152538725941,0.287109573569297,0.13396397878992267,0.13023880678833405,0.25053468688664393,48.01565866715236,1,51,2.0
0.7368403513934098,0.09712339225952366,42.38085275187212,12.857035891914972,0.001813194157519177,0.15194032759652712,-0.003350849929904821,0.18799408236363715,-0.0022329991528143487,0.14679041465430903,0.28301267935186275,0.14143231825297453,0.13151549095309173,0.25252992496639753,47.9208291965431,1,51,2.0
0.7243947614347859,0.060477786888575934,41.150555029803634,13.902989716882923,0.04646636044387432,0.19194365456797804,-0.00031268770130825975,0.17443535509796143,0.008176333038136363,0.1495700266625168,0.2730914163867899,0.1537710753821683,0.12492164783456638,0.24826224865580387,49.68157723901049,1,51,2.0
0.7244749508758747,0.06652184259907959,38.1476856585519,12.545482626881562,0.03955701037364848,0.1981153529826357,-0.042183580004847517,0.14007639308433037,0.0035984282947930635,0.12970042062427767,0.2688636710542921,0.16174811352682,0.11365581581644343,0.24813572628481514,54.19610971860336,1,51,2.0
0.7352471515446715,0.13070567414711678,39.26936281589317,12.585134294710937,0.012948472783261654,0.21188976137472323,-0.06563470749567975,0.17001511113221288,-0.005236286030826615,0.13898935802519777,0.2684419553361409,0.16829552161026665,0.11490579451512702,0.24957037388231607,53.95855977308012,1,51,2.0
0.7820258164403426,0.27060619773420724,42.98095192822317,16.841831055518053,0.022485646419227123,0.354852545634646,-0.054710124943441914,0.3536898338318556,-0.007066056114055363,0.23028455610381043,0.2555262250503534,0.18734328296113023,0.12373074249419365,0.26161597559624794,52.7052037964427,1,51,2.0
0.7985872612294841,0.2718625628895484,46.965416715900396,16.53725066346848,0.0010864953966993913,0.3678325927923856,-0.06233209021407746,0.38471985507768963,-0.022419819160930665,0.3122653075339932,0.23793306125285568,0.21208198328902242,0.13682646360414133,0.2665542201105101,48.66843093033202,1,51,2.0
0.8361327508350322,0.28809983278996043,52.09344008889999,16.727120079980317,-0.00392727648802832,0.42502104576687433,-0.029548537100245263,0.419878802864038,-0.021881885013963077,0.37691290016381956,0.21246614658627552,0.24221237135229667,0.14745409077479207,0.27618772316258655,46.61091771700924,1,51,2.0
0.811452510036236,0.2730352511325406,54.164451601787235,15.434742214668498,-0.0014208684145819907,0.45739484485391335,0.004873927280891175,0.42494046169307376,0.005201050673848858,0.427720605847679,0.18358483844792817,0.27186956848730376,0.14513410484408693,0.26814014930837315,45.87378830867428,1,51,2.0
0.776220391471368,0.1860153943523478,54.2610987837189,13.296886350530679,-0.02917245654937099,0.366810263852423,0.07290683595427111,0.43283843494035046,0.017087812909819915,0.4067801657109922,0.16186046637749021,0.2919077893577735,0.14077079403432638,0.25867169842631993,45.579359902635986,1,51,2.0
0.7585291743287634,0.16962303876991075,54.74760380011125,13.040239541068164,-0.02812429795078203,0.3251813988585309,0.043412637221170405,0.5178126197024241,0.020292420049800593,0.3536904737713722,0.14644155409678716,0.30526028428984486,0.13682955451055565,0.255359143963568,46.416818138269974,1,51,2.0
0.7259141418183515,0.1338523865760849,53.95854040107452,11.102061303962795,-0.019570441332225706,0.23151356331881262,0.05092655441851592,0.5001549565978248,0.003051524160101133,0.2282152091020915,0.1391605779642043,0.3127204228523355,0.14583564727150175,0.24605651965251046,40.73083392488201,1,51,2.0
0.7296302929228428,0.12794362071781115,52.55006742711161,11.712399618052856,-0.03848437733683443,0.19419728060401853,0.031147762338685638,0.48176640655394853,0.004405025602774877,0.20805480138363303,0.14041379167846088,0.31537444283979665,0.1586408342696078,0.24870401818067367,36.212999118348996,1,51,2.0
0.7130097235534706,0.04518994753213871,50.400481584025364,11.327763535875679,-0.016787472553094665,0.16869709388167328,0.007010662489954163,0.14942711621053187,-0.00011567361470238836,0.15935329108455268,0.1468956489599054,0.31585500510319253,0.17124314173102134,0.24436269245067005,29.922550773338486,0,51,2.0
0.7053215959492851,0.03924859509471058,49.679197638642556,9.925732739212506,-0.007432153546616581,0.09742533114314221,0.002314535499203439,0.0864486493726212,0.010160301136327725,0.1343189807794008,0.154447071953815,0.315949983224086,0.18507034787950863,0.24172781743305585,23.43853932708343,0,51,2.0
0.7106334779813301,0.05623055790699007,49.04311526522917,11.286525223870017,-0.0020017513854648263,0.10787136740918765,0.0018094947707711481,0.12474276086817612,-0.000649817123570863,0.14708544161450407,0.16204640601726183,0.3155550437139861,0.18508524976697427,0.2434628175286417,23.978021923121684,0,51,2.0
0.7159500962817201,0.0723930327319018,50.4232120513916,13.350725822981,-0.0005437950329745517,0.14196252239365784,-0.00019061574986314073,0.1960178721866792,0.007185829712041453,0.22467977674939077,0.17191889857546966,0.3135784953229165,0.1844630096089814,0.24528492901899185,24.796435579334407,0,51,2.0
0.7043795445386101,0.08355234229369093,51.12378177923315,13.788661025893871,0.012796455875550415,0.14598921530119596,-0.000666723801188317,0.1996356436395185,0.02113467396474352,0.2453179065814115,0.18392793265197718,0.3115081862735975,0.18127171236171935,0.24131946974685173,24.88309685419229,0,51,2.0
0.6972307416007799,0.0838316802674579,51.550561839458986,13.717045136130162,0.011124391391800315,0.17510028844516468,0.0034725716629741238,0.2037285572638282,0.017741733906315824,0.22687357317056456,0.20244695575748017,0.3115491863598389,0.17055487453772275,0.23886943203115987,28.599120830381374,0,51,2.0
0.7091430372138526,0.12550749626789265,53.1660096060996,12.904866326201432,-0.0011806415813956775,0.21040492599044902,0.010676510613776889,0.2233944788152775,0.021974828861215535,0.2611573689792213,0.22723265262990375,0.31324149995976536,0.16425000073572782,0.24303750171436453,32.41783692758394,1,51,2.0
0.7153558099240649,0.12826990200897087,54.22998797893524,9.791120105107542,0.0022670493515975334,0.2176917461329081,0.0013820041363657104,0.2038725476389158,-0.005043673904283959,0.2380960158672454,0.2540899838911971,0.3183730309414706,0.16623143182418978,0.24516674325456403,32.196581959900385,1,51,2.0
0.7145072510283367,0.12622589156663488,54.62303953544766,9.513188767496407,-0.04404919737876922,0.21186581082483538,-0.005152737845064086,0.2040322659580482,-0.038621045986884366,0.2093819925668631,0.27880964329806657,0.3239050524442719,0.175160013736551,0.2446262864782331,28.396896237830603,0,51,2.0
0.7215987151744319,0.1226686354695581,52.88682011295767,10.266581205431962,-0.014129381252489253,0.22586524361796345,-0.006923753704291349,0.21024614447321668,-0.005999972879448358,0.3136117593532192,0.2897388728306416,0.32737417213856856,0.19478760192591907,0.24705667285749838,21.15671288171519,0,51,2.0
0.7142317554383886,0.07014598404274394,52.91521414120992,10.008961685610915,-0.017695252281412773,0.18646817208306032,-0.011017042239580084,0.15256540102392488,0.001393943641553907,0.25282219301401604,0.2941950999151369,0.33065718849061637,0.2024062610446189,0.24453186824261186,17.22704181697827,0,51,2.0
0.7071950448056062,0.06396211462309846,54.69464816532883,9.707715266295772,-0.019427905005275036,0.17471662549620798,-0.0318101783940459,0.17076309519663044,0.00467987981277938,0.2577987834574768,0.2953301304126412,0.33309776166081473,0.20740527857086422,0.24212024703433424,14.33790395007618,0,51,2.0
0.7088909430392817,0.05882654787909875,55.19863820426605,9.174093654998703,0.02581418773122862,0.1902675281028464,-0.03813669867083138,0.17696416780467855,0.01837708821118462,0.2612607002166173,0.2944064632257701,0.33712214754270403,0.20480769296619525,0.24295110415128976,15.700036152682795,0,51,2.0
0.7122460911233052,0.06600018709280316,55.3310065444778,9.372270235127152,0.030310478864931593,0.23515906375437223,-0.007776618113412577,0.22860848255347666,0.0018895756380230772,0.12938065887351552,0.2963974601137879,0.3436328175866504,0.18718752349425594,0.2441009802910555,23.315537991260182,0,51,2.0
0.7040757124914843,0.055504839534544374,54.0715887651724,10.55350285734128,0.06557866744697094,0.2466475874489643,-0.01419608868366363,0.23053914612863657,0.004844989591077262,0.14410482349388376,0.29708236619944406,0.34947341471700116,0.16317953436031524,0.2413008282870106,32.3750624816652,1,51,2.0
0.7104810253516132,0.04596052123267303,51.324601959948446,11.074260061485411,0.0756893396815833,0.24732527167500065,0.018320233688927164,0.2511654634280494,0.011466950251191271,0.13748168213151438,0.2949648411218195,0.354276055514422,0.12660426698811333,0.24349605721086498,48.00561929490489,1,51,2.0
0.7321716399461615,0.0957261780627823,49.671757594043136,13.016825211108209,0.04999751966519683,0.28865900662386496,0.0013857461950358223,0.32275808800811523,-0.009608160046970142,0.27592862987848,0.29476614063983675,0.3568516550878256,0.09324856848680281,0.2507582781836614,62.81336386489889,2,51,2.0
0.7195325080560995,0.10710550852937749,49.79748448028284,12.360572685961976,0.021415736599295746,0.2692960387092559,-0.009918314897838761,0.3356649427241479,0.0034616022717718986,0.3082706658054063,0.29636675667066653,0.3579177596586096,0.07504073175657254,0.24642659474334702,69.54844430053203,2,51,2.0
0.7114092226450642,0.11268300974547127,50.67103638660674,13.092495805938938,-0.0004418559518514895,0.27986246553481203,-0.0038311139260436976,0.3605757305876732,0.002322649254518397,0.32289800100409094,0.2969706541678696,0.35914547180993023,0.06668791898453594,0.243642582423423,72.62879160070635,2,51,2.0
0.6896757568397066,0.09115794737384939,49.93528501835524,13.896384062115086,0.010515688498522722,0.30366653471384447,0.014044057504803526,0.357338889131151,0.004317035350729437,0.32867950509469795,0.2971713809037456,0.36006586426075243,0.06477780991319011,0.23619408920100657,72.57433065648704,2,51,2.0
0.6653561777453504,0.10751500159210016,50.5219127062489,14.291018198438968,0.0044203572267410805,0.2897264643987379,0.01747401453116361,0.33006964541160483,0.011010606426234339,0.2326229613665744,0.2971689946542394,0.3608543356816966,0.0632647137930162,0.22728685870115586,72.16525664768032,2,51,2.0
0.6630816403319877,0.11293428744399973,49.40877949607138,16.065006640155445,0.008757303487144265,0.26970531721572055,0.01112539719278906,0.3243611369271489,-0.00019648134270135094,0.20980677915934354,0.29762395806027075,0.3611200896980358,0.0626787895560015,0.2252655289631553,72.17559657507415,2,51,2.0
0.680094490585593,0.12789363436408963,48.16996924549925,15.328147058306376,-0.00046025654848884135,0.2374694040863277,0.003970673307776451,0.2936449339540522,0.008518479070534893,0.1994237572168948,0.29823778329431133,0.3615736319709235,0.0625737460594018,0.23109617319883233,72.92307129397417,2,51,2.0
0.7018199664832768,0.13378160060999644,51.60079150457008,15.958063819041858,-0.010527831082250558,0.20873418592484075,-0.0014009163806251452,0.2902205509129802,0.005560271971512074,0.3218012843679893,0.2973400338375435,0.3643729818487379,0.07177123596353432,0.23854192831800458,69.91252796956735,2,51,2.0
0.7508839212321475,0.18256055810454616,52.589154966321644,16.951322644864764,-0.019380390534506124,0.21230401772316748,-0.02502554709858754,0.5217730315568703,0.01057828405835465,0.40533053190854745,0.2901603621852659,0.3723694459862364,0.0878268636856066,0.25363270187396847,65.37242120724312,2,51,2.0
0.7652870582727095,0.1670165890186475,56.393821186294744,16.36593746336915,-0.023838199163768805,0.22885013822907446,-0.0308157602580739,0.556739579471427,0.017208738106430744,0.4881552429919819,0.27650475046717715,0.3856688699907803,0.1036276017384508,0.2589984769366418,59.98910767193393,1,51,2.0
0.7641905720674378,0.18192822740434872,59.30073607727593,16.94252972710783,-0.023917733162057166,0.3222469931605419,-0.02286993595314961,0.6329098958752932,0.009285908740232973,0.5844914412890733,0.25699725705193716,0.40410103040689904,0.12097280484965178,0.25794465051468146,53.1012546264198,1,51,2.0
0.7558872490463888,0.23568831897337042,56.95392907542341,17.25757508281798,-0.005242716776681882,0.33893661898568117,0.0008902529291078157,0.625905075474469,0.008061875990938907,0.5459924702253118,0.23451883789213201,0.4248831378578325,0.12344932910384085,0.25408694820212785,51.41453349833771,1,51,2.0
0.7332186384546552,0.18515940102067932,55.53718749857416,17.85813988828648,-0.033654908521794806,0.36697083979002276,-0.03190622186543895,0.493980069911517,0.0018478652608453058,0.528783987767699,0.21220568521109343,0.4434792963369879,0.13750328104437687,0.24855501375396297,44.6789348693295,1,51,2.0
0.7285231772317168,0.18813419136909662,51.838763082144304,17.848244302295747,-0.015927710004296956,0.3808477091066434,-0.019799998577903297,0.4712783425845732,-0.007889405331190895,0.48473094688812574,0.18484637796636402,0.46276788526924684,0.15649192971538178,0.24603576643912559,36.39464213667439,1,51,2.0
0.7412689646030319,0.20613597226331792,51.74094272770134,17.304166114171437,-0.014213580930349873,0.38466725481019,-0.035289334169789854,0.4858913871138903,-0.006038487103639864,0.49274727998400164,0.15342427106873543,0.48053639360950134,0.17382024099974785,0.25019895151079247,30.527190481751465,1,51,2.0
0.759362018464148,0.1971958436727504,54.911920100450516,16.71441089797934,-0.028874388147218554,0.3479801315398927,-0.02079735517355741,0.4704491910436834,0.021663793965297586,0.5040388879533827,0.11698454824256894,0.49695570155098595,0.19294217653261372,0.24958250358102008,22.694029523595848,0,51,2.0
0.7634947171376838,0.20392229334530498,55.83227098455616,15.909398863049324,0.0069765027831582465,0.3806870440996322,-0.01664787702554581,0.45896093581488734,-0.005595973090213888,0.5381437215927709,0.075081615368682,0.5130518403563621,0.19961032721594907,0.2500729430540018,20.179158617394133,0,51,2.0
0.780825848771201,0.19973579131021824,59.29019909746506,14.51091022172964,-0.001364212264032925,0.37884201972467163,-0.023768290621685048,0.42137185528091303,-0.00966746089797394,0.5668915801454675,0.03282430204227765,0.52522388795455,0.20822933109900113,0.2555674159892272,18.52273878772617,0,51,2.0
0.7538890290399614,0.17040371523822304,59.1385210898577,14.408531685599739,-0.02288456684818455,0.336696408147446,-0.03626963792040067,0.28743655830575626,0.015311922658892238,0.496676486828568,-0.011578677168124345,0.5331235911374455,0.21817525140047445,0.24467278486200617,10.829783736052278,0,51,2.0
0.750279310068079,0.11114939239168005,60.397756116647344,14.025812004171446,0.00453020256085723,0.34933271293488494,-0.03654113872086301,0.33395733301987246,-0.016244256540256387,0.49879386525178254,-0.0578904383469454,0.536219351342182,0.23066773741855437,0.24666814889117056,6.486614321525364,0,51,2.0
0.7621128675710483,0.12995052058955334,61.16382982041321,13.974072603956905,0.011519833595729341,0.2735233978212667,-0.02799162801866438,0.38888582116419435,-0.010903367517041225,0.4744597770267526,-0.10166679013298738,0.5330197072502331,0.2359899246511649,0.2383007620060831,0.9697146309835203,0,51,2.0
0.7781441553094077,0.1332437620488333,61.98223007718722,13.900063458259638,-0.006391167275461496,0.27971076755543073,-0.037674433734341,0.38046929083791164,0.017245238318162805,0.49281040349797106,-0.14200128330344117,0.5241578984178717,0.24086240844462287,0.23887542651465216,-0.8318067534036855,0,51,2.0
0.8143047321240837,0.21869349696276355,62.35724520215801,12.462106366855188,-0.002418236551331539,0.25071766929358746,-0.02589597638842522,0.45077608813602904,0.012640666764448671,0.5725505259350246,-0.17813964641665483,0.513635605222464,0.2477174835263394,0.22975354461551487,-7.818786404748024,0,51,2.0
0.7922357463131786,0.22408668514199684,59.289606228762985,12.005411332213704,-0.04944692836964831,0.211140280977629,-0.016021299449836508,0.37737186671291795,0.003563929020481951,0.539079927044675,-0.20731211823199636,0.5023152488007369,0.27127371267145517,0.22567711992504946,-20.20434892183531,0,51,2.0
0.7696116528400749,0.21029909480256487,54.96171771954088,13.322169152518626,-0.06319843265501891,0.27360784891193296,-0.0066803282711143585,0.3448193322563681,0.003462449592702529,0.540799384519629,-0.23175378351880452,0.49016172406274205,0.29895466696917555,0.2315036773554106,-29.13603377030265,0,51,2.0
0.7219218763376714,0.07072650557156843,51.10900354443812,13.513175307371874,-0.07423335587715402,0.24284949949534773,0.0183848361210788,0.3115283671728953,0.029809003878457873,0.39729102605895006,-0.2468892422132978,0.47960370881530184,0.33426877592736176,0.2397668830079145,-39.41407242480932,1,51,2.0
0.7125089168913809,0.03629443891741968,47.42876983565443,14.110263633327419,-0.003021754214868826,0.26457973873766055,0.0055137768424316945,0.2574705742344678,-0.002608995190730282,0.35040316389183046,-0.24828727979568307,0.4719430430178865,0.3553583317574242,0.2441910558993397,-45.524712380911204,1,51,2.0
0.7204336357832539,0.03052842631163942,45.70525006453196,15.899972581427111,-0.010767584520519949,0.30567223657095016,0.019013561344906397,0.36065154924351794,0.0006383210055383982,0.37130305724989277,-0.22965699990055286,0.47164913010901727,0.35647640528821345,0.24690701565073173,-44.3767826315943,1,51,2.0
0.7230072835935097,0.028328378757004568,47.2389009828661,17.209102662337603,0.027244392818972177,0.27561141657047755,0.02251252521048574,0.3557247481720591,0.011017427067546284,0.4022388313023827,-0.19648319052021834,0.47701542480276576,0.35205260092285895,0.2447140389280051,-43.8628541562476,1,51,2.0
0.7178443961630703,0.03230303271604671,47.2236065519791,16.898473531743356,0.015082110212567975,0.30585775524981335,0.045394011207071004,0.3908804319084006,0.01344643693928625,0.42809540698575016,-0.1533641392253713,0.4851338027130117,0.33795006190480575,0.24273733713736967,-39.22458979335075,1,51,2.0
0.7143613992386735,0.04173723795608293,50.11088141915845,16.280277319329166,-0.008932400293940422,0.3058331505499109,0.028163512182586333,0.4047521354735777,-0.013791889536614511,0.4193331999912236,-0.10689953500431375,0.49219943516748954,0.33335685354388217,0.2349239670598941,-41.89989115026842,1,51,2.0
0.7112398532986203,0.050117950872197954,51.00183279666246,15.385062554286261,0.0008715279582960933,0.2807472433531,0.048320585533100015,0.41500353200485135,0.001982672066957343,0.4750496390185577,-0.06813773317255963,0.4925011523755149,0.32930265923216345,0.23370725745848456,-40.90390808281181,1,51,2.0
0.7187663955230486,0.08038033408886179,52.8521149140947,15.363718688976926,0.11839487792595345,1.211532537059116,0.03334179608260884,0.4547187176457675,0.06460982206843648,0.9704724447287671,-0.03356356865742858,0.48894760019735256,0.2836889184848464,0.23936177123221197,-18.518891727965748,0,51,2.0
0.7614850971628638,0.20154334527139736,57.20171318685307,16.185160909496688,0.10262202851328195,1.2372619643930889,0.037510763269429113,0.44691593192114504,0.03819698223150244,0.9944613996188392,0.018413343626798962,0.4847156835817195,0.23979782231787763,0.24501369862025418,2.128810075415666,0,51,2.0
0.8390337997390067,0.3422596811997903,59.75602567780252,18.674207145018883,0.06466114155802072,1.354760395462711,0.04686252287059438,0.5510529862040447,0.04984426432672669,1.2443595474860827,0.08362700036225133,0.4806039464067701,0.1956966227229021,0.2463995004565535,20.577508330862702,0,51,2.0
0.8986966440581954,0.3894615108061231,65.41173776692035,17.540769779456337,0.07738839425877028,1.4393297457747516,0.005619717104470029,0.7329300525395607,0.002396663285645784,1.3415201845923905,0.16527879640527432,0.4795039594886734,0.1704773263676282,0.24375623747858396,30.062373734085035,1,51,2.0
0.9402729796677116,0.40097090512645955,67.40236916670612,16.675591512288808,-0.049799617014679255,0.970095494084169,-0.006213528816314305,0.956267384174282,-0.055229669728992035,1.073485694184127,0.2568372740158302,0.480840860481938,0.19898437345444542,0.24148303820998987,17.5990268594303,0,51,2.0
0.8829333519154484,0.31415100298308096,62.14214106926731,20.069105197024328,-0.06455850834939994,0.9697082743680892,0.03264081598642994,1.1422030482244199,-0.03583973854341928,1.1332312806812608,0.3341143761856767,0.4829643875754978,0.22529825711828327,0.2336217600104386,3.562811482878747,0,51,2.0
0.8531187014099594,0.3127966452346596,58.47664892381313,18.97504265925669,-0.05057896819769168,0.825964362452415,0.08035306471819971,1.1629513991043263,-0.08681554245013817,0.9516067802802807,0.39780196989078637,0.4863084288143376,0.25875268591783585,0.22035006038266736,-17.428007720296158,0,51,2.0
0.8034069607155306,0.2524155746819741,53.45072883250666,18.998628654458933,-0.020016482063368254,0.6778853503719796,0.09013606680958879,1.0402097064289615,-0.10722966652874853,0.8356932246545677,0.43882365838693516,0.4874298265075371,0.28983037480578716,0.22348696595136566,-29.685583037025467,0,51,2.0
0.9176486703270925,0.6034850751619771,48.577052171323814,20.037263223597567,0.0014278561461205576,1.358261292423249,0.11456527940782846,1.1774721569221318,-0.11492079218813017,1.7248921181650223,0.4375057972142763,0.46911931678744956,0.3054632796771273,0.20500486426668854,-49.00294233006759,1,51,2.0
0.9457369276647025,0.6273699807981843,50.59405652681986,20.327936275218853,0.009455623579960243,1.4159203473220472,0.02573199321826299,1.0254706160487927,-0.012487583154556798,1.7680907505076584,0.3558589598889335,0.4198504462029807,0.33333547299033633,0.21293658296271914,-56.5421349175574,1,51,2.0
0.9867505250111065,0.6312824957111031,55.00268980977582,22.119256025414767,0.08862356724692326,1.4293132301955684,-0.03284740681741752,0.9827842873719292,-0.06558419369599398,1.8143277296531848,0.21784241058002496,0.37785417357435785,0.33214785584929385,0.21573222250202756,-53.96302508595912,1,51,2.0
1.0614157894019538,0.6881256752409846,61.23841772243088,21.643309644918382,0.10797853008204815,1.451905894378755,-0.041687344803529626,1.2116811079226277,0.09699631087920245,1.8714309687878938,0.08020705992453564,0.3521288187123175,0.2798496895139214,0.24192737112948834,-15.675083892899266,0,51,2.0
0.9191869853764051,0.4509697730385947,70.14785157231724,15.154805972783945,0.06100403422526285,0.6823826302452035,-0.07183090527998466,0.9403420857386788,0.12062690304774865,1.1665540847753721,-0.02820382242773596,0.3506043677986129,0.24416031137929525,0.2606019334208376,6.309094420643191,0,51,2.0
0.8811162680977563,0.41471838821110457,73.59144482425614,10.802043043885527,0.07374454428460084,0.46963095350738365,-0.02081289832644603,0.9176617344468089,-0.02752070004741351,1.0679367925500296,-0.07617441047951111,0.37230299337619804,0.1991476102139244,0.2545787752519398,21.773678887078784,0,51,2.0
0.8250149980412257,0.3827708912338828,73.88877386205337,11.044187121113222,-0.03394226576475536,0.5319773579109132,-0.019955224887120957,1.086464984184306,0.038038403161016164,1.1674095810918124,-0.08766349266804525,0.38017893233142064,0.18391765042272487,0.2533079304720144,27.393646902403557,0,51,2.0
0.7609524578957444,0.2095886088521178,73.9013428734798,10.617677161392296,-0.02833205541851474,0.5288246632477194,-0.062268119268849786,0.8028648932746361,0.009191181948956321,1.0453919452285731,-0.1105800482260554,0.3706729850258663,0.19569753592998115,0.2374759901911638,17.592706625857947,0,51,2.0
0.7614718530413822,0.192101503578271,74.78732635460648,10.353651965675603,-0.0026601672756905647,0.5201329467696303,-0.021893650731619668,0.820014947452173,-0.01360748993123279,0.9232282561056766,-0.1437571918398899,0.3540178171495933,0.20436696211734062,0.2336280611398468,12.524650883007949,0,51,2.0
0.8162899319899688,0.3285456937682457,75.55405955221138,9.845092158586425,-0.05346453029151056,0.6063038873600637,0.02031372107711493,0.7343920835532002,-0.06108996140606263,0.501510885120175,-0.17982327046992608,0.33530200325411363,0.20257295016056723,0.27087022753724815,25.214021488311843,0,51,2.0
0.8305149063143843,0.32519405808821494,74.5781294598299,11.80339006982693,-0.0052191543520665636,0.5445651237943794,-0.04466188129256753,0.8641354967049594,0.00012017698848948759,0.4924975251055311,-0.21949715943225825,0.3104793572794949,0.1985021047507242,0.2755677941233982,27.966145179564883,0,51,2.0
0.8034433894151566,0.3033321716939968,75.63853436825322,11.540002378092732,-0.011655348773096121,0.5772251476627357,-0.05816755078586878,0.8728138372883114,0.04218002467178831,0.5713083890779447,-0.2560564320249511,0.2805495877474666,0.20562880935744748,0.2697392240639016,23.767553617365746,0,51,2.0
0.7432598960083708,0.33772247565041125,75.65788546730491,11.539880295529025,0.05022253855770709,0.809396172357342,-0.04607981962023997,0.8096398220673592,0.005692684767292995,0.8889307475389314,-0.29297688635865526,0.239053039523727,0.20040932478790197,0.2513824096071098,20.277108847382998,0,51,2.0
0.6275452982278212,0.17784119853179797,75.9267425256617,11.47526576203198,0.04187729107398613,0.7310777083751628,-0.05488721463902324,0.7752872965000059,0.006678690366885241,1.03157774050917,-0.3225030946457272,0.19153417536484954,0.16801654664492424,0.19608879415864255,14.316089623666562,0,51,2.0
0.645365806196031,0.19638497645057396,73.89816736006269,13.735242441811694,-0.08508538703123729,0.8580644082768624,0.04194114963505782,0.6140825642438322,-0.08013847996206845,1.126616905664568,-0.3397003276674196,0.14367093110960716,0.17891838156926151,0.1986472844947018,9.931624776862469,0,51,2.0
0.6509511355840254,0.21276458078759036,65.8447259945028,21.206200681371627,-0.06576750281394697,0.9851702401719958,-0.01831973599744778,0.9749977976560442,-0.04504416240196602,1.2411318249207164,-0.35308887850316895,0.114451221872112,0.20793209000092858,0.1975040842095577,-5.2798937465548645,0,51,2.0
0.7550576556583538,0.30286182993361466,60.61226626587849,21.638323241380995,-0.1165563820623884,0.8068512855317419,-0.003491359452406565,0.9833706975524821,-0.010606617758087083,1.0987954875745614,-0.361051460937546,0.10032801054648442,0.2571435530088426,0.21387949773486697,-20.228238672791065,0,51,2.0
0.8112258481080917,0.3021528373556046,54.939269840717316,20.044950768693017,-0.07152909303412718,0.7842628992388236,-0.018210974101926767,0.9599997253113849,-0.004399532780927771,0.9893706569590608,-0.36959303350649725,0.09303927486327794,0.319261856120461,0.25007011260320444,-27.66893764191871,0,51,2.0
0.8176525744299094,0.3240336745348763,56.53138713626301,19.518889416535234,0.015791087320037915,0.656819824947838,0.01161781771510255,0.5864188430690248,0.04122173227369785,0.7763496754543975,-0.3794188615549633,0.08854317484336591,0.32821490294357764,0.2553556385504051,-28.53246742730167,0,51,2.0
0.8198438154204803,0.31179234047482157,63.23466018017601,15.643421572893969,0.013246658970327937,0.34671119709120274,-0.007792701104692384,0.4915752178295442,0.0016210813659663294,0.5641322206057133,-0.38235328804696034,0.07173763036909055,0.32059809469164496,0.25737820667241174,-24.56303073853445,0,51,2.0
0.7729321361026343,0.1996952950278625,64.97933016571344,14.124333707387864,0.002177626113681232,0.33104540898495416,-0.0036763467771165513,0.46553221604325823,-0.017411366433781737,0.38706174114307074,-0.37630806645492887,0.05615376456370311,0.31181427637146025,0.2621237442180318,-18.956898506720687,0,51,2.0
0.7636983640053693,0.1451900922789765,66.38812652171826,12.278938458047303,0.013349008837751314,0.2604558745201838,-0.007964755828474081,0.41551641980345455,0.023647984489798546,0.36297858909924646,-0.3620666607677456,0.04418280031195461,0.2952826406956843,0.25625834423533145,-15.228497857035773,0,51,2.0
0.7391016173596475,0.06685857525232282,66.84213729348838,12.044691687493406,0.02700192386320993,0.5140092711086348,-0.00411431710509693,0.5267412578308096,-0.0053569285162523685,0.42687810927120073,-0.3329523709828709,0.04139261243463375,0.2780136203303571,0.247710427065012,-12.233313560672986,0,51,2.0
0.7713248432413036,0.12457628125077498,65.91442709693722,12.436679568140619,0.03477724239814515,0.5389742065557588,-0.028047955284516018,0.5818117546611942,-0.003457540901852589,0.5567496072990664,-0.29937377021837547,0.044049301662988705,0.25992152279093916,0.23080548599733502,-12.614967390307319,0,51,2.0
0.7900902431677369,0.16484339225034875,67.6147813598315,11.013986162767972,0.03642204637620963,0.5628227676478894,-0.04074570952969439,0.5975397570038007,0.032572469874924306,0.6644422631391046,-0.2658162788101115,0.046582546832167816,0.2447989548978382,0.21698061061704607,-12.820659044917782,0,51,2.0
0.7707945082847979,0.1717827109109043,64.38655027688718,14.551059834617611,0.01559168991504931,0.6120634074756415,-0.06801457454760869,0.6562445952212788,-0.010238108754742379,1.0958380316418936,-0.23385470304773606,0.04704993086513045,0.2306839519802422,0.21306837748030963,-8.267568706463946,0,51,2.0
0.791957493597532,0.19129035267156685,61.76564165190155,13.969773572530299,0.02901783979990903,0.4629600084034304,0.007079300342821607,0.5285455783287251,-0.01083102270814718,1.0562970001606218,-0.21152475817092042,0.040875897937758,0.22924687977202501,0.21418227240090898,-7.033545401422359,0,51,2.0
0.7567595766272908,0.17654563518597075,60.37969154236364,13.261317319270136,0.04327644042524637,0.44850976634808576,-0.008089908489993974,0.4534301460316971,0.015932741520159385,1.0120630635529062,-0.18933831396699344,0.03455993700081245,0.20827948221133893,0.22721707622081128,8.33458220854345,0,51,2.0
0.7472520594247708,0.1379148192596706,58.615703430830266,12.45269613730192,0.014635876113293218,0.41674442720967825,0.0038089194134169934,0.40678065847112976,0.008625837262062466,0.9383163511378271,-0.16594274824695773,0.03259736926098509,0.18998149393901087,0.2439486904082483,22.122355475212142,0,51,2.0
0.7640275087244078,0.13556673821294382,59.786610956285514,12.005592390132545,0.058403917971779316,0.34570044850441145,0.005269920416906768,0.23343825355717188,0.0070697079759602455,0.2480102311638717,-0.14154865964889402,0.03554801808792821,0.17469546216843254,0.2450769579186874,28.7181203602202,0,51,2.0
0.7452795562133485,0.09071921637632334,56.92855189243952,15.03838324713439,-0.008872210468147314,0.2806619746495532,0.004220584151791591,0.1751241508523402,0.00301221725257004,0.23252791335203893,-0.1161141834097796,0.04094366233235024,0.16737840108713653,0.24542415564136588,31.800355735266862,1,51,2.0
0.7500479109220061,0.06949037094846872,52.860837874459286,16.079428553432553,-0.013810935156310307,0.25783391652595594,-0.007669503782309738,0.15790734622250407,0.009352521240419033,0.2562661978216864,-0.08950104852933029,0.04506166905705605,0.17092705519097526,0.25210946998868944,32.201255590024566,1,51,2.0
0.7270618501466279,0.10230399754391359,50.53594590518989,20.046085282876216,-0.023270443483602767,0.27430492864917977,-0.010776968271124596,0.26976745786959627,0.048124757065784694,0.9793256415217942,-0.05825458840208046,0.04520362030329173,0.17630660354967614,0.24455762269854409,27.90795003474421,0,51,2.0
0.701457819517921,0.10052827042327396,54.898593021374126,22.25720719764801,-0.029608184252591693,0.22150422404304557,-0.02437925298570418,0.26562327716332845,0.02942594807987631,0.9720622182521149,-0.022832338790339125,0.04196147738269779,0.18430872609245624,0.24040362391531775,23.333632375949932,0,51,2.0
0.6751642625267599,0.101899229188044,59.417717729129045,23.214073208359046,-0.0070238946845718455,0.3465374795034618,-0.031699891512592636,0.3601872926043084,0.039632398514168374,1.3099269972908172,0.013910111520198071,0.03653262757547512,0.19363337384140236,0.2301493837931804,15.866221038676553,0,51,2.0
0.6684869215184567,0.09857059599873932,60.70178477787504,25.18904470389262,-0.007411532067492896,0.3862357150152099,-0.010123523901782784,0.38584494296366023,0.009927540312192458,1.5443246391899006,0.05155835329636467,0.029306813573741274,0.19954634800048374,0.2270622543154728,12.118221233177472,0,51,2.0
0.6893543438602459,0.09809400636224114,58.545883799300476,22.514888571437638,0.0073459912821942685,0.3720952300080367,-0.009724929490510155,0.3230890735912304,-0.010059822763900692,1.234564216285353,0.08552732669788274,0.023863146998716105,0.19649202505626515,0.23340361188108366,15.81448827091182,0,51,2.0
0.7353610244177866,0.14858173173260678,51.783435010442545,20.682033520370382,0.004573669832418947,0.371916105819394,0.0026102091970981334,0.31239180432806885,-0.01200093811049181,1.244339000571975,0.11109479700718985,0.02304411560444306,0.18898835502935676,0.24035753070403568,21.371985110769153,0,51,2.0
0.7611336536869845,0.14090257702074233,48.0145705166985,16.736676311419437,0.018706241147775277,0.2944110223680802,0.002702204364479757,0.21503068484542934,-0.03224973563177913,0.879884446770384,0.13031699050631954,0.026903549305613336,0.17829934496985486,0.24349361620627363,26.774529965988915,0,51,2.0
0.7576549874673433,0.13121288469368636,47.79643301169077,12.425907768096282,0.012761506489386745,0.26748481557488835,-0.01100652635681863,0.1838581006179749,-0.011741695441670861,0.31581472057592774,0.14513166879236566,0.03378098369909039,0.16875145241866152,0.24310007853107196,30.58354672761142,1,51,2.0
0.7589960043482921,0.12684826115091008,48.55974635072783,12.889167992871844,0.0081730724549761,0.2911182632584043,-0.006959700226491573,0.26128552029077934,-0.010516735003786344,0.28614109635245655,0.15570676263019625,0.04313504237249193,0.1652839387708719,0.243674641740137,32.170234214548934,1,51,2.0
0.7386677279045769,0.06948913449728729,47.109571594817965,12.114275548095577,0.023276625529808158,0.2772513110814401,0.003703466379174999,0.2569016386117951,-0.003936348546880717,0.24787189784630476,0.16422931996623893,0.05354077190959667,0.16119111442029208,0.2455212258478738,34.347381223908144,1,51,2.0
0.7346082545962989,0.05456827506555448,45.788036853659385,11.989351740495298,-0.005972877108291083,0.3186373513246565,-0.005930500178068292,0.30140205837374867,0.0008087951927354522,0.32902064850233204,0.17483852084628818,0.06024197374061545,0.1591784030498353,0.2510695855659763,36.59988616661565,1,51,2.0
0.735887705987575,0.055150457722753995,44.552438954512276,12.511347781888768,0.00874668885679806,0.3086251043017498,0.004248229896321017,0.3121225584454485,0.00598443788932819,0.3492043550571668,0.1799476147106044,0.06994416418109861,0.1588048297777419,0.25150807901981787,36.85895483093857,1,51,2.0
0.7369155325725967,0.05776551525665961,43.00607180244782,11.3926298690824,-0.008303394815062775,0.2951699148413434,-0.011348347444379446,0.2896740009141877,0.00012343811492125192,0.34299772926907635,0.18638485079355305,0.07715842624894192,0.15498432542724783,0.25151454931864925,38.379578498699566,1,51,2.0
0.730604372772516,0.05283753605852015,44.050355427405414,12.431900008047421,-0.0007197093766401796,0.28298862247554873,-0.003419024422399554,0.28910528387790574,0.002308503998553052,0.3517392988625214,0.19481692717597887,0.08216610888713533,0.1562890813223976,0.24935158871968727,37.32180246980798,1,51,2.0
0.7193691270316348,0.06477082413181257,45.14925292192721,11.737530656796668,0.0074674492044483915,0.27003728911632513,-0.0004637358326684026,0.28216798021545203,0.002518235541441861,0.27824568870434424,0.20277432566745004,0.08788157888841348,0.1526677949440421,0.24550104507419518,37.81379020284703,1,51,2.0
0.7153832551603224,0.061681136353350534,46.44264554977417,11.930995868215383,0.007548029351906449,0.2634155523473852,0.00032941331429516566,0.2671740689124164,-0.0035987727015334018,0.26718426213803037,0.2157648456935986,0.09013619224086032,0.14776460799806926,0.2441350071902514,39.4742238326689,1,51,2.0
0.7342492318620869,0.09681382231575705,48.9364022565823,15.01659703948971,0.026610731238535808,0.26760915027070303,0.013927789350204608,0.34091462735707284,0.010639539445001706,0.3761912603897481,0.23157239504316865,0.0934955572287866,0.14186311556741105,0.25164189684699045,43.62500150216631,1,51,2.0
0.7188633993706283,0.10229371915825564,49.025886437472174,16.97909818432653,-0.05801469514913419,0.4117186098434212,0.0003699240110376302,0.41739900389408546,-0.0030148972519764713,0.6626922306891948,0.248609259766503,0.09656260071598727,0.15162120220916014,0.24636886423603604,38.45764452447287,1,51,2.0
0.6977203222101226,0.11195497730471858,54.79873183311201,19.74429682693683,-0.04805809942384561,0.37993033688441746,-0.0005750854079629861,0.40012101798881944,0.006700544727637488,0.7290651920247379,0.26204426374536577,0.10197494210096672,0.17854062707525425,0.23772166391624644,24.89509616668455,0,51,2.0
0.7034711887073868,0.11651063596003096,53.17654851838654,19.594941679714115,0.00645534902372781,0.4351557935129588,0.004143395406358382,0.4146177995634782,0.012280541746055378,0.724440007045161,0.27048879351984184,0.1079442144176889,0.18103156601349152,0.23969260093627393,24.47344419212104,0,51,2.0
0.6841209301104149,0.07431909915856101,50.60560233102125,19.25262861184284,-0.0009712639319546082,0.43629497723296146,0.0019219031228738673,0.3425908635173969,-0.003605706763325953,0.6888536985163306,0.27442473084650765,0.11334714128509189,0.18324537360334806,0.2330608805758133,21.374460977487196,0,51,2.0
0.7043714364245534,0.07660308281599122,50.23488905787468,18.479284406185627,0.0646672658994794,0.308483929595065,-0.00029128365218639374,0.27076440243383637,0.013667798675596714,0.4084259168246443,0.27812362148805075,0.11734273913734498,0.15977912271222022,0.23526775798841157,32.08626457005198,1,50,1.96
0.7325519814941228,0.051488542484489495,42.87224076308456,14.784934559150631,0.019205563281681024,0.27197921890636756,0.00020958015731736726,0.2845640521945946,-2.7234611265799578e-05,0.2662251000658485,0.2822721920170745,0.11960825725993156,0.13830586813864326,0.251060214976706,44.911276304182394,1,51,2.0
0.7247101392085645,0.04861719789631757,44.26918147708855,14.602008849782052,-0.011441182637331532,0.2646602895895212,-0.0002053211278775159,0.31942644652029184,-0.004999896036643608,0.2614406984083717,0.2876640860997759,0.1216555217495228,0.1412578718559688,0.24837265889199145,43.12664184289427,1,51,2.0
0.7250853882846879,0.05087329136142836,44.43645884943943,15.564591976230707,-0.002025501181681951,0.22092618886435691,-0.0012681978005988925,0.3183000726407697,-0.0001692487036480623,0.18000779510161916,0.29142948281971276,0.12382387497863588,0.1412039453658279,0.24850126436116493,43.17777588422812,1,51,2.0
0.7206977963009301,0.05010333472952182,44.51894613223917,15.538994813693291,-0.0013300111042518243,0.2135024680340482,0.014207053345208075,0.3253989007213193,0.010641438119551715,0.15657149690972808,0.2938885498675972,0.12584051350216638,0.1424683037033001,0.24623569216769703,42.14148954235558,1,51,2.0
0.7241832937533949,0.05186253482410443,47.08576429357716,15.151942234789553,0.00480348054392665,0.21336209622494312,0.0012293937889968649,0.3294453527097724,0.004076244017364932,0.16389628107557513,0.29542969439175404,0.1278721976620976,0.14395798269357965,0.2474302420025396,41.818760096390285,1,51,2.0
0.7258637016456501,0.04506101946079643,49.59313687974331,16.2833192174616,-0.006567133846236211,0.1891010494248225,-0.016214706295845555,0.2845288232572599,0.00463369054098924,0.15569239574542743,0.2971490805684385,0.12976750748569557,0.1432214849234558,0.2463318567600611,41.858317958866245,1,51,2.0
0.715168137578111,0.052900215016278083,51.86422616009619,14.545158549344869,-0.029264898276796528,0.21702572964602862,-0.045249153439905127,0.3104705860076446,0.012263935643668268,0.17464681780967764,0.2961162587021636,0.13563011500779304,0.15281208432329965,0.24262124986897982,37.01619936183613,1,51,2.0
0.7019653415636105,0.05621682963397685,53.198540340451636,12.531550876794352,-0.026885488527078255,0.227040579871177,-0.03862697536162302,0.30634506530574646,-0.019749515489035963,0.18034789584673414,0.29058581265270905,0.15064897114251816,0.16893331205228942,0.2388582441948801,29.274657183505127,0,51,2.0
0.6979476568453452,0.057108255168876784,57.71721646832485,12.520822138978495,-0.002296366454923854,0.23423957037029408,-0.020443617347993104,0.32350596727084413,0.00864472614564732,0.2507167364712128,0.2852616555595361,0.1651017223753076,0.1829491348004768,0.23715228791668186,22.855842375532177,0,51,2.0
0.6940279212214199,0.05853352431386578,54.34429371590708,14.796139781287954,0.005544462076881353,0.243416197647848,-0.013429706258808865,0.3355362520010454,0.00213048806158351,0.2575647682241424,0.28115118537746797,0.1780110342121055,0.18285574129505053,0.2374832108715472,23.00266590468336,0,51,2.0
0.7077039089053869,0.05549345957472525,50.27429203309265,15.424893751244628,0.032297707984552664,0.2390864114871942,0.02419195897585037,0.3380133449318457,-0.005283158856864069,0.2464302970311234,0.27814508769021057,0.18665524341245573,0.1713025301696609,0.24221526868451432,29.276741676932573,0,51,2.0
0.7192855870679897,0.04938339973645083,47.514468761051404,16.662822338058753,0.032634498113218474,0.23029933418052906,0.01666166366753625,0.3179400278497326,0.015431257366549735,0.2530150149981904,0.2777816454605423,0.18664535821121667,0.15520164355880564,0.24618454118438937,36.95719365150495,1,51,2.0
0.7180149870029852,0.04587231352198758,40.486741976410734,12.400585409961073,0.002199419536719135,0.20614798760910893,0.006062961311316958,0.2669670158743008,-0.0037511166221663064,0.19602937472355167,0.2734615283984263,0.1891711839301366,0.14090029228048648,0.24607809639060682,42.74163594925109,1,51,2.0
0.7177671785740292,0.04579151425833421,39.02869430476544,11.480475647291678,-0.00277045299755592,0.19877152007127902,-0.006358448671651822,0.25879460293563933,-0.0014115154341447587,0.20009519150618202,0.2688970468839155,0.19029364873740803,0.14266072043204525,0.24599316760529508,42.00622650587209,1,51,2.0
0.7128916530340326,0.041548381908216296,38.33650546331032,11.329354566214844,-0.0008769541175342074,0.17487957150256803,0.002732807998636774,0.1978121641093648,-0.00458695476546007,0.19646354666057084,0.25997789670546995,0.1948595104409116,0.143341386657015,0.24432222722888103,41.33100852803997,1,51,2.0
0.7192642497373563,0.04736133977811957,38.51518578622856,10.246516488082714,-0.008980174621968878,0.17560282040486377,-0.0167023387883662,0.24628036298538702,-0.0025212367740916272,0.18512985642021956,0.25381352970469373,0.196465800997101,0.14096897083119414,0.24650624372415988,42.81322505204444,1,51,2.0
0.7172908228635788,0.04183156599701204,39.5006950545311,10.195588059401384,-0.011252567116171121,0.17264752843918799,-0.00121509219519794,0.24948260067040737,0.0009650649875402451,0.17315760329710256,0.2459336001606801,0.1993658042901506,0.14297775335379792,0.24100971663414603,40.67552323177124,1,50,1.96
0.7218053678379339,0.036194704648035404,40.43491894006729,10.32438163147848,0.0047845663502812386,0.16450278871503488,0.009301642097496227,0.20697637969008034,-0.00369364991966708,0.16540196660533937,0.23213914411218758,0.20732659909919873,0.14681891118590576,0.24737713557349894,40.649765045774025,1,51,2.0
0.7367236830805447,0.10820615243594928,41.96154840787252,11.597276413475194,-0.002885560797271775,0.1715747027545832,-0.005927525163975125,0.3502542038489078,-0.005294178566877164,0.18122092133847922,0.22336067737014573,0.2089386447808954,0.14615273899834713,0.25235171681118135,42.08371520305373,1,51,2.0
0.7388081327445951,0.10648229300630081,42.66420147582596,13.147474742433799,0.0011706775346515224,0.15816164253174717,0.0117470138916271,0.3079969716687438,-0.009397493976661387,0.18880772303529866,0.20842219126559786,0.21544148540468172,0.15031141619634716,0.25306609938838903,40.60389101518525,1,51,2.0
0.7518818988738691,0.10958228893633318,44.8308963284773,13.723433568177242,0.006208276065687339,0.17086499758734416,0.00613497970534452,0.3573105634741962,-0.0032932208394449132,0.2171609034609163,0.19480678972196616,0.21920509521475406,0.14732329682810602,0.25754674049276755,42.79745239787138,1,51,2.0
0.7593410841609333,0.11556368661268343,45.67550872237074,14.128018674706414,-0.008153128802922427,0.17448100204207506,-0.004090436642952994,0.35828091074224616,-0.0031464200320781444,0.23486443767401663,0.18530262841826836,0.21851365357733396,0.1476636444489821,0.2601031525811102,43.22881403641008,1,51,2.0
0.7437493131295139,0.06218134832661256,45.2936000660354,14.403610221466467,-0.004133789179225762,0.16493502292232293,-0.002666955110708288,0.22168044182205474,0.000575575977563858,0.22780239220419554,0.1744711936849406,0.21955570933568255,0.14892036380781165,0.25489776448328944,41.57643394413741,1,51,2.0
0.7430156667296793,0.058356754177353594,42.61956901643791,13.067714977641744,-0.003396508083039639,0.1834319957805353,0.00035208384232486,0.21639746170202945,0.011999301356719989,0.2449575346667565,0.16598537001001834,0.21909946097552185,0.148148835606639,0.2546463292906877,41.82172740549427,1,51,2.0
0.728644938153379,0.06195033594279963,42.729811899802264,13.479064726483113,-0.012933075318441671,0.17433013759298144,-0.011058762934351084,0.13467413080957372,-0.0056806323209814,0.2103899549374793,0.15993181675571896,0.21791645056350933,0.1511742292408875,0.2497211933356221,39.462795599526366,1,51,2.0
0.7300886042854365,0.10604448872639385,43.33066379322725,13.735536369459238,-0.0039409534530896765,0.19518105949306983,-0.0020998598386844,0.16204491669020366,0.004382963274039474,0.2143767951217362,0.1523435791025157,0.2198223351441802,0.1553196876428627,0.250215966452532,37.925748766185116,1,51,2.0
0.7358144090748301,0.10711412516566134,44.47424371102277,14.073954283517027,0.003250314178420048,0.206836394479896,-0.010885507379676782,0.1800000580765388,-0.008445689272062452,0.2313623130123219,0.14596931362801174,0.22233483795412784,0.1571153829843757,0.2521783143748226,37.69671140284929,1,51,2.0
0.7600821418797269,0.12892972470065744,46.391579444501915,13.480410410954388,-0.0010783896580630658,0.2691461250350444,0.0035350735061893276,0.1797271389612827,-0.0066581095623619415,0.42881198404276366,0.1388216432335267,0.2265935974618876,0.15904083941782554,0.2542671178940025,37.451275361478075,1,51,2.0
0.7644109432311619,0.12316221721383866,46.128485686638776,13.357313670380815,-0.014540190607601521,0.3060992823643328,-0.022186630058522318,0.2797478582984405,0.0031923651695251465,0.5827469669518476,0.13320923927160022,0.22861488829834428,0.16131686023076142,0.2557506844635758,36.92417262963913,1,51,2.0
0.7415908500552177,0.09738958361609955,52.80737910434311,18.83061621904114,0.02143284824548983,0.37396820058880637,-0.008499697727315566,0.33798206205899983,0.017542132012107792,0.5929299068431901,0.12824141611016512,0.22830960953968793,0.16999532979933973,0.2479297821249187,31.434082528379715,1,51,2.0
0.7474170620096665,0.09726966753378409,58.515021846574896,18.831429449589297,0.028890088017956884,0.3587419418737157,0.002783803214483401,0.32676147508192405,0.004890542696504032,0.5768440862710051,0.12713271325586498,0.22680993759575835,0.15778709500513485,0.24992654147929833,36.86661125657016,1,51,2.0
0.72876732073286,0.06279299727810238,61.455935343807816,17.648131071549017,0.013892507071004194,0.30447648588464526,-0.004993678527135475,0.31364771186106405,0.0037480808210139183,0.44289854188430516,0.13469243500747233,0.22167659263371403,0.14960424460183286,0.2497631361466212,40.10155104954759,1,51,2.0
0.7388003096714908,0.06285801072050888,67.59467817755306,11.967152208364627,0.04243253357708454,0.25535934456068293,0.034938817003778384,0.19656882490264174,0.005312367200887963,0.1590389957098154,0.14661185723744294,0.2183624367085764,0.13966723671464387,0.25320164222053,44.83952177806238,1,51,2.0
0.7625761146784997,0.0383506426307878,64.77970786188163,10.062879742089397,-0.02684248921771844,0.10457073735801325,0.0011735617858814257,0.05931955628103154,-0.02153350465346639,0.11900938250695862,0.16386731655784761,0.21510728791809874,0.13446121339096448,0.2613500858858905,48.551303155235104,1,51,2.0
0.76530781212975,0.051939678947857885,63.79529769280378,8.559384042305041,-0.035055682245714995,0.11112300254150663,0.0011292787305280274,0.0703723811052636,-0.02714968968968035,0.11837730376882093,0.17618633103471246,0.21282517667133846,0.15303814066963187,0.26228629334429526,41.65225383365979,1,51,2.0
0.7928031850971428,0.09315281464228255,64.36326312901927,7.364884752025071,-0.03319896565859809,0.1181711543608111,-0.015002746007167826,0.09164073433261305,-0.026701655636048493,0.1578210979068797,0.17635612320016916,0.21261558197236533,0.17330457865606383,0.27170950775353353,36.216961972023576,1,51,2.0
0.7836058459007272,0.10234490563577946,62.25692209192351,11.15931636832485,-0.08423645105943375,0.45654753705055656,-0.05830845483304823,0.3670498985248085,-0.003205472986926051,0.5209703424066692,0.15599750334522886,0.21884183446398883,0.21812611861107503,0.2663040498814782,18.091325044378912,0,51,2.0
0.7715492193751475,0.13122315226452497,59.70369415540321,12.48679461785733,-0.03561099536497803,0.5734626435951545,-0.009525362073498614,0.6650793700965375,-0.03089345905783714,0.7143611595212345,0.10574118282345328,0.2388621981127813,0.2509261619476976,0.26217200283426234,4.289489634663246,0,51,2.0
0.7459545181516338,0.1406262084716195,58.98080466074102,14.160441646806643,0.005882216453113977,0.6131555047577149,-0.02592176147827915,0.7066034916523226,-0.010437994282327447,0.7567457797156998,0.05036327858787001,0.26352449554414903,0.2719941355009014,0.24514070982666455,-10.954290575900071,0,51,2.0
0.6958728361801774,0.11456512138274516,58.95283571879069,14.102248173177188,0.004475251552374924,0.6083365916396771,-0.032409283515138956,0.7057212745325309,0.017469434725011095,0.7630342198672885,-0.00312460384819679,0.2882222913280338,0.2669774761311364,0.22797671556659396,-17.107343821325482,0,51,2.0
0.6915147051799531,0.15714772303335212,57.10034372993544,15.08369442872424,0.07636378769415851,0.5918464653982932,-0.00556734649866235,0.771242066228221,-0.0006786074270220363,0.7482197681391295,-0.04406903423379225,0.30851222925835914,0.22992205031166837,0.22216126260747177,-3.49331274638498,0,51,2.0
0.663653019304369,0.1474627722268522,61.184151340933404,16.365623199566993,0.039299998706316244,0.5745506345601787,-0.06872931305392116,0.6381285064244303,0.012464922067581439,0.5825562840963836,-0.06990067467740571,0.3175256873803529,0.20569773504933667,0.20632857729972803,0.3057464257483655,0,51,2.0
0.6519365899410903,0.1427528391731436,61.87052591291128,15.260137476572586,0.01204226974982257,0.5420623212433038,-0.04401122574128356,0.5994644295486178,-0.007940671388425078,0.574962908105406,-0.0972137774150938,0.3246358420671685,0.19670800944715003,0.21057259957135083,6.5842327788250055,0,51,2.0
0.6420593140464202,0.1346762906527041,63.080465700112136,14.267384801127639,-0.00787110035033787,0.5582673538034918,-0.03216959092327777,0.6069838912617551,-0.008204188928300259,0.5714775299714671,-0.12302758894854848,0.32938478669008203,0.20548863518978974,0.20718745961500887,0.8199455837606395,0,51,2.0
0.6334946253610885,0.06859687989705844,66.4383385368422,9.044584173820137,-0.02190834104868711,0.32908680288994513,-0.020757539782161806,0.33788314987784923,-0.032333798743053976,0.3542403722014756,-0.1475881274046602,0.3304254399226086,0.21740274827555214,0.2088197884207829,-4.110223422635673,0,51,2.0
0.6556547949748004,0.05367024059243551,63.02106519773895,10.04398944415151,0.005561746839506954,0.2565777181631482,0.037412521703278315,0.22049541724174918,0.05832780309605832,1.023649217277567,-0.16288720668053688,0.3255650849061107,0.2341580204498385,0.21879695923128586,-7.020692276767315,0,51,2.0
0.6883312437646821,0.11933907786937388,56.20367025861553,22.891489713182214,-0.05782556559379194,0.3567668710530305,0.014541424555229205,0.4992382614504506,-0.05500241416488208,1.4051866038617313,-0.1650672665280893,0.31139116826519136,0.25325778891779027,0.22999583177190852,-10.114077705960822,0,51,2.0
0.7152881282107795,0.17614125084901944,54.33633439681109,24.057367707866444,-0.027418847323632707,0.41791191678402484,0.017594399076758648,0.629390356073597,-0.0031882631135921853,1.5301011355416643,-0.16454528863081727,0.2977420050263715,0.2645969215956565,0.22527695133918738,-17.454058225986536,0,51,2.0
0.7276990297524368,0.18282379101740828,52.01579369984421,24.733076130236437,-0.035319846050412045,0.41312938148794187,-0.0022845905931556925,0.6502201700676506,-0.008318578641788633,1.528169130605577,-0.15699224492137495,0.2873239605163974,0.27903573646592517,0.23461009073673902,-18.935948402593272,0,51,2.0
0.7741064972737256,0.24819401667819255,51.25852719475241,24.343469640630914,0.0007047511491121031,0.44599622003959577,-0.02212209422506538,0.6635324901994691,-0.1023201757640231,1.154130567359868,-0.14655998174225424,0.28131719116161724,0.2740590355941126,0.22658315408201998,-20.952961708224336,0,51,2.0
0.7846507403780433,0.22729879700885805,58.2508040467898,16.682960834658097,0.02790531530684116,0.32256953428074736,-0.040999658040556254,0.3534747352172728,0.004527929549415906,0.4001344760842536,-0.13850354343024418,0.283660615684192,0.2447887455081754,0.2301968769048573,-6.3388647142024634,0,51,2.0
0.7897151771604138,0.1846151616169404,58.62958991410685,14.65367962049318,0.050263333517838925,0.28184335667205385,0.009299353769450796,0.2682100562503596,0.00845771472828061,0.3058797191923181,-0.1276290287734503,0.2867232606882196,0.2152477402134323,0.2462612506379077,12.59374357278661,0,51,2.0
0.8069759167767331,0.17353710852356022,62.02847693363825,12.209924613749724,0.07353799085260607,0.26784865085921694,0.016666375885845398,0.2304734074877781,-0.0001059189146640254,0.27722799328118997,-0.11710801610249143,0.2883143105754378,0.18207325720536452,0.25217685139474805,27.799377223425648,0,51,2.0
0.7701733949977685,0.06588782140962017,61.704417615544564,10.941368586627467,0.009322893933630456,0.1651686643103121,0.0021902571669688412,0.12991544628759952,-0.000737019284975295,0.16506693868702643,-0.10634290012330298,0.28851149301000384,0.16770335473100145,0.2630987106110351,36.25838973459131,1,51,2.0
0.7699298623985812,0.0659464595661292,62.05506955642326,9.742989952385878,0.0011193605833778194,0.15635301382325573,0.00034775281799774544,0.13540708156806316,0.007823852858707016,0.15415485921419705,-0.09615204062445958,0.2882426956533099,0.16531588898977617,0.26301524725420333,37.145891458528666,1,51,2.0
0.7756591220477632,0.06108931580029698,62.489653248412935,10.294834327256844,0.0036315176562935697,0.16387413036509652,0.0017781545974168123,0.15356175234341035,0.0020577414143903585,0.15999514291237593,-0.08645683780301844,0.28791029966942683,0.16372633826286212,0.26497877912590206,38.21152818238733,1,51,2.0
0.7594965785084402,0.0773175169087797,60.46467217510822,10.97335139149183,-0.004752449983475255,0.17551589004577983,-0.001945024191894952,0.16215538105675853,0.003693363063183485,0.18428338209901698,-0.07782027798449659,0.28825972660822613,0.1651328118270038,0.2594395521848696,36.35017851505747,1,51,2.0
0.7590760419912198,0.07210997709331428,60.21661679417479,10.554297045079156,-0.013001663610339165,0.19377858647805557,0.001804702915251255,0.15788084748207828,-0.0044087293539561475,0.1932622644151467,-0.07142517512324988,0.28808091747380293,0.1695659652927877,0.25960725458805356,34.68365683314357,1,51,2.0
0.7688274996026474,0.15543067078103318,60.08536339857999,10.855778180564089,-0.05509627248872729,0.1921781985774003,-0.01473556816870091,0.1606126983801282,-0.0029522864074975836,0.45851171783953865,-0.06717372393087713,0.28503784718687697,0.18277647973758746,0.2502900102411958,26.974121115959804,0,51,2.0
0.7671461641496303,0.1594251085039559,58.443258553159005,10.543063440129936,-0.02971353261348079,0.45071497739126226,-0.0015418357854964687,0.31907879336038514,-0.001069987211011204,0.5009129147920706,-0.06423567762738243,0.2807166851516657,0.1925600322152265,0.2444984737244926,21.24284897082496,0,51,2.0
0.7632502286567115,0.15463796644407,60.2701103979466,10.048782483559128,-0.031205938617680586,0.49398086445423167,-0.0029206634590438767,0.3989663931626365,-0.0008672731289384412,0.5083794298232268,-0.05943222813162083,0.27800118651696454,0.2139296830028882,0.24075267023217317,11.141304145627062,0,51,2.0
0.7742333918919458,0.1618192945694163,59.36705992619196,10.33647263628999,-0.05153801997064376,0.5200608744167645,-0.01677499287853054,0.4387990326491273,0.010027078820355967,0.5355544440618482,-0.061171133777204845,0.27752911686542364,0.23126398221351058,0.24506010627179206,5.6296899026806235,0,51,2.0
0.7419863359491322,0.09377112775786857,56.473413408971304,10.251399112782225,-0.011106773224823615,0.5246393933253046,-0.0060680904516986775,0.4464078260563564,3.562758074087255e-05,0.3551751178582228,-0.06841719295075897,0.279850878284523,0.24910435619247945,0.24282546614883443,-2.5857625821652963,0,51,2.0
0.7310740275527624,0.08740315085210677,54.53893921538895,12.169419225897025,-0.01986301427378374,0.3491704222243698,0.015649730595303515,0.3182824160716213,0.0069096572331938085,0.3061050659845739,-0.0821581352196476,0.28300361023371645,0.267699521536915,0.24618203820100787,-8.740476556757603,0,51,2.0
0.7621305756563065,0.1090776444735462,51.86830406212339,12.918183428770432,6.674336013840694e-05,0.3101175696221507,0.006846984665767819,0.3219771233404813,-0.01245270804593376,0.4077794026786287,-0.10496702461541267,0.2849565661362265,0.2693884131356316,0.25505792193224763,-5.61852425316578,0,51,2.0
0.7910068425915989,0.16021398095602485,54.286177821019116,14.995035893751403,-0.021933276900181584,0.2917696256036259,0.017048329187958847,0.279200110530751,-0.055749129321353105,0.4217840123967721,-0.13516628890189591,0.280572271886726,0.2757679993636409,0.2476263746640406,-11.364550620983138,0,51,2.0
0.8110685489852639,0.18627168916020576,54.717325924658304,15.688676931829633,-0.07280462136601701,0.3477750721878929,0.05586865025700307,0.2786298537253189,-0.07850935591348246,0.4656420290967306,-0.1897756449887478,0.25746842761392824,0.29930742583001063,0.2495859113697525,-19.921603021333013,0,51,2.0
0.9090454547355572,0.5147486993955944,52.73371296770432,19.859796436565677,-0.022317434131514793,0.8099173121432522,0.0022306126706740435,0.8714740623226458,0.034544327533712574,1.416124557293708,-0.3078315897543033,0.18043628464001393,0.37853908182774615,0.2563654917695614,-47.6560200106817,1,51,2.0
0.8837095476029551,0.5171713452290295,54.22597029746748,22.015989839196134,0.05501438706528907,1.3091037940336652,0.05842710081853118,0.9666035185300312,-0.12595468219004424,1.4535369604526445,-0.48153142812757305,0.06877386750642307,0.40959336904451205,0.24997964558247812,-63.85068795906068,2,51,2.0
0.8328532827926763,0.5108074550985532,54.571984825181026,22.539171587786285,0.07399680231716119,1.453170242818269,0.03581301137512805,1.1177090917304082,-0.28442320388321785,1.4959575243788161,-0.6243183321388662,-0.03704851859173958,0.39700067239236003,0.24977452138478073,-58.94362250854866,1,51,2.0
0.830620803130681,0.5040477700689399,54.63630598549749,22.408905689627545,0.055293027822877844,1.4760376054641633,-0.017033508887477948,1.1185359168299256,-0.014837177799028508,2.1433929511280474,-0.6640294635724272,-0.12951795383602638,0.3527639013036844,0.2526472917856472,-39.62702659919222,1,51,2.0
0.7204200715721384,0.08769656159009684,53.52162618379967,20.003593789167827,-0.06850980003090466,1.2868073917302385,-0.0017974385443855735,0.7606372212986812,-0.15861219799547804,1.6968107346204273,-0.5994677195758159,-0.1816914139296725,0.28491950310024056,0.24167836168061257,-17.892020253254138,0,51,2.0
0.728482962702401,0.10597297875193544,49.145440841422364,16.5398085970497,-0.12258098771174748,0.8485427789404494,-0.020112125604760413,0.6746690706408791,0.008028902588229553,1.7245862226406088,-0.472736291520688,-0.19854369632999463,0.2873770075211205,0.24253842398697284,-18.48720825222976,0,51,2.0
0.728990521042279,0.10320438643354012,43.42717872297062,13.02350953019996,-0.11970298561979742,0.5990459715306793,-0.06813863672169984,0.46308997195722384,0.211895148580273,1.6696822181673556,-0.3454261893936179,-0.22087443603380733,0.2855132259726277,0.24376196380763265,-17.127882263839766,0,51,2.0
0.7210213749591882,0.1045457264909538,46.93652018495634,14.773212757993969,-0.015458015250224694,0.5156551604408792,-0.031007115966549106,0.5017389445813077,0.030834555516348165,0.7185653145415735,-0.2728289157654784,-0.22752330098821616,0.29648675511379285,0.23544626985091638,-25.92544163113184,0,51,2.0
0.7578633197893699,0.2108527204151448,53.057901681638235,15.288484483896006,0.044062594791837766,0.5412133869930341,-0.002238872734939351,0.529659583102194,0.05933342348126804,0.7041375957977214,-0.21997969463585473,-0.21930164089017143,0.28332738045824185,0.24044629766561376,-17.833954279579878,0,51,2.0
0.7986918035164183,0.27833448994500887,58.02318476228153,15.168333001077688,0.0075412876173561695,0.6013271293456611,-0.04006509351379731,0.5277264687188913,0.049288209199028855,0.6198524478063945,-0.16485626047562457,-0.2205527248128632,0.26653504274726714,0.2365405675431584,-12.68047824339309,0,51,2.0
0.8089514827246175,0.2992195316956579,60.80959968473397,13.40632317494978,0.00491762424216551,0.6851785322891718,0.032919161533023794,0.4762089534640576,0.02364684403965286,0.6299516573675349,-0.1286696888923185,-0.2243489666514015,0.2663425891432228,0.2406542192946556,-10.674389970746567,0,51,2.0
0.7922077741400868,0.2602935145492103,59.52091055640987,13.96682896947851,-0.03678448936518501,0.7168202977955307,0.0006303361379632763,0.45634458554562696,-0.006519678048789501,0.5675293159750019,-0.10617734349400233,-0.24637003301270588,0.27807625599847857,0.2309418973951055,-20.409617802149405,0,51,2.0
0.7825719118118286,0.25050488345390653,58.48987735720242,13.154703510291855,-0.016498432805140812,0.716224642939107,0.007327289704014273,0.4188316779521507,0.021814540667715026,0.563666778081946,-0.09217311907008667,-0.27933195960790247,0.289153874025724,0.23528943679220815,-22.89284124602895,0,51,2.0
0.7788814937367159,0.28258815397831344,58.1139767205014,13.756589335580758,-0.0001546915839700138,0.6886153446805712,0.014796899668141907,0.419136881529513,0.008972417070146869,0.4957860910765194,-0.0851435761207887,-0.3203455360677842,0.29074743496881683,0.23227161302799076,-25.175621410860582,0,51,2.0
0.8221057454744974,0.3027670224288277,58.92500900287254,13.750754534437538,0.05588924066693175,0.6811773288223664,-0.04884655496069029,0.5528451363453556,0.000807024629823133,0.5634942533933885,-0.07152439228399786,-0.34811296155051424,0.2656808216601058,0.22854261586816646,-16.250013438790045,0,51,2.0
0.8741201046927303,0.367280425601902,59.28705629881691,13.275025679562551,0.0831232580045859,0.646929031964895,-0.032726725672974306,0.5956083641992859,0.006349605891634436,0.6736154834718084,-0.03573177353601686,-0.3436864638975393,0.22301597951864516,0.24703037745388648,9.7212327418008,0,51,2.0
0.9573503171696383,0.41694361512038886,60.092469548477844,14.60016698437348,0.0462780280002192,0.6415214226915958,0.0049923246397691615,0.6387542588181924,0.020524310788103177,0.791866648027352,0.01475506392949856,-0.3132045003104933,0.17889664127335073,0.2743057957645902,34.782041052140144,1,51,2.0
1.0223317880585205,0.640350443586916,59.57773368265114,16.372616708029287,0.0645707656501555,0.8007066075600621,-0.0028714559534016777,0.61052707054299,0.02639857343598908,1.1872757803764373,0.08387511935362484,-0.26806884098791317,0.151390344075622,0.2814520727336101,46.21096849447951,1,51,2.0
1.02043878049681,0.6441159676933276,60.02034056245112,16.913663719779183,-0.016801638273047467,0.8657202133896831,0.02082996347955629,0.5673409207897931,0.022367631687837487,1.2377487915788825,0.1545235085883093,-0.23233366090953783,0.1423788492596833,0.2939605624159145,51.565322882245525,1,51,2.0
1.0384028854907728,0.6657864144279982,61.56907157512272,19.418748423267623,-0.023776003835248014,1.0686333661481695,0.014014323114180098,0.7071741796196189,-0.008250564190686918,1.4254941973655413,0.21726816787875072,-0.2186423537959876,0.1445895469601047,0.2908765387953247,50.29178098758761,1,51,2.0
0.993274760962117,0.6390087255005147,62.92166670163473,20.21428264631385,-0.008167075760224286,1.1217239494380267,-0.0012699425512669132,0.8070582033701726,-0.026243159583970613,1.3852733040095426,0.28461247156510694,-0.22663013689868836,0.15448112207040826,0.2664614566801046,42.024965263224644,1,51,2.0
0.9469439084732941,0.37705573203743287,63.69637118893511,18.977757370559193,-0.032599451202972266,1.069338085381633,0.022314456748027428,0.9432270986854465,-0.03412206880017823,1.1670897347034923,0.35159289361699847,-0.2444511533635356,0.17430657868104843,0.2739903462544135,36.38221891248817,1,51,2.0
0.8746497987532148,0.3568660024398115,58.680595567413405,20.572826315381338,-0.006868102679065629,0.9661008765213702,0.02819405057851006,0.981596881234012,-0.06517811773308352,1.1227043310489837,0.4197725226519341,-0.2678505587504432,0.19782024881956337,0.26613153069961804,25.66824070055699,0,51,2.0
0.8948778007179499,0.36717398802865475,57.74406558918018,21.058534993886195,-0.01219880434812284,0.8084766967253083,-0.038052723469103086,1.163349970804904,0.0008063642490728229,1.0418446488312805,0.4715987772404894,-0.286868125968119,0.18897790744845244,0.2630239869814582,28.15183526901126,0,51,2.0
0.8838203184160531,0.357382150668134,58.60178732755137,21.569743508937545,-8.109533319286271e-05,0.8136059032933592,-0.08147280948127017,1.11395084520692,-0.008273788052154523,1.03850371277716,0.4836329777986654,-0.28427139000364193,0.1820090369744781,0.27655141657905435,34.186185257724254,1,51,2.0
0.8770186548833462,0.38063784451269794,60.72065780384868,21.307221864345834,-0.002836032825357774,0.6806861854367915,-0.07865506534775098,0.9765116200846438,0.00620402019543975,0.9999553809407195,0.45275695772066427,-0.25634192794032123,0.17215531833257972,0.2785816801897797,38.202929131843334,1,51,2.0
0.9772382887701193,0.4231508687632227,68.0138897738036,17.852231601789676,-0.03408798465833945,0.7068761673198486,0.014170186119336708,0.7367057298154885,-0.08947165675607383,0.8550351122728621,0.37706923699394757,-0.2019319344992133,0.1693368532085008,0.31215870143127467,45.7529607753759,1,51,2.0
0.9198161900664369,0.3393529653589274,67.77003073517014,15.555182380551887,-0.0395072177782947,0.6458981219882078,-0.03230715469986785,0.768840775683161,-0.013927828301401698,0.8439258040544578,0.2771067069284075,-0.13350488796838264,0.2001708313001257,0.31119467900285885,35.67665361711189,1,51,2.0
0.8862223557433954,0.33716953436208963,63.52644403600225,16.442616971520003,-0.004659508300178191,0.5177301178253375,-0.03539001934376417,0.7062948103439511,-0.00999834416571128,0.8050774595792575,0.181055234569093,-0.070628558622653,0.21656167018579928,0.2999283826093034,27.795539621236966,0,51,2.0
0.8435043044863086,0.28866023052430984,56.98755742171232,17.86155374143863,0.030510583417672738,0.4725031451002989,-0.03661233340116108,0.6905529011658288,-0.029146110591040376,0.7391278284183227,0.10087671981576246,-0.02204803050119799,0.2210600317375118,0.28680873943764884,22.924234397128817,0,51,2.0
0.7510568459207813,0.14473120960642194,50.541044115435845,16.11173446659877,0.030104434811601452,0.3101890015341813,-0.03803694932995474,0.45646229722168596,-0.02559539302042229,0.5561747772993918,0.046389664463234816,0.007229947980865467,0.2178002698239073,0.25683711503364415,15.199067005803757,0,51,2.0
0.7175174065883837,0.030802520869996946,45.43740312842762,12.375860316247397,0.013457932203606355,0.17671892796567135,-0.027404966745890824,0.22619199094808534,-0.013476647187809587,0.5397684771776519,0.015489696230910873,0.01737788983704921,0.2117109566071257,0.2459075655826291,13.906285841381639,0,51,2.0
0.7255459728048128,0.03507996386542922,43.9045968271938,9.76672462051987,0.004929826142923797,0.16876934617367176,-0.024155724647582744,0.20468512761485544,-0.01063224459614824,0.5156452576747842,-0.005306985619808546,0.01773056546116071,0.2126738068616184,0.24786344600510496,14.19718789141735,0,51,2.0
0.735568672025978,0.05379208367637715,45.98382470771378,11.284773309954684,-0.019618804872437726,0.16471400555352209,-0.042538985829142964,0.19071694047818363,-0.026456977934667877,0.5236989169523693,-0.029220603322076436,0.018765751392172767,0.2235428285420298,0.24919393916566834,10.293633428453985,0,51,2.0
0.7441807829172296,0.07430979933084027,47.763777252505804,13.868454009501484,-0.03357787236260871,0.1757331154446686,0.01697164954727187,0.5215070490211545,0.014587629129927532,0.569066925329824,-0.06573946184121734,0.029286542615981594,0.23972724969619044,0.25088037166238275,4.445593687656602,0,51,2.0
0.7482650829844323,0.07496057975876437,47.6253398902276,16.025924408481078,-0.03531330619372573,0.2466736653327928,0.03660413323372018,0.5585881616977127,-0.021016691245284734,0.5182251945979228,-0.09860331507641501,0.04229136463034333,0.26024848559434116,0.2519388387495756,-3.2982794101965585,0,51,2.0
0.7816464879970048,0.18616102478437635,49.53185154877457,17.444497781911142,-0.014829827308216515,0.26505827704483204,0.041698757851240685,0.5977626168481679,-0.007473708586949928,0.550965701918682,-0.12336103414433734,0.05443015802167712,0.2768549689288273,0.25249755155036563,-9.646595473462693,0,51,2.0
0.7898359995782741,0.19809020647100256,50.261586020974555,17.7937909396824,-0.025341505750867667,0.2913485575095286,0.04759825941394357,0.6025516595646293,0.01246195279207884,0.5183212952757833,-0.13223007088512637,0.05914153026075852,0.2865034210328462,0.2572694846075462,-11.36315737946736,0,51,2.0
0.8352969475592688,0.32367429874344844,53.358185463676264,17.111711952422507,0.04915509809392924,0.3645723284939836,-0.02821464047712438,0.44728284768229437,-0.0035346383046285777,0.5189613259388491,-0.12080423349761456,0.05136731566489269,0.27366094695834664,0.2696842569685351,-1.474572536978136,0,51,2.0
0.8339819641299911,0.3256928921429594,55.987872916109424,15.996067922674307,0.05829363847699236,0.3303345522730988,-0.047586899835105036,0.40749597164539164,0.03200207431526745,0.515060512405982,-0.10892308924037568,0.04357039822447541,0.24095186759811496,0.268247000482713,10.175373009010425,0,51,2.0
0.8194100507763306,0.29493256618076064,55.486598305842456,16.945511793069333,0.05465591735407418,0.3357627866800869,-0.02950149365499908,0.38355221571751885,0.009008201825268129,0.4974638220152979,-0.10057231587418822,0.03484952261517634,0.2113280597053509,0.27493034647615067,23.13396377882827,0,51,2.0
0.8275931114878725,0.30146363679071264,55.00501148782524,16.163919795038478,0.06662880351730421,0.32812486183240247,-0.0476033157285522,0.3921696184154603,0.02971732207373077,0.5475615779507235,-0.09422778391089175,0.0275684019116027,0.17557580227911648,0.27467030673349563,36.077618157148514,1,51,2.0
0.7927213208567278,0.15607073172874283,51.042104516543596,15.62001994671373,0.017497404040220904,0.2832560683116038,0.0036427460008246057,0.26501350459591116,-0.004231087297347246,0.4466033333454059,-0.09033536233849303,0.02193740245339379,0.15888533455180934,0.26633993512215876,40.34490754120841,1,51,2.0
0.7970389926112166,0.16330264994519986,51.5550943905232,14.427535128480066,-0.0004930450014916121,0.3103739335299645,-0.011261256274712436,0.3666093081344482,0.007480758571011179,0.5220608299900441,-0.08529213362560793,0.016516450313114547,0.15767546444618932,0.2643024691410486,40.34279552566583,1,51,2.0
0.766413394252167,0.14628188299348288,51.04091108604973,13.934283520452041,-0.028580692961958108,0.3363710106444773,-0.016345958764135252,0.34533589124497505,0.026663787863856436,0.4946771782429376,-0.07616390972779948,0.01322810852881764,0.16261457665564066,0.253597144224515,35.87681077683017,1,51,2.0
0.7388904091409024,0.09612231712222652,51.99581311497034,15.406122828244673,-0.03386205915069463,0.338616115188858,-0.01891582441863184,0.33819604222783994,0.005943956090977379,0.4445116851058726,-0.06848242123254343,0.008939956656969443,0.17362576152170325,0.24812204477729374,30.02404857756832,1,51,2.0
0.7259194932366703,0.08205650162276047,52.52954508744034,15.361759279677846,-0.05851127375282493,0.3011379574427893,-0.03013880163723347,0.33301855895588584,0.007233636855494743,0.464876861302365,-0.05642765739720279,0.007331669924024612,0.19232634359755713,0.24338761806168954,20.979405144262643,0,51,2.0
0.7122910009952736,0.05152090303784996,48.69125037158237,15.152835338390599,-0.03547172883854193,0.27900796632809766,-0.006642309400965185,0.219717816795297,0.00024755174001934484,0.368352290835111,-0.041481853223227255,0.005976389046137993,0.21965745612368226,0.24149448957968428,9.042456204283955,0,51,2.0
0.7304943473096571,0.15490490004571664,50.425874769103295,15.283479036834377,-0.013390819176885426,0.23534051773111433,-0.016755745636627954,0.2249159639925344,-0.007597326474519921,0.5054451240586608,-0.023169470610344012,0.005342607757978171,0.22972349667448233,0.24171990350882153,4.962937126897115,0,51,2.0
0.7292305902742288,0.15548121467378154,47.69400917782503,13.19778084620655,-0.01964227075451145,0.2053610709602726,0.0006750237525385968,0.22026211258895323,0.0047003191384468596,0.4828616587643627,0.006492654279213045,0.010746079547028033,0.23574626079929833,0.24134283721963756,2.3189320573230754,0,51,2.0
0.7260440638763648,0.1534669156735583,46.94059799465479,12.072289158460611,0.02900168874903637,0.19294367998476764,0.012196032421699926,0.20321074295070277,0.023424948173045527,0.4632065144428709,0.03587620682060318,0.014551386153448165,0.23384683878675205,0.24053978515526556,2.7824695878036487,0,51,2.0
0.7286855851610502,0.15442593108760358,50.3422760776445,12.979328690565367,0.015638582390166966,0.1579028330349701,0.011696908714286252,0.17668013812843947,0.020538369960644665,0.45892983250705377,0.06825636709598687,0.01666693447808618,0.2165252417714752,0.24351256714721298,11.082518529494568,0,51,2.0
0.7055801218923401,0.04483435838088502,52.28362030375238,11.158413099882303,0.008569437718274547,0.13247121216423197,0.005068425856092397,0.15180121044291883,0.01764884561884637,0.2234877067369729,0.10356974847535351,0.016151244453262877,0.20886654957086742,0.2418164194171791,13.625985334547075,0,51,2.0
0.71062309324157,0.057036794936232975,55.511556125154684,11.347307462783656,0.015931419662985148,0.11146079980662815,0.0035321047785235385,0.15378994834913554,0.011628839096017913,0.21018911047175012,0.13699430483191438,0.010568022728181966,0.20312045596826456,0.24354474660693662,16.59830121645527,0,51,2.0
0.7156184882509942,0.05751874493818718,59.05598736744301,9.79101502515733,-0.011917822136014116,0.08601963114366366,0.0003651511289325415,0.17398155631459933,0.009273551769700706,0.1721958031425433,0.17307500578479457,0.004618235915054967,0.19859836730167466,0.24525676849108333,19.024307250099405,0,51,2.0
0.7029465340516147,0.06471110603579562,59.1640505697213,9.601005543275868,-0.018415912109262803,0.10615051271774693,-0.013946375864393571,0.16084414597440735,-0.015971164730395757,0.14063672484430548,0.20690392180448408,0.0002500054894394297,0.20304196525169138,0.24091383608746775,15.720089576767338,0,51,2.0
0.6925149648359009,0.056520416903168516,58.12629727288788,9.842876770420649,-0.014732097768608262,0.10339969490097438,0.0031092670910498675,0.1669186157220442,-0.009305943844511229,0.15979682584386823,0.23433933300683166,-0.0014405309966391952,0.21041789313399517,0.23703766409039856,11.230186164107437,0,51,2.0
0.6892907383541266,0.06242966902870358,57.739043824812946,9.846190669676425,-0.014904184906067802,0.1112494643668273,-0.0043194516945411175,0.17232807469303618,-0.010705242408256904,0.15401587962753394,0.2531042463386685,-0.0015265576136734883,0.2174436968388155,0.23593265722049903,7.836541409527731,0,51,2.0
0.6774218143968314,0.062192855261520776,58.454049119762345,9.322214028809867,-0.012432090846785144,0.11615155533423904,0.0018293099550932062,0.15173062569678547,-0.0049669502266481815,0.19850001712697987,0.26155300130981696,0.000376526146481696,0.22344684337691909,0.23186493937236902,3.6306032374867514,0,51,2.0
0.7049273386341977,0.06862401609846253,59.07645214071461,10.592332941823004,0.004191399259748412,0.10875603876969284,0.007728026723306553,0.1608318957657205,0.0134018191556428,0.20468513859137633,0.26432136522502797,0.004262237183401027,0.224888018028573,0.24159269746980594,6.914397502979441,0,51,2.0
0.7223255845590257,0.07407310897365982,59.51135200378942,11.736698391857106,0.011594971696681836,0.11048960817288372,0.0007519268558598033,0.17597347590497367,0.012932059975961844,0.19773065419509844,0.26363656214850695,0.01018764823968258,0.22261905984597205,0.24510500876774965,9.174006290130233,0,51,2.0
0.73258620655785,0.08274182090001575,58.1861182755115,13.539158154865973,0.015481915872763185,0.11823872262457652,0.0010831703011896095,0.17275544139872817,0.014020756763570449,0.23130530662507154,0.2621795070760345,0.01941370273617039,0.21471984531953014,0.24388775071335703,11.959561441077915,0,51,2.0
0.7428773252987394,0.08133269807394057,53.619924849154906,15.849928564377226,0.009047586032572915,0.1141193174629346,0.0023286801708095215,0.17808220694986507,0.001764407089235736,0.22982231430364622,0.2615242687664439,0.03154033882352656,0.20688543314118446,0.24423219974578478,15.291499910115714,0,51,2.0
0.748571036493077,0.08987011639859822,50.2357534310397,14.402982476261972,0.006409746065151458,0.16958221573634272,0.0010941963569790708,0.17544683612559853,0.0015255865074840246,0.30268190047704896,0.2565733263644581,0.04372140068142361,0.20129332289255003,0.2458444574520493,18.12167539639926,0,51,2.0
0.7497832798490337,0.1061850313312687,47.23856166297314,13.195682100224271,-0.0036019221970848008,0.19577897277435824,0.008733654650403004,0.15963756166181145,-0.003572231816018329,0.33619060226636216,0.24555728215635592,0.05207371672702203,0.20359624103768884,0.2426077138309772,16.08006282127836,0,51,2.0
0.7455875934923396,0.09313090132743611,47.47774347370746,12.763939344779907,-0.02923241644805553,0.1939540136247965,0.022537827601327616,0.14891629895512468,-0.018127792733995354,0.3283330556125586,0.22741883213407488,0.0538897387327691,0.21116133588805008,0.2459035464661153,14.128389393868535,0,51,2.0
0.7529869969276821,0.08644336354732932,48.80744912110123,11.152909889587876,-0.03517939493644471,0.19935733156790442,0.024395005083551594,0.14453931539325615,-0.02127688047567419,0.3468418916197741,0.19648774259454047,0.041959850830339276,0.22735765294940624,0.25162199319961814,9.643171465922851,0,51,2.0
0.7492297608770576,0.07103262114126462,48.62443008142359,11.691026891904496,-0.0352138615414208,0.15591762740158424,0.02094539196467867,0.13813498644305647,-0.021464160132203616,0.33007004299558074,0.14911529390431913,0.013932732490545763,0.24702243196538554,0.25067340445385955,1.456465833074061,0,51,2.0
0.7401940247007445,0.03287200891501635,48.29825585963679,12.300267336993324,-0.05742536623980485,0.1225522507084757,0.04330605005516725,0.17624467240562897,-0.03387271967150417,0.3523172788392627,0.08149037863145564,-0.03159612200706334,0.2710071976189002,0.2536792962929737,-6.8306328419937445,0,51,2.0
0.7438540601847219,0.02959503000638692,48.75056893217798,13.445369582131812,-0.085390553535784,0.16369413877465064,-0.012986155445961392,0.46895948048223357,0.042800882210334144,0.7071454902571311,-0.026443935092431134,-0.11142608456514178,0.31695189131667395,0.25493366340332324,-24.327202255448487,0,51,2.0
0.7562223328825306,0.16468281972586693,50.11513732928856,18.098401489570964,-0.04108946766777366,0.667233675424437,-0.012847414057628782,0.9299233144596091,-0.05120744552536338,0.9372435503579755,-0.1491284921209913,-0.20726484249949637,0.34463231838486386,0.25684236374654246,-34.18048072667421,1,51,2.0
0.8150900160419006,0.28220229013342096,54.616688643600426,19.5895671611064,-0.050639451097916156,0.7591952009638356,-0.01863711787497296,0.9606975778709528,-0.05931443585922905,0.9796693359297707,-0.24645715546258093,-0.29056801994996523,0.36989424791850584,0.23667360757816508,-56.288760586176736,1,51,2.0
0.8042413850004474,0.2869309495469972,55.45610260554388,19.134623121566186,-0.016263967489494997,0.7922650082484021,-0.053438370864765314,0.9851554639844705,-0.057142256430405027,0.9785871603870181,-0.30510266282080306,-0.34913650047480005,0.3785039865472296,0.2284053481676531,-65.71590358269621,2,51,2.0
0.8416727548830357,0.3751075680943902,60.07823371887207,17.847864700145703,0.10974248849293765,0.899193771400332,0.014512426201619353,0.8941253926918021,-0.06500302488897361,0.9166336445699677,-0.2956235474384855,-0.36283829216830926,0.33655828766545703,0.21230808498980713,-58.5235379432748,1,51,2.0
0.9482685004488802,0.551297779235845,60.633278861934066,17.77716601319203,0.01315191753354727,0.9078397314193071,-0.03459829230811082,1.0516103962400507,-0.014015489933537502,0.9592325456511913,-0.24355818418398245,-0.3517660212894228,0.3104372310553865,0.22307830889961056,-39.1606528607356,1,51,2.0
0.931785624711683,0.5550710111555314,62.72984519600868,15.053773652048273,0.027059780872043443,0.9426393711802281,0.0029080068217773062,1.0722935192598193,0.04537980714995487,0.917867878711582,-0.1761768679467862,-0.33619467947222725,0.28467303385637777,0.2292793067670991,-24.159933083515206,0,51,2.0
0.9200575624903043,0.50560169783996,63.91854124092588,14.983673137554842,0.02032570449598864,0.997532940819813,-0.005436883983658809,1.1739276973921755,0.08101667482040677,0.9267186727693583,-0.10111413955854008,-0.33161284401974594,0.2767803912789217,0.25370127882138016,-9.096963391260825,0,51,2.0
0.9230175617917934,0.5145405537095904,62.47805751480308,13.69686225414115,-0.07090015961405109,0.9042877497457684,-0.024315565824508667,1.1763218019014248,0.011885174093585388,0.7806685977590457,-0.02714498450110695,-0.3358122965943456,0.29970717593072344,0.2396015029189665,-25.08568280228389,0,51,2.0
0.8149961575263125,0.2893835042381077,58.96563117994982,16.486079567846726,-0.07510223608537048,0.6091347231530152,-0.016720874490691165,0.7709749032725934,-0.014671531487621512,0.9022656591120836,0.039586711333833895,-0.34262649639883785,0.3282138110680315,0.21347048213125921,-53.75137948403501,1,51,2.0
0.7572723429047448,0.18058954126100174,54.582542518774666,17.550932282710903,-0.04882213166531395,0.6813555907580531,-0.04532178257610284,0.8985676925252906,-0.03199558778136384,1.2900869357283384,0.09244365225613904,-0.3445362582531742,0.345098137823037,0.22218125584075638,-55.32279557838968,1,51,2.0
0.7862177051731623,0.2215961774036609,53.94401864795124,18.035436661965814,0.042411922239789776,0.6404316806706011,0.022809517515056273,0.8488506622674273,0.015168157424412522,1.2948343551435895,0.12458580616452944,-0.3332882812294919,0.3500414068389054,0.23076413110669858,-51.687961712323705,1,51,2.0
0.7791957852302813,0.19619598270741892,52.93261494356043,18.701534478954066,0.06420481672473982,0.655235320793791,-0.007317566696335287,0.8624489787111486,0.02717573904231483,1.2777274294050966,0.1336765652622225,-0.32302564824064733,0.3250534218094167,0.2446854966148429,-32.845397993114474,1,51,2.0
0.749871401490607,0.15551103347412212,54.772202144650855,15.521635140088852,0.04320058734247498,0.48988567650949233,0.004261411288205315,0.7608865283505443,-0.06253512141605218,0.7167441414377803,0.13605368516953373,-0.31384899698711693,0.2853006673044354,0.2506156223846962,-13.839937267157865,0,51,2.0
0.7672345717620178,0.1593473924357261,54.74097142558472,15.560844917053206,0.09388667262871475,0.4214897095925959,-0.023630257403733684,0.5544575325720112,0.039348235244260114,0.457430694684724,0.13989238547737787,-0.3072909182334423,0.23612213689192132,0.25656632781840794,7.96838427720592,0,51,2.0
0.76072787414031,0.1380100649508418,53.57417842628909,14.755645873551485,0.06832104488549863,0.25416610188334865,-0.052477624267339706,0.37299778712378484,-0.03695837763485079,0.4271779621116508,0.15207500566320306,-0.30104914302919034,0.1887065546732969,0.25688529519988035,26.540538442861873,0,51,2.0
0.8420680289832401,0.5530498273868123,50.47641468223404,15.61968654510924,0.05076192200695183,0.30808347058379815,-0.02983802235593983,0.5389633645458175,0.007213235805358957,0.6331528155613168,0.1798285704404932,-0.2815007047799221,0.15671199015199372,0.2474833974626091,36.677776465522115,1,51,2.0
0.9747151647347445,0.7597775272646955,50.41132995836875,16.001894143646997,0.035327128792072046,0.43043168912049923,-0.07724300465163063,0.7166213637088998,0.027399726577249227,0.6841958719014368,0.21083785749132516,-0.2604565760970827,0.121030229292408,0.26633402352248053,54.55697785371678,1,51,2.0
1.0991367673976165,0.8574991053821658,53.70523917675018,16.85733831688186,0.03781733793370864,0.6143197046775141,-0.04568676307213073,1.0044964639526763,-0.0026668270355930516,0.750542856342359,0.23967206336384042,-0.24509033077940523,0.09868194715995116,0.30659681719196497,67.81377312923478,2,51,2.0
1.1353371359645297,0.8706182479750587,53.901554170192455,18.828317344193625,0.04105534623650944,0.7357273359822877,-0.01937700274820421,1.0627330973735445,-0.008703632526757085,0.830438116286366,0.2688381614547719,-0.23736838936740792,0.08469763775513581,0.3185303506015408,73.40986891981083,2,51,2.0
1.1127999512679583,0.7690140596313271,57.360162729141756,18.85823594222971,0.013977078209612883,0.801930663972858,-0.00712848001835393,1.1191601458335128,0.005035369100012616,0.8020697529395202,0.29440957181770333,-0.2395618062404039,0.0781850702344611,0.3459470023466913,77.39969714895584,2,51,2.0
0.9568513224686623,0.5517252823289691,56.67101668084369,19.52778054434359,-0.002946552692675123,0.9076625559302934,0.041917080899664,1.0390759541782286,-0.008632115946680891,0.9346885482516331,0.32099718280645834,-0.2435750880191225,0.0875119187360602,0.3195148667563344,72.61100254130028,2,51,2.0
0.9179620404691234,0.45240409903214396,56.84185349356894,20.18542898644539,-0.021975315449868933,0.9433960725056747,-0.016239015714210624,0.8309096193049608,-0.012489499925982719,0.931346636062371,0.3498771679005161,-0.24851052344156715,0.09637822304159044,0.28714799465565005,66.43604523264462,2,51,2.0
0.9103334639267083,0.46617624387801226,56.031244972757264,19.24328964696914,-0.03678104354470384,0.9757840548729543,-0.018024870066666136,0.8562698456484792,-0.004651518173369707,0.9051198092491648,0.37955709855141584,-0.25376939932119685,0.10639907436880514,0.2693645558187032,60.49997222336208,2,51,2.0
0.9385369619509826,0.49548974955353675,54.61412015557289,19.733106316678377,-0.02994514391848854,0.9753079539677635,-0.03666703808395302,0.9905844990769529,-0.0103605431778466,0.9291746058715802,0.41050723342698764,-0.25784671355587824,0.11866991171281073,0.2717948181239013,56.33842008764367,1,51,2.0
0.9716964105883723,0.54874995585466,55.60770130975574,19.332788923890565,-0.034130572615300905,0.896147382350714,-0.0333153464119224,1.0007724416859558,0.009452861405032523,0.7594226787070163,0.44074962776551824,-0.25976303698080366,0.1249074494457019,0.2905615501102064,57.011707365160305,1,51,2.0
0.9511531348221516,0.532416973247225,53.58304002238255,18.010296481889675,0.0038852918089604845,0.7914314857598045,-0.002890909382817792,0.9771536634477063,0.007947818412646359,0.7065133507303627,0.46717476536734126,-0.2575419734370133,0.1305680890084133,0.294483956907242,55.662070565854194,1,51,2.0
0.9172888516868446,0.4848434864378026,53.718534856450326,16.736386403856013,0.015425170242202049,0.6628887701830506,-0.004740742564785714,0.902331724736641,-0.028355484901397835,0.5456697839124292,0.48794743621174413,-0.25031368275568816,0.13294030927543862,0.29852002007421297,55.4668697789886,1,51,2.0
0.8645283077277389,0.47076645285593083,52.883090373347784,13.905814338928574,0.009605471519570724,0.6228413076218402,-0.02587861520256482,0.4814648754130874,-0.018020820831332135,0.463469150365938,0.5006837739289074,-0.2381048144573684,0.13119528183869658,0.27453079623392684,52.21108755794906,1,51,2.0
0.8277516874174277,0.4171797455340997,53.296932986553976,12.798208953020247,0.021319341425802194,0.5095370533105753,-6.926877825867897e-05,0.42964632572913797,-0.01494504117826913,0.4559806823686725,0.5053418462006246,-0.2227127490473013,0.11957947709608746,0.2581403591443698,53.67656669710821,1,51,2.0
0.8052333254805383,0.4159828540862821,51.794214336311114,14.29355118994569,0.012750551688904856,0.48656923553086967,0.02190941645234239,0.3911794174428843,0.00819919359705904,0.4342606007640763,0.5039479283920819,-0.20502634482899698,0.11273817816162725,0.2475264918046697,54.4540960687989,1,51,2.0
0.7988153767278966,0.4106517433708255,52.41557021994217,16.301452077540976,-0.004144725700219472,0.43558692146115957,-0.003636109533117098,0.4612171821660483,0.004172090559686516,0.3863514224912802,0.4974237283482033,-0.18651807558806438,0.1091847292014083,0.24596719771304656,55.610044665879876,1,51,2.0
0.7680222473527286,0.20248035920302676,53.513738604152906,16.844117970176434,0.005280410213505521,0.33777423197519085,0.003917014445452129,0.4313325260688623,-0.0028085914787416367,0.32147979354872375,0.4853343361830984,-0.16722591560441136,0.10731081260154912,0.2466620719702906,56.49480613522364,1,51,2.0
0.7768847792975458,0.20732994799673127,52.27669166583641,16.617550852267357,0.00681636836744991,0.32554766971940713,0.0007040484753601692,0.40518380563653167,-0.006060492229081837,0.2133610805869726,0.4689168507576483,-0.1474685183634202,0.10669478622857348,0.24804124872381558,56.98506325962984,1,51,2.0
0.7864454543473673,0.20566532840699836,56.801281437569976,15.279024529659944,-0.0071463103533959856,0.27498598856844503,0.009700341857787148,0.3984476395826205,-0.0031524508570631347,0.1836811916807323,0.44919658491048864,-0.1281623584388262,0.11103395483363242,0.2542142576783145,56.32268785878407,1,51,2.0
0.7789210520830809,0.2033095386350144,58.498440404733024,14.27609081336198,0.009899951700194209,0.28657452037571945,-0.002236191644424609,0.2732909625351648,0.0032334067840494364,0.1917783796173951,0.42791358626387865,-0.1104237400424009,0.10567648409004883,0.2478784858675021,57.36762562502668,1,51,2.0
0.7468315627352864,0.13014834808142167,60.08703400165427,12.881177331643554,0.01477983436894183,0.22966756890311554,-0.005227829553369505,0.2578776526266823,-0.002304036206766671,0.2335112577213074,0.40736301078947373,-0.09537266436487446,0.10152867468258782,0.24757915949803896,58.991429291368924,1,51,2.0
0.7558371417005273,0.15200590179963822,63.42452763108646,13.191352543002482,0.023539129498542522,0.22114657905043042,-0.0025874910392232387,0.251130190627052,0.005870341542450821,0.2651268826442813,0.38751285185732703,-0.08148989653905751,0.09986943632642864,0.2550014558039708,60.835738756251644,2,51,2.0
0.7488304520865866,0.16785146278827184,61.52491293350855,13.70032698285789,-0.018315008951022345,0.22605747466749912,-0.006109603342837563,0.31752585771639197,0.008954990052563302,0.27639134911018587,0.36854397383148135,-0.06935297228730283,0.0977238307261249,0.24994752699064074,60.902261405537274,2,51,2.0
0.7531722704058185,0.1461189517916671,59.428415612847196,16.008399099555866,-0.001347836819203461,0.27466964236685515,-0.009642327049126228,0.3156560603547561,-0.009194926486587991,0.35813406585197466,0.34869260507076794,-0.056629732799983235,0.10488705356062863,0.25547460393264326,58.94423479044419,1,51,2.0
0.7716992872529754,0.1514181441501193,60.84232658965915,15.810026576885521,-0.006429798663685135,0.26768242954998883,-0.0006808215551370499,0.3594638734745221,-0.00331366935050955,0.34488025660330796,0.32658116134405113,-0.0430865492580437,0.11392564284734476,0.2618241832312921,56.4877310257073,1,51,2.0
0.7612814901798379,0.12852420450978358,59.75341602517109,15.404061244104973,-0.03331237189544767,0.2871018543777637,-0.006708494771052809,0.3865087797494766,-0.009944365962463267,0.3551627008099811,0.302568270708206,-0.03069422502635552,0.11829770873622539,0.2550290551398731,53.61402696985099,1,51,2.0
0.7927377187080827,0.26820176659054584,61.41669092926325,15.490734385764595,0.017648005383271798,0.29421886770459105,0.0052605990466533924,0.3936642011289993,-0.008693163264908042,0.3734667311749041,0.2764014565108988,-0.019626384380972986,0.11842636983872577,0.2681725760083247,55.83949276191107,1,51,2.0
0.7926175866422116,0.26916642226479626,62.57486475448982,11.491887590315278,0.013008504215737475,0.2651846401969885,0.006362295526938111,0.3883570505054615,-0.006610357604336505,0.2879602947052959,0.25071623647477875,-0.012480314928211172,0.1130018113020421,0.2681314044734058,57.85580897397268,1,51,2.0
0.7752691871468343,0.2686656633582393,61.99698872659721,11.024992099761825,-0.0033927547389312703,0.22639268239975183,-0.0006613460456148959,0.3219898685629589,0.0026345364110288666,0.27386827801605085,0.22681460560052089,-0.008847460931274904,0.106189883342257,0.26218576118180015,59.49822642404112,1,51,2.0
0.7701053491921401,0.2595691162989536,62.03007695254158,10.806052641720724,-0.006886137571806709,0.20211489443659314,-0.00627986257028419,0.278509755072447,0.000806418274912764,0.2212773781506209,0.20371745506794073,-0.007481823173421886,0.10580242822028163,0.26111994244246894,59.481291535749904,1,51,2.0
0.7393743671915111,0.07262225758923771,61.73208324874149,10.764556712348803,-0.025760341978942353,0.1849990220308947,0.007507166238592974,0.1697645989153807,-0.017061991133161036,0.20472027656787178,0.17996150031511285,-0.00825869541378081,0.11725513329360468,0.24990895739326624,53.08086011935637,1,51,2.0
0.7538284484077903,0.10402209451330148,61.73026331908562,13.105487874912098,-0.04915129902827389,0.27135467828528165,0.004736783784156775,0.2566402463253527,0.0008417095568980657,0.2899969052071173,0.15384381229725344,-0.008625838218132627,0.1405326599559797,0.24984835197499614,43.7528169207041,1,51,2.0
0.7563158426178145,0.11212235038997274,65.11472589595645,13.402900747569932,-0.026128486419717472,0.29661854099877716,-0.003980494994560585,0.2638694267573627,-0.008569576245659561,0.30686052739952807,0.1259565478705954,-0.007721863696130545,0.15697864839362877,0.24955874398490407,37.097516245263485,1,51,2.0
0.7681673191962581,0.12759415709402877,63.23769777779486,14.299151559182233,-0.014393104724220786,0.29859101518491576,-0.005718103217362773,0.2512085750664708,-0.011801541451930854,0.32239360290681346,0.09833563643665477,-0.005683055186521641,0.1700541634857129,0.25120505800160836,32.30464193733547,1,51,2.0
0.7669504188622037,0.12689359130079392,62.70444581964437,14.245680866838805,0.03571792663641128,0.30230486214964797,-0.008515284305401877,0.23692803513824956,-0.0020994235939510606,0.3169592651676612,0.07364468316130954,-0.0038452781317168294,0.15534348380051619,0.251670355727973,38.27501719414869,1,51,2.0
0.7512032416850036,0.0982490911778536,63.06252883988268,12.896417863479785,0.03521471780578734,0.23075737514563757,-0.02275495103322992,0.14510945417977594,-0.0037412025997707364,0.2574809182419331,0.05421805867436298,-0.004195104545820696,0.13438388199011198,0.2524298791157331,46.76387658193975,1,51,2.0
0.7555048836796892,0.08940334295252976,58.19954980705299,12.674856130951428,0.012390957255025996,0.20792000203266076,-0.004690749881168206,0.15085179805410015,-0.0040024690690687766,0.22541452042214025,0.03784861666201536,-0.006256324566748317,0.12587416962366932,0.2539041380276122,50.42453006024642,1,51,2.0
0.7530461974149826,0.0406571102606328,54.24392285650852,13.42167450748916,-0.005218313399738833,0.18274064079085753,-0.0011424372045725,0.14529476876221784,-0.014355893600640782,0.19215909072341308,0.023933362754552108,-0.007660993249413771,0.12023527171124207,0.25808399267622534,53.41234825746008,1,51,2.0
0.7522097140842793,0.04629584373385391,50.86205312726545,12.754762210020894,-0.06260105649319787,0.25702676508409367,0.02004390929405596,0.21488625204904577,-0.012811004318863008,0.2090890582046374,0.01066127324792623,-0.0030590667890716514,0.15743239944943735,0.2577496622697853,38.920424545637765,1,51,2.0
0.7698575860145045,0.13346891096740174,47.3888962344796,11.954663338540376,-0.0020983168563129856,0.2842349652480292,-0.0027329414973364156,0.2453245611852054,-0.0033527605815370587,0.3316124316293495,0.001480577037791136,0.0009762672251914609,0.17411665891243497,0.25653093697639623,32.12644799700877,1,51,2.0
0.7775395704688979,0.13808011206118595,46.97515720362757,12.609560069961294,0.006817675277809887,0.3146714316690811,-0.00799908104590049,0.2691521571884119,0.0075223053641179025,0.35778617997464507,-0.006469266413331604,0.0059469356823630545,0.17175787760110062,0.25819501313668725,33.477461274524,1,51,2.0
0.7738834981094388,0.13825555041322912,46.66684961786457,14.310654611764772,0.01639079546336742,0.3148415867244896,0.004001135791779733,0.25920107129695275,0.013664957245483118,0.36255010170684937,-0.011134500692990422,0.009203884452017985,0.16358646475004243,0.25698965505194593,36.34511680364086,1,51,2.0
0.7579010749674019,0.06657773350778438,47.03993719407156,14.394871290711706,0.05233018782318515,0.21954782891450142,-0.03768144224715583,0.2026979743697068,0.022760473374350398,0.32317447154842516,-0.013301386954589654,0.008396957104609136,0.13112234758012078,0.258159396304777,49.20876425302731,1,51,2.0
0.7607160662574803,0.062288777272880055,47.1296788091753,14.098234589895812,0.0008489661028279978,0.19227557824458572,0.0007456617667248436,0.1647156331768708,-0.007869620314415763,0.25898472122936944,-0.016289397486844968,0.010591402991742872,0.12193936404405353,0.2596246007147723,53.032430783391725,1,51,2.0
0.768221389666638,0.07753075832545082,50.40624119662771,16.155781522956193,0.008674727287143469,0.23839092399367756,-0.025785253017994704,0.3737926661457603,-0.012947935250350366,0.313970286451687,-0.013418145806843706,0.010209624023564519,0.12397076920676377,0.26271744683351583,52.81212926626677,1,51,2.0
0.787752627760318,0.13352010070892495,56.44680571614527,16.302417728631752,-0.022140615738417004,0.334897084831235,-0.05160388552273313,0.5851355974087659,-0.011144727290443638,0.5279465876242829,-0.0007455718974258129,0.002622036533789836,0.13876681656286427,0.26841521953107017,48.30143506568135,1,51,2.0
0.820599281813438,0.16634078424840532,60.52485823923466,16.50027521690036,-0.03985040643544612,0.39187080570262983,0.0023368169444010537,0.7402241732902874,0.018510219362546123,0.6472498981206022,0.012761088492374072,-0.004599206391858962,0.15218316868531012,0.2779368999099985,45.245424866367124,1,51,2.0
0.9079141520630276,0.3273437205652132,65.79896067988639,16.12319865920949,-0.03081952216669771,0.6356238790337133,-0.004285873845219612,0.8523026521255626,-0.005876214595000241,0.8024762410945715,0.02919183004679923,-0.010488647875907585,0.17115115509130113,0.28714087260449767,40.394708165757564,1,51,2.0
0.9271270539474619,0.3378913308655036,62.745562497307276,16.71035801697258,-0.05472374656785499,0.6239468859373773,0.01651217185837381,0.8180138383022426,0.01682625195997603,0.84754410082268,0.03915148209225911,-0.007699812478536545,0.19022108612379998,0.2794533341524362,31.931001395732782,1,51,2.0
0.9586051496010566,0.3879407665984842,59.58916104307362,17.56269013708535,-0.08982235487714849,0.637962481262556,0.09856771904171682,0.7470187255114704,0.03910546450346124,0.8086713201146039,0.02729027208528992,0.014691540425199216,0.2018806659238963,0.2685748121626324,24.8326139378812,0,51,2.0
1.0026303113429058,0.5344402449823366,59.13191379986557,17.00064149137268,0.006388062392087544,0.6722660109838934,0.011033640042239544,0.7473271843879702,0.0012390825020916322,0.9201003833471957,0.004578761154870484,0.04840177081933211,0.21251111089615798,0.2570620098110256,17.330798490067977,0,51,2.0
0.9347246307194891,0.4748995204912547,56.833147431121155,14.453644521533022,0.026806998322261313,0.4589970922486418,0.019477790723755665,0.617700099171515,0.0013127594674919166,0.79984537350024,-0.019939229260839495,0.08108934813184533,0.19734503857236405,0.252634915105316,21.885287118727526,0,51,2.0
0.8812428776074347,0.44470004551900066,57.47643235559557,15.095787630147276,0.03486426822001151,0.43545634505114955,0.02349098237669643,0.5568613184806509,0.04481112756127236,0.7080254919644198,-0.03898752816260493,0.10747319177608927,0.17784839343585057,0.25196905814158593,29.416574103351067,0,51,2.0
0.861373132409747,0.42440912496376243,57.9333265978916,14.95729197257205,0.05697703759605978,0.29899093358761014,0.02802490199203877,0.3163862419460923,0.004744613214450724,0.6492449878118968,-0.043997358794939434,0.12106283965357696,0.15041321084658696,0.25795964363962065,41.69118520852049,1,51,2.0
0.7883484727867386,0.12911724393796378,55.386614945004965,15.111469493054836,0.025848011796673138,0.20905141864005303,-0.004904960519542881,0.17043579758069766,-0.000556620458761851,0.37767358176842286,-0.03776893182010789,0.12401758490297399,0.13004093008470982,0.2597582953510381,49.93771809713636,1,51,2.0
0.781183927648646,0.12807276413643778,55.14013216133211,15.231189410534506,-0.0035021653325826513,0.1990471517031303,-0.0026161990804122945,0.16670347544115555,0.007477021639180534,0.3462081847172326,-0.03153794718043445,0.12628532373761076,0.12628681312980894,0.257743277021943,51.00286820708906,1,51,2.0
0.7850935516294604,0.13194475771358177,56.065985370500414,14.522239793397521,0.02423268701771603,0.20047729123844377,0.01228723451769089,0.17889776596121795,-0.019882437106514095,0.31001382908667496,-0.02585116631029074,0.128435639075842,0.12446471760933922,0.26213742304343723,52.51928695861372,1,51,2.0
0.7769089684657314,0.07881883701876692,56.07504858281098,13.001691519888134,0.025006781478284622,0.18408872500301346,0.018851295364655407,0.12496518704171143,-0.0153979355304995,0.2729845313699503,-0.019287014059884117,0.13055306163424554,0.11775388414854875,0.2640041868430605,55.39696337522535,1,51,2.0
0.7653371681660122,0.06774461122683054,55.274357716826835,12.874251177756628,0.007036140005962521,0.16621435278207183,0.013195043931916063,0.1541002585246013,-0.0073703476501738325,0.2473676460308913,-0.013988585668295228,0.132555338076278,0.11594639028609212,0.2612571414869662,55.61981975835231,1,51,2.0
0.7571905205464539,0.06744609219846444,51.309451594656586,14.196580445645886,0.01165485515387035,0.17362565138834907,0.007325782139292534,0.1465106020498852,-0.009471349253812256,0.23960562550562559,-0.007317887843494416,0.13346956628241358,0.11656869651925114,0.2588092110734568,54.95960285348348,1,51,2.0
0.7481984644215188,0.05091346042053231,49.85987019947931,13.164126817500172,-0.005822175520234832,0.16591317760825494,0.0015020430151957507,0.13322657905085014,0.007483703449514567,0.23067799999934152,4.427897535793606e-05,0.13364717305644616,0.11691673677994967,0.25606637710725977,54.34123835361009,1,51,2.0
0.7481724033132195,0.057082308032281884,46.99010191010494,11.888522838969964,0.0036733466036179487,0.15582069434967036,0.0021768144888839884,0.13371397016470657,-0.00997641753843602,0.20717989301864242,0.005246769908117285,0.13442502854399982,0.12127631416927655,0.25560574169386047,52.55336857239716,1,51,2.0
0.7489204980688644,0.05438883496030466,44.80343425682947,11.233248064273226,0.004948333864483763,0.16159565102493004,0.0023913272455626843,0.10126062381703861,0.0030905898916078547,0.21321622125910136,0.011466131881153297,0.1352352350117205,0.12475791307102899,0.25597114972174767,51.260947490900236,1,51,2.0
0.7556334126777217,0.05081012876483536,44.74786891364584,9.551068581719468,0.002334965182943087,0.14024405702942397,-1.5211209435673321e-05,0.09824105345132358,0.003135022305536504,0.19790447892053287,0.017161347594784573,0.13573713582663874,0.12140904194701735,0.2582717999406159,52.99175443275929,1,51,2.0
0.7608253153077528,0.0670540721191229,43.31915678113115,9.303111505848019,0.001836452724448606,0.147578881623174,-0.004341460919628541,0.10983289466590554,0.0067339541354015766,0.16948540085818103,0.01969787748284767,0.13873207351365327,0.12313157201625984,0.2604361905993715,52.721020940721374,1,51,2.0
0.7585259039028018,0.07085003146281994,43.62997510444884,9.446653762726264,0.0033160256970600752,0.15212472402422805,0.001693847844851952,0.12962533478777966,0.005615041682533189,0.15760918288098516,0.023887739855398334,0.14109261980986973,0.1206186499800338,0.25964813609895004,53.545343405019906,1,51,2.0
0.7584748897409322,0.06771690737724692,43.15585505962372,10.177419928360644,-0.008372976461210855,0.14193498316063477,-0.004980711846192386,0.12455262274159978,-0.00259155849469643,0.15226177301025512,0.02864546028926694,0.14180843258987327,0.11788672844051545,0.25963065267226937,54.59444898853166,1,51,2.0
0.7597304902167297,0.06826074041850008,43.34614923128895,10.55641565536488,0.005743226449019001,0.14280483085998755,-0.00251784654535061,0.13068051077715975,-0.0005716223580141863,0.16402966563251983,0.03126593671405468,0.14464581859249415,0.11885902363639964,0.2600609720494756,54.29570892560258,1,51,2.0
0.7513481065923092,0.03150234239369148,43.11149065459476,9.877072778789122,0.0013755022784393718,0.13931185863892223,-0.00495437425378637,0.16014611877569182,0.000737342481300527,0.18773667036906158,0.036725036880257834,0.14552817936754522,0.11555775996828464,0.2575020230961499,55.12355259238644,1,51,2.0
0.7565505654350215,0.02451031428234766,44.419666366834264,12.275371760111666,0.0031934470850198218,0.12913585670164254,-0.0009022007979379565,0.14601570926052965,-0.007295485138527903,0.19731010145626968,0.04161774149439079,0.14640874344100618,0.11505656439666428,0.25928500989452974,55.625446899739316,1,51,2.0
0.7513946029448918,0.05161226159963407,47.8215978881892,12.853450151642887,0.0035380706209324152,0.1501137724611416,-0.0014009472010109354,0.15231245823202433,0.0011291464735918185,0.23492007263652875,0.04496471437658337,0.14965801428140824,0.11328775251646228,0.25751795818583584,56.00782434182354,1,51,2.0
0.7483793735759807,0.056308664573366994,50.14157769785208,13.343990927887209,0.0023945767943765604,0.16925090718037913,0.0028946391608127777,0.15447909994448372,0.006186217252238124,0.24189126284490428,0.04893460174643972,0.15226739166125985,0.10891227006734763,0.25648457894510623,57.53652304739247,1,51,2.0
0.7509925405074861,0.06570863885215379,54.29214619479927,14.839486032094621,-0.0067089546983148535,0.17493033097224497,-0.0028546016489831255,0.13106948902321125,0.003158234972871986,0.33077467735240385,0.0523445248482499,0.15443719803455988,0.10968842511145052,0.2553629308983434,57.0460658774644,1,51,2.0
0.754696984738842,0.0660384164537112,55.9443695954248,14.842134492573203,0.01367459875330621,0.1809961303242207,0.0018500345348216156,0.145595896918921,-0.008650214575669345,0.30563942840637165,0.05458872641229589,0.1577552772582363,0.10817368026920147,0.25663251776209217,57.84880216563886,1,51,2.0
0.7764417533854059,0.11649564915336122,54.86080428607323,16.053058820426347,0.00338552253065156,0.22854237871704686,-0.00023210925670961538,0.3254852565728041,-6.606849823512283e-05,0.3173852389383429,0.056039497575573693,0.16098278684061557,0.10997114540526468,0.2634710255342785,58.26063029805262,1,51,2.0
0.7752701467377883,0.11488787569755912,52.295769136910344,16.1117014442117,0.009100894950439824,0.2261430002402434,0.0013149592285866245,0.3269399702210607,0.0019573862436136195,0.3086888536494743,0.056442049211531044,0.16502549555514026,0.10927265827479851,0.2630694926145714,58.46243622216729,1,51,2.0
0.7738618193303838,0.11478498039514601,52.00756051610498,15.982708644819986,0.023161929662284607,0.22934510163747224,0.007586516937533138,0.3356121266607072,-0.0036898546569122405,0.21764848840531473,0.057494539092706146,0.16923817693468818,0.10212811639846507,0.2646040631423679,61.40342095067681,2,51,2.0
0.7536379898003503,0.05233561411156006,48.79141425911118,14.455482869518754,0.01802305447156815,0.1700565065373751,-0.02985589299350977,0.2806797448432978,-0.00875514491424695,0.2589803853424312,0.06139019814417776,0.17100029472267847,0.09790923622266551,0.25463459666900506,61.54912274158253,2,51,2.0
0.7434261187764943,0.048207813421030574,47.29262758411613,13.745297066611798,-0.007073603287412256,0.16310160677249802,-0.004811651297096236,0.15030885063245242,0.004409125782366769,0.26563428418151985,0.06627981624016104,0.1718591813058497,0.09619591673838755,0.25113478434754744,61.695502680639706,2,51,2.0
0.741417502336131,0.04844111034950449,47.99126583513092,13.931532396657767,0.005703068571165204,0.19952817308877643,0.0034401099078868536,0.18681260905838126,0.004176176564000985,0.26993895175680865,0.06862931805706449,0.17479069189030416,0.09935031725736293,0.25044639118658335,60.33070519137701,2,51,2.0
0.7369545505783868,0.053489302774378654,45.09837765027495,12.589226735662159,-0.004489141849654855,0.1771927877146167,-0.0042355664293555655,0.1642564572708714,-0.012560785191097096,0.24486039165430581,0.07028354605707715,0.17761941255907318,0.09812526130562445,0.25107128902034515,60.91737064460882,2,51,2.0
0.7330658205730074,0.059920565277012394,47.352805472472134,14.036510711806812,-0.003173874545038915,0.18515713039130055,-0.0034223198023277755,0.21957780275808136,-0.014360612742237601,0.1876300077632769,0.07048207896698955,0.18138022866955583,0.10352448898994317,0.24966063262519367,58.53391545900604,1,51,2.0
0.7454477577086758,0.06297113218647442,48.66205023024597,15.419408467153785,0.00518272506693999,0.21779820831897845,0.006362282228199583,0.23819611518092218,0.0036895334647566664,0.22024893450344749,0.0707769926535149,0.18541137538070798,0.10324945774765693,0.25390417029749357,59.335265101521586,1,51,2.0
0.7399143591139685,0.06660644262274466,48.44271939759161,16.268662565407904,-0.011432939190782752,0.17351551146524935,-0.009911578207952427,0.20376427463185562,0.0044823729013111074,0.21188330859745882,0.0747476032550759,0.18671567181997217,0.10226080854985688,0.25100969083254615,59.26021493007725,1,51,2.0
0.7464232611944717,0.056253330959338224,48.21483249640932,16.88317269471079,0.0008176984265446663,0.1722412713572305,0.002182445644090573,0.19444043637539515,0.0022240565614957434,0.20591212847708285,0.07915097035332583,0.1876871196447456,0.10365704587351811,0.2547381960692243,59.30840075300304,1,51,2.0
0.7486782731013555,0.04692761673079936,43.70469666403883,14.152121345710217,0.007231269063720224,0.14861575409181485,-0.0014556273087566974,0.12317701686429394,-0.0043886559832768115,0.18078214721502014,0.08542568491313202,0.18719242003855352,0.10090134306766524,0.25558894458920384,60.52202366192354,2,51,2.0
0.7458640690162486,0.04318134003685766,45.17647780682526,15.15005471406459,0.004159368095262086,0.11916029559282411,0.004078521995859987,0.0984444692551873,0.004948667497100199,0.14209009414653392,0.09122283738854592,0.18679959979777871,0.09858706012242924,0.25462446065655314,61.28138676534809,2,51,2.0
0.7561700864165437,0.044385881198304104,45.26165145460297,14.929405596577244,0.008614089207577646,0.14050890145008973,0.007957979014106826,0.12418876471539704,-0.0028291056023947163,0.15486214416072425,0.09669925207673989,0.1859901485869294,0.09703431240867486,0.25915461189680716,62.55736616128098,2,51,2.0
0.7516360665288042,0.056425549833499095,48.7485668834518,15.241406126898523,0.015710873908235456,0.14281991447117479,-8.607794548950943e-06,0.1469998728031196,-0.000511765251776167,0.15345686865568262,0.10089150567174918,0.18577359648817013,0.09132731484170757,0.25720379530395865,64.49223669744894,2,51,2.0
0.7505744997704146,0.06562678213493364,53.80432779882469,14.40493507709677,0.016671662511048364,0.1475342136301821,0.0070256366230109155,0.15819097591938439,-0.0035230610337035327,0.1576520257518105,0.10300372775624601,0.1865606185902712,0.08481780822815406,0.25683997525166835,66.97639915864183,2,51,2.0
0.7522112362305907,0.06438651861395539,56.89393015994745,12.193664482525643,0.0054704230096118125,0.14184525736325937,0.0014674390355745952,0.14992819343440106,0.0005179588664688316,0.14215359162869423,0.10560155923539809,0.1863264782254718,0.08109411601969663,0.25740091728821,68.4950166945613,2,51,2.0
0.7524129659594858,0.07083434831984284,58.54207731111377,9.81277238072774,0.005068778151682779,0.12713012208650037,-0.0031061426133793943,0.16951915698840483,-0.0027106951228251645,0.134813319194551,0.10819255773201254,0.1861625476769986,0.0800063987717165,0.25747005433882025,68.92594015363383,2,51,2.0
0.7593605189638979,0.06185174733570581,56.115899297536586,10.75604064862888,-0.012235764140153633,0.1465130353344699,-0.005631687503088923,0.17371630651118006,0.00304333126062856,0.145092426784453,0.11107180594284136,0.18604202916157947,0.082592556944112,0.26024803708852623,68.26390782113096,2,51,2.0
0.7719756863719108,0.07101110405269861,54.821560808256564,13.390301469854908,-0.007694524292852364,0.24395598082818162,0.002565119999880884,0.23088248166861386,0.0005949870226722138,0.17652228250974872,0.11446854068180749,0.18580707313959544,0.08624288892640056,0.26415982186944154,67.35200367865735,2,51,2.0
0.7826035789707128,0.10251051512834247,53.0057694292536,13.93071886303713,-0.009707936396201452,0.3182786320986214,-0.002342467168893884,0.24919719843686158,-0.0029445571240548996,0.18230706009296624,0.11874003326248556,0.18529236104557403,0.09138062271122536,0.26780221324557685,65.87757001566355,2,51,2.0
0.7797685393369665,0.10296096950541478,54.05452160741768,13.624136660650823,-0.0037190929310871104,0.3200626458674658,-0.007080466239987051,0.232453095602958,0.0003259027486338335,0.180037404505092,0.1222434574863227,0.1854578730200632,0.08975400244095345,0.266830588278332,66.36292599732579,2,51,2.0
0.7753249014198196,0.10691925667499382,54.68599255412233,13.659866646144618,0.005098394903482175,0.31316256382919033,0.003001962322741747,0.2284927798270231,0.0035436111319737105,0.16893961566384508,0.12503647572601354,0.1863390484940055,0.08847465899942189,0.26530766481759716,66.65205316994913,2,51,2.0
0.7674938386634869,0.09594698509144883,53.4832634212924,11.715477502605498,0.0012439879972268553,0.23764640202104062,0.0017856236309835723,0.17280754902133794,0.005227942868848057,0.13284469141497074,0.1266714166683522,0.18871919138672041,0.08588782636854601,0.26303548852609804,67.34743784961765,2,51,2.0
0.7457677526582106,0.06604654138936084,52.01938779330721,12.251435705371712,0.0017544403124381514,0.1365682792041041,0.001833867172107977,0.15231650454371606,0.0019635351183002487,0.15670770606161313,0.12763940435718546,0.1918147936694972,0.08077590548691727,0.2555895240809809,68.39623776547107,2,51,2.0
0.7730933098743359,0.11148239147780367,51.583930225348944,14.207296414135337,-0.033704845280404766,0.34787112867689907,-0.02676630485802889,0.2990825649231479,-0.0016040225358059008,0.44970706300486707,0.1285498625002408,0.195014689176655,0.08219020700455441,0.26195453629818477,68.62424748735914,2,51,2.0
0.7935776342729143,0.14906740154735704,50.72233741482099,15.244653210214913,-0.038044953180075274,0.4370485014536855,-0.03074557592581008,0.4109715029340257,0.00886394291221365,0.6246814714029485,0.12931531612748004,0.1992591079839086,0.0996199142614521,0.2654828339480355,62.475948904119626,2,51,2.0
0.8065269325366792,0.16147891645144097,50.95347908957332,15.375025907234187,-0.026659991236074883,0.5087047953230098,-0.020757972783244708,0.506431255217003,0.007947388575321027,0.758615260083622,0.126081349582686,0.20876436824667305,0.1131042543975643,0.2694559438607614,58.02495473768069,1,51,2.0
0.8225940044092781,0.17308180958708416,51.30601318443523,16.859986876079343,-0.023956378857952123,0.556556697704949,-0.033448353701946786,0.5938517780974628,-0.00974773617881332,0.915018620843297,0.12231966902062527,0.21921415827367108,0.1310426421226862,0.2732299242114883,52.039425220037316,1,51,2.0
0.7891359786849981,0.15359184222747718,49.490016422435346,14.952566304334738,-0.01093081408636827,0.4472049843505962,-0.017841087480751323,0.5313573646933457,-0.0022786390355916,0.8130484073369175,0.11554582143182379,0.23294856700831038,0.14908585929393006,0.2647631926542942,43.69086661959316,1,51,2.0
0.8149813647363701,0.23582104904226114,49.5726607716551,14.72576339858896,-0.0026751603273784414,0.37251954302817303,-0.01121921483975123,0.4801407017417169,-0.00013951058316902788,0.7044739543228256,0.10002934650570597,0.2532777838305554,0.1580352661308404,0.27611101749892486,42.76386811277614,1,51,2.0
0.8158593856565216,0.27345202429174176,48.23662833139008,15.31729909444558,-0.020404229561487835,0.27360745491135735,-0.03326572033156659,0.38454285882586053,0.001201289728758674,0.5899102018929934,0.08214887386239807,0.2731617456976256,0.17455648240291094,0.2766705123606795,36.9081724996585,1,51,2.0
0.8029909648329896,0.2637488497797551,50.2753398827478,14.954307625618332,-0.011374076061389026,0.18717981351978313,-0.026567501664234727,0.25150826194317977,-0.01001856786509355,0.2837983998237497,0.0580145542916051,0.29583135262547144,0.18210243704836546,0.2738821755221498,33.51066505106017,1,51,2.0
0.8124569843833646,0.26202160367573313,50.55273189264185,15.009972337496595,-0.00022380174521137685,0.20832375022672225,-0.010041460002242935,0.28239498645317956,-0.008383954455162965,0.3008273716637176,0.03045394484555789,0.31653805794536943,0.19301708016010538,0.2771263698304302,30.35051832916158,1,51,2.0
0.7634772657069797,0.16277538470171654,52.21732437493754,14.613199790783332,-0.006250729455667383,0.19554047009950554,-0.03163674796073168,0.2490511526763076,-0.004253600477514898,0.27060964873351306,0.004094451214787671,0.33143898431447516,0.19722550450015558,0.26102437133421336,24.441727991893238,0,51,2.0
0.7433116758315295,0.046061713612723425,55.06019375896921,13.4880185149182,-0.01065917459188723,0.16725625426506738,-0.036071030651310496,0.2400434230516579,0.0008603019329408804,0.20827817613354987,-0.023804094440285865,0.342038074971084,0.20105731122526596,0.2538933854333098,20.810339000313306,0,51,2.0
0.7670684130497131,0.09713566086236798,57.10484872027939,12.185212040469864,0.004218416178927702,0.17354351150164807,-0.023945174800852936,0.2278852086542561,-0.008268334711080088,0.25266279152433635,-0.053550779975108626,0.3490887785022478,0.20855770389525302,0.2619882427630241,20.394250636697674,0,51,2.0
0.7713913666449633,0.09955325344427451,59.9244777963442,10.550816334503303,0.002169761733681548,0.16336529576154238,-0.03426430281251669,0.1757815532936373,-0.002765597373831506,0.25485245346177765,-0.0829345513529559,0.35297365806018444,0.2085153549462045,0.25845575139849614,19.322609840201153,0,51,2.0
0.7773873602021851,0.10080452424002952,61.377719067475375,10.389118959617814,-0.009590958299882272,0.16320963938003166,-0.020856629564043355,0.16582816906007714,-0.00664675805498572,0.2748812773464187,-0.11197609246607557,0.3527602016102318,0.21584947406169724,0.2507262614493512,13.910304882322567,0,51,2.0
0.7895621340356621,0.13828953320170045,62.639500897304686,9.763928986914902,0.005250339085857074,0.19188031602154357,-0.008857727799491556,0.17790350545823888,-0.0016165263950824738,0.32694312925417696,-0.13943267484298774,0.3507544768686785,0.2205857992711003,0.23877828191223727,7.618985485381613,0,51,2.0
0.7821749084282155,0.1440283233173658,61.61817460317238,12.886007068611649,0.01128434298523501,0.18042793716202912,0.005301663286837877,0.27268895246648195,-0.009308182533976495,0.325400826114857,-0.1623415556225315,0.34797671710788003,0.2164891011451306,0.22895837734507488,5.446088649183256,0,51,2.0
0.7757485851339594,0.14303527461052312,63.241307218285165,13.607501860449322,0.019248172166008576,0.1919801612830341,0.0031538401894709643,0.2910018246173455,0.0002079642304748881,0.323723552245434,-0.1809908586784453,0.3448529782492699,0.21216408043994903,0.2259856598836775,6.116131196485175,0,51,2.0
0.767882849612529,0.14731319965456358,64.52328428976676,12.981013205991262,0.02648252913472699,0.2196884208211047,0.021325491733995137,0.3615238076653232,0.003992213000196452,0.3018452223589617,-0.1939777316478083,0.3421098080448553,0.19836456045934261,0.22854012808942362,13.203618936571981,0,51,2.0
0.7533830430691916,0.1162080674765003,66.49507243493024,13.24122716553126,0.018218445938591864,0.1931617512994799,-0.0037510330040080877,0.36936873052699687,0.0035951758333134885,0.23679542655005054,-0.20362419542710397,0.33952015715283157,0.1893504941042066,0.23507952640858332,19.4525797303576,0,51,2.0
0.7431198920913077,0.074306755464831,66.34465397572986,11.390152524185567,0.016006486234711667,0.18369138649380687,-0.010624388196304733,0.30470360548522585,-0.0016404568655964207,0.2179134596702698,-0.2119694779256004,0.33733267461183186,0.18170755853429346,0.23932548861472783,24.075133164436636,0,51,2.0
0.756979065655055,0.14528622180840367,66.21914614415637,10.807574121115099,-0.002210868741659557,0.18005760340218865,-0.015410955045737472,0.34812029104736053,0.008204469009868655,0.3456293822254621,-0.21930968967026204,0.3342124165893308,0.18055191000130685,0.23437184433806332,22.963481167612166,0,51,2.0
0.8075751091408379,0.26510204988196023,65.88930805056702,10.865630755291543,-0.006603344800133331,0.2541924626538934,-0.017853240391203,0.4094348216643823,-0.002525396334628264,0.5191190208564158,-0.22616791805990508,0.3302699261772193,0.1828954054933568,0.23632603414811815,22.608862729560087,0,51,2.0
0.8339586798558194,0.32648240452130384,64.58210112534317,10.815013138160012,-0.006599118202632549,0.2643485084394875,-0.008433743288703993,0.4232999245743011,-0.00508036491844584,0.5754615007900749,-0.23151056260186484,0.32623772325340594,0.18663989773169354,0.24336655266674775,23.30914183295042,0,51,2.0
0.91495158491364,0.40201549228461714,67.78957032689861,9.672581258810908,-0.00960328134105486,0.34595169749341476,-0.0031330474451476452,0.4872997872334727,0.020202673405554948,0.7207007070050687,-0.23440248330414207,0.3214106030859719,0.19547393319904854,0.2430174694412266,19.56383479405639,0,51,2.0
0.8854728290427696,0.3887958241950238,67.80489681281296,9.602542809318798,0.05439792865631627,0.3949961585602278,-0.007692921103215685,0.4366864613207428,0.011087168245485016,0.6642558663053036,-0.2341529214613561,0.3166844126028052,0.1841244098682251,0.2484651978437091,25.895291788895115,0,51,2.0
0.8861122871842235,0.41856377881252416,67.1601135969162,9.904560758362148,0.0410713879019022,0.38563206263991745,0.013342799693346024,0.3831644706429236,-0.008077489137649536,0.5950914816616356,-0.22922906330012938,0.3114057785045916,0.162388636776661,0.25415182422780985,36.10565760444695,1,50,1.96
0.8766079204631787,0.3738511274280002,68.38181059968238,10.181117789240128,-0.004937268428358377,0.4127112607887376,-0.020145010422257817,0.4382117943457967,0.020227237148027793,0.6465545376758659,-0.2236179856781058,0.30780757198644254,0.15675449748791356,0.2549009830984053,38.50376896059361,1,51,2.0
0.8487565230906886,0.326386776018726,66.72402744199715,12.563188043292824,-0.015201034280014973,0.35858702699971,-0.022841050344354966,0.4076307936086401,-0.003251805098033419,0.5538654398858135,-0.2220703201807981,0.30918382791448007,0.1576593364604688,0.23622341519067533,33.25837900819061,1,51,2.0
0.871826714105612,0.3285362908624439,66.2336164338916,14.16040035563377,-0.07645054548686626,0.2977416767437424,-0.040119547104718635,0.3803883847191149,-0.003272422023263632,0.6103339418324263,-0.22670748907960572,0.31581309727806056,0.1848469529717333,0.23521226159499026,21.41270539287636,0,51,2.0
0.8819961097347093,0.2652488463146129,67.11661629817065,14.668348743935987,-0.12472254651434281,0.31699249180879796,-0.05708853856605642,0.387337607239425,-0.008758246186463273,0.6256237702140255,-0.24358196308561153,0.3327634873162955,0.2249103202268714,0.2223731231898056,-1.1409638901820784,0,51,2.0
0.9043666291981936,0.31543347620171247,67.34760389374752,14.308039618637775,-0.08686639142094874,0.4318089861928207,-0.048004416420179254,0.3307292583734231,0.003957699089511937,0.6027702175220608,-0.2776052207671761,0.36466013913397605,0.27101609754750666,0.22589396489795877,-19.974917289149595,0,51,2.0
0.9015192648067194,0.2956542738602134,67.0813801054861,14.215453962816275,-0.14271960648543694,0.5793159615892282,-0.07026285385968638,0.31227524556709574,-0.017534927720678786,0.614394471263957,-0.336378506311751,0.41435579298558634,0.33280288884706516,0.23438638017080998,-41.98900490913071,1,51,2.0
0.9881737458008323,0.4089580192167697,66.10179853147152,15.139159780086718,-0.1840017115806832,0.6612681666515983,-0.02633650228381157,0.5582956586717766,0.007658679531339337,0.6584494478026893,-0.439779003212994,0.4835172464691697,0.4391219108975001,0.21059609178170124,-100.0,2,51,2.0
0.9527821248744195,0.3966186328519563,57.172287266628416,20.031268981589115,-0.024865423274390838,0.8676816179741351,-0.01628559710932713,0.7723094571719237,-0.001319261523438435,0.6555688420771515,-0.589774019403301,0.5493449092526053,0.5069072138404374,0.2206082102648796,-100.0,2,51,2.0
