feat_w_vel_mean,feat_w_vel_std,feat_curr_mean,feat_curr_std,feat_acc_x_mean,feat_acc_x_std,feat_acc_y_mean,feat_acc_y_std,feat_acc_z_mean,feat_acc_z_std,feat_pitch_mean,feat_roll_mean,total_dist_actual,total_dist_cmd,slip_percentage,slip_class,n_samples,win_duration_s
2.212830905639071,0.5098347700363258,75.28473716466985,15.636446555137942,0.10085879430481966,0.5525599852710509,0.11755402059234837,0.454688944480331,-0.002490581260954446,0.3069287396029033,-0.2942582486051001,-0.537226508637587,0.14235113711612066,0.27039206841878105,47.353804440872736,1,47,1.84
2.374105412586063,0.03191628595008355,79.54431399177102,1.7595457649735633,0.06760986609493985,0.5167473506137005,0.11795035702194653,0.5559657653276857,-0.0628631014157744,0.3876712935561217,-0.20242344127878212,-0.5969659962406335,0.2166443912910284,0.3148063777099459,31.18170195057526,1,51,2.0
2.3717863863589717,0.030722481121195654,79.52312669567033,1.4235304502555446,0.07683475315570831,0.5163311642721248,-0.00022220556788584764,0.5827858992696038,-0.01653758487572857,0.3843968094215225,-0.08443414812333447,-0.6504198649547908,0.25780010944170156,0.3144988748310338,18.028288787930936,0,51,2.0
2.3718631922029982,0.021921407967036843,79.52312669567033,1.4235304502555446,0.07738732784876928,0.31456593041886227,-0.0017829038860166773,0.5008555838910262,-0.03638925396052061,0.40458791947691275,0.01719588113428417,-0.6770994175132812,0.2847418462797893,0.31450905928887124,9.464659961270383,0,51,2.0
2.3729033996077145,0.01728313663147792,79.52312669567033,1.4235304502555446,0.040383482580164484,0.271378394948312,-0.05154947626094023,0.41818053885833006,-0.03233795839489675,0.3660398827347757,0.09887018483368537,-0.6597046039363491,0.2982573746604989,0.3146469907892068,5.208890155789836,0,51,2.0
2.3693451355485355,0.011412334024976453,79.72545365726246,1.04382918665868,0.020975961669476007,0.17272259372271095,-0.06487678038869418,0.2233111330254482,-0.005214383095210674,0.2686716165871496,0.153020156180963,-0.5856588940438971,0.28318187062250333,0.3141751649739296,9.864972730737042,0,51,2.0
2.376067387122734,0.01623522576381973,78.61918214723175,4.236216766498576,0.03865725715991621,0.09919139042348027,0.010210969394036368,0.1335720135996657,0.0023521467057221078,0.24084391895851343,0.20230665987774307,-0.46899028484579475,0.29953180208096597,0.31506653553387265,4.930619948762072,0,51,2.0
2.3852412829212115,0.014417405007322671,77.29670595655254,5.559001807848155,0.01581186339186103,0.09753564083030453,0.02667022324806335,0.10309314237767722,0.012032546449963953,0.21580400452064039,0.2312323482624928,-0.3415796657992341,0.3141203804839355,0.3162829941161877,0.6837590614997779,0,51,2.0
2.3959104091513392,0.011030261189987121,74.89734724456189,7.325571884491998,0.020071335155151637,0.09671883382968693,-0.0045923707531947714,0.0970027312083239,0.03253724508206634,0.19578947120302997,0.22065612778728855,-0.2122127567836103,0.32551322455054266,0.31769772025500437,-2.4600441857955735,0,51,2.0
2.404573821553997,0.02100117609618878,68.38280017703187,21.243336013756572,-0.0432755269530211,0.1359653325457663,-0.02577497476857959,0.08886765371094962,-0.24133577707278378,0.8947582680197442,0.15243477750494316,-0.09852961728926139,0.33636084971622876,0.3188464887371129,-5.493038687202345,0,51,2.0
2.3894717868636635,0.0471783078560143,68.93221394220988,21.250578475743755,-0.06795529140086443,0.43502707935024276,-0.0017779691455264885,0.34244417162988905,0.03854984932524316,2.1248937827941408,0.0579678497712647,-0.005789375054726456,0.31595719573891834,0.3168439589364719,0.2798737904077697,0,51,2.0
2.367932893481909,0.05734879978742513,70.25871557347915,21.466984318573953,-0.055429290313565846,0.4388504558554604,-0.00627018176201804,0.3408176327994726,0.03898714957576172,2.123435465344969,-0.02422520380527407,0.06191612342147992,0.276062123317497,0.3139879016731157,12.078738751884199,0,51,2.0
2.3457063004082324,0.05407859650201919,72.65404884487975,21.45392964608563,-0.0403419724008178,0.4405243672562934,-0.0011373009057898148,0.34042209795543266,0.05063502441215165,2.1219558630856676,-0.07382710768271189,0.10392839342379265,0.24666054035372084,0.3110406552804661,20.6982958123894,0,51,2.0
2.338306242344426,0.04863259775448286,73.0529718025058,21.43297158866718,-0.06147278750351831,0.4126157389390777,-0.029253062299069238,0.17768710323546755,0.04376865497918105,1.5927794389934655,-0.08560716635876782,0.1183121128041573,0.2231673970922425,0.3100594075834936,28.02431029861675,0,51,2.0
2.333220899105072,0.06473373674610987,70.48435029796525,25.713892622638657,0.015147004057379329,0.47174313399866347,-0.013667255877425857,0.2294665865891221,-0.022502116585040793,1.8380344296105677,-0.08442957987549708,0.10882170497107213,0.23211888722659474,0.30938509121119584,24.974120014030277,0,51,2.0
2.3412164876274035,0.08245615753267412,65.68826197642906,30.383517630085198,0.0012667762188642634,0.671505516631942,-0.0032224913912953113,0.2712014455182544,-0.0039154904912792,2.4768117882950946,-0.07040259121528136,0.10460360485454391,0.2581787327050936,0.3104453062553802,16.836000576311104,0,51,2.0
2.3454546046023275,0.09561518347080451,59.96592571221146,33.594827929255906,0.00926035087482602,0.8684871410077329,-0.008447567877524039,0.38373268920657744,0.034030066364828276,2.7487627986337997,-0.05447360985966578,0.10333003399067742,0.27134089916932536,0.31100728056675897,12.754164894515728,0,51,2.0
2.3385560606040205,0.10378125077823865,59.00692519954607,32.41550086589472,0.05486671831093583,0.9973800522004258,0.014971271193787163,0.4583559687505257,0.22570138479418614,3.0863356137756495,-0.0334217665175995,0.10245261801184194,0.2787766887963513,0.3100925336285924,10.098870961449546,0,51,2.0
2.3516029896689394,0.10997574690621385,55.58049427294264,33.90236705089464,0.02703478567156137,1.119434691535489,-0.007236124956797736,0.47425995666856297,0.12995630338349762,3.459291846750703,-0.007071209618891268,0.09967704211220432,0.30315808591995563,0.3118225564294346,2.778654183549989,0,51,2.0
2.3694601047272776,0.10296361931455737,56.29562730415195,31.861856664605966,0.02103506569184509,1.0449477469296387,0.01675351286380022,0.49322728542060884,-0.10236181404587685,3.1295302661848554,0.01874943429458734,0.1001337298164232,0.3130649477536954,0.3141904098862875,0.35821021176279944,0,51,2.0
2.374940774604386,0.1004248092551688,58.63389839845545,29.585026925503335,-0.011365250446924977,1.0763885906143482,0.008424816936181457,0.5106121206080564,0.015935551649069086,3.170192120709335,0.040202626804623755,0.09652355836630916,0.325385002705583,0.3149171468723489,-3.3240031345378673,0,51,2.0
2.3873002260339025,0.08716339507686136,60.84918208215751,27.38893901594494,0.05250316233757664,0.953566769713374,0.005314434157209653,0.5879260727227692,-0.1835514531452574,3.0150721827706386,0.054136929665026076,0.09044378477688492,0.3295927341675748,0.31655601013121104,-4.118299327490282,0,51,2.0
2.3916099644174764,0.08327652766986769,61.08742375467338,26.22676908090763,0.03988339803090282,1.1261698422586859,0.0199780344743939,0.5839753152414754,-0.03810175919138333,2.9367510783111466,0.05768309793838334,0.0877199353172301,0.3405363172917933,0.31712748128414087,-7.381522381114136,0,51,2.0
2.389871632351595,0.08759316267877289,57.83776812459908,28.13851416818872,0.09609240249675863,1.2004870493572655,0.024077034135367357,0.702589277114343,0.10149141328007567,3.2666858912363934,0.05523598150295023,0.07822506335466646,0.35847217536918413,0.3168969784477252,-13.119467760503479,0,51,2.0
2.3932682188118206,0.07664478071671431,58.99480642991907,28.5551902130358,0.005717621422281452,1.129224175305272,0.007680311324257476,0.6367913174766249,-0.012275399822814791,3.241305255942993,0.055246837875685274,0.06547584395731502,0.36119482827669913,0.31734736580760187,-13.816866687237805,0,51,2.0
2.394304360244788,0.08948339670247248,57.835646956574685,30.41067012518269,-0.05203775331085803,1.3831245768085434,0.02082016808437366,0.5167303104825873,0.0220030382567761,3.6183319376859813,0.05816664146195762,0.05006119565293746,0.3635015889731431,0.31748475816818095,-14.494185821854689,0,51,2.0
2.387217463231554,0.08632939362605326,58.263609876819686,30.3495833546318,-0.09515623631430607,1.1997619619000448,-0.0258026548533463,0.5478526154590984,0.1706413659541046,3.50343290937837,0.05819700401287452,0.034732368451242536,0.35391076795528975,0.3165450356184102,-11.804238933610488,0,51,2.0
2.381232573121202,0.08881674278670494,60.3336787036821,30.71754509682059,-0.052871054294062594,1.1167290986277991,-0.04180585297153277,0.46976973447172343,0.18713848468135386,3.495505786021792,0.059415521359134596,0.01811343220620163,0.3411447544800214,0.31575143916839643,-8.042185137304237,0,51,2.0
2.3865234594719085,0.09348638235105161,62.33080348781511,29.631999975115917,-0.012722631660746593,1.1746212735441741,-0.0027443611373504004,0.5871154801396516,0.2083493387874435,3.650831225821588,0.05863217024422126,0.008544465440370819,0.3462130678815803,0.31645301070489773,-9.404257873986467,0,51,2.0
2.384233527908138,0.08598146578407838,65.15307358199475,27.028381709656003,0.052389607947392794,0.9462739188560289,-0.008725514489353872,0.6094168165049204,0.1460758872768458,3.04860890489981,0.049774166811898515,0.0004215110809920812,0.33253169075003985,0.3161493657819629,-5.181830723448377,0,51,2.0
2.392399437871634,0.07850294377225958,67.01016681334552,25.62044145863761,0.030867760083364212,1.1126667378329078,0.015649530415733654,0.636760697755113,-0.017081598002536624,2.863792884768742,0.04679814990987199,-0.005082111060816408,0.34028314694586514,0.31723216545021976,-7.2662812936800325,0,51,2.0
2.397188124703426,0.06706837735906358,67.53084181804283,25.72929939290205,0.03773412281446451,1.0821026931697844,0.04620022505667864,0.7370878841587708,-0.2009604463682455,2.4904828836169934,0.048497243194778286,-0.014166793058171567,0.34471172504080605,0.3178671453479665,-8.445219987568397,0,51,2.0
2.3888395364378012,0.07857392427972802,60.5357551574707,30.55579568600146,0.057167296256760466,1.1321352965347657,0.004143265276855114,0.6995013200550703,0.015674338182982278,2.8940399855661867,0.048404449092868534,-0.02634008130513194,0.35198170922709476,0.3167601225255964,-11.119324749804083,0,51,2.0
2.3911485905740775,0.07656360444779274,57.7789651739831,32.81734694092873,0.08236863989583856,0.9458106665404844,0.04184742783214532,0.687428484736519,-0.07392783952402134,3.3133535082090186,0.0465300912867056,-0.04031930809166179,0.3530365555481095,0.3170663031062167,-11.34470995167305,0,51,2.0
2.3855786808565553,0.0814233245968906,54.13434777540319,34.26686009865948,0.062454832261245624,0.882887890367823,0.026193006402429414,0.6674297078410191,-0.11315432972475595,3.31543206418929,0.0334266724024178,-0.050764952217705696,0.3480277828768129,0.3163277330750875,-10.021267972163761,0,51,2.0
2.3857727173496697,0.08398438768577841,56.43417222827089,31.531302126381284,0.007896662233214752,0.8554513687974636,0.02384658840795358,0.5441725050245781,-0.03199297343106831,3.205851335281015,0.014726379649682706,-0.05737855669118894,0.3340078232896494,0.31635346231016287,-5.580580926968848,0,51,2.0
2.3813228250718583,0.0713674200920798,63.74721301770678,26.915802495030437,-0.005305702925897112,0.7672282767596298,0.028338091813173948,0.533676224593602,0.0046968173016520105,2.6704883567032653,-0.0011693933105684166,-0.06659947933002311,0.3213181963849705,0.3157634066069395,-1.7591619743783538,0,51,2.0
2.3838094864405837,0.07252459959912667,63.1580784554575,25.278327908180117,0.026013459572020697,0.7203988914609837,0.013043209335164112,0.636081264037692,-0.042964038895625695,2.1895871035049694,-0.01216391512908076,-0.07541430511739845,0.32106991769514337,0.3160931377422204,-1.5744663071368459,0,51,2.0
2.387189630199881,0.06408152348261564,66.85564544154148,20.009561370732392,0.010954289678849425,0.7141066009453657,0.0345331203722048,0.6565614942552976,-0.00015382147302814557,1.9814358361864612,-0.01832564663044888,-0.08702324887833576,0.32675531136592806,0.3165413448093739,-3.226740115957094,0,51,2.0
2.381370774086784,0.06310348626603343,68.47118876027126,19.71522321630178,0.04530895903122192,0.6693237733766724,-0.018927696279670093,0.647269916238923,0.13571525153283978,2.1019590808544746,-0.027246679865511183,-0.09788327281512832,0.3298218908536132,0.315769764642357,-4.450117707492263,0,51,2.0
2.3945375184218087,0.05720382248019178,69.77702478334015,18.9734653435901,0.035171926898114825,0.6235700339115782,0.023332485582168196,0.6122632182541681,-0.011389782707042554,1.9590566122843327,-0.032731909161181176,-0.10324982473894467,0.3439499005195428,0.3175156749391793,-8.325329319702712,0,51,2.0
2.3943006180080713,0.03789193924946544,76.39699798471787,9.15086152941947,-0.017287525731851074,0.4635057790196341,0.020376040161970782,0.4533932486696863,0.007031863792708107,1.3553053987685022,-0.037391039728796094,-0.0989254559827182,0.33766291424497447,0.3174842619446779,-6.355796087874355,0,51,2.0
2.394033436097351,0.031183379157081647,78.28915356654747,6.302656657892811,0.023220257440983664,0.2910190528413908,0.0003005645292646745,0.3746628595208511,-0.025301139027921155,1.0574456549907447,-0.03744959140252119,-0.09323062105152367,0.3414264573641546,0.31744883362426934,-7.553224709045558,0,51,2.0
2.397788033765905,0.019024612242910407,78.17583542244107,4.838297001105504,0.01195203648953169,0.19653233561730188,0.012818596858814285,0.21808960191377183,-0.03877370069762144,0.47210749932857593,-0.038946873525547,-0.08331867518361329,0.34288179076992814,0.3179466932775944,-7.842540280978261,0,51,2.0
2.399955131259619,0.019849450238441445,77.09953216010449,6.362798623557869,-0.02672714424118692,0.21194971586679748,0.01157514241811655,0.22097052249049667,-0.011807717686500765,0.4421142965303272,-0.051551449460746954,-0.06588791337771856,0.3362597679410585,0.3182340504009965,-5.66429567085871,0,51,2.0
2.4123064688607756,0.029959618565880346,72.21957777294458,14.85602647917691,-0.0677421848088795,0.3367269544270771,-0.008144298875384837,0.20877656991559296,0.007783941913158724,0.32128023285568524,-0.073475986286518,-0.04929269744693694,0.30768036916176633,0.3198718379258941,3.811360463359137,0,51,2.0
2.4303274525731218,0.029848856869271603,60.0319011702257,23.060255296551585,-0.06841951235215746,0.3461219376477954,-0.025126295821631655,0.21111996512070577,-0.001452431009680617,0.32165367690344615,-0.09773777793923585,-0.028004663224160186,0.2735859527260654,0.3222614203668128,15.104342178267183,0,51,2.0
2.443509317204064,0.02359960167996102,51.585246389987425,23.653845785235728,-0.061486886458142716,0.4681915800932987,-0.047360412287982365,0.24382053416088306,0.0009005492662682253,0.3512264273269378,-0.12028131371722262,-0.0024475248212177374,0.2516511056882934,0.32400933546167676,22.332143507618706,0,51,2.0
2.4478692149414734,0.03568679242988456,44.36095659639321,21.954755045741408,-0.04218301082066461,0.4858890780265788,-0.057879667496308684,0.22239072836561596,0.01588960072281314,0.3176399954381629,-0.13451311729802373,0.020379862671819113,0.22244964594331593,0.3245874579038674,31.466961976947815,1,51,2.0
2.4484472163752016,0.035038067599290894,39.69605099687389,21.159258134768717,-0.018795438987367293,0.4094013380752208,-0.03267335660262581,0.20158090460573622,0.006139806526548722,0.27203627235286054,-0.13869842350714054,0.043715952386226456,0.21368532050181985,0.32466410089359443,34.182646029025186,1,51,2.0
2.450044806097068,0.034593148630008036,39.57602805483575,20.805407385388946,-0.044447762161201124,0.33315615024424483,-0.017303144152951883,0.1673340644050628,-0.00039013095346151615,0.265645662783594,-0.13903108125700758,0.06549498501879789,0.2028542280761592,0.32487594128528524,37.559479697505324,1,51,2.0
2.4512934629239287,0.034858287525543784,40.57623624567892,22.063152646464317,-0.02000114694237709,0.2901857455410587,-0.02064255928145904,0.1680888450576045,-0.0041677525960931595,0.24593995229536994,-0.13639505298545745,0.08411716473958498,0.18716699449981522,0.32504151318243274,42.41751071508028,1,51,2.0
2.4594188294574324,0.01319622777256704,38.259909802792116,22.918082714695057,0.013786353810014678,0.23730962945382258,-0.029461350291967392,0.15907717952842051,0.0007660965270855848,0.2575274912017556,-0.13170901500655807,0.10031878870770687,0.1878368712287882,0.326118936786291,42.40234158745599,1,51,2.0
2.4587061294153627,0.013812703965267552,38.104863208882946,22.24666978675347,0.05697830691568408,0.3399070854039111,-0.04350539194602592,0.15069041382454806,0.002562517263725692,0.3180654739384384,-0.124645502519808,0.11625741888410104,0.20298914186831304,0.3260244327617744,37.73805841826678,1,51,2.0
2.457373068320985,0.015052347810811453,37.85044977244209,22.496996816648466,0.049591131891836136,0.38576347684607515,-0.07429341102639835,0.17031457890845464,-0.004166218287804548,0.34561515979712626,-0.11378900579581849,0.13164103655465983,0.2325491243267692,0.32584766886190575,28.632564676924687,0,51,2.0
2.455401518473438,0.02112373405048529,34.42124584609387,23.387266996780703,0.06066982092007118,0.376814557674235,-0.09388249623132687,0.1967886208003371,0.007730804822024177,0.3386398302794621,-0.09714241157070343,0.1446456898788245,0.2705837446735239,0.3255862413503112,16.893372535852315,0,51,2.0
2.451987299264646,0.02096412300549359,36.62513449379042,23.707582443848533,0.050475637264111466,0.3741273967552677,-0.11708555713880296,0.20943260190949575,-0.0008175436626462376,0.32772837920821635,-0.07459357203335923,0.15317415034135756,0.3079156451058653,0.3251335158812903,5.295630851453481,0,51,2.0
2.441223482875263,0.04084416676140318,35.79503768799352,23.454371358667554,0.05428669031928567,0.3240523371416045,-0.14471146625046635,0.2958722584277895,0.0010181017512199925,0.5336061683583251,-0.044853586018260665,0.15727857609816726,0.3444971544231793,0.3237062338313261,-6.422774237547357,0,51,2.0
2.4411555394238116,0.04042427126501767,33.83732080225851,22.363861466416168,0.003988468289083126,0.33346442704559787,-0.14015894887201927,0.29889170948637467,-0.012011139334051632,0.5392363566885877,-0.006710592763663463,0.16080253710066827,0.3736250387770943,0.32369722452967764,-15.424233037512213,0,51,2.0
2.436125281102517,0.0411827694565907,38.58824715427324,20.188115973588072,0.014180359558439722,0.3524315430625471,-0.12811021952360285,0.38856212974682935,-0.02640510663645817,0.5582406571045703,0.04293468024705106,0.1799969809744791,0.3937244806968061,0.32303021227960416,-21.88472338804377,0,51,2.0
2.4436766224748947,0.05534247096444037,37.53306181056827,20.325763650866442,0.01359973508207237,0.405940507031844,-0.150226761897405,0.4561790485366673,-0.03824277250461426,0.6243268858896548,0.12347588191685499,0.22646731066925113,0.4140199947963289,0.32403152014726766,-27.771518835008013,0,51,2.0
2.4592245948665283,0.05800997043531843,38.35646171663322,20.708874118792895,-0.047240896442649415,0.6824684953334652,-0.012393104095084994,0.8279304872427968,-0.051413020511687384,0.4839606487246512,0.2748555315113761,0.2887565742663687,0.4346481951156232,0.326093181287189,-33.289568766796805,1,51,2.0
2.4552460777408935,0.06870541229840725,41.96419435388901,22.495849663370635,-0.036658806981993655,0.7764229967892511,-0.07912973212260827,1.1550520692690103,0.025003676320992263,0.5952412552590971,0.49011670413243275,0.31138861172436677,0.43799639744450836,0.3255656297395378,-34.533979460583275,1,51,2.0
2.4590612363581563,0.06790247813965498,43.164517038008746,24.08475276248172,-0.08847386945112079,1.1572015116024539,0.006923294388780407,1.2257243580757398,-0.02350940190109552,0.6556129167265256,0.7298430349279587,0.2904430222365583,0.4264495159865728,0.32607151976308046,-30.78404280644498,1,51,2.0
2.4464406324367896,0.08135937908169301,45.11714238045263,21.912793916837526,-0.14728621583358914,1.367599237698624,-0.11901974181334178,2.2041687142601347,-0.034397966429299,1.314584706593922,0.868776225652909,0.20026660126535312,0.4033823823227644,0.32439802786493604,-24.34797615067923,0,51,2.0
2.4405849310843384,0.07737574254664162,49.298713712131274,21.35964019255265,0.05751452901784111,2.679360176253923,-0.17018189916715903,2.3037938104267837,0.044282754846647676,1.7450862081691927,0.8182130457175604,0.07791943603007666,0.3504842774187785,0.3236215618707409,-8.30065691320252,0,51,2.0
2.448572713151282,0.06984540149400859,51.266150067834296,18.75603403701517,0.03436875284886828,2.672502089857835,-0.09522071166657935,2.218011677422411,0.0032814225437594394,1.718996951902955,0.6534665683953153,-0.018002439505098583,0.31788660564370647,0.32468074178381545,2.0925590174463715,0,51,2.0
2.4483570150446656,0.0684337339690005,52.80017731703964,17.741503021009795,0.03913735379191006,2.5544264559267686,-0.13942564914331718,2.185183933553874,0.05110684124862447,1.7114695458414624,0.42679747992608286,-0.09607006699349435,0.2982614016898496,0.3246521402232904,8.128927939698682,0,51,2.0
2.45441774008613,0.04546796479994978,51.84690108719994,18.431405643687146,0.09517745936618131,2.4520270270080586,-0.10567395484038428,1.31266349910451,0.05445426874154923,1.2577348696293345,0.1959210190956017,-0.09548159518827415,0.2760206854052789,0.32545579232704214,15.189499799126994,0,51,2.0
2.4536656246465793,0.032076512165778885,54.787879803601435,17.62463440627184,0.010847430603176939,0.7772184734949726,-0.10348943693965089,1.008980667634052,0.03583189899868825,0.771216669630469,0.01558138656488913,-0.04369827107095867,0.292982020024769,0.32535606181677923,9.950342283845737,0,51,2.0
2.4495172112011443,0.03147341448264139,60.96651393759485,16.56835820671053,-0.016427032722561966,0.6729600319924834,-0.04933398290007722,0.8671118564348447,0.0093478631666478,0.7620477124445832,-0.12949224897014344,0.01724880263485088,0.29459622175652317,0.32480598235596025,9.300863358584854,0,51,2.0
2.4546451346546996,0.030056070283688174,64.2300196465324,16.709997186758432,0.027411706088220373,0.6097654320680458,-0.07397539212423213,0.8221158806011587,0.08562463547523115,0.7417575051225398,-0.25994414804897,0.07851403639482768,0.30688868901502625,0.3254859450035861,5.713689415484568,0,51,2.0
2.450529071630216,0.022576557358899456,73.20130900775685,10.376242597786527,0.035096956161307355,0.49655759191777965,0.02047458393316643,0.3892258627918564,0.09615195089695501,0.7487592536808425,-0.3108538635223373,0.09682915360079802,0.3189865538205825,0.3249401548961131,1.8322146357793279,0,51,2.0
2.4498180676909054,0.023022573867966543,74.96679884779687,8.194774478422184,0.008912155222074659,0.2868387948024941,0.02596853279015597,0.18875240323301143,-0.009056225272954679,0.40303955022056764,-0.3112755877500389,0.07864129006206631,0.31421286858054315,0.3248458757739375,3.2732467875916327,0,51,2.0
2.4483675091874364,0.024349417159203666,76.59289671393002,6.769976820388507,-0.016141479725346845,0.2613155402958256,0.023283604897704778,0.16533846770093288,0.028911471184270055,0.39260814276494743,-0.3026401987045444,0.06286237404690583,0.30770937555707495,0.32465353171607064,5.2191504184265,0,51,2.0
2.4433909701366052,0.01803126225076534,78.2541127204895,4.134415936058921,-0.0038678543459551005,0.22156729212734716,0.012667329653221019,0.10892605837562004,-0.014431012575240695,0.3545568996280462,-0.27881684164552156,0.051266719160366125,0.30294250885031476,0.3239936426372238,6.497391002971009,0,51,2.0
2.434719391897613,0.02900122314859742,77.95955632714664,4.271144288471384,-0.027360405480744792,0.27300387050280817,0.0075097222100285925,0.16761153962435443,0.0035913031109992195,0.3300977014881181,-0.2712465336908115,0.03463789552947743,0.2860254826074433,0.32284379136615526,11.404372561389675,0,51,2.0
2.4093694347961274,0.035613945857962244,79.05838577420104,2.8681700486147563,-0.007851213709834744,0.2836234497051103,0.0018369128891066008,0.16884878842050977,-0.00914002418079797,0.3121635021672037,-0.27445581140459,0.016667224872825247,0.26515620696101505,0.319482387056197,17.004436643834765,0,51,2.0
2.3918120300068573,0.03436076900907091,79.63173333336326,1.5511413462417938,0.00401922277010539,0.2708642740588343,-0.006524601951241493,0.16402088159523898,0.018999530112042147,0.2809374598714959,-0.2878915398748821,-0.00858349906549162,0.2633438664070483,0.31715427518059675,16.966635162936782,0,51,2.0
2.3688166760930827,0.026032961390093923,79.70544360665714,1.475738093658678,-0.017402056002003306,0.2562901546347179,0.015021158309251654,0.16411065721563706,0.0021159982710492378,0.2664349169019919,-0.30857417782473345,-0.029844332246196998,0.2507370250482452,0.3141050912528644,20.174160804546126,0,51,2.0
2.3534415457762923,0.016011556005076255,80.0,0.0,-0.03402173827749257,0.2013769880465836,0.008792019102211092,0.10867737274666699,-3.060800772087247e-05,0.20631015262281258,-0.32025639656867705,-0.03740195846177756,0.23782987092646274,0.3120663489687025,23.788684133220983,0,51,2.0
2.346683899561564,0.01759583343137273,80.0,0.0,-0.03697751276195049,0.2358263617006797,0.008473002516171512,0.13462516358266144,0.0316153321342141,0.24755774136404934,-0.33428442998104174,-0.03266936487538376,0.22486794574500923,0.31117028507985245,27.73476243488234,0,51,2.0
2.341432032631893,0.015470985444260647,80.0,0.0,-0.011889362963391286,0.25656470506869455,-0.01076555960610801,0.13764817967394466,-0.01565815245403963,0.30134646252113745,-0.35348273165350724,-0.02096745323714103,0.20821490203011994,0.3104738875255201,32.93642061508143,1,51,2.0
2.3406238848087835,0.01662380193285017,80.0,0.0,-9.136749248878628e-06,0.2681772935294823,-0.013218492488650715,0.12267401299660914,-0.01751597627413039,0.2994359568054498,-0.3721964284432764,-0.016038647592388457,0.20899367018359724,0.3103667271223549,32.662346856141475,1,51,2.0
2.336719343475267,0.019311251024821778,80.0,0.0,0.0044053720639032476,0.24645242335592105,-0.026636938107948677,0.115555837229166,-0.008826697902644383,0.3169989556996018,-0.3688645464896333,-0.0074922951744360025,0.2100360468112294,0.30984898494202273,32.21341459274743,1,51,2.0
2.3370178014624354,0.01745187464393089,80.0,0.0,0.03647955474169815,0.195897244310579,-0.033351227677628104,0.08070400957779371,-0.009102644818816698,0.25846418162039675,-0.32456507564857756,0.007558191154823867,0.21934275398976313,0.30988856047260377,29.21882832485051,0,51,2.0
2.3427593474294626,0.020770860350575966,80.0,0.0,0.037881586335453334,0.16820005043591746,-0.02396647168286875,0.06249402950248015,-0.010046577281957748,0.1925079431225382,-0.24115961097399574,0.03409116323648125,0.23676072325315237,0.3106498894673599,23.785350878732913,0,51,2.0
2.3564254273386562,0.027082853987999964,78.98358487147911,3.173111197413226,0.05906427308332687,0.10898039977245956,-0.023009068734359508,0.0651873457981059,-0.04435339654047115,0.16158596502525144,-0.1383826506159447,0.07428876975036705,0.26575096595995545,0.31246201150971353,14.949351866508731,0,51,2.0
2.3746792738344156,0.021859079357152193,78.78159552929448,3.221516611946126,0.05711203839118574,0.08648123561943957,1.5208296769974278e-05,0.07241312986153937,-0.05110536325795978,0.13638378487244618,-0.054248533749907256,0.11030564893306392,0.29969403408790074,0.31488247155494403,4.82352586729905,0,51,2.0
2.386476628920611,0.012291302000727936,78.40407130297493,3.3593032667960716,0.02839882607918744,0.09422630490837419,0.0238057130619007,0.07960072391947914,-0.029341673715880104,0.1430689903466514,-0.006932488443051257,0.13197245772020313,0.3193075517251459,0.3164468009923475,-0.9040226426139775,0,51,2.0
2.3895867712357464,0.00843047253180449,78.35778578589944,3.3451734622145546,-0.00453940079565726,0.07705999105968597,0.03995540022265678,0.08184724888381317,-0.02617243989644682,0.14503666609627958,0.0008824566261676138,0.13530063142172563,0.32082532730200697,0.31685920586534466,-1.251698345273189,0,51,2.0
2.3845462425082338,0.010296789405346039,79.41310966716094,1.5374231450228195,-0.017407949630390194,0.06134667462005341,0.056426157243549824,0.06857997433319557,0.005876741645967259,0.15464530644724322,-0.011283832665438273,0.12758647694981384,0.3097169970943193,0.31619083175801116,2.0474454074767223,0,51,2.0
2.377050011181364,0.010525203997555547,79.57619025660496,1.3582192692720172,-0.02243653949642298,0.06195939716881331,0.0482654801807275,0.06281288874286049,0.004367390076867214,0.13086370812888273,-0.031050464475213577,0.1131619406827107,0.29364751446311854,0.31519683148443217,6.836780978992163,0,51,2.0
2.370888400895923,0.00836702468390571,79.95371448292451,0.23022559352201685,-0.021864434083302815,0.06586854288509976,0.054213531023147056,0.04719450421842254,0.013685221450549423,0.13019675551565676,-0.051478293013071184,0.09716148761834435,0.2805045319170839,0.3143798019608402,10.775269222917782,0,51,2.0
2.3654803551879584,0.0066250928669181865,80.0,0.0,-0.016024645947504277,0.06872473365752749,0.05632802540911179,0.03773442882444123,0.004887474495369722,0.12920737865988352,-0.06734466273969694,0.08187373630072332,0.26731358002665956,0.3136626950999849,14.776738132199885,0,51,2.0
2.3609391626189735,0.007581177740862749,80.0,0.0,-0.011399042847401956,0.07423042692552312,0.050423687652629966,0.03584546918969427,-0.007619434616108443,0.11616853201163349,-0.08045234050435607,0.06587647496102489,0.25910792781098374,0.31306053311890836,17.233921111171192,0,51,2.0
2.35764094544392,0.007822005072963326,80.0,0.0,-0.016023647953190057,0.07126249508485683,0.05173208545345594,0.041593591456025446,0.010568643070976524,0.11645710935570118,-0.08726378591108408,0.05305203021422643,0.25293145621814944,0.3126231895212786,19.093827746602997,0,51,2.0
2.3538678305990555,0.006609478933979202,80.0,0.0,-0.01110382215576429,0.0632592685667813,0.04114683684619034,0.04114110459090344,-0.005128166428310614,0.11023351491181908,-0.0901972644546224,0.04219618973959521,0.2445541935677679,0.31212287433854224,21.648102822956318,0,51,2.0
2.3518356710088018,0.004809184001464274,80.0,0.0,-0.001695578881338531,0.060241665235118015,0.035111912745325005,0.03595823692985634,0.008497001018886473,0.09453436660523769,-0.08858318015568341,0.035215163344452245,0.2433646678336459,0.31185340997597416,21.961838463656612,0,51,2.0
2.366937750110439,0.060247414103065715,76.29792705704185,13.35930639083012,-0.01995778596941747,0.44332231931271393,0.01777328150894712,0.2581768127699201,-0.0019138836411430554,1.252825801064991,-0.0827992011458671,0.04649766139462097,0.25081828365361386,0.31385594566486674,20.084902925039394,0,51,2.0
2.3723380133217455,0.08094847575012826,69.40026556744294,22.815319459907705,-0.04285607415744487,0.7124972610061203,0.06666146327431004,0.34942028257074403,-0.06844912525083796,2.1572175378402036,-0.07691762699729762,0.04392411195624296,0.2589985505725795,0.31457202056914163,17.66637410918348,0,51,2.0
2.3682369408654234,0.1137038783653187,63.13165275255839,29.13700205445108,0.028778524996311058,0.9627544062534809,0.03891564312153587,0.5013498035085553,0.08763791305725188,2.935486614303662,-0.07461631905761565,0.050861815572127635,0.26244961670978967,0.3140282183659043,16.424830203002795,0,51,2.0
2.3771131015291402,0.11892635552910706,55.912489273968866,31.716447061049568,-0.06979783639019611,1.030669682791928,0.03842742799543867,0.5155192724947563,-0.055433891859709046,3.177127865893564,-0.07291956299835432,0.052143006660715745,0.2559449821806633,0.3152051972631864,18.80051966054439,0,51,2.0
2.3588159160286772,0.12468620428849589,57.77151059169395,29.963393810373283,-0.048438790236033646,1.0501127283888267,0.05893372554405063,0.48217736868122857,0.0018186180614957622,3.115990101413823,-0.07824010529243047,0.03820710289262224,0.22448284833714202,0.3127789904570763,28.229562986600744,0,51,2.0
2.3448290842420914,0.12691505852672458,61.85392570963093,27.839386399049374,0.028648011605529225,1.12421752773045,-0.01841111064833753,0.5056578519997899,0.1710551746335684,2.865865244476228,-0.08250299244945584,0.04542463598362945,0.20058169041059412,0.31092433656230883,35.48858457710408,1,51,2.0
2.346069719277176,0.1286004379893541,62.989684787451054,26.317767535246205,0.0006278114137696285,1.0626613711579374,0.023987028017347933,0.3764783956677989,-0.012078567170629315,2.7668149775746858,-0.07753787350374701,0.04399670560646023,0.19901737819636153,0.3110888447704152,36.02554976111819,1,51,2.0
2.353518166962792,0.12532580106951752,60.18718433847614,28.788373462935862,-0.03481442342494048,1.0229516178494775,0.043980128990084515,0.41243318866258577,-0.059500123063723244,2.9240954871646805,-0.06537523564111766,0.04830984603876965,0.20909103442621282,0.3120765089161414,33.00007259360941,1,51,2.0
2.34532351528897,0.12653042879665174,58.021863362368414,29.58325747221506,-0.0116183875384284,1.0489057252849803,0.039086434844077804,0.38966689778132524,0.05490070815179862,2.951164689543758,-0.05905448114493865,0.05248529785543614,0.21192585061117114,0.3109898981204013,31.85442617524412,1,51,2.0
2.348243952966204,0.12976719222731722,55.636752395068896,29.115925582591675,-0.02124670454684426,1.0207126266634148,0.05567662111100029,0.4002275766711368,-0.07792931415286719,2.8820543684231943,-0.05564337929702063,0.060744382715178576,0.20932151678035824,0.3113771481494737,32.77556878391237,1,51,2.0
2.360538116272758,0.11202382967407902,53.503365339017385,27.912538202900326,-0.06099505941657459,0.9874709821337792,0.04057413514922647,0.4719155081313034,-0.16917173418344236,2.6043169612446246,-0.0608082838318109,0.07189105173583137,0.18660888102392784,0.3130073542012948,40.38194997044069,1,51,2.0
2.342254524721819,0.10493278452684167,60.41239044713039,20.669621529526488,-0.009859655417648017,1.1677163343086667,0.02022655118329852,0.4458810579927209,0.10574572431106194,2.27819925831185,-0.07497084707810703,0.08039647318235241,0.15926653663978196,0.31058294998239433,48.72012882587079,1,51,2.0
2.358721793866625,0.09690296225531406,59.816847380469824,21.411837541032693,-0.054543959451656715,1.3221327568643817,0.0289049098889033,0.4390431882429859,-0.06738309153154784,2.3271265341387406,-0.0765591117847307,0.08929585492876384,0.15969109529922462,0.312766509842009,48.942393039494206,1,51,2.0
2.355125476916631,0.09955425052816136,59.443999879500446,21.96689036118516,-0.025113914234965454,1.3135695969175958,-0.0247076621242598,0.40062233604817726,0.006973877549171448,2.3024043707516033,-0.08109736644682418,0.09396986963602266,0.1484999798117892,0.31228963808061355,52.447996441862145,1,51,2.0
2.348961896171757,0.09949072723719526,60.259223830466176,24.415673319236042,-0.06924468512628593,1.4092731882671146,-0.007519777937262666,0.39558658594671825,-0.1073092006000818,2.3563784601653963,-0.08352696059962263,0.09239185917557691,0.15123309256684644,0.31147234725670436,51.44574024023856,1,51,2.0
2.34003542100682,0.09811480062058762,64.64689416043899,24.349938780615112,0.010880641566187727,1.2874966983879226,0.01644069657606237,0.3742673867561518,0.01726966343966185,2.3493671368729765,-0.08918359997650156,0.0932614364643867,0.15502733405191782,0.3102886968120998,50.03771144593222,1,51,2.0
2.3293914000193277,0.09472034046644773,66.10048388967327,22.422256602880456,-0.020791356397025725,1.175831346390079,0.015685424062551235,0.4126971723959803,-0.042266387784597924,2.1435602668635516,-0.10283587901732462,0.09718405710638701,0.14497131101651295,0.30887729961319355,53.06508079484629,1,51,2.0
2.314715114294314,0.09255573637132368,69.35822410676994,18.41626358955145,0.05812421214638972,1.1719623070915834,0.011119322595643062,0.4237884162723183,0.12433728919017549,2.044699504801015,-0.11499946479294099,0.09813151567651088,0.14169557718778036,0.30693122414512514,53.834746665988284,1,51,2.0
2.315611973697064,0.08258278435649008,71.19774007797241,7.516433723265072,0.047271060666032864,1.0117861001991482,0.0016513801380699756,0.3680750568039741,0.057395926804519166,1.4160435389148465,-0.127743423296107,0.10617895786623595,0.12892872036848427,0.30705014771551015,58.010533026044975,1,51,2.0
2.3188875691563475,0.08517399473058422,68.99640666737275,6.760904526074464,0.023248190096780367,1.043872460062995,0.0006751026593002619,0.4132379006294652,0.03455725589803621,1.278409978802373,-0.13259295610372937,0.11521626808470432,0.1225534312374986,0.30748449165972946,60.14321549162243,2,51,2.0
2.3248946976427938,0.08054351990299644,68.54137189715516,10.161444738901762,-0.017379167325356427,0.9512779658376841,-0.012776387964977938,0.3903715174752156,-0.01710770396040935,1.2627509862161985,-0.12854904600326006,0.11892330050429088,0.12062416581939152,0.30828103692088027,60.872012426002875,2,51,2.0
2.3386970834404814,0.07979114246731936,68.27616419044196,14.338678927964208,-0.06952241209207796,1.0406573078067667,0.021350949126131395,0.37441468708308695,-0.09063566782895256,1.5495206518153692,-0.11714067198165312,0.1164814605128211,0.1296023428578922,0.3101112334212338,58.2077884028634,1,51,2.0
2.3347236841332677,0.0812455381091412,70.3412733779234,14.635539695600652,0.017760094474343693,1.0204004435442886,0.011595087892868939,0.36397632054256995,0.02349742604236977,1.583163168454572,-0.1081302229451165,0.11745447428710556,0.1367008515198837,0.3095843606728623,55.84374765483213,1,51,2.0
2.329709641489328,0.08452666655315177,72.05498554659825,14.600020333782046,0.024887622863638634,0.9325099473644971,0.0013995061025899999,0.3606468161280229,0.041348289917497075,1.598412133038127,-0.10457619101987756,0.11511509805331016,0.14229531056183414,0.30891949846890293,53.937737414733576,1,51,2.0
2.325020644594641,0.06972882434391389,75.31676424718371,11.993301867213747,0.01899720669961443,0.8275710166544378,0.025115409318138573,0.29273712307635397,0.07215567159594274,1.3705709223339873,-0.10704763229066128,0.11317314438656585,0.13514817943477989,0.30829773746253647,56.16309722311772,1,51,2.0
2.314179863415512,0.05904993834952772,77.35303156048644,5.15991201936619,0.04864095290209733,0.563499187675318,-0.009552656910290905,0.24578923621994794,0.07031669778128465,0.8998370680035964,-0.11616610159714963,0.11596973512979325,0.12476397682198347,0.30686024987950233,59.34176001258693,1,51,2.0
2.3136643527769576,0.04181574507801108,78.75796085245469,3.7964794276237552,-0.006693548395061025,0.4235253302450592,-0.0030983916903827703,0.20458013579757017,0.017753017573233915,0.6746004957139282,-0.1227409796737802,0.11320153769467267,0.11425820563154308,0.30679189316772465,62.7570975061334,2,51,2.0
2.304604312368468,0.050413698709829376,80.0,0.0,0.027698946094103886,0.6361473284751447,0.011934873520159255,0.26352862619485695,-0.03132975629220406,0.3829650104267817,-0.12767805371653354,0.10659006351409143,0.13341034477790006,0.30559053181928375,56.343429888464414,1,51,2.0
2.3077162726252687,0.05100684587121356,80.0,0.0,0.035580075072015035,0.624380134417689,0.0017817348387895845,0.2587745666987558,0.0019007533898248391,0.3559984156740167,-0.130458015629195,0.09883517337450881,0.15120792654412976,0.30600317774933655,50.58615807317132,1,51,2.0
2.313090040403254,0.059048314829019725,79.62797299553367,2.6306281764266517,0.03929399585753095,0.6487953712847658,0.003613220966037582,0.2613486040128615,0.0173724709516939,0.606207767454746,-0.13493021861756355,0.09587464366616019,0.16874552997521794,0.30671573936443536,44.983087491732256,1,51,2.0
2.3281646166362013,0.07230371888942126,77.27560764200547,8.004769319217896,0.03199975229069298,0.7830738448756099,0.036225569635337476,0.3333501618703531,-0.029161604669164207,1.053952128760404,-0.14016655648528556,0.10022285626646185,0.1937092449201032,0.30871462817128686,37.25297499909017,1,51,2.0
2.3389996792755876,0.07360228144265783,75.15029432259354,9.295634058255269,0.006988166082723468,0.7049468034831425,0.011672465313299029,0.326144510431545,0.05303257988656268,1.4193570485145757,-0.14684679972809075,0.10993504474823129,0.1916524260716211,0.3101513574796254,38.20680727337741,1,51,2.0
2.346697445593628,0.07922335536903086,72.52215074090397,11.967420318225841,-0.000998686341678395,0.7520446876619982,0.03895979725262698,0.39291747923333364,-0.020706194434680192,1.5672513308869667,-0.1539100533691377,0.11651220137856229,0.20035041006799417,0.3111720812891281,35.61427193661473,1,51,2.0
2.348007915066738,0.08111368717720074,71.3815276669521,12.569472485321892,-0.0002047719032156701,0.7890052732881431,0.041419667356154495,0.41173423991183206,-0.04631071019114232,1.6528705750183148,-0.16017024479041977,0.11955951375698305,0.20839194425686433,0.31134584954492694,33.0673768218023,1,51,2.0
2.3385896583398185,0.06769811804721745,73.00504667618695,12.060723740183828,0.0186281963160225,0.6609855915342071,0.015816207829059337,0.37207953566880675,0.04623820260167122,1.4345053225587476,-0.17175147819671976,0.11766264470846359,0.20894925705240192,0.3100969887081015,32.618095414951384,1,51,2.0
2.3392984417139315,0.05222873337529512,74.5852136331446,11.817489200976805,0.030545475363147025,0.47863435256646986,0.01820127519906736,0.2989770770677822,-0.014434632735655588,1.1022989142123234,-0.18462466414766532,0.11635686872633975,0.21048334112551706,0.3101909733834762,32.14395028016973,1,51,2.0
2.3342895239007238,0.04103588067446299,77.7584108838848,7.71933035480366,0.052008060555832056,0.41537724150942074,0.0019100010395050049,0.2104661802585895,0.08753506808231275,0.8546484080222184,-0.2024425999856836,0.11976096689586281,0.21578446305510865,0.30952679088381363,30.285691122579706,1,51,2.0
2.343009911331476,0.03832889736136827,78.6640952054192,6.163112389397179,0.014886745708245858,0.38917895057386137,0.02436362966602924,0.18053442499944664,0.02503960044579763,0.7024945036489265,-0.22362926673545144,0.12093965230290048,0.22553333958589653,0.3106831142446786,27.40727472936374,0,51,2.0
2.347988455318937,0.03807150964755345,79.11922182756312,5.505218531686925,0.03211809497545747,0.40289858566615216,0.04255049084039295,0.14747692258070313,0.011812349361385786,0.6746901307877774,-0.24648073071876453,0.11800596706869672,0.23883745989187255,0.3113432690210615,23.288060588932836,0,51,2.0
2.350972989026238,0.036164180291906343,79.16097933638329,5.50366400046445,0.009648617649195241,0.38001360116768534,0.050043093296242694,0.15056505824493133,-0.004261766651681825,0.6413900091499161,-0.2723350749516314,0.10883204028784027,0.2515199182285066,0.31173901819169614,19.317151992234503,0,51,2.0
2.3488573648181617,0.03590877318998903,79.16097933638329,5.5036640004644495,0.018759674885693717,0.3533443140622147,0.04143673196142795,0.1586869794965312,0.01873342342236463,0.6476266567939114,-0.29949691235325326,0.09250176311356241,0.2567691794740656,0.31145848657891434,17.55909999613773,0,51,2.0
2.343020048211603,0.02936318948520461,78.48233452030257,7.51432811918459,0.01024552398160392,0.24327827574000455,0.04712826992366828,0.15024053115497854,0.03363789251877689,0.4795150624089139,-0.3242154400799466,0.07254578789906004,0.2560923586542919,0.3106844584028545,17.571557981756136,0,51,2.0
2.34133621524362,0.021540757391500184,79.25944309608609,5.236528086120397,-0.015617345624110279,0.17322107905711773,0.041318007470930326,0.12937345484070614,0.009481033849000347,0.36108555156215644,-0.3438670456869238,0.04903133038185919,0.25247721112561894,0.31046118215004126,18.67672171537359,0,51,2.0
2.3392789398922638,0.018049666267353947,79.25944309608609,5.236528086120397,-0.018807614076079105,0.15644172403286308,0.05173566977621293,0.11228060641110134,-0.0016446339751721598,0.3038628458301299,-0.3574606569609521,0.022456667389160006,0.24331354694273571,0.3101883874362808,21.559427497034388,0,51,2.0
2.3393840643705106,0.024230406782643904,78.98024367351158,5.479610390314555,-0.031082288855138945,0.24642214215773486,0.06407905760787282,0.14829394933000495,-0.029284933591078893,0.42797095689455833,-0.36294142218840786,-0.0056049932562296555,0.23335889113039468,0.31020232694507416,24.772037196318564,0,51,2.0
2.33817421688753,0.030909752288306346,79.45982733894797,2.258672970178452,-0.007639741159829439,0.31313935777379087,0.05986894371316714,0.17216262339463956,-0.02137273780125029,0.5401488565220864,-0.3617006822777165,-0.03630622268578037,0.2284148254987112,0.31004190115781094,26.327756136920232,0,51,2.0
2.338951435743594,0.037675038686116526,79.45982733894797,2.258672970178452,-0.007541393203770413,0.37025353319067067,0.05759975069439879,0.25359944377796784,-0.01664088239126346,0.6751432872354383,-0.35348904205708515,-0.06822406519515084,0.2246699727992515,0.31014496051960566,27.55968937143214,0,51,2.0
2.339768888903599,0.04076210678438316,79.39616804496914,2.2881116343505594,0.013030357951042699,0.4051701737776573,0.051826271137186124,0.26868838747841506,0.011197838567051232,0.7365678821195907,-0.33947044811265475,-0.09938736820971426,0.22964712996865744,0.31025335480782795,25.980774612122502,0,51,2.0
2.3428520718041588,0.039487455050056915,79.80224355061848,0.7985853626169008,-0.0034987871699473437,0.37853696868484105,0.058600808402486874,0.27138133823522803,0.011359615507079106,0.7553227591318419,-0.3223753155111155,-0.13225327377288076,0.23930773583824944,0.3106621847112368,22.96850160225067,0,51,2.0
2.345255414644877,0.0331912898018698,79.13482423857147,5.146245068737843,-0.0019437087809338288,0.34242451845886546,0.068428054013673,0.2588315286351528,-0.013923206019635294,0.6640666561644321,-0.3005478155193974,-0.16571862750019747,0.24706175017349416,0.31098086797975405,20.554035436810615,0,51,2.0
2.3477561123230877,0.0303167680732848,78.92015480527691,5.33071599377108,-0.007228322911496256,0.29705202596948554,0.08008210660487998,0.21660324081976073,-0.027876894190615297,0.5831205161514851,-0.2741044022070613,-0.19854618846955296,0.25811152979320207,0.311312460503194,17.08923909566611,0,51,2.0
2.352720173550587,0.03237967099399851,78.88735471052281,5.349062199752837,-0.0007416357596715292,0.28275775045752116,0.06870993277898022,0.24574076800427108,-0.0003272877166084215,0.6245295591480777,-0.24341873631113495,-0.2309382891002997,0.2682174001923504,0.3119706950245065,14.024809230469248,0,51,2.0
2.3586937259225285,0.03146222031713476,78.96507954129986,5.335849228182806,0.006099542566374236,0.2692235445583367,0.057614064884974676,0.2716795428457738,0.02264275635574378,0.5959478834412244,-0.2097524753645169,-0.2600404350995445,0.2759122589847453,0.3127627880676743,11.782261345923118,0,51,2.0
2.3721557651080336,0.035033880343982776,79.47274086522121,2.220153612688524,-0.01869076223788308,0.421415454646569,0.05441882065040808,0.3314854599535124,0.025054710095419604,0.6864671159775996,-0.17223157062563152,-0.2922277298671654,0.2757807837337778,0.31454785445965416,12.324697236441928,0,51,2.0
2.3904587293372437,0.038873856261796035,78.86546702478446,3.548481162810855,0.008903075520898782,0.43205832378323755,0.07008685261084169,0.3241972349727475,-0.023981802749867533,0.6600529975714441,-0.1191998178236514,-0.3312362987573635,0.2911587109894245,0.31697482751202144,8.144532083267041,0,51,2.0
2.3963691890239716,0.04043342755325522,77.8596960142547,5.054922660104107,0.01770788164553689,0.47531136650347505,0.08420384587610469,0.382910230377392,-0.016724601534067417,0.8341159016085485,-0.084222906332752,-0.3511054611501246,0.30346142640354046,0.31775855446683965,4.4993684237039755,0,51,2.0
2.4019253809078065,0.03585878280360694,77.8596960142547,5.054922660104107,0.021703122914129614,0.4516117917406502,0.07263628694721881,0.3584018195232336,0.009709535130098755,0.7794860549244395,-0.05586617874656372,-0.3631570452230557,0.3163759183707411,0.3184953055090345,0.6654374810662,0,51,2.0
2.4045744883079156,0.03516904368116257,77.52212361728444,5.048632374377468,0.017050414583554455,0.3247673308732077,0.08022123045634989,0.3210289495451775,0.019797234905554968,0.7572058436445545,-0.03152602469139255,-0.36066803537749853,0.34219682760303916,0.3188465771538054,-7.323349887482111,0,51,2.0
2.4044163080991483,0.03124977743836809,76.10923265008365,6.4037926262950515,0.005330428681975486,0.30487134231626706,0.08529230097637457,0.32186202808064024,0.04750687660028537,0.7590712711250562,-0.02213157485601239,-0.3418196401108185,0.34913726695563835,0.31882560245622854,-9.507286825740824,0,51,2.0
2.412632218178581,0.02099171954857189,71.88849227568683,9.790687391442646,0.0016068863481575367,0.22433681679166942,0.0751712633589027,0.2278077458348432,0.02122791504085648,0.47894952621065245,-0.0002305596124806548,-0.3323699494823274,0.35946014056105946,0.31991503212980427,-12.361128568416223,0,51,2.0
2.4183515333661845,0.017765713289845553,67.63977968459035,9.528246176467494,-0.00799798375616471,0.215412441814377,0.07951573362829638,0.2187353845707148,0.0218492431712209,0.46877072622505,0.0177662081780026,-0.3221419072224885,0.3680025641683038,0.3206734133234567,-14.759299922724534,0,51,2.0
2.4225605194475137,0.017169768204837878,63.5013338210536,8.99502491193739,-0.007240493964476913,0.20395190555872023,0.08104286034244533,0.23469309026879945,-0.00410727658035124,0.4660077916327429,0.027051667650276414,-0.3130250530408904,0.3704420793305888,0.32123152488002593,-15.319341546238995,0,51,2.0
2.423053715158911,0.0179972446750746,61.13115403231453,8.439859768268782,-0.009060315495612575,0.21896293004590628,0.0759415915235877,0.23959895378509283,0.02677542582957768,0.49957379911165734,0.031953985694865426,-0.3031307043410911,0.37398737452589936,0.32129692263452075,-16.399301760918085,0,51,2.0
2.4262572626272836,0.022865500656144355,60.049702317106956,9.08548713073572,-0.00456631187276513,0.2641046716897523,0.07627138723710589,0.30597041037619527,0.022210728139707855,0.7426465236376907,0.042087418404483115,-0.2928357328545362,0.3786901210091931,0.321721712866442,-17.707355725288167,0,51,2.0
2.434139330597485,0.027977216279138586,61.37321631581175,10.228161185647055,0.0021019580171388738,0.4009126677783817,0.0826554752374981,0.3246462311752919,-0.01908907080617021,0.8572174494246617,0.0679682591240413,-0.2751416336664281,0.3873747596950469,0.3227668750760799,-20.016888227374086,0,51,2.0
2.443038373601203,0.027940774036399246,65.68579615331164,11.656186431836463,0.012470400654802136,0.3818034903362981,0.07778678129554964,0.27635039721755333,-0.019755801405100262,0.7887426905120895,0.12076371829557286,-0.23818355840159036,0.4028952337726056,0.3239468883332009,-24.370768259456497,0,51,2.0
2.455488005105187,0.026227299863019606,70.5895492329317,10.761441866686248,0.011202704307495379,0.3805738494892327,0.040702837720221166,0.33862843679981464,-0.03822408525236681,0.7600400167427229,0.19865360217358452,-0.1759025258852065,0.4157540393391865,0.3255977094680049,-27.6894852910631,0,51,2.0
2.4699910914196685,0.0281367579884631,74.26878752427943,7.735632326194224,0.008010485373875675,0.37555924080984604,0.03172342391575084,0.2879701695056875,-0.03081415053091797,0.5810746120793234,0.27217296070187774,-0.07743454252702184,0.4259673411376194,0.32752081871775585,-30.058096094557207,1,51,2.0
2.479198636961918,0.020208124053071864,73.99364911808686,9.171463577556684,-0.02713605798050469,0.24045167044144633,0.036702076447945015,0.2848065458078031,-0.02272355640489681,0.3971716448802619,0.31269861927998566,0.04620220851996288,0.4241433262165768,0.32874173926310785,-29.020223342285867,0,51,2.0
2.4759376294472637,0.02385924753796864,68.10021679074157,12.958728554372794,-0.026201666643222172,0.3339748900928978,0.019466458874590257,0.30249530859360174,0.004342788465174974,0.4362198049273429,0.2991084754774151,0.1688165954367994,0.41054218224028094,0.3283093296683966,-25.047370007712622,0,51,2.0
2.468542534346674,0.023888175484785012,61.35329710268507,13.492666545006754,-0.029157308788568367,0.3216937911497702,0.034371505692309026,0.2201355893097576,0.02865105068457185,0.46198514331364193,0.23067212292886288,0.2677588218584504,0.3934760827710251,0.3273287400586086,-20.208229408933875,0,51,2.0
2.4476688323067686,0.028697907595344956,60.88458893345852,13.482444154087469,-0.039884377745728866,0.2711085223313852,0.023452243055490887,0.1920535615411293,0.05560467798518492,0.3585168830902304,0.14156902914706404,0.32967661808874626,0.3684944794035892,0.32456088732656774,-13.536317465393232,0,51,2.0
2.4258076747258506,0.027538809246262237,62.02733275937099,13.685299486449534,-0.031830882142279665,0.2552649091818812,0.005681443265547939,0.14813950172118512,0.06119518585539624,0.3067700443023801,0.0592886128202129,0.3552984406363232,0.3472856872357523,0.3216620978278589,-7.965995863648878,0,51,2.0
2.4092369564608034,0.03750607615038493,65.91730132289962,14.109342731801803,-0.031120343133807182,0.4132228145427455,0.016589267654161827,0.2381103796276081,0.00023273164041194262,0.673185884758398,-0.003911322033098226,0.3554853763538958,0.3278287892544164,0.3194648204329804,-2.6181188933730004,0,51,2.0
2.3912084932420767,0.0447000168549974,73.08102056559395,9.96782412034713,-0.04874626671274503,0.7698315415308066,0.015152084768987169,0.3733505623436907,0.05805922748849673,1.0357842881393688,-0.03902131260556197,0.337462502181024,0.30961423346920225,0.31707424620901536,2.3527652683893674,0,51,2.0
2.384408496174158,0.046111251745040396,75.14445639124104,9.328825252848242,0.0072370967005982115,0.8079519506627002,0.06547572408967159,0.4138461663943488,-0.00423631758666506,1.1002217505628342,-0.045355181752804154,0.30007132080250054,0.29328166995532146,0.31617256660282944,7.240000893645881,0,51,2.0
2.378831037119323,0.04611292156883097,76.62089716219434,8.571146279602734,0.03640177294465841,0.8064213610007249,0.07548188889289603,0.4118987290160017,0.0021301897644412284,1.10301323164227,-0.027417367454397296,0.2525136728105543,0.28905791379757334,0.31543299553427173,8.361548129112172,0,51,2.0
2.3781576460483027,0.03653685048343187,77.01427454574436,5.632510474290347,0.00941971028406246,0.6448515201307675,0.07886748925289687,0.35327517289625854,0.0016999349326771848,0.8846788943747698,0.008731444006423362,0.19999776989519574,0.29173116497504026,0.31534370387145055,7.4878738996596255,0,51,2.0
2.3853781971276975,0.020598196894551567,72.38921491305034,10.056994728757283,0.0926402898907077,0.2434064213317845,0.10264035354496218,0.1838942794783129,-0.02258101425261474,0.352575786931909,0.05124808913250252,0.15168645366705608,0.31296994835470543,0.31630114894683264,1.053173724856482,0,51,2.0
2.394974791536144,0.017159708190345645,67.43473942607056,10.906595730598447,0.04377042944086533,0.09181020497260509,0.07888551315694463,0.0769947192863717,-0.03127325642123526,0.17465855387370022,0.07979400176237374,0.1176436483700573,0.336751807192715,0.3175736573612987,-6.038961162826428,0,51,2.0
2.3999151669296563,0.011938473082177168,66.97530340213402,10.477603849477939,0.017080017895090813,0.09899576627095177,0.08303727987496291,0.06251847482748199,-0.03543067962734723,0.18491629415794306,0.08606744235901015,0.09809026560465373,0.3444784589423818,0.3182287511378713,-8.248691455643463,0,51,2.0
2.398247527141197,0.01324855015820774,69.15861225128174,11.361515263697546,-0.00433823444387492,0.08672224152679714,0.0701391448577245,0.05047290138163662,-0.01374024634852129,0.17796132896723682,0.07174626711768586,0.09027560998978945,0.34447343053205687,0.3180076221010988,-8.322381789498202,0,51,2.0
2.3892476295723633,0.014414906983923604,75.05891274003422,8.594838714821107,-0.03334158312018011,0.05513454840544676,0.06362335741812107,0.05002541643731098,0.013157229468810792,0.15356887898214217,0.03957155283313961,0.08889909535069729,0.3276670474676675,0.3168142356823947,-3.4256073632223716,0,51,2.0
2.383003630474502,0.03955502064578263,74.97012574532452,18.75413945709768,-0.027660808252061114,0.47275030851645045,0.06300218381425914,0.16630196588542376,0.05841098722143501,1.6607017548763445,0.0007489981137681228,0.08363541305571505,0.31935575301075514,0.31598628140776586,-1.066334775034461,0,51,2.0
2.380899723253998,0.06469310958007359,66.86974288435543,27.603006045552874,-0.03549562770800263,0.6924108801399007,0.06783391652153987,0.24421692068829848,-0.12205398298215632,2.131732038594926,-0.035234387396889694,0.0784753487515299,0.31213173650555354,0.3157073033053786,1.1325575184323422,0,51,2.0
2.3694816436253343,0.09167272833046275,60.43635908295126,32.060425549466764,-0.0011321155025678523,0.8341922656216672,0.1205277817652506,0.44901159693922116,-0.08054607653734731,2.6594957863717603,-0.06582880533180753,0.06789376086263162,0.3043509984577254,0.314193265965018,3.132552022419366,0,51,2.0
2.359446696206635,0.1069171071876603,55.715214051452335,34.59509809603027,-0.02087139791133357,0.9083488258648325,0.09552124902313831,0.5376309277269548,-0.018069221802494106,3.047215005438724,-0.09075634166423946,0.05963893488060114,0.2929596044823902,0.3128626319362222,6.361586658866081,0,51,2.0
2.344327259297464,0.12063120615233104,57.67572079920301,33.805142995728566,-0.02625800260141784,0.9746426606880475,0.09908246088261698,0.5223867591400929,0.007527925293235218,2.989150618116325,-0.10885325286161009,0.05410148940116168,0.2644390017804047,0.31085779459354795,14.932484763277898,0,51,2.0
2.3424476718201355,0.1236154206875868,60.865320785372866,32.237164962983385,-0.02389515016008826,0.9136956532920011,0.05000932843369596,0.5815041078425544,0.05284859685629022,3.2236583216339345,-0.11897745062672711,0.04449935460885374,0.25458694500540835,0.31060856113807,18.036082433593727,0,51,2.0
2.348342118602173,0.12501572677557754,60.57588630564072,32.13454242082824,-0.00683992034664341,1.0711016364427275,0.03593331020252377,0.44262470866731535,-0.04710078867627125,3.464561695977922,-0.1269614246184662,0.034938654446894896,0.24437396020391167,0.311390164758857,21.521618901111793,0,51,2.0
2.3507460650860095,0.1303534298956554,60.106943308138376,31.91233676873369,-0.00019790144527659695,1.1268315039179468,0.031944231002354155,0.3914084391029318,-0.09084625965824314,3.6223647212585948,-0.12714221453229504,0.022901340484977516,0.24707973012469042,0.3117089282230182,20.733829623284826,0,51,2.0
2.3510899803802077,0.13417179171042654,59.603209659165024,31.704801865035392,0.019660271850286747,1.1565046652824191,0.015977716036871367,0.39019543802697193,-0.12558698939049945,3.662132929831614,-0.12630462343662624,0.009276386956919075,0.24800132994152047,0.31175453138848025,20.449807469684,0,51,2.0
2.349352638803276,0.13480729950115977,62.98248594882441,28.776301723444565,0.02339873609005236,1.2383081353199707,0.04266503979178036,0.2202035350001286,-0.09692991561457223,3.596934413485925,-0.1279770098547149,-0.002838676368626057,0.24026962301054225,0.31152415990526877,22.872876670751406,0,51,2.0
2.3517971745893065,0.13333382973538038,58.8496786145603,32.25701025184734,0.0313173897710501,1.171856249730008,0.05629532170646331,0.20790933812531792,-0.10742834298049703,3.4113084718020925,-0.12784963347225978,-0.015368858222568643,0.23408658759220163,0.31184830535433,24.935751269763518,0,51,2.0
2.3517537940950954,0.12851727484655193,59.45067381858826,28.684171936653637,0.04367287047937805,1.2514063347401607,0.01355467729416548,0.5859138894909954,0.0838282035261977,3.456759113072054,-0.12621476526714626,-0.023800722263276303,0.23249802852021975,0.3118425530815074,25.44377724503464,0,51,2.0
2.3623705389452914,0.11227258536749479,58.30558418292625,28.64517247016031,0.014943963172389012,1.1417301000820268,0.0821490673457875,0.6172771112423702,-0.022481892915333018,3.287790084580539,-0.12404535945855379,-0.0335555764885301,0.22685289126340008,0.3132503334516487,27.58095777145737,0,51,2.0
2.3562587382746676,0.11749498280833312,55.3869662658841,31.62744996903507,0.0034642331302165985,1.2027744676436862,0.03991610279270247,0.6766668919806603,0.11474035300460517,3.4235717775358796,-0.11875763062015994,-0.04421341322580767,0.2267173897714235,0.31243990880729033,27.43648190242546,0,51,2.0
2.3485520739181367,0.11345504082840786,60.142875087027456,27.789748051371234,0.011813202398080452,1.1055127244597138,0.036652576087006165,0.6753453665589785,0.08020605292974733,3.2066513456978343,-0.10802734454858955,-0.05614221664635721,0.23047974673131727,0.3114180051056427,25.99023083038139,0,51,2.0
2.3465288217161215,0.11159584247580033,60.018056467467666,31.71662505217762,0.014807321058184492,1.0096058171928022,0.06235457735830078,0.4046182182494855,0.02232710012764323,3.0155555864335053,-0.10146618721406479,-0.06950135540738818,0.2327179765723092,0.3111497217166323,25.207075459238826,0,51,2.0
2.345850557088852,0.11556425933864024,59.880226523268455,32.85381161138321,-0.022298390739688687,1.0521068248354746,0.052398575268977995,0.40706724813720707,-0.05943296320152049,3.0083521618042983,-0.0913672170813946,-0.07775529273335981,0.24105365139646973,0.3110597838458885,22.505684143374395,0,51,2.0
2.3471923102350796,0.11359917520218557,59.166054225435445,31.935832695295122,0.0031427526298691243,0.9398973972617181,0.051182771996394094,0.38250666758204,-0.12281368961375133,2.7420701312822184,-0.08799001385624394,-0.08461753423782553,0.2384361253707647,0.311237700317489,23.390988582829287,0,51,2.0
2.3528934162037047,0.11805767126646538,58.07187523561365,32.56954132437962,0.0072085703997051016,1.0845710874902545,0.03766882112797569,0.4334782242896171,-0.06800057165616867,3.150391497610323,-0.07847272406439239,-0.0898825122486921,0.24267050009889057,0.31199366697226105,22.219414754830236,0,51,2.0
2.3500154293050954,0.12425559561258373,58.06996730262158,32.572937278143684,0.007921148310689366,1.0936617271978155,0.028226499098773096,0.41812015522927093,-0.0655094985576237,3.121467075914496,-0.06811216058128292,-0.09589851441328445,0.24086337300984553,0.3116120459305745,22.7040879339085,0,51,2.0
2.353979267910415,0.11802087571357768,59.487662736107325,30.393482048540292,0.010899063126713621,1.0827007418117485,0.04015913875956161,0.3460150803744535,-0.014152618745962778,3.171821815014978,-0.05725022449920911,-0.0983708302413366,0.24304839492711233,0.31213765093977497,22.134226936305414,0,51,2.0
2.355807853095672,0.11596582054847764,58.99514721889122,31.24150049821782,0.060712378910359216,1.0873252868245984,0.007866849721062417,0.517894700664784,0.24199292604245393,3.599976789981181,-0.0387153434862569,-0.08740075816787675,0.24936540488362316,0.3123801213445286,20.172447654377336,0,51,2.0
2.3526590238599216,0.11662669613371472,59.234241522994694,29.467691874391804,0.05720595102391991,1.0918449501467729,0.008959840252703312,0.5294517520864206,0.1759341080106941,3.239084503587693,-0.03879985267474435,-0.06966315520581882,0.23884583562116865,0.3119625865888592,23.437666602005823,0,51,2.0
2.3599511642082063,0.11233782610121165,58.68316548478369,26.596587014955887,0.04171981056239091,1.099468869873825,0.004217374120272842,0.6205952636005732,0.10924050255733378,3.1580698223552126,-0.0333500171240203,-0.03788198556075323,0.23094288206587854,0.3129295243828421,26.199714609433922,0,51,2.0
2.3555121287411334,0.11390515895235566,58.14935568267224,26.181077601801835,0.08325944687513744,1.2926113386951745,-0.03677373642430586,0.736070623032478,0.34660010872518315,3.0636514789120164,-0.03316805660495169,-0.010901514906711674,0.2195362154023297,0.31234090828388417,29.71262822774563,0,51,2.0
2.358964681625366,0.11638343556093342,55.74088949783176,27.055150138128003,0.0005484550606970693,1.277310219048334,0.04066835577581443,0.6192874575140122,0.11984593917926152,2.706645584127692,-0.027711124747807455,0.0072395061892563135,0.2255174379570449,0.31279871678823506,27.90333660169062,0,51,2.0
2.3526748331154095,0.1157915480999778,53.64861160166123,27.236530196186475,-0.0044757539735120885,1.1976985916553984,0.03057684238050498,0.5838440311971603,0.1185241617700633,2.665395090813644,-0.02410998696396534,0.018515868871867226,0.21547754068878883,0.3119646828976191,30.92886711169659,1,51,2.0
2.3482282138338277,0.11912801316527018,52.8303012006423,28.62381493665346,0.012424183826820524,1.3880758686542245,0.053832493284169364,0.4840460781618752,0.16089301132688336,2.9302548704601974,-0.03445060307343198,0.012953797629742964,0.20815337812879248,0.3113750611907045,33.15027307170659,1,51,2.0
2.3454910101843813,0.12618649679743307,50.70853254841823,29.097599026460998,-0.03543278224327985,1.2526619809547395,0.05700006818070131,0.30862647223815415,-0.057335776222102786,2.8638143638793565,-0.03826424955934561,0.016811767396491956,0.2029194035996972,0.31101210797006384,34.75514348167146,1,51,2.0
2.33182572850994,0.12977959396734712,55.538209541171206,26.692119259717426,-0.00258758415778478,1.4013779051147184,0.028081686911629697,0.4277227293305029,0.12444942791526224,2.6522758251698475,-0.048040919539120285,0.024641826875055776,0.17746172843082114,0.30920009161264944,42.606185041776634,1,51,2.0
2.3466940937088987,0.12273498801018443,57.836865037095315,25.945524021097594,-0.05436672781612359,1.423913623179773,0.03763361815728393,0.461539057083613,-0.07001738765222185,2.6037042559583337,-0.05194669659688479,0.03575826587730409,0.17139477433433714,0.3111716366469558,44.91953823902159,1,51,2.0
2.3404157892161725,0.11763141960578433,63.34916821180605,22.847661000475306,-0.03306697148318384,1.3051599955214834,0.041867573033360875,0.5387992569852088,0.07528781580428283,2.18352943573958,-0.05177938789955089,0.05139352610036168,0.1519790391821328,0.3103391334503565,51.0280777379163,1,51,2.0
2.338533182938894,0.1025605032642086,68.45443222101997,18.931393459247662,-0.047045833778147604,1.2560212535056554,0.00557935719980913,0.5284862263702076,-0.04768030458659518,1.9030856620383305,-0.05856502601566572,0.058557339918454555,0.13774820858736636,0.3100894999999887,55.57791908872394,1,51,2.0
2.3324704380596386,0.0897743053549128,70.89776607120739,19.375004415030926,0.014855162770140404,1.3251225265440425,-0.008362617854978525,0.4940328323653878,0.04548461516113842,1.943601228084868,-0.06885464077171084,0.06413011915817654,0.13560813843634273,0.309285580048942,56.15439348485507,1,51,2.0
2.327473772507088,0.09055931393353087,71.33024295638589,19.019250753609324,0.06973417629213895,1.2596848471360638,-0.02149505942475562,0.4603840798684433,0.12239343928647976,1.8648178389954715,-0.08026791645836998,0.06617817159976559,0.1337440350523526,0.3086230222112006,56.664271481073335,1,51,2.0
2.317486735535603,0.07911889552044019,71.47948300604726,16.24046538725617,0.05022259918498058,1.1504998138497828,-0.019469910757798775,0.38441589955906613,0.08300663304387354,1.6072383598309914,-0.09270667245375261,0.06850642987784421,0.12228056476804786,0.30729874113059275,60.20791874442393,2,51,2.0
2.320570268467361,0.07726102206256354,71.63467981301102,16.09185540034363,0.08586459256270353,1.1165433422599802,-0.019170177406540104,0.3270619844276772,0.10062591797288727,1.5435363663599109,-0.10579740972457945,0.06917990641556597,0.11144458304617835,0.30770761760083254,63.78231260080549,2,51,2.0
2.317867350928924,0.06147114246180237,73.9535594921486,7.689946350081243,-0.04422091955647749,0.7681631140032255,0.0037521483997503915,0.24821351701413466,-0.06976579531442885,0.8401477218016272,-0.11668872752243618,0.06742263683903058,0.09014260351408915,0.3073492107414667,70.67095005820121,2,51,2.0
2.313952099458844,0.0490919921081163,75.46164999756158,7.151379991549125,-0.02917168289422989,0.6776121357149717,0.003254246477987252,0.1999315071164745,-0.02230103817932746,0.6133146189303367,-0.12459442447311125,0.064943310509696,0.07710039717603784,0.3068300485508879,74.87195353252676,2,51,2.0
2.315528593226975,0.039238569251630884,77.72650406407375,5.358338187452635,-0.02834766847538013,0.5382021953884258,0.0007465277232375799,0.16343937154940455,-0.017352181340695595,0.48824893274314723,-0.13035154519966927,0.0620837870949292,0.07006776518028529,0.3070390916146836,77.1795295472616,2,51,2.0
2.310855431883943,0.02578068292395112,78.95592849394855,3.6329089293158066,-0.025757859150568645,0.3614131530277263,0.004919363003151089,0.1249025666153413,-0.023670076410852225,0.34915113248293544,-0.13494398602829435,0.059003899338852736,0.06257719654508456,0.3064194302724723,79.57792804149526,2,51,2.0
2.3103681422916114,0.018542909415516687,79.49145125407799,2.5229099188232094,0.0018203521476072423,0.310935707665448,-0.006779808916297613,0.09845826950626443,0.003437129671082777,0.25685706435885175,-0.1390152336460171,0.05851409380830147,0.06262837374655562,0.3063548156689734,79.55691552953172,2,51,2.0
2.311936895636951,0.024930186413627032,78.94379718630921,3.643002538593156,-0.014452962022201688,0.39965451578704314,0.006684951849427878,0.11380925296077152,-0.02994698139966703,0.36083351820984955,-0.1432035227364095,0.05804588558387394,0.06524991863419914,0.3065628323585696,78.71564594696858,2,51,2.0
2.3102103056860903,0.030282511167637183,78.75022897533341,3.838750517169258,0.0107129320648371,0.5066888867796967,0.004270321159970527,0.1634606348186083,-0.0043258295010994464,0.4918093624367546,-0.14561834941125185,0.05772101074582142,0.07155541586421517,0.306333886529371,76.64136453367705,2,51,2.0
2.310722196219014,0.040868193994362895,78.13506255430333,5.667438352069899,0.02610442349139382,0.667959203718777,-0.0015452546524066552,0.1690740245214617,0.01119688072917508,0.6822297844597314,-0.1461551603024863,0.059039421957859634,0.07539445278611859,0.30640176322304147,75.39359695811015,2,51,2.0
2.3108648166936985,0.04782210104523271,77.77851812512267,6.06504274197643,0.0557756486768816,0.8319705719641467,-0.0022003896096173454,0.23040730040993693,0.054810624021817654,0.8576573280262536,-0.14472202881007962,0.06069090545448226,0.08292477419021603,0.3064206746999468,72.93760472545868,2,51,2.0
2.313557022342495,0.06641365939746038,74.36453352254979,12.648080346171511,0.00027704867077808754,0.90064362620938,0.005085293130547393,0.28951435827937533,0.010012045904409652,1.0973430667008488,-0.14147699104895853,0.064349668094095,0.08608198486324097,0.30677766117344724,71.9399435623927,2,51,2.0
2.317959523084117,0.07718365430224564,71.41832982325086,13.882461236117082,-0.01281656120337692,0.9678599526231955,0.03571918519104228,0.34051984583128975,-0.03937969097465861,1.2524919351604606,-0.13877987397247127,0.06923502915098881,0.09220045990904581,0.3073614327647273,70.0025930125002,2,51,2.0
2.322444024623609,0.0918924593424226,69.38563290296817,14.117160160456061,-0.04229396435559964,1.053019265984714,0.00808458848326814,0.43028732283769316,-0.017757777709002588,1.5477467587498979,-0.1333352074128937,0.07525941788744123,0.10779361146756604,0.3079560776799289,64.99708261007264,2,51,2.0
2.3224807451753056,0.08787531111944653,69.55654551468643,14.151831676850117,-0.03513913557809942,0.9671785252674323,0.018683332584652247,0.41133892196935845,-0.009083248382689906,1.4721347769710604,-0.13273919408919865,0.07801911858091663,0.10949834850000288,0.30796094681750136,64.4440797992182,2,51,2.0
2.32499013987242,0.07332214298338487,73.78927349576763,10.45193610191173,-0.031303602690790217,0.8252342704967689,0.0159918471221246,0.35387419286635813,-0.04098654257170126,1.2604067257345823,-0.13447381872768674,0.07927978687303928,0.10265875949364446,0.3082936925503761,66.70098611347044,2,51,2.0
2.3177616841652813,0.060245094981966986,77.60475596259622,6.499753843147011,0.024323140709277463,0.6898390098868705,-0.02796366452878597,0.2865391606401939,0.06446123696571472,1.074475130852078,-0.1354046129674466,0.07927477917520505,0.09117301733756092,0.30733519933243303,70.33433933516268,2,51,2.0
2.3126035297618195,0.021896888939048793,79.57690874735515,2.489917168277073,-0.019658458601756423,0.2895980223395848,0.00036757088759366204,0.11648653086229466,-0.033137647435069084,0.32714612632849777,-0.13958732940763946,0.07601261077270045,0.07057750136793663,0.3066512280385189,76.98443869950154,2,51,2.0
2.307362094813702,0.006837163006358029,80.0,0.0,0.006496531103609824,0.13919230773705707,-0.0018251554346552083,0.05648870196337306,0.003793446675819509,0.12394317385154618,-0.138068828749072,0.07317735321943014,0.06184412340666054,0.3059562137701839,79.78660977511176,2,51,2.0
2.2849100477555218,0.08063089789773185,80.0,0.0,0.07223613631418523,0.5435175662477524,0.008154298708427186,0.37653532219052605,0.04577291035549898,0.22148806958518255,-0.13448012175829133,0.06938593681940898,0.07198914794068528,0.3029790723327569,76.23956420936533,2,51,2.0
2.2822506848503563,0.0922649605697576,80.0,0.0,0.041077259051449155,0.8021729390801184,0.017531923511449027,0.6235332436799407,-0.011375884196775802,0.37197781867210555,-0.1360163718709067,0.05528177772298857,0.10298997456684543,0.3026264406412232,65.96795232147461,2,51,2.0
2.285753736893336,0.09340917671507253,80.0,0.0,0.04147433321557793,0.8073446050494224,0.016834727506719382,0.6235042702146306,-0.01271595946494855,0.3780550527377028,-0.1391527652626425,0.04118354099818522,0.12916846728419829,0.3030909453414826,57.38293430750021,1,51,2.0
2.292116682903439,0.09995559489821286,78.34048288943721,4.714281443314515,0.043412435544179936,0.8259849675857523,0.025967383172874357,0.6423031872101311,-0.0062620045032863525,0.6097894864979965,-0.15095363768580206,0.03653602828631551,0.15642960884000467,0.3039346721313728,48.531831612686325,1,51,2.0
2.3198369753127004,0.06480208392392545,77.26483338486915,5.48978355561464,0.0016488946024693695,0.700595195043126,0.015820376319335958,0.5451213209343853,-0.026269117954607103,0.7847099717095402,-0.16666750430474117,0.03668791070674568,0.16806574838059926,0.30761038290430104,45.364084660014456,1,51,2.0
2.3342617995598736,0.058170357533513996,76.21897532893162,6.022789695858928,0.001398157437934595,0.5825447246049302,0.0038296539774712395,0.28948443049077804,0.025308496556153484,0.9546029548966593,-0.181107817895417,0.04765415268020309,0.16624809263393517,0.30952311463396326,46.288957181586476,1,51,2.0
2.338386654853821,0.07796073162488804,74.95785603803746,6.541408582401311,-0.015450119789616735,0.8255530753982352,0.024505026930687474,0.37298921111441535,0.01847350319810942,1.2390622193019312,-0.19708206203183307,0.05711923841652397,0.16683842389750753,0.3100700704596423,46.193315707578854,1,51,2.0
2.337188219322878,0.07934415311733402,76.05411084493001,6.002521963905704,0.008241469661394754,0.8673036181947262,0.025641650326696096,0.3720420628689625,-0.009000011957159229,1.2594556572554578,-0.20805087799381453,0.05326523278022085,0.1691576571597935,0.3099111579128411,45.41737112693208,1,51,2.0
2.339745761717067,0.0775955101297155,77.14590035232843,5.536710731847012,0.009997209643616396,0.8627891558134606,0.024592261030977846,0.3905982991116393,-0.01895371955983779,1.2672505624341912,-0.21901781801215353,0.04056259603611996,0.17595969928413996,0.3102502880387655,43.28459760780174,1,51,2.0
2.3331489475334393,0.07658216663364407,78.07034102608176,4.800718854342057,0.04915645616311653,0.8548772751831782,0.02667958355125259,0.42771080054177335,0.047290586957744525,1.3155844527534746,-0.23031154801618217,0.023022349185350066,0.18798945444838294,0.3093755506030766,39.23584003909536,1,51,2.0
2.334557154599358,0.055843550820573976,79.46228083442239,2.293438647662661,0.051791925348487554,0.6173825893423904,0.0024633048942276077,0.37572826521724895,0.019732447669786567,1.0730563454715867,-0.24389983691420092,0.004188734539249193,0.2010096928882719,0.3095622788477025,35.0664772088837,1,51,2.0
2.336549759495492,0.048541166948354066,79.55881406746659,1.8889348678808355,0.05166798143410215,0.5975750666038219,0.006851923524164686,0.39028285018683373,0.0917306846993811,1.1156981877222119,-0.25983441672975566,-0.006693215423971921,0.2181939809707561,0.3098264980920444,29.575429372753568,0,51,2.0
2.3402373691399894,0.035633316269944586,79.3940730936387,2.2331286017850047,-0.00667005835794935,0.4752628540455926,0.01956237604220708,0.27760975279260663,-0.05837682817204326,0.8129686526942984,-0.2890565718174659,4.238910811180924e-06,0.23259709647556473,0.3103154751430717,25.04495743619447,0,51,2.0
2.3429798840307723,0.028756113652631376,79.08153599383785,2.925390534950526,0.03423604748997034,0.452827537686271,-0.029443387453462564,0.3075419316813292,-0.0011115761145072825,0.7987811473291232,-0.31088241005367306,0.009418968421102342,0.2513064168827615,0.3106791326184213,19.110622343787032,0,51,2.0
2.3462709761133382,0.027921693906397236,79.08153599383785,2.925390534950526,0.012929764594517503,0.46146871816350316,-0.03571178859063223,0.29504474129268665,0.007422193044833108,0.7731556614583386,-0.32387607644376487,0.021578265070939753,0.26254831559378294,0.31111553142752024,15.61066900482012,0,51,2.0
2.353164004344566,0.024912693722927072,78.54190730113609,4.236760419624048,-0.01835689204288464,0.5170385387198271,-0.046341256841140634,0.49475147898531047,-0.011578110247558239,0.7048858839323848,-0.33339418445636926,0.03572764663350949,0.260909472184704,0.3120295469818667,16.383087849091893,0,51,2.0
2.3693924534554576,0.03009968729471343,78.56445693034752,4.060182480864076,-0.0390791565033735,0.5193998476986117,-0.060288033137718834,0.500907748565483,-0.015290564802639624,0.7589682865238839,-0.3128581895565359,0.05329691431982674,0.2662257200744519,0.3141814393344058,15.263702197541718,0,51,2.0
2.3649778851107057,0.04027075495758162,78.54329220453899,4.104537698715413,-0.020627404471822812,0.5412074187708115,-0.039508687953154244,0.4932520111403035,0.006835503832382315,0.7913071600854489,-0.31163507907845195,0.06739772387658462,0.25629047465776794,0.3135960675796098,18.27369627563783,0,51,2.0
2.362176248840257,0.04347356469008358,78.54329220453899,4.104537698715413,-0.008703646633554907,0.5506938355487491,-0.04284382801429898,0.49391794073676526,0.012749765871786604,0.8265846663662084,-0.3130268304394728,0.0840388567739735,0.24956505645062604,0.3132245706130458,20.323920961189224,0,51,2.0
2.3547492377898274,0.044808197972909115,79.36791504130645,2.4047691392814,-0.01582246551326677,0.4504877253014763,-0.027793891508789623,0.2502661007098842,0.006757597785954382,0.7757722783853271,-0.31314707024780586,0.10139796473514624,0.2529907790299073,0.31223974894625245,18.97547321130597,0,51,2.0
2.3402073132056818,0.036432813884741684,79.80337718888825,1.286370650674832,-0.003072312649558572,0.40619660537584007,-0.014014330491715786,0.24611545194452542,0.043385272334311525,0.6763683069615098,-0.34022599316600965,0.11746985675936411,0.22870854619374462,0.310311489746996,26.297106697462002,0,51,2.0
2.342243428323783,0.036612407522090364,79.24762311168746,3.0872939694195254,-0.031378927476265854,0.4682618222031954,-0.040833418421885544,0.24352194848082573,-0.03790117058829934,0.8577832647381981,-0.36190998037747035,0.15157378986166722,0.22109828093280048,0.310581478598146,28.811504816462573,0,51,2.0
2.344388431778141,0.039354968997237595,79.23671390028561,3.0855986325553992,-0.03003018962986329,0.5656272380113396,-0.04275904625069862,0.26447033681425636,-0.06445279648052711,1.0239845253817552,-0.37325191133605934,0.1846664790417329,0.21878431249377794,0.3108659060555862,29.621001135242885,0,51,2.0
2.3463516065887378,0.03798840793189092,79.23878172799652,3.086074085651454,0.03071671768146403,0.556072768855413,-0.038363853944282905,0.28975933604844023,-0.01705723719707891,1.0697563291419954,-0.3588297242365994,0.20525090864368753,0.22476656710450596,0.3111262230347208,27.75711255961133,0,51,2.0
2.349628679308237,0.03580688785304226,79.23777741544387,3.0858345211924214,-0.011450965322700202,0.594570221955201,-0.06770800141727223,0.28997563315982633,0.001299309233824412,1.1142081808044864,-0.3223604450495594,0.21996821169827083,0.24114289272948997,0.3115607628733571,22.601649031296834,0,51,2.0
2.352352408217449,0.027915046119555562,79.9561783285702,0.23690774817736024,0.0005287868427295311,0.4726607420688891,-0.040603664941063114,0.24254966407552436,0.009402175233060238,0.919729286560732,-0.2727422940109586,0.2292065589552042,0.2566487700465746,0.31192192933301427,17.720190242677326,0,51,2.0
2.3562827279754712,0.022396136429733933,79.96708753997204,0.22559440251114135,0.018054134267217973,0.37811851720895345,-0.04159438149893985,0.22414523858783483,0.035144461282328066,0.6780324568900716,-0.22807929024833665,0.2411599469041489,0.27135578055484316,0.31244308957437006,13.150333737737219,0,51,2.0
2.365739564100901,0.028546174341770456,79.72066559511073,1.2680138569109958,0.020845353749452854,0.3752579386719381,-0.043088468412558235,0.20801751054189416,-0.023252160964058896,0.752305231475276,-0.1961958447884174,0.2603070455716539,0.2863925835601904,0.3136970660407312,8.704092398809859,0,51,2.0
2.3733762946783328,0.032903592021883844,79.38906669616699,1.793884984609168,0.004626597113469068,0.3693118147140854,-0.061683818259659934,0.3010041172713877,0.030412887259587355,1.1708573695312825,-0.15977357703066544,0.2752062186074715,0.3045941575897672,0.3147096966644751,3.2142444868778597,0,51,2.0
2.3859015422708847,0.03314010797606118,78.94434169227002,3.0090109183165814,0.024618183280907424,0.39415802438831565,-0.059131167390767264,0.31818407594732545,-0.04265777114778757,1.1669291028790563,-0.11406656775570782,0.28312927199167703,0.3246901038153525,0.3163705444975599,-2.6296883393506887,0,51,2.0
2.395253612130296,0.030896158489671033,78.94434169227002,3.0090109183165814,0.025586852109899708,0.3913292778058486,-0.03614727027860342,0.33434619691314116,-0.007928531963889505,1.1703653967562424,-0.06612783523411427,0.2878000825500006,0.33983548794679924,0.3176106289640708,-6.997517386372687,0,51,2.0
2.4023409439068213,0.02577288931529557,79.19076363713134,2.8070958109111857,0.014226020642501466,0.34145608465462046,-0.04512358290672887,0.3031357673239608,-0.018926697198812868,1.0281748837293294,-0.01771799166617248,0.28863125116410254,0.35188391938999586,0.3185504091601701,-10.46412412958646,0,51,2.0
2.4122552304875615,0.017454386959522093,78.1449273146835,4.6089886702711444,0.03800202630387217,0.2344835923936396,-0.03941332565291839,0.19994359968947378,-0.03486652296109527,0.3239818707744564,0.029783585446242888,0.28627426917938736,0.3688701207398008,0.31986504356459683,-15.320547887661684,0,51,2.0
2.4231886039761936,0.01818985481653867,73.92122972712798,9.537071540365261,0.016369928569332056,0.127319481643988,-0.055442313809751294,0.15199424682510138,-0.004985989783616627,0.24257005498257225,0.0771593669667881,0.28178665008530546,0.3837398947332488,0.32131480904409393,-19.428013876754836,0,51,2.0
2.43761061278044,0.01871252239893879,69.73536283362145,9.78777587077236,0.01563937171344079,0.08906734391039957,-0.06413363437076994,0.11411669318110829,-0.025849450854401962,0.1546629229780374,0.12688891740763225,0.2720759395933916,0.3996748256499523,0.3232271674099897,-23.651371526884812,0,51,2.0
2.4527751207351685,0.018263767436184863,64.3476052050497,9.595578480178414,0.015633345325933953,0.08488400952680751,-0.06457543836943075,0.11770484446516263,-0.01795775593057567,0.177767314936545,0.1729064697309771,0.2579823298848272,0.41638897991645873,0.32523798100694545,-28.025939229885566,0,51,2.0
2.465238668754989,0.014391786125679163,63.23023431441363,8.595615713481624,0.017665097179512184,0.08887349107506688,-0.05801429493608428,0.09643714426844327,-0.00752065820144672,0.1586817456103744,0.21293867459730678,0.24018644479061776,0.4304832990240538,0.3268906474756055,-31.69030755343927,1,51,2.0
2.4755215358500386,0.012456733394439486,64.553954484416,8.676907349761592,0.01196810853320594,0.07293239667172219,-0.05273418880852999,0.0770845835522278,0.0016554440280386045,0.16259806702381055,0.24380951619418284,0.21944373252078905,0.44047531459904343,0.3282541556536497,-34.18727745332841,1,51,2.0
2.480011103784337,0.008908624527678545,67.22792747908947,9.757143543179408,-0.0025472349359416495,0.0720658910221818,-0.05787088426158709,0.07374352275970189,0.004170824426646326,0.15375466398593604,0.25940442871208375,0.19601802369452268,0.4462784601236755,0.32884947236324097,-35.70903943270576,1,51,2.0
2.4782837249484717,0.00983083553098825,67.94931558066723,9.42370779557726,-0.0089093307581018,0.09168468009020843,-0.06006734049422484,0.06446102057948017,0.020963032364699187,0.13697064822468502,0.26077002654437836,0.16831970452626438,0.4439578984783851,0.3286204219302894,-35.0974768611801,1,51,2.0
2.4724826555626067,0.013169714300018754,65.86522476813373,10.499340469787828,-0.04164872526684228,0.11098406237204908,-0.05979855966699474,0.0816343262677857,0.05374197082995784,0.17137706834801186,0.24649138194331463,0.13814584044206984,0.4356088359926071,0.32785120012799623,-32.86784853083997,1,51,2.0
2.460595835657681,0.016591295404246153,65.97195401378707,12.127193835658321,-0.0257018829020215,0.1277967980534083,-0.05753324449281482,0.08264144371989154,0.01308040498007162,0.1963388109265948,0.20895594366983733,0.1160039427349685,0.4201568380900087,0.3262750078101544,-28.773834352179417,0,51,2.0
2.4523729757935393,0.014387792287058918,61.457982713100954,12.21393363510695,-0.029414984306284024,0.1287325227177017,-0.04281857286525123,0.08795472737044055,0.03375308413752446,0.20892357572178888,0.17145887442430427,0.08943169934807813,0.4069193222926676,0.32518465659060203,-25.13484693866326,0,51,2.0
2.438055064163956,0.02042074701604886,66.24961687069313,13.819159278003449,-0.057161925324037965,0.17269651894417903,-0.02661848899123131,0.09013950015112132,0.06218215604951861,0.2375053666531355,0.13264822900148746,0.06689033880106823,0.3891889710980249,0.3232861015076521,-20.385308642417144,0,51,2.0
2.4271467304697225,0.019680098717196077,70.00035341113221,13.297916859082541,0.0006734691195043863,0.17200169883384633,-0.02420308398922869,0.08930759175976094,-0.01911216231939547,0.23887770376368286,0.10469966085572033,0.05571697341789878,0.37327283623298796,0.32183965646135854,-15.980995113262164,0,51,2.0
2.419972669844534,0.020637025541977924,69.48214201833687,14.390697716132847,-0.03701594694718426,0.20405301999138156,-0.008339364976421291,0.1907377459904596,0.07813828128992635,0.5904825780034658,0.08188575865884971,0.03925092521770306,0.36476742561804587,0.320888376023012,-13.674240911701684,0,51,2.0
2.408513171415703,0.028741897603501772,72.11242117601283,13.895162434194965,-0.02529846493373899,0.31641769528885066,-0.012007660670753787,0.44112591501113924,0.08528534680897114,1.348837854868378,0.04854099000117923,0.03596285922566859,0.3529095348529065,0.3193688465345385,-10.502179120573896,0,51,2.0
2.402091714097004,0.04427731604896694,67.71628509783277,19.351483665845397,-0.038198797990951466,0.4122387755431547,-0.003863237688646597,0.5197463626776082,0.03788110233989416,1.720894751015282,0.014995491872812624,0.03272118844570814,0.34062460383148546,0.3185173612849909,-6.940671132432952,0,51,2.0
2.391886320184259,0.052764533165612165,65.67929182800592,19.720242896846614,-0.04754662251684303,0.4664548613047291,0.0030777813391942603,0.5642099218668845,0.06528271771236963,1.9573449655060646,-0.030523593345000634,0.02812215472918476,0.3180081243767707,0.31716412604342664,-0.2661077543266943,0,51,2.0
2.3810060018417882,0.06362443368342757,68.76770090589336,17.68966539173081,-0.02527538702512781,0.6107779252230936,0.024335006105841373,0.5827663662573355,-0.0416907691488079,1.993528235806479,-0.07186921927542972,0.0316706813489537,0.2920316534030418,0.31572139582925135,7.503369343717658,0,51,2.0
2.370423022438498,0.06964312115635617,69.4184741973877,17.50909964491657,-0.013764333427317586,0.7364131026201827,0.00957544743284291,0.5588694976750905,-0.019020593049479464,1.8870562035379932,-0.10264787851102877,0.03306412782506849,0.2732857779062629,0.3143180927579528,13.054391648808995,0,51,2.0
2.3591087267679325,0.0673868296899878,72.17432444703346,10.717341066800948,0.0043758291239831965,0.7093027834150397,0.015141321455731112,0.5321166543878569,0.03776300848260814,1.6380546287712336,-0.13242179581754854,0.03843151780019637,0.2579679741250106,0.3128178170176684,17.534117274899273,0,51,2.0
2.3507849077383676,0.06486049985816206,75.18152939104566,8.006031844194782,-0.004206286779805726,0.6907816004751067,-0.005595983097366258,0.5004289699046598,0.017773622354748202,1.4270446928168266,-0.1568047584203177,0.03849924549811711,0.24261219316619287,0.3117140786259551,22.168355617547153,0,51,2.0
2.3443595667680106,0.05208449367851486,76.4665540152905,7.671745066809603,-0.003407008288537755,0.5580573939531694,-0.011792951573928198,0.4524919571028902,0.05419238996418083,1.2612127846745689,-0.1749081136524309,0.039223312169647244,0.2316010869791388,0.3108620785665816,25.497156794718656,0,51,2.0
2.344279791794571,0.0499090093785846,77.510829224306,5.096767901113392,-0.001045111420692182,0.4989793209375512,-0.0046547814181037974,0.407860774159175,0.05952728324222798,1.2860572950959779,-0.20108467204179006,0.04498121187951591,0.22044449317223191,0.3108515003833822,29.08366441842768,0,51,2.0
2.3430636437500225,0.04535118810930293,78.12461017159855,4.092586975022431,0.0196831731819639,0.5559721116732097,0.0008737216977512135,0.3600225306264249,0.013709868432260026,1.2027907656211096,-0.2209060648064459,0.05223519032537408,0.21622319241461457,0.3106902391541218,30.40554057851996,1,51,2.0
2.3444722207153545,0.047017847177365964,78.02435168098,4.3034219460304035,0.015052646398544312,0.5649760024046976,0.008844673706620348,0.3593506471893438,-0.009818469119422576,1.1881043116354948,-0.24229841685718906,0.0631852466886005,0.2242485374138179,0.3108770164555906,27.865835830982956,0,51,2.0
2.344183366088306,0.04886307426883907,78.16306450787712,4.297368467155808,-0.059290582861970455,0.9265669197034672,0.013787987915908588,0.4600934087774956,0.06668333910113457,1.2325150459966843,-0.2653949291074953,0.07298586470940083,0.22660912391484256,0.3108387143316071,27.09752245561897,0,51,2.0
2.3378906846046448,0.0541042571429752,79.32820704404045,2.6539110441452642,-0.05815733845035235,0.9828624131083148,0.021259857012945062,0.5365596959298943,-0.013641469655375854,0.768677957229832,-0.29464438381438024,0.0757687510403042,0.19020833240237522,0.31000430493042513,38.64332547089497,1,51,2.0
2.3331916805575874,0.05503899329260442,79.68271285412358,1.6992172854628362,-0.0344966965563157,0.9703615442462374,-0.00909204094433317,0.5423376747060789,0.009454710482090128,0.7492695705327204,-0.34367148866967573,0.06544543661776268,0.166316588777994,0.3093812169893193,46.242182897698115,1,51,2.0
2.331457878444709,0.05099046605210643,80.0,0.0,-0.01986079699104177,0.9565136178240049,0.002244541348487723,0.5250466877534419,0.0007329101802087298,0.6727017582086515,-0.4078655470767944,0.042110160317379186,0.15604213464475822,0.30915131467851387,49.525644163271224,1,51,2.0
2.3342298882849075,0.048871701267209716,80.0,0.0,0.05799373089993263,0.6101137947462018,-0.014761083814151147,0.4266432468415592,-0.010903375734593355,0.5470454402967335,-0.48871133966715213,0.012129259852870045,0.16352432941855613,0.30951888318990584,47.16822194068674,1,51,2.0
2.3410165602085637,0.02978918323395625,80.0,0.0,0.046923484986501875,0.3440711506844112,0.0010841335809113934,0.14375232231623658,0.020338753530499982,0.3557589772286679,-0.5768142192574831,-0.01840832553578073,0.19969630672631966,0.3104187958837828,35.668745135818504,1,51,2.0
2.3566714034360996,0.031164761656064927,79.11475068447636,3.8587077882663805,-0.007584360186193211,0.47829134592888856,0.006636135608834379,0.1577764337946054,0.002647757639779764,0.2999328764986805,-0.6688187817553274,-0.030030198994379132,0.2130073751833374,0.31249462809698053,31.83646820410876,1,51,2.0
2.364793986958616,0.04446988034527062,76.64995383281334,6.4640250096742236,-0.10316759972449611,0.9560507993831769,0.010603780547777811,0.3401920566652585,0.0399993374286329,0.7423021949878326,-0.7412032088983125,-0.046201390975090725,0.18266501044905847,0.3135716826686256,41.746968701222265,1,51,2.0
2.363168599266632,0.06941836336209012,74.6119488360835,7.193575848348165,-0.11658616247130375,1.194513617644993,0.040250565199291,0.4514957162269493,0.020985835761416192,0.893250053795937,-0.7576717065176183,-0.10005389341855332,0.14136968056196586,0.31335615628493924,54.88530296069358,1,51,2.0
2.3734805610250023,0.06874987851798159,72.50401593189613,7.286335265158627,-0.04120238096106286,1.382533246102311,0.022275249747668997,0.4582249080344884,0.002474432920708376,1.0421343245993784,-0.7503500552374501,-0.15160889528690952,0.11049744452531586,0.31472352241759693,64.8906304566901,2,51,2.0
2.3793489152894303,0.1243773415187274,70.7228559138728,7.500122193486872,-0.02271920296491361,1.5806260114868507,0.030982836204416612,0.48859094629628785,0.06520817297346451,1.322267911223615,-0.7232923956949476,-0.2052506657196903,0.07792701629340511,0.31550166618702596,75.30060071149963,2,51,2.0
2.405409689335262,0.13027458017467589,70.36543497384763,7.18092281779677,0.02397703642354292,1.428455282790217,0.009406169255574545,0.42730030124061835,0.017633625689674828,1.3965232013658078,-0.6887538847968658,-0.2526980808339965,0.07856154115760294,0.3189573248269205,75.36926258074377,2,51,2.0
2.4196372201629712,0.1605571529166964,69.37554365980859,7.682107978170668,0.0552587916745859,1.39441683240892,0.007432943757842569,0.3376722366713636,0.011424036002626606,1.4449575366068612,-0.6887460850497263,-0.25305745207292424,0.07733093430737809,0.3208438953891414,75.89764511068978,2,51,2.0
2.4386489873423294,0.16276531244418188,69.19690346250347,7.848763710131518,-0.09131681144821878,1.181075371065077,0.02923900005864162,0.3228035837723311,0.08006128610349168,1.5595705179976518,-0.6912588133675837,-0.24962791938068138,0.06488703080513662,0.32336485571467,79.93380243448857,2,51,2.0
2.4624081522810695,0.12199717666859913,68.99478819791008,7.372077760574511,-0.02547993832359127,1.3092390109481524,0.022046479524350633,0.40612231789827036,-0.09810941359576057,1.4623740458486068,-0.6794035323057629,-0.2571666094165112,0.06650736323520141,0.32651532099114355,79.63116614763527,2,51,2.0
2.4389177724426867,0.14630621183273662,69.37712197210274,7.407088144502675,0.07876390627786226,1.4446451116788477,0.01722347926275403,0.4593921889691316,0.023508056706073237,1.4651478755127711,-0.6728565618572663,-0.26198817356929877,0.06799002611385001,0.32340049662599163,78.9765239004937,2,51,2.0
2.45981159455636,0.09313105894709492,69.12222178777058,7.604647582222112,-0.02108350162412606,1.4553382918125275,0.00543100971217249,0.5217121093760232,0.04656160053084878,1.627394507781734,-0.6598657576678246,-0.28286811506251963,0.07722732972892743,0.32617101744514054,76.32305582088806,2,51,2.0
2.446964534474354,0.12237149434209814,68.37843362022849,6.766023414453013,0.08597044500650144,1.4745792902628903,0.032544256863640805,0.5340964648003254,0.005346333863688451,1.480269227623813,-0.6335630122993641,-0.3066617295399098,0.08763147778765351,0.3244674972791587,72.99221693313123,2,51,2.0
2.433749562092856,0.11210809669629916,67.59457206726074,6.369269926620984,-0.05125275312685499,1.4404089232883193,0.06637935793282938,0.4540503731475665,-0.05887178404658448,1.3677006655461244,-0.5997307335930442,-0.31632031053066545,0.09492749146072277,0.3227151919408224,70.58474660277845,2,51,2.0
2.427830632995157,0.0907128344232873,67.28209683474373,6.986037894723502,-0.05667644593061185,1.6529915885504785,0.05737070286390828,0.4332520124546827,-0.05270847795056362,1.5019772829886064,-0.545868798869626,-0.3060359837753085,0.10721582279335178,0.3219303417816904,66.69595596364827,2,51,2.0
2.397096062992133,0.1022270558855865,68.54386238023346,7.22334312482114,0.004710449015392977,1.6337861628559662,0.021383988652743546,0.5883447473528942,0.01613658228341271,1.5715915810227454,-0.4632328270015828,-0.2497794966688019,0.12523182808508243,0.31785493779311674,60.600949302668226,2,51,2.0
2.385423918857294,0.06387765285343715,68.45958502152386,7.753804531550749,-0.030365645008928636,1.5208727038922842,0.018580434807375364,0.6111694932702214,-0.017084439303360732,1.6016727854833677,-0.38578558049574907,-0.1840767617539232,0.12265527808297928,0.31630721163636016,61.22273739873221,2,51,2.0
2.363152539028841,0.078978105486472,70.89736688838286,8.292274924393265,-0.05513173254097209,1.0736803069300884,-0.00956261727739783,0.6043796940464109,-0.025437626622471156,1.4473069517109176,-0.3485055331295388,-0.09146078663510093,0.12054066919355977,0.31335402667244194,61.53211417973434,2,51,2.0
2.342789036678333,0.07792814832385637,74.17187956267712,7.7448155620096815,0.07397602682969734,0.8621227855348335,-0.05059377027346807,0.5959462627492129,0.11524755945977043,1.3305282901795012,-0.33863509648673484,-0.0007612041487867265,0.12481350667577974,0.3106538262620504,59.82231792294296,1,51,2.0
2.332709473429942,0.05856231821291145,76.14406314550662,6.69920020733073,0.03231357485421148,0.6136361889510968,-0.044099991483723414,0.3405978899745506,-0.03649781505559005,0.8347544361606903,-0.3577189836614513,0.060545679344654976,0.12020032628772576,0.30931727617602717,61.14011872414078,2,51,2.0
2.320940177814633,0.039674478724024013,79.24378305322983,3.0373541643350275,0.012721528993079476,0.6829015594300876,-0.03185368836948685,0.41033697840716377,0.020074409450970443,0.7674992410506702,-0.3768705974867155,0.12072455210468401,0.13516192130369542,0.3077566675774995,56.08156197959258,1,51,2.0
2.31661074886135,0.03467787900548878,79.74148025699691,1.8280106334809356,-0.010907716227366644,0.7066757308638592,-0.02385630265024363,0.39533392626892555,-0.03146878352352217,0.7518997054047439,-0.3693009074922513,0.1528915309304424,0.15115260087563423,0.30718258544242705,50.7938900058631,1,51,2.0
2.3127962695617303,0.042089337345508814,79.74148025699691,1.828010633480936,0.009190676843418795,0.6904225453886755,-0.015627350877313054,0.3938007677242615,0.011312476560181263,0.7295439740463268,-0.35691591087522667,0.1807136209071176,0.16253369813176835,0.30667678548993077,47.00162978684121,1,51,2.0
2.321873370923248,0.04832150224210332,79.71222803639431,1.8355606619024107,-0.005670672684323554,0.7330960931143842,0.011672374226298987,0.5137610252329192,-0.03504875660234807,0.9167535765721898,-0.3415410022944051,0.20705292339455297,0.16697676533123415,0.3078804089875093,45.7657062752543,1,51,2.0
2.325394031463885,0.047952194581080604,78.58150849622838,4.173528096399887,0.04406048722711264,0.7729641518621553,-0.049380158384641014,0.5949071767696417,0.04979153065120473,1.094175396267306,-0.32270990341461825,0.23318786717209514,0.17063610858480122,0.30834724857385903,44.66105685261906,1,51,2.0
2.328162772398369,0.08827996092763334,78.46963957244274,4.1489967778710275,-0.010989712295578975,0.8511188244491577,-0.03450681561348485,0.7349178701120808,-0.0142955949493483,1.2377010558624755,-0.3011322184175972,0.2614494939957925,0.17048953180428036,0.3087143836283184,44.774347796653366,1,51,2.0
2.3533927342470955,0.17060024690742726,78.46963957244274,4.1489967778710275,0.023838249345620472,1.2240811670981666,-0.07520230874127033,1.0474553932972959,0.05084423516310897,1.4525927592522418,-0.27197015410336134,0.29424917135429024,0.16764114533022037,0.3120598765584837,46.279173349989314,1,51,2.0
2.3501609312553033,0.17070629068372653,77.93952132206337,4.835768068759413,0.0828693952484458,1.2751942219964574,-0.11459736818192053,1.0024687358204658,0.14938176722795354,1.3543454060800606,-0.2350172357933678,0.32850366240409856,0.1662457155358929,0.31163133947581534,46.65308187054317,1,51,2.0
2.3518443896489987,0.16896234879771774,79.0702408622293,3.284419868355149,0.049952901826769695,1.1632028683292486,-0.07751018159529742,0.9002679935238033,0.07922710120385769,1.1404520875345465,-0.19528324830617472,0.3606456412846631,0.16784861144849839,0.31185456606481976,46.17727950354569,1,51,2.0
2.3622295365614048,0.15088947133772956,79.420423189799,2.7933138086187466,0.04303343163109293,1.2012732896538116,-0.08291346499440717,0.7989582786867432,0.12300396305234994,0.8711136593037723,-0.154540314618311,0.3868342169277786,0.15397433107868602,0.3132316365394739,50.843301532448514,1,51,2.0
2.3426311366698322,0.03006464928211278,79.66321198145549,2.2402720544283805,0.07233062295206621,0.8466015637768531,-0.0611895793939338,0.32266058877899073,0.07466312085150503,0.41003764404092347,-0.11830969580093634,0.40707317141830557,0.13877695366606457,0.3106328887222743,55.32444930834737,1,51,2.0
2.340504413726283,0.07501472630651848,78.58836892071892,4.552154116607327,-0.04273910411432678,0.9131906742243979,0.0038965770280828664,0.32927603866943167,0.0045376179338085885,0.7462710188272084,-0.08652139667299855,0.41714984192961935,0.12833723806395503,0.3103508852572028,58.64769711947309,1,51,2.0
2.600440542487537,0.6632412139323641,77.38249573053098,5.6864676861477195,0.06495774420453053,1.3105875042905342,0.025483278740270465,0.48675830748731624,0.0019311296077919942,1.0979975669911861,-0.060085660393896345,0.42251443632701763,0.11384315873280362,0.34481841600392177,66.98460596967975,2,51,2.0
3.0818072347080006,0.9444923655381502,75.76715776032093,6.3305436199216425,0.12232618282238643,1.3275894347864945,-0.033267964919408165,0.7047274174014603,0.07412272509114415,1.2585886772495765,-0.01583319369420906,0.4127516405862945,0.15840697496478903,0.4086476393872278,61.23629266467261,2,51,2.0
3.5782904870369854,0.9181203046391242,73.86258693769867,8.244683968747514,0.21635383367538452,1.4096069041022372,-0.012016252851953693,0.7390417038287428,-0.051752100972568285,1.3126655587905,0.03359987740924999,0.3829716848848222,0.26572364739296844,0.4744813186466744,43.997026447559406,1,51,2.0
4.059246204063004,0.5892432878206102,72.39175993788476,9.653503567881254,0.13725559968574375,1.5132268275333969,-0.09573741637024225,0.7757073789141743,0.02228250895060745,1.2127637204136092,0.047392988996115125,0.38058174710365006,0.3561413918565973,0.5382560467093336,33.83420510853655,1,51,2.0
4.2447722075032255,0.12035044090450456,73.44486488080493,9.634493375992847,0.2148227983830022,1.1441601528156595,-0.13022882053080728,0.690282875126001,-0.014909660407141144,0.9136864562838476,0.06330372391737288,0.37936646249230704,0.46190796805043655,0.5628567946914883,17.93508181710476,0,51,2.0
4.244598513724757,0.10022219926063645,73.91830609826481,9.625906025044937,0.11919037449885816,1.0995417784796055,-0.0730933191656482,0.4354293409942633,-0.057781019193284655,0.679892541479995,0.052834570446597194,0.3852666636517526,0.5509714584703804,0.562833762901239,2.107603561256155,0,51,2.0
4.244905849297841,0.05852227303063771,71.84036522285611,10.79208094508748,0.04978641319800826,0.9610192644200878,-0.022232639110263658,0.47096139289341993,0.05285963313836677,0.6140839283187043,0.01736412320004873,0.4072344774031293,0.5791906293700987,0.5628745155983448,-2.8987124695829536,0,51,2.0
4.218077414176044,0.17077754023965216,74.60346447252759,9.288782962396972,0.08974260741881296,0.48112382356566463,0.0841049442761669,0.37491580231919974,-0.03313760123416489,0.6200354828659811,-0.02256119786941233,0.4065181990722448,0.6229215063261613,0.5593170649132021,-11.371804188171808,0,51,2.0
3.6019141105021917,1.0617601246218933,71.5518907285204,9.731575432645311,-0.16377238542133687,0.4940303501715341,0.19322659327265093,0.42029443200883343,-0.00393800568931243,0.7811691146092575,-0.09721774893711509,0.4108982260316479,0.5731448136675157,0.47761381085023813,-20.001725378756376,0,51,2.0
2.9678559505618085,1.2149708362186777,71.95089473911361,9.657401553870587,-0.16682416901868932,0.5875084955275341,0.2288051745763012,0.5195117581103391,0.01257339412090825,0.8178217892253068,-0.17979090223624952,0.4304265729979229,0.45727253980470584,0.393537699134461,-16.195358363486378,0,51,2.0
2.3474948129379283,1.0023989050520703,71.6404050097746,8.710951924626283,-0.1529934373410309,0.5981955727508278,0.18070437393936456,0.5566315027462346,0.017911307221534205,0.7815332225358124,-0.2519574119691909,0.4415929258954715,0.32428932774874025,0.31127781228472867,-4.180033060663457,0,51,2.0
1.8679562476920146,0.19773440377811558,68.62460095274682,8.59645238794691,-0.07839632494484677,0.6096412309495199,0.1541996512050722,0.544469665934253,0.02919238849597819,0.6661371932965428,-0.30101184032551376,0.4377698267959491,0.20387889168421783,0.24769099841800535,17.68821112338118,0,51,2.0
2.0249781830638063,0.3027476457639974,70.82757133596084,8.875722363298326,0.02820741436352917,0.5960908788396947,0.0272829252130845,0.48162563448282864,-0.029557819898222006,0.4307333385518364,-0.3269693828646162,0.42656027490028015,0.1742277298619297,0.2685121070476111,35.11364095361383,1,51,2.0
2.1936574099110624,0.29566408563189484,70.72846635182698,8.746939931547983,0.029596303534858367,0.567998031587644,-0.0034209685582740636,0.4412616998868611,-0.017127560342059416,0.4051298539135181,-0.34440857454054663,0.40450726821262656,0.1724233507088525,0.2908789725094936,40.723336162353576,1,51,2.0
2.3515164822924373,0.20768377376625846,73.75802861942964,7.203622685787983,0.03874514456473145,0.5662141620298987,-0.03029454660181906,0.35257122124803886,0.012042505776180941,0.42181671375110125,-0.35312609629598024,0.38944022347687535,0.1927300327729229,0.31181108566924964,38.19012805165008,1,51,2.0
2.4321501582276586,0.02772951573694025,76.32130724776025,5.307741480354128,0.010997134680841483,0.5306453798919323,-0.006235336337019415,0.35037706651341805,0.01466736416606342,0.4331615297710616,-0.35181093658228046,0.3820844213517877,0.21542826766422415,0.3225031111385343,33.20118156265325,1,51,2.0
2.4282454018499338,0.02901152061071308,76.99584831910975,5.027797504115871,0.036773396035035454,0.38540879417029206,-0.00806902838396091,0.36408861931294567,0.008401603017951929,0.44554157003344624,-0.3371166377724962,0.37962088329119714,0.22522795093146167,0.3219853402863174,30.05024678105428,1,51,2.0
2.4142228248072604,0.03605450536078295,78.77282351138545,3.3745799951929474,-0.010393381410954045,0.3240789764713,-0.04052318888259869,0.27420897134385097,0.015661311865437264,0.508700340683661,-0.3147218518762889,0.37857086536227114,0.24113884966464977,0.3201259465736377,24.67375661185862,0,51,2.0
2.3999341773051843,0.03707311370994534,79.31297360214532,2.4702706521717204,0.004795746476042504,0.3152743347812525,-0.017432807342094535,0.2485381534640922,0.015650591940856447,0.47998060837351547,-0.29245213463561254,0.37624663611031356,0.24919209116274196,0.31823127191490774,21.694656322344798,0,51,2.0
2.3811507271785364,0.03377144596643765,79.82887784172507,0.9319865815635671,-0.014926152194247526,0.3243584127387113,-0.041939223075614256,0.2302611120469109,0.01774559732453496,0.47043418514954394,-0.27102337145722855,0.3745059348708245,0.2531874101625202,0.3157405864273372,19.811572839785242,0,51,2.0
2.3675810577822665,0.030216345229056245,80.0,0.0,-0.0009914726091950548,0.316641601361345,-0.015149094821775662,0.19573387649159404,-0.012256919899407555,0.38848108719775215,-0.25815522908219024,0.3661231524493999,0.2561995473022903,0.3139412482650357,18.392518116637767,0,51,2.0
2.363348035251393,0.02699789741399724,80.0,0.0,0.045687994353619275,0.2940356920444553,0.020841404284332312,0.19253199283269593,0.013513196917141186,0.3468707942359431,-0.2521482605760239,0.3530449846718774,0.2629409189735305,0.3133799494732393,16.095168368139646,0,51,2.0
2.35329522338568,0.011624717398054065,80.0,0.0,0.047306682293613754,0.2533173636899197,0.011866862575213114,0.20720218884155145,0.017505496009892107,0.3541018621901604,-0.2512824055878775,0.33808039297700376,0.27115859657119173,0.31204694661961974,13.10326875214397,0,51,2.0
2.355196466632918,0.01424157804586239,80.0,0.0,0.03210582156829974,0.2588713911710837,0.025107909359183965,0.20592667247610436,0.007008372276437049,0.3819399370419114,-0.26052415061808687,0.31918749260349394,0.2797913907521599,0.3122990514764401,10.409144879113597,0,51,2.0
2.354954909460217,0.014438618184879064,80.0,0.0,-0.00432311264140641,0.22308946965024495,0.03625391043868719,0.1814522159912303,0.006360184766498266,0.38123216667379084,-0.2827555622106246,0.29802048473586734,0.2800320226248206,0.3122670209955049,10.322895535980525,0,51,2.0
2.351077930015676,0.013213416727045771,80.0,0.0,-0.007747809174379297,0.17717750771948912,0.05253565420999246,0.1398408803825399,0.024021028942775493,0.2744542552147466,-0.3132270879738321,0.2737726396063434,0.26689155821509686,0.3117529335213097,14.390041113485275,0,51,2.0
2.3460969217852052,0.017273969522402323,79.95865152396408,0.2923778779673003,-0.020583557668050714,0.1640534840963208,0.05927863644034255,0.10263068890043066,0.009118777772813452,0.24686075332283378,-0.3446357022491079,0.24368961879498116,0.24916303223631306,0.31109245183004924,19.90707882156151,0,51,2.0
2.34179300829476,0.0267109784466414,79.85956835279278,0.7537669983060047,-0.02469567151959328,0.3166590316151224,0.061137118029828165,0.15145616868703554,0.039640246707873014,0.6088960540918696,-0.37168808531942077,0.2107740582019017,0.22966577370011693,0.3105217529002124,26.038748797762622,0,51,2.0
2.3377733937665526,0.04266399267979608,79.3499101190006,2.292518027677761,-0.010898512788116932,0.4622899563707107,0.05667313239445873,0.1781160004076165,0.04333413332043325,0.8770697999545393,-0.3893863899576634,0.17671608624106058,0.20578638648151895,0.3099887520043577,33.61488597540272,1,51,2.0
2.332618802201514,0.05696079389084987,79.11788601968803,2.606461721876876,-0.02252857365152415,0.6167753478528771,0.050989589708692884,0.18936196580255582,0.04614712414788265,1.1048024299271617,-0.3983777552818862,0.14574827100666768,0.19267019564335164,0.3093052531577686,37.70872182856992,1,51,2.0
2.3337074699355105,0.06831968385287866,77.63033336751602,4.865085366992199,-0.015669458052691293,0.7463917846989799,0.04099754565486721,0.2720785258506778,0.017052902894861558,1.367904772042499,-0.40232865175115107,0.11791885487856874,0.18018715369859617,0.3094496104886299,41.77173032660295,1,51,2.0
2.3308296694475064,0.07105926588912825,76.86341097775627,5.709275704670506,0.001688299810185152,0.7913810480057019,0.03376320150553012,0.31086714441739577,0.008255936205387115,1.4237475087283,-0.40492663193972533,0.09406477342860316,0.17328728432548085,0.309068014136062,43.93231379511371,1,51,2.0
2.3302436763165044,0.06858956419796924,76.85616997176525,5.972055046241373,0.006122317968630323,0.7671598088970915,0.028111560671937232,0.3602705516723226,-0.0035943878339786154,1.3837605439782654,-0.40672758297513834,0.07452242493596366,0.17400962938208192,0.308990311290067,43.68443830631017,1,51,2.0
2.3307705667673373,0.06652063652641377,76.81310428357592,5.892443825886323,0.022541541679232727,0.7905626375016842,0.026526249214714647,0.394687035793814,0.013545453986700843,1.3332674471787325,-0.4096451045299541,0.05761217745504083,0.17198988222624578,0.3090601769693023,44.35068150390374,1,51,2.0
2.3300985991954803,0.05941555317033597,77.58499532587388,4.935979589008277,0.02419793518150554,0.7127837940502043,0.0225304747913398,0.377956942686506,0.03182849565557405,1.1493741594880669,-0.4129922361332768,0.042467790524081145,0.17567289149483445,0.3089710742393692,43.14260908490891,1,51,2.0
2.3308209256798613,0.05283370118106563,78.44364964728261,3.7957517858280294,0.03418729089054407,0.6268239477422995,0.02653953498777221,0.3384062257586244,0.01477728082853205,0.961776320725892,-0.41638500399830436,0.028917424106630847,0.18190799821222464,0.30906685473700546,41.14283190702679,1,51,2.0
2.3308965002789215,0.045949357522356994,78.69502187242695,3.6728468385973136,0.032538059980188515,0.5597958616287835,0.02850407464247124,0.26922139608790874,0.001075923150660945,0.8301110656895802,-0.41960312488695123,0.01464699050915077,0.19075866129486108,0.30907687593848454,38.28116040203936,1,51,2.0
2.3306299225956786,0.03099316926339239,79.3511715589785,2.7080406128735364,0.029914717345188063,0.3453151069031327,0.02631843725548071,0.19467595040432858,-0.0026203968799581715,0.6128794440800734,-0.4194757515529925,0.0001249332911258145,0.20368117303657787,0.30904152773629223,34.09262032564738,1,51,2.0
2.3292584968548193,0.020002594684459227,80.0,0.0,0.02586258607277391,0.25358293496228007,0.028972182861145807,0.11460941001532972,0.006244581557956396,0.4182759004131006,-0.41521326764791605,-0.01610403550598626,0.21026040381063865,0.30885967667974534,31.923646987218625,1,51,2.0
2.328923093921998,0.015131536429726531,80.0,0.0,0.007687965544926769,0.18927956419263386,0.03242054735036457,0.07622212086214394,0.014620934594787803,0.28363991656888476,-0.4074417338032235,-0.03305570131767654,0.21349046418939346,0.30881520240408555,30.867890399372055,1,51,2.0
2.3288964512301424,0.01769517377720165,79.95584659950406,0.31221168903125046,-0.008140887334650638,0.2007700991343236,0.0319104893680881,0.08230347953348457,0.01308904022124468,0.2678442505057885,-0.3980741466015065,-0.048271297069862315,0.2144590480804091,0.3088116695804269,30.55345079031885,1,51,2.0
2.3306501262328205,0.03188833154585253,79.9172446307014,0.4105763292773505,-0.009370517204789555,0.3649428154178629,0.02738717709686242,0.23992131395142205,0.023597534198094818,0.6959155043702018,-0.39002096905866457,-0.06279851736547451,0.21252637937654562,0.3090442067371995,31.23107479659999,1,51,2.0
2.333291274659774,0.04195283977868043,79.15554216796276,2.357147276811524,-0.004498294682479372,0.4361135523923601,0.03164771316098232,0.3234328429410316,0.007228722357574631,0.8445120195830417,-0.3869431262464012,-0.07532008732373636,0.21062937890737085,0.30939442301363723,31.922050547728553,1,51,2.0
2.3325574380509995,0.0423789133494941,79.11958733726951,2.3579771204004603,0.003446469412130468,0.42575375734902504,0.03882459054390589,0.329287429192581,-0.0009819944845695123,0.8533570894608059,-0.3901223481895789,-0.08690968885646877,0.21312092224394621,0.3092971162759699,31.095082679726836,1,51,2.0
2.331062833468119,0.041667287012630116,79.15373729257023,2.3504680045053234,0.007478187408517389,0.41404755008802796,0.04068217894025877,0.3338442614490078,0.009331398953994116,0.850966424538078,-0.3974748571579169,-0.10058716264652304,0.21805244120708397,0.30909893170934316,29.4554529835365,0,51,2.0
2.3283240035468458,0.030200584362971506,79.33742319368848,2.156928361336108,0.01690840830697733,0.2718619560519264,0.042355921229018885,0.24267075177543432,0.0009756312322090654,0.5220157706984675,-0.4059610717739895,-0.11469132010792302,0.22292255755602255,0.3087357628617046,27.795032396075637,0,51,2.0
2.328141573597403,0.015925230502906184,79.95404172411152,0.26252922492755193,-0.014487936617989167,0.1658764022832445,0.015876425284088825,0.15428737074982263,0.00019175228754095004,0.23614028705536802,-0.41235411779570763,-0.12435127906420308,0.22152227732379798,0.30871157265636606,28.242963029319434,0,51,2.0
2.3288189137683197,0.02553268214511924,79.98999655480479,0.07073503932765758,-0.025842182813029663,0.26522862811885617,-0.008280592039227486,0.2419207227727176,0.026706067133037484,0.4752340112334967,-0.4167940719506196,-0.12260207218931059,0.21089356491460443,0.30880138797353784,31.70575874073579,1,51,2.0
2.328910069722755,0.026164444610145967,80.0,0.0,-0.007037289769333952,0.3224576136210609,-0.026174188865458265,0.24638963462474492,0.03827688446743231,0.5343169330942367,-0.41980171082095435,-0.10627113947381249,0.19740503017966687,0.30881347525786096,36.076290059935836,1,51,2.0
2.3293843053135217,0.03401664999647959,80.0,0.0,-0.014281486654106309,0.43182755485844837,-0.05659319701440194,0.2543239517262563,0.013298324948432399,0.7544915325816457,-0.4211074572665335,-0.07696148278601556,0.18491676452870598,0.3088763589009268,40.13243189388325,1,51,2.0
2.3286409126777277,0.035710006565252896,80.0,0.0,0.01278387229232227,0.46930924593503576,-0.04868402441634851,0.24979481317208943,0.006185276251213223,0.8553805750925854,-0.4200842343197236,-0.041661015167232265,0.186506411161514,0.3087777850371219,39.59850086394919,1,51,2.0
2.3288056195950975,0.029659466916306006,80.0,0.0,0.03498241561008435,0.42599187901465635,-0.04948617291508937,0.17425952935168834,0.0023219948451893,0.7565125494034972,-0.41353638295239376,-0.004709230727112997,0.19343394487562443,0.30879962516958626,37.35939777472379,1,51,2.0
2.333249533877653,0.028884531959081257,80.0,0.0,0.022263617200009963,0.38896504387592146,-0.05382222207445724,0.1667718418070407,0.0004223075275327645,0.7139751432120618,-0.4030410225326429,0.03349158958598832,0.2010169600980656,0.30938888819820287,35.02773765769871,1,51,2.0
2.3386034644117544,0.020074708238829512,80.0,0.0,0.010385898690597684,0.2708101265739713,-0.06428326512960826,0.1553602801701554,0.017970551079248682,0.48560267660824125,-0.3916836463064555,0.0739899607739776,0.20847596000043875,0.3100988193818868,32.77112102007054,1,51,2.0
2.3436724952622954,0.014778821927237522,80.0,0.0,0.0011709892720568413,0.21831231012793023,-0.06215992233916825,0.15684982743806936,0.009641609994658068,0.379797205486829,-0.3765589309890962,0.11563598413668195,0.21192341471577467,0.3107709728720778,31.80720427097018,1,51,2.0
2.351154863250022,0.01232759814708763,80.0,0.0,-0.011468461185109382,0.20635903716278767,-0.08160602944154366,0.13123302898560635,-0.013688867893435206,0.3626636575178368,-0.3542255127797894,0.15637223165267194,0.22087305677889593,0.3117631348617502,29.153568180265776,0,51,2.0
2.356869742566464,0.014607527543693464,80.0,0.0,-0.01513129472732544,0.2302831375153821,-0.07485640260810945,0.130484724760903,0.011086026590098353,0.42221404201002605,-0.3223562454946517,0.19186148930825517,0.22934401200929597,0.31252092786013935,26.614830699615442,0,51,2.0
2.363515800120784,0.017460389052474243,79.95724322749119,0.30233603782628843,-0.01524612084761554,0.3641002527970931,-0.06638708462317784,0.24471878274126505,-0.010539356546074736,0.5036129332272025,-0.28024680924357165,0.21757174634809787,0.2374138840727974,0.31340219493679,24.246259947004734,0,51,2.0
2.3748543718281914,0.02019405258887747,78.73630021600162,3.834068427718904,-0.01599608204674487,0.36084245954196575,-0.050906933332775156,0.280986277294144,-0.03787707698111441,0.6140473393803526,-0.23050498322976587,0.23219003406002556,0.2456914323660075,0.31490568954439196,21.979360639220012,0,51,2.0
2.3810537679522645,0.02050196914723289,78.73630021600162,3.834068427718904,-0.01607995337861426,0.37275472651177877,-0.04398485536084456,0.28213326645500325,-0.04303906302826077,0.7172889510031795,-0.18918430061193545,0.23965609997304618,0.25117755196250585,0.3157277296256295,20.444887035948124,0,51,2.0
2.388481058326422,0.017540329623036935,78.09669137936012,4.825757544760929,-0.003875661422224606,0.37025102840958857,-0.03965863402859837,0.28761001253871205,-0.030680387993069255,0.6840779439221019,-0.15039109747062931,0.2406845014632491,0.26226765331466556,0.31671258833060195,17.190644458724137,0,51,2.0
2.3962101100706588,0.017777271819826537,77.98858889878964,4.644186336287035,0.01107463781155792,0.23637376204901492,-0.03033185319281092,0.21961329558576714,0.01182721463926867,0.6306069221874189,-0.11732018628400721,0.23961128399908205,0.2768379709077231,0.31773746059294955,12.872101894721943,0,51,2.0
2.404979258775711,0.020122597952812907,77.11160405476888,6.006901427842464,0.016426916946383083,0.2459167811924598,-0.03775325570912922,0.17319637980085362,-0.0336204754444314,0.5920169386005114,-0.09252220574353413,0.2416105144485086,0.2912059230587285,0.3189002497091123,8.684322660658129,0,51,2.0
2.413202406728969,0.04069894175089904,73.40650069479848,9.184759573729645,0.022778653777113148,0.2999424023656847,-0.034158566199681335,0.24103173808947326,0.006159220365624802,0.5087397349475615,-0.07198506909032691,0.23845361347967686,0.30896154881749566,0.31999063912662223,3.4466915467368686,0,51,2.0
2.4281311245525585,0.043323093906631305,69.09307452276641,11.01647756223782,0.025750090386353286,0.3150735703948174,-0.03834619431519041,0.26520105856842957,0.009939809968950702,0.4856882081811052,-0.05735248535794035,0.2363557739190242,0.3206760939388033,0.32197018726371657,0.40192955003417463,0,51,2.0
2.4391519100058314,0.04503512784413012,65.00711498073503,11.906038427534702,0.02433898730897436,0.3489693422332324,-0.07217325788794779,0.26365856675327837,-0.014158921060608882,0.4885483694128376,-0.04365276148498781,0.23464643440572966,0.33655488589316357,0.32343154341577857,-4.057533269262681,0,51,2.0
2.452215025237962,0.045676383128099546,63.307745330473956,10.792144753498572,0.012535463142044404,0.31891187752630984,-0.07894782805997952,0.2550539238718359,-0.00022235863349016975,0.3429353439225968,-0.022238614537754445,0.22335814241199656,0.35393744875225447,0.32516371234176544,-8.848999847881611,0,51,2.0
2.4662634169354156,0.027914105819903626,64.45013610521953,11.763285789213825,-0.017012317171868158,0.3083594470591277,-0.08483075887403067,0.311519391873626,3.3936207639236075e-05,0.33542466664296444,0.008316562892111017,0.20536009416108597,0.36390087044097064,0.327026529083432,-11.27564221192927,0,51,2.0
2.4669486991330687,0.026874587073828407,64.57403064241596,12.056510563029954,-0.03582892004473537,0.2944970710725623,-0.10447507669382236,0.3045937533275753,-0.023362121617823254,0.3587823537874372,0.04072466236437168,0.1751406635929996,0.3641940421666757,0.3271173975082674,-11.334354253497402,0,51,2.0
2.470298260450363,0.027628008243511498,64.78518356996425,11.345970484806982,-0.032831621447614596,0.2853297270814543,-0.1058102552870325,0.3194778543434981,0.004484342429421696,0.3611150474021828,0.06675104982355952,0.13742456813691423,0.3620638174071499,0.3275615493416323,-10.533064132485602,0,51,2.0
2.4715186448073854,0.03400752442280455,66.48694454454908,11.992381590483122,-0.027957446800143112,0.3426715983476529,-0.09164905182871164,0.3435727939368594,0.014232170804604595,0.32943805153527456,0.07777862452731434,0.10469457331688888,0.3640444539916704,0.327723372308614,-11.082847533026484,0,51,2.0
2.474053904998536,0.031950659924968226,65.63121548353458,11.612696102092432,0.02519702984421861,0.29202447222191275,-0.11187578688430436,0.24422020313007287,-0.014637065320914867,0.3835892231560969,0.08437088051020214,0.0808618772630228,0.3753855145956488,0.32805954780752844,-14.426029391434248,0,51,2.0
2.484375766971532,0.03402519788510767,67.75705606797162,10.62375319643936,0.01363091921324239,0.31334316566893716,-0.08025471466209959,0.23162041349956913,0.001550018823906487,0.390666648305554,0.09988561493570274,0.05871950397160835,0.3982357664888182,0.3294282267043353,-20.886959345544565,0,51,2.0
2.493275660802336,0.0296572621044911,70.21081599534726,9.394788755738274,0.02164544955845557,0.30288739625767297,-0.06608029566340003,0.2426530049976747,-0.0004112049572023691,0.39305075619010565,0.12786897830362717,0.03585964006675321,0.41265919704558407,0.33060835262411303,-24.818140186179495,0,51,2.0
2.50136289935486,0.018198225336377615,70.26164224568535,9.493989741123722,0.004418774471417361,0.26184604591571153,-0.06234745040316792,0.2514472723905173,-0.03297517932586226,0.3631317769723474,0.1621941774904946,0.008661506485072724,0.42292190830866905,0.3316807204520848,-27.50874025243959,0,51,2.0
2.5063494321177986,0.015511530601096295,72.02367210388184,8.284684570794012,0.012535883974302196,0.2797489019068998,-0.05362738515524303,0.29528598163917497,-0.008215352358734784,0.3118878222385703,0.19864344544867202,-0.021157732669705876,0.4316287355927577,0.33234193469763096,-29.874894056165125,0,51,2.0
2.504866618151758,0.020094233315141243,72.40653841168273,8.66803803735213,0.006008744178175488,0.2627054353192798,-0.03394153582699159,0.2909416188133509,-0.006408245152081637,0.3044643560207157,0.22826879570565434,-0.042632401464717896,0.4378221812259595,0.3321453135644328,-31.81645603469474,1,51,2.0
2.497540680216808,0.024984837809688784,72.18898064482445,9.252903639252077,-0.015980981224143476,0.25727815760370837,-0.029658512559299376,0.2748400272190037,-0.01061957933501724,0.38732296101883285,0.24651960827329303,-0.05391842786307736,0.43815197494395786,0.3311738941926427,-32.30269131330936,1,51,2.0
2.4784754169922247,0.03815122114916352,69.16578499476115,10.462110481756548,-0.016791266706479967,0.23294187503210817,-0.035838922339619377,0.2320964878059521,-0.0047662330782223565,0.3995961106751888,0.2621417633085773,-0.05850033770407994,0.42444239787712434,0.32864584028950855,-29.148872690196637,0,51,2.0
2.4565293321422503,0.037936405227644514,69.29958651112575,10.428511084709205,-0.04152762996690238,0.20331057257721163,0.01409208237686578,0.1952963935427312,0.00035447059381826253,0.41650443410959803,0.2690919944378329,-0.05552016271822216,0.40461262768768214,0.3257357894399674,-24.214974468518324,0,51,2.0
2.4386492932544037,0.02696498599550178,68.02913024378758,10.2218448930084,-0.026996941780488865,0.2515006659672221,0.0136835607791356,0.21903925568480254,-0.011145270648686326,0.4079895122611772,0.2661603157667128,-0.048812585823435325,0.3875046738408779,0.32336489628447057,-19.83510835387099,0,51,2.0
2.4272297305219315,0.015408705981493439,66.46710838056079,8.938591404052245,-0.010731115389396162,0.24324044188950422,0.014417718949855543,0.1907156502916883,-0.006901054497004724,0.3149764705013385,0.2563303326818774,-0.0415370768388419,0.3746672055712885,0.32185066226577563,-16.4102639819639,0,51,2.0
2.431369531388376,0.018778094538698546,66.46586713603898,8.34742951790896,-0.011479461090821846,0.24153460702643031,0.013140418566763401,0.1805789431142629,-0.0049080225803396285,0.3237140088453363,0.24036215060605082,-0.0345166834084407,0.3731818156689073,0.3223995997077963,-15.751327237111013,0,51,2.0
2.431240503694497,0.01638370093602001,65.31788643668679,7.897256720598327,-0.010905241013924573,0.21777351436285883,0.016148295235254018,0.17016303783817638,0.0007834785079181779,0.30936485072713366,0.22166776236705144,-0.03106671470282703,0.3681803514971272,0.3223824906331079,-14.206063354768283,0,51,2.0
2.4313707386746124,0.019835959108709493,65.43195417815564,7.557799485599882,-0.0057675091084092855,0.1524074043820927,0.007053461254519575,0.13457171002843354,0.019216199455709727,0.3236143186929148,0.20283795454893067,-0.03150879041894279,0.3646374884588291,0.3223997599479744,-13.101042171269173,0,51,2.0
2.4310014247894287,0.0215175504232872,65.84956070956062,7.531698054306923,-0.01111206330596378,0.19547311338706597,0.015437183454267535,0.16076263275833122,0.0007539295417932319,0.4224048554382181,0.18757967419958949,-0.0340346842142828,0.3615409105741719,0.3223507889254834,-12.15760066209981,0,51,2.0
2.431254543510138,0.02220545572816397,63.831718024085546,9.429109586686756,0.02402364040323186,0.22903921497707863,0.008529467992119346,0.1638970971403435,0.016352835020013883,0.4975845958878088,0.177947656711009,-0.035611674899698575,0.36055837804860874,0.3223843524610475,-11.841153361242519,0,51,2.0
2.4355499078245724,0.024289497198308304,63.686812643911324,10.41927363388057,0.004686564700130154,0.2776687169783634,0.008727454826893175,0.16598140976980802,0.009058342260472915,0.5641551265514911,0.16642571179686977,-0.03748044684889609,0.3633867991012533,0.32295391777164756,-12.519706095714511,0,51,2.0
2.4433399859596703,0.024868498356335474,63.06120823878868,11.291573325211244,0.013654430524683465,0.29715744798932986,0.012780353582153717,0.15520840397857563,-0.005877034172561823,0.5689995456252567,0.15412917204129503,-0.036828590037547994,0.37031719535389734,0.32398688213275845,-14.300058359200584,0,51,2.0
2.458328875840879,0.027550383833935977,62.02396439571007,13.25298257729573,0.016954401581018578,0.2907768060963043,0.009110901544701453,0.12110450311205688,0.006763699026230504,0.4829121467932761,0.1372337674508977,-0.03222536556146073,0.3815973686747779,0.3259744090913409,-17.063597028517343,0,51,2.0
2.463888920989691,0.02439779106318676,65.24510246164658,13.025510766945569,-0.00046985169105670033,0.26959361926650216,0.0030056830055043833,0.10746662601120116,0.0004977383924757733,0.4051449600657508,0.11895451490497591,-0.02993876719001836,0.3843392940356178,0.3267116710836977,-17.63867901038556,0,51,2.0
2.4686298452171624,0.022317997997861896,65.0662911826489,13.305682159260275,0.008972688085016082,0.2260548612667204,-0.0001489713059866107,0.11269900619417708,0.014347161945896041,0.29148501219457273,0.10324599046005419,-0.025824215038246043,0.38789491477130106,0.3273403174751725,-18.498973106397564,0,51,2.0
2.4700584353185167,0.01961359293584975,65.47035991444307,13.149966002029087,0.0023949617045182807,0.19840456775633172,-0.00013786380512493792,0.1148003993833848,0.008303583046083576,0.24265068278725818,0.08792969313413934,-0.02500352058563662,0.38810956026907695,0.3275297485205388,-18.495972357374836,0,51,2.0
2.4679841013515698,0.014027573824209218,65.2233252618827,11.612941075904155,0.00779799269694908,0.18347144078758917,-0.0013685695388737846,0.10712011775277949,-0.011807603986395122,0.23088577832146612,0.07858289821831724,-0.03024840106705936,0.38561753638922086,0.3272546918373572,-17.834074195907768,0,51,2.0
2.466596445616554,0.014651001491337702,62.71677510878619,11.573707592404835,-0.010290595611520842,0.23184764421918558,0.005379140258346703,0.0921589445757764,0.0010036616392123203,0.31317273580418725,0.07300057329051954,-0.03640641828437037,0.38470508255444213,0.3270706886853616,-17.621387627469186,0,51,2.0
2.465388736304115,0.01633084689370285,60.412774740480906,11.466202919663893,0.0017384484264196135,0.3110187685126379,0.0008691619515565096,0.07336342272909757,-0.00594001966893819,0.3814075143403583,0.07692124492454532,-0.04498242541832824,0.38226254752667965,0.3269105464326365,-16.931849308033577,0,51,2.0
2.457190549256755,0.028479817634204967,59.275656522489065,11.400663400844472,0.010584504480528481,0.3142503920001742,-0.003958497771664578,0.09500685997655287,-0.02626936231265027,0.4050397917596053,0.09303941929799894,-0.05302927266643675,0.37951522067896776,0.32582346682758195,-16.47878661845994,0,51,2.0
2.4487698382022334,0.030569172736394975,55.70777906623541,10.529745655239779,0.02573079520872995,0.33419982714874374,-0.009585673053401942,0.14038171165079694,-0.03432900006152397,0.4255674074928823,0.11536084535863879,-0.060596239136940754,0.3893870200015043,0.32470688054325625,-19.919546931076383,0,51,2.0
2.440570094421798,0.02916247570277026,53.49953825801027,11.828285091837918,0.04393351839526611,0.3039933181879128,-0.022245723827212464,0.18833154065676203,-0.03160242287113386,0.3789309545881508,0.1384686942704122,-0.0702696121985637,0.39919138857409747,0.32361959451807093,-23.352045221046282,0,51,2.0
2.4290658206331965,0.026632075033505148,51.3376831073387,12.432747220104025,0.0228124679084502,0.2762642456967278,-0.03569930234887436,0.2467676565674967,-0.013212158645996275,0.32327459790084484,0.1514493870921015,-0.07873339945499686,0.4131659598615905,0.32209412781056934,-28.274912265579232,0,51,2.0
2.4293869348133312,0.019772470723026434,50.649052096348186,12.47383190403447,-0.01500773998707825,0.27845096917556134,-0.011621796425578057,0.27541046211624687,0.006997100104961325,0.30695397161328475,0.1564883890081824,-0.09072573561776966,0.4233337122956104,0.32213670755760027,-31.41430404044079,1,51,2.0
2.426426691751854,0.024170947156316718,48.82912096322752,14.184965282502061,-0.013811826468536667,0.25698231150685874,-0.02584622857873054,0.2721387491607682,-0.015233054437546753,0.24579140339373093,0.15836450790700304,-0.10614825850130932,0.41434479727758444,0.3217441793269249,-28.780821503710218,0,51,2.0
2.4292897313248876,0.026471350806023922,47.15379987043493,15.86233814514117,-0.03381789413591226,0.26514682834220793,-0.009138719201562744,0.2449962389548133,-0.0037500009251137576,0.2372406414477992,0.16120119506939395,-0.12279569059517847,0.40603912932867636,0.32212381837840465,-26.05063834543737,0,51,2.0
2.4344323867676305,0.02530042789397055,45.405410518833236,17.008112566242986,-0.014476590917683115,0.2341421053187196,-0.025313148526109608,0.17813350040129916,0.005297640174189035,0.23684419139787485,0.16851308088977415,-0.1445038991342071,0.3972910496553396,0.3228057344902793,-23.074346954422943,0,51,2.0
2.4388424385996426,0.02517027155679276,42.740326647664986,15.440959667389007,-0.0118397685388724,0.23082041177839016,-0.03285621397891173,0.14920699683169228,-0.02278560317833634,0.25823018865871245,0.17059739668708357,-0.16659317759301734,0.38647330037051386,0.32339050735932356,-19.506692860683806,0,51,2.0
2.4406457373908923,0.017693694433588716,41.88285114250931,14.953927704546823,-0.02522806457116031,0.24210192985614598,-0.03300367441831851,0.1285213248495856,-0.0020403074210180957,0.2587117444686882,0.16045849302367993,-0.18772437687321367,0.37832107444487906,0.32362962477462376,-16.89939532215028,0,51,2.0
2.4404860571318983,0.019330366243094577,41.70008561190437,14.746120571617123,-0.03452697996159687,0.23852711052899017,-0.04576190125069344,0.13710772951694564,-0.013250985100646229,0.24423534003887845,0.13426499212631918,-0.20771418858806218,0.3647143744184106,0.32360845116924924,-12.702363952683893,0,51,2.0
2.4434407779983447,0.019127225497495254,41.883592699088304,15.282622346382917,-0.019303247414748457,0.22767569348211406,-0.04935924136810297,0.12488100252240239,-0.00476483019141882,0.21995006389603491,0.09692828461526845,-0.22510715417903543,0.34981321252465375,0.3240002469946497,-7.966958596309448,0,51,2.0
2.4349558552106223,0.041767274238397836,41.25913418975531,14.82977250166909,0.019118545659105566,0.2768755082104082,-0.06264648830298991,0.16592508177651433,0.025548107620766935,0.20424048106608433,0.05517001554643782,-0.2389942938747705,0.3532943000334899,0.32287514623121544,-9.421336438355299,0,51,2.0
2.4468741866887784,0.04557352441917581,47.12762616662418,18.616623605678733,0.035770542079619334,0.25242084113362323,-0.05646931454904523,0.21121945611042692,0.008489772723074638,0.2004279643600519,0.014973570165441045,-0.24799547892109539,0.3681062505098829,0.32445551714674753,-13.453534015078139,0,51,2.0
2.4465839161592373,0.050954478053511824,53.41912428538004,17.308481087635624,0.02025219412776185,0.3076226284483994,-0.04368388333230042,0.22830569584389573,-0.0035991782468615795,0.1953447307068447,-0.006574508063952343,-0.24464609116976166,0.38086591488432286,0.3244170272825691,-17.400100134875608,0,51,2.0
2.455483497357836,0.05234271249835538,57.23850095505808,15.942616797977454,0.02914754972409676,0.3139835635588487,-0.02728106497841723,0.24055167917383768,0.005618012875464617,0.23879347351339356,-0.011477449920700843,-0.23024662517307415,0.39436086293350026,0.3255971117481022,-21.11927554154629,0,51,2.0
2.4685802605806613,0.03233849586676251,60.763965924580894,15.108080565146748,0.04794873279866343,0.3098651485614824,-0.01269454134664699,0.22782112468385182,-0.040113313434024654,0.30218100188410363,0.008409496220090077,-0.20380974660750314,0.4043239010468693,0.3273337425543893,-23.520385613679128,0,51,2.0
2.4662310492758657,0.034382798096310736,61.54511370845869,13.262063335988143,0.021159882136784932,0.4275418158020532,-0.03910869347187234,0.23751227196976202,-0.022697351306822953,0.4053455287673333,0.05477106710552908,-0.1571208170273664,0.4147693943337185,0.3270222371389257,-26.832168345027885,0,51,2.0
2.4719050257813695,0.02229271709694739,63.93021253511017,12.08150499486332,0.04116343838327071,0.4503372919015868,-0.01613974766623156,0.25905803547031736,-0.06388789703886882,0.4504451774467826,0.12002325136903888,-0.0985261117169259,0.426539122340428,0.32777460658002955,-30.13183870187457,1,51,2.0
2.4736034385129515,0.024656316176753432,67.62647669923072,10.532234349533628,0.01863980380927815,0.45087029299752457,-0.01625655942103442,0.2533695043048583,-0.057729525272460544,0.43720324035788505,0.20532264712962553,-0.02618233802988204,0.4454680902529738,0.32799981611370355,-35.81351829128741,1,51,2.0
2.482263906329286,0.027656902189816777,68.72690967485016,8.58891623321711,0.015495972452210445,0.42893206093928293,-0.018069562976997272,0.24280893432286552,-0.05269535579809956,0.4576882857333511,0.28579721181255713,0.04921760487481762,0.46038138712664517,0.3291481939823785,-39.870549358473006,1,51,2.0
2.49469855427742,0.02654256246358746,70.00859418569827,8.607167945809987,0.012424753412750423,0.3218996966432122,-0.031892566576453986,0.20310147558028552,-0.01938282453692427,0.4517977965053777,0.34261078330555667,0.11317879827202709,0.467386716059994,0.33079702830386476,-41.291086699442836,1,51,2.0
2.5027408348579034,0.01795919221925292,70.40780268463433,8.609718492638443,-0.022617459169351588,0.2567260932727887,-0.03841022327177081,0.2561548871135287,0.031863595596423336,0.4581198866397112,0.3593313718438512,0.15349048965081075,0.47273394030724886,0.3318634347069194,-42.44833593213946,1,51,2.0
2.503359061245825,0.028027604678167395,70.10412442450429,8.932412833639393,-0.03559785440345021,0.27221295935730877,-0.04988530181421369,0.32080031864639075,0.021901923907445928,0.4886579862390508,0.33529854800012915,0.16205650922226383,0.461378529568186,0.3319454115205416,-38.99229016444312,1,51,2.0
2.494975888261608,0.029168793268401466,72.66265752268772,8.189822529430513,-0.057382946158302764,0.26140254951420505,-0.053631667540792155,0.3175003771100486,0.0721228533588788,0.43383009243950355,0.2812187473143568,0.15251580984305266,0.4396291978194111,0.3308338027841515,-32.885211281219014,1,51,2.0
2.4833916840600034,0.028845622223610264,72.25484512833988,8.250284656568164,-0.036279917274620016,0.23738567659733253,-0.03974982663331663,0.3254753816739007,0.05278458121214427,0.36692486415654774,0.22096293024235877,0.12672428778934072,0.4172409829824893,0.3292977373032139,-26.7063012334938,0,51,2.0
2.467670422558691,0.03245565645994196,72.66265030935699,7.9677119662080536,-0.024675448297285567,0.21533930407362606,-0.024349047035417137,0.28292503388641965,0.023484402464008798,0.35267354557074937,0.1689211755531133,0.09513345596945721,0.3968902559938827,0.32721309803049975,-21.2941225100006,0,51,2.0
2.452857069525064,0.024510152273967047,72.94854151033887,7.63645360584988,-0.011070361616564732,0.326678982189053,-0.030300789494432656,0.25904693130328404,0.0010154444505186642,0.4990520952992199,0.13108890446937166,0.06636048723386434,0.3840380488728481,0.3252488474191353,-18.075145206572696,0,51,2.0
2.436900858201233,0.024938687032509885,71.8470829701891,7.397637130240009,-0.013535744200150171,0.3262679275959053,-0.05294231610263095,0.2767873343345815,0.024597773218856138,0.522036454709858,0.09901688647204779,0.04247927550921036,0.3720562712501976,0.32313305379754065,-15.140270200680185,0,51,2.0
2.4165649647806204,0.022950579952093028,74.279774053424,6.737479768198347,-0.016632078471137027,0.3350782564794847,-0.05243414070676355,0.26120398113026777,0.048656429803254554,0.5291137260057689,0.05208380757027915,0.02716287111880214,0.35238062229173206,0.3204365143290051,-9.968935041506732,0,51,2.0
2.404428419529223,0.020848213637871947,76.56409872746936,6.034626908847825,-0.03281471863681195,0.33556641452005415,-0.05739932525537762,0.24484705371106802,0.04590405991264418,0.520625418611483,-0.007341420339098801,0.01510095144165246,0.33529354566173947,0.3188272084258442,-5.164658724452975,0,51,2.0
2.388578655088649,0.023364610247914967,78.19537876634037,4.468079547601824,-0.06794849388739642,0.3912427474826835,-0.05059753617673528,0.27039424359355235,0.0444155274068608,0.5552303237184333,-0.07872629558392975,0.01045611569290094,0.3048124800746414,0.31672552966156814,3.76131649370236,0,51,2.0
2.3732917086750853,0.025584740885437753,79.98140144348145,0.10198086354757302,-0.09311037065059531,0.41261378548012123,-0.0625214540563962,0.26566921970839125,0.016491416933051513,0.5480322187779703,-0.139882684986042,0.013250780214226618,0.260898550116073,0.31469848056921157,17.09570708947429,0,51,2.0
2.368523766597112,0.0398224475096866,79.83148275637159,0.9337165582225249,-0.02342771833726004,0.6922304828533898,-0.048137127841804545,0.26954105051319704,0.0006524562726125997,0.682909709769565,-0.17128259107741042,0.023921372474967673,0.24047455289166397,0.3140662514613735,23.431902736216305,0,51,2.0
2.3483266736946855,0.08544171958046079,79.67278775981828,1.1412559814780767,-0.14015822872227313,1.2398107504787867,-0.060908669788463446,0.2778990421084138,0.060818072426698955,0.7565620510654822,-0.18992722920329883,0.0454697805464841,0.2186430459900544,0.3113881169436125,29.78439635522533,0,51,2.0
2.3116680705079844,0.1317698891354664,77.26525227696288,9.368588182034294,-0.24978192647298178,1.323633971510845,-0.02914481785367517,0.5947524154660417,0.20964678751268223,1.1261385574974885,-0.24149098605186184,0.05235513451405443,0.25609971239353807,0.306527186160071,16.451223918585576,0,51,2.0
2.3226845305339965,0.13943057590780744,69.77270476958331,18.379490828534724,-0.24050020631037505,1.7704688745130257,0.006631037183836394,0.789621971504293,-0.04656728853782018,1.271112510222508,-0.4068925609899014,0.10467131080859453,0.2691235568640962,0.30798796859479843,12.618808425543993,0,51,2.0
2.3275699206427034,0.14361712176415573,63.77668937047323,19.872234021282203,-0.32048675637034807,1.8988009553043563,0.025596776137164996,0.8542377675138928,-0.16270807896758996,1.3130013633563282,-0.5599691861495244,0.1655223148375095,0.27100888263839895,0.30863577131963255,12.191356990264769,0,51,2.0
2.3561415193127653,0.12943032183103043,58.84193313355539,18.66720006143558,-0.19992241321825513,1.6870481638093013,0.029184607314128502,0.8995666253562425,-0.020877625135814443,1.9334514502448377,-0.583511572399961,0.19056912656491143,0.29227561785003203,0.312424365438448,6.449160122367448,0,51,2.0
2.3853711421583212,0.07730520133931128,59.254890811209584,16.667924800946235,-0.1042176657447628,1.6419728790252597,-0.011137047819062775,0.735234921095238,-0.14365137258873267,1.7749637639612734,-0.5303916080138543,0.21294050837720316,0.20269517551014224,0.3163002134555384,35.91683884885059,1,51,2.0
2.372694673491459,0.07313481995535304,64.72539507641511,13.683956922139734,-0.06926105916500092,1.1765550381117407,-0.01395396187024958,0.5226804429111916,0.08806381601036764,1.7497510483364587,-0.3593692103539511,0.1704300106241758,0.16483898059633562,0.3146193137171983,47.606846302988146,1,51,2.0
2.3668290300696504,0.061039749054956315,68.43118221152062,10.099428668602954,-0.05613643018638387,0.7707494716567722,-0.02380533516407013,0.39399605423473394,0.17018779491384825,1.6535482580184684,-0.21349020723600345,0.11630098851092427,0.10128951886121917,0.31384152939395493,67.72590324269234,2,51,2.0
2.3585386463240083,0.034028107471639285,71.27583775800817,7.29014163308816,0.0005050452024328942,0.5814899619508388,0.0069274448004423405,0.24114112017927788,-0.02514826294546034,0.8092416129834062,-0.1899763236436124,0.09523315948945615,0.04623584311406233,0.31274222450426037,85.21598956221771,2,51,2.0
2.361714820651447,0.030096163835543,71.32310311934528,7.77367779496714,0.002897013490106545,0.5097549911962941,0.00942440637770821,0.16705435285612286,0.01857408851969476,0.4970341178340376,-0.18152986128612553,0.0880889929802492,0.02947569931575849,0.3131633853735092,90.5877568411764,2,51,2.0
2.3654475539338353,0.043903419373169994,68.13832466275085,8.787245722311978,-0.007090433701580646,0.5465139353013108,-0.009959625116750305,0.16360915281152155,-0.014008632733249197,0.37351839588086583,-0.17707674410728644,0.08656369592517567,0.021224410839246075,0.31365834580343277,93.23327081099023,2,51,2.0
2.3630102066432728,0.06177520902415454,66.95278240652645,9.587189557471856,-0.01244660919787837,0.6375256682888332,-0.007986707430259855,0.1784795501018497,-0.011748994645826957,0.4002294861623863,-0.1729720081101144,0.08730934906435006,0.016513386950552274,0.3133351533989456,94.72980073527624,2,51,2.0
2.5348404792009616,0.439109076429827,65.75512960845349,10.151429676395821,-0.006790682490842015,0.6464732665883426,-0.010823283161894948,0.15740771304532084,-0.0011930235972007115,0.4244845590521732,-0.1714349966920191,0.09198167971824625,0.013221835832046225,0.3361198475478307,96.06633290818546,2,51,2.0
2.8490428585632173,0.6216901395277344,65.28585909862144,8.862508971909671,-0.034950021106530636,0.692433227173469,-0.002752641654189895,0.19004903978086457,-0.008858526709909532,0.5907658806008743,-0.1720633227451619,0.09697683404938356,0.014179619124100887,0.37778308305624003,96.24662411842566,2,51,2.0
3.1575062216496934,0.6062001085421402,65.50111950145049,8.493956464759393,-0.008984328886749698,0.7849350743358743,-0.004838484649856885,0.17472624506383358,0.009150651594003042,0.6406168973660823,-0.17374964918237037,0.10030614094892122,0.018573125071743527,0.4186853250002126,95.56394170926959,2,51,2.0
3.4442983217099132,0.3913215177148612,66.7683235617245,9.070050809794498,-0.0031167702274579627,0.8715159375798731,0.0034786304641588064,0.20578771534949114,0.0016150887982518064,0.6846299806732081,-0.1750658429163763,0.10276456332465218,0.02154449757778833,0.4567139574378394,95.28271531296028,2,51,2.0
3.5445982124291215,0.15983818386557194,68.80886119954727,8.64812285909398,-0.037193558671895194,0.9230039525965894,0.004409174270489637,0.24096930481533022,-0.03250264727017459,0.7097618272289472,-0.17586456639137857,0.10408239703555236,0.025357554031762847,0.47001372294084726,94.60493326171368,2,51,2.0
3.528373166626575,0.1575467606438717,70.18301046595855,8.24886955530247,0.019021745698124756,0.959949403177933,0.00046198121180721357,0.22845810550539827,0.018314650866623018,0.6520551276919708,-0.17619459843992125,0.1047978184440915,0.028337345222372624,0.46786228187190637,93.94322938173268,2,51,2.0
3.5389036372596143,0.13299910329620113,70.27998918645523,8.489672973215631,-0.007870191635162222,0.8113788375365358,0.0007929894707950891,0.22606490450519548,-0.005994353918176072,0.5566322730580293,-0.17759912015554427,0.10456744507721465,0.027243785960858406,0.4692586222787742,94.19429187500926,2,51,2.0
3.576765679845623,0.06663008108168571,70.94656545040654,8.160813505199279,-0.03633853694533601,0.8381375993123811,0.018551818222976198,0.20504986090123897,-0.04189399757659903,0.5860468310365915,-0.18188625092931085,0.10164711109556322,0.04051224910774831,0.474279129157772,91.45814213252642,2,51,2.0
3.587454685977861,0.03572650377838487,70.12926147498337,8.27604807806509,0.02777474194619001,0.7956112918921853,-0.001408766078598359,0.17440321875120915,0.03035237961540035,0.5976432437219033,-0.1833701313922147,0.09913259938335534,0.04425375666115777,0.47569649137473713,90.69706052839138,2,51,2.0
3.5946014465070237,0.027464014827958228,71.638290087382,8.17800346540842,0.0035784366522349565,0.7199729091054498,0.004093902952530805,0.18040360909605035,-0.008536497167512482,0.5470685735382574,-0.1844590123253894,0.09540046724251015,0.045639505590171256,0.47664415180763947,90.42482627404813,2,51,2.0
3.5886727033876906,0.03708349494526,74.16489458084106,7.1102469474782275,0.04136109140281584,0.7452399601600883,0.008429343209547155,0.18798465850763588,0.02203089020708028,0.5782206876430822,-0.18484422668935307,0.09340056445699904,0.050245306247591666,0.47585800048488164,89.44111348419202,2,51,2.0
3.5865102936239803,0.05044081312731739,76.00191583820418,6.156075109942913,0.025656212121248245,0.5648701684801615,-0.007440418881528518,0.18542232667754854,0.028902204670742445,0.5169586162900794,-0.1839163431305811,0.0929131080251121,0.04187609679017788,0.4755712649459658,91.19456958886364,2,51,2.0
3.585840484675239,0.04801211353799021,77.98273627898273,4.330355055151163,-0.020093151751686546,0.5201031358211217,0.009868997130908217,0.1681864527623486,-0.011591827606453615,0.4324903980775426,-0.18543836347936624,0.09449999704655666,0.03976253137211632,0.47548244827707997,91.63743445921155,2,51,2.0
3.5733379791764652,0.05328458643041573,78.5982679385765,3.666911180304172,0.10249814332700243,0.5320380875278912,-0.0070395716557315755,0.1641117214104997,0.029603043461547178,0.502118581960368,-0.1881126714891031,0.09553915797193042,0.062314688618983746,0.473824616046332,86.8485750827073,2,51,2.0
3.5630370355119894,0.04847979708118146,78.94725155362896,3.3211408285600155,0.1302101336711762,0.4881254678195026,-0.007695057958948846,0.14647715463500458,0.0014498935756730098,0.4759324677300299,-0.19438878736155266,0.09998204729889423,0.1192790801873875,0.4724587109066512,74.75354408039378,2,51,2.0
3.569032171193291,0.04621144763439335,79.15140835444133,3.0483549577334372,0.16674943319430538,0.4693059892801333,0.009950990770377364,0.13451121383270684,-0.03105171820988842,0.6745835291871328,-0.20529950806710703,0.10576967390226458,0.20339025435225772,0.4732536656610281,57.022994408681946,1,51,2.0
3.5706402332175013,0.06951908148340584,78.42681692160812,5.167237654107322,0.21202628190318742,0.747595371613531,0.03252371283722859,0.21298965827695027,-0.013290323024871303,1.0098698061028384,-0.23341755792529745,0.1021686940475524,0.30505494772023456,0.47346689468400965,35.569951955389136,1,51,2.0
3.5791402400708665,0.07306160213205311,77.43159280103795,6.289547122388595,0.05748925657541144,0.8453984228819279,0.034511260396125266,0.2697351906271417,0.021246306306006862,1.2073385270996952,-0.2789115971806851,0.0950420790182551,0.36985415167239927,0.47459399582567013,22.069357192572735,0,51,2.0
3.5811413783653108,0.07167901343672,77.43159280103795,6.289547122388595,0.058137333568404705,0.8871010825382599,0.029089665149941164,0.3560709045626061,0.05807527450515943,1.2387879414328127,-0.32494384147348526,0.08783245543812469,0.39733979465420655,0.47485934676591735,16.3247396602102,0,51,2.0
3.578933788280861,0.05413278860064001,77.43159280103795,6.289547122388595,-0.04346178194471434,0.731942501973916,0.01834204413142859,0.3664322101576748,-0.01734752518435319,1.052998304862517,-0.3588868347561422,0.08247217896745267,0.40419369564288266,0.47456662032609837,14.82888211456148,0,51,2.0
3.5661465525627136,0.05175533098627434,78.69001900916005,4.3331847364070075,-0.007292167082721112,0.7694140602276478,-0.05647201806891198,0.41719865695682484,0.0582103996957634,1.0311813463917692,-0.35821928610917736,0.08341987957675145,0.40608579193193267,0.47287103286679616,14.123352096654296,0,51,2.0
3.571778172371434,0.05961232237622544,78.98603202782425,3.257023318910568,0.05989752607602699,1.0061577574340197,-0.028846544816213494,0.6167300831953132,-0.01951898294774925,1.0907614514722188,-0.31219935440785107,0.07718670318438348,0.4149362895127885,0.4736177856536482,12.390053312688066,0,51,2.0
3.5847334628011667,0.06277337656344356,78.96182358498667,3.2516897615042724,0.05710582157560423,0.9912723181561488,-0.04972251358569837,0.6159269477937727,-0.07104654157278585,1.1908851452928306,-0.23778120316934054,0.05414020026518525,0.4386831504780906,0.47533565740283157,7.710868384039438,0,51,2.0
3.6031632563647102,0.06531019229952853,78.08911115047978,3.993821471366821,0.08229764828494951,1.040325021211639,-0.03526479400256101,0.6339920843713954,-0.0882074835107607,1.2997557446986645,-0.14234721495350833,0.013401723294356427,0.46730035770613304,0.4777794480331207,2.193290307929119,0,51,2.0
3.6304563190422807,0.05995081543074639,74.08385613385369,9.800338700501905,0.12118057241918993,0.9690140234011743,-0.03217659598472072,0.6099575863190478,-0.09272089965787589,1.2583097488995552,-0.033419986613483686,-0.04449442861151065,0.5140336384433352,0.4813985079141232,-6.779233834898757,0,51,2.0
3.6532836182444703,0.04208068702647226,71.28285802579394,10.937518805093442,0.08595175756251111,0.7067579330401041,-0.0360112946991827,0.5017566830957831,-0.05499535455715423,1.0839663670206694,0.06027817646408407,-0.10240556889214736,0.5645954728004444,0.4844254077906485,-16.549516957715515,0,51,2.0
3.66786318433051,0.034615630045555096,68.05541819217159,12.934377015881616,0.06271855642690378,0.7326627205591542,0.032034969359051944,0.7315255586059484,-0.09305934600678145,1.5126392662005086,0.11875339176281376,-0.14832810088252818,0.5992899909635743,0.4863586582557029,-23.219764013843825,0,51,2.0
3.6692285783150616,0.04104302828296509,67.77277452805463,16.002009937889845,-0.03940115350426412,0.6663551907648185,-0.041495285636069724,0.8163065660879425,0.03833876630547,1.6597807246743834,0.124479303639037,-0.16783650993440266,0.5985491430506638,0.486539709493049,-23.021642709147685,0,51,2.0
3.652667780717214,0.046206714815349575,71.45127175836002,15.571910189542539,-0.055469877104841026,0.595689648721252,-0.04825833772181296,0.793254593742119,0.057774419001504485,1.6041128271240033,0.0800896651193275,-0.16417035375061786,0.5700490808638292,0.48434374772936484,-17.69514596528945,0,51,2.0
3.632592049299502,0.043322449280015066,74.8906382859922,14.729910979354807,-0.07010226137936115,0.372435063437627,-0.08496526909955576,0.7152066184662789,0.07157970610640797,1.5100741458046307,0.01619217827153305,-0.14275967251194285,0.5321137477262053,0.4816817057381432,-10.469993231480235,0,51,2.0
3.6174068930102328,0.07868171070883119,73.02457355985455,21.485590452558466,-0.08408027175156509,0.8621837293379834,-0.12789404848773106,0.5291345538518946,0.32612285770329774,2.62158576192158,-0.03506810824405649,-0.12282958146317402,0.5057159762427152,0.4796681540127965,-5.430383904373981,0,51,2.0
3.609683175881704,0.10027853435227102,64.53074453391281,30.02804804402966,-0.0173310043253735,1.0935196462405659,-0.03862065401877843,0.5652110806730656,0.14382632084044755,3.4536659325151584,-0.06072662869035968,-0.10765628497710851,0.5110405718760073,0.47864398908827926,-6.768408990038077,0,51,2.0
3.6057342290878296,0.11194601313524212,55.126155759774,35.694073427554336,-0.05698495336315211,1.1475575588080196,-0.04990528487399513,0.6312305726578128,0.0794787446365637,3.873383637064826,-0.07458022594405535,-0.09839705543130044,0.5011404702388754,0.4781203587341354,-4.814710581596593,0,51,2.0
3.6085996335627986,0.1407075037323734,42.60646593804453,37.71264781877663,-0.023923398305972416,1.4567743266865605,0.011178464573972365,0.6593681945368358,-0.056446727328732904,4.742532612393537,-0.08478605246218447,-0.08932753290902475,0.4870282880519595,0.47850031136354054,-1.7822301231356752,0,51,2.0
3.602924651959363,0.12446417794430534,45.72209795783548,37.45845392464727,-0.0691378799577554,1.266216249645534,-0.023768044277733446,0.6717552811863418,-0.13149738311767578,4.213510886423476,-0.09606704238720067,-0.07713063528917197,0.44445745889981014,0.47774780879920525,6.968184738108729,0,51,2.0
3.591616518357221,0.11574218255132403,51.07721668131211,33.613989443341644,0.010647815889587589,1.1591574296003402,0.002300151422911999,0.6326347912401412,-0.09795984450508566,3.694620585156838,-0.10685625293733925,-0.06334083607198264,0.40380748539040684,0.4762483503067054,15.210732986192276,0,51,2.0
3.596126822864308,0.108717858005703,54.487665382086064,31.33704730782882,-0.033011390407587965,1.1792137734905672,0.016792437755594067,0.7019786224579182,-0.1332225378821878,3.5424613368343913,-0.11044531851556798,-0.04621419380870481,0.38683098446822833,0.47684641669286965,18.877237842938232,0,51,2.0
3.5864066995826422,0.11835878797571575,56.66892417271932,30.57895964258325,0.03443092388995722,1.2507888224381951,-0.052278448553646314,0.771830373753012,0.1808747824500589,3.4774618394820163,-0.10617127428489892,-0.03635086431754426,0.3823405208859156,0.4755575283534937,19.601625862242177,0,51,2.0
3.5823457392991758,0.11707111771711387,58.95106358621635,29.890481877780278,0.014707262719086572,1.207182178812968,-0.001713965745533214,0.6833337710164183,0.019315832385829852,3.3193411955320613,-0.10956249917646231,-0.026015485947705107,0.37745728657473493,0.4750190450273269,20.538494082269786,0,51,2.0
3.578851355057137,0.10649854500322464,62.770257865681366,31.586086994744086,-0.04057298839895749,1.123349752939695,-0.0524276902570444,0.5721671004931285,0.015848857953267938,3.095349530235858,-0.11792127056206171,-0.018402204773843425,0.36542040460484915,0.4745556896877154,22.997360995647,0,51,2.0
3.5799588210442486,0.12931042418831107,57.09814569061878,35.38545033203473,0.05116791641522272,1.40448068609461,-0.021738553967546013,0.41281108253305926,-0.03571487890154708,3.5921091894419033,-0.11425304559658252,-0.009486245833211594,0.3861465830683948,0.4747025394014379,18.655041627690704,0,51,2.0
3.5758483035891664,0.10472469801699685,60.73189988790774,32.01404295627161,-0.046663773136542123,1.0862592842784353,-0.004751058843205957,0.3442467439778856,-0.07596144270078808,3.1075518425268154,-0.11656183067006538,0.002325339061895777,0.3800113325043125,0.47415748477985337,19.85546053738917,0,51,2.0
3.5793050761316336,0.12335686849466337,47.690231949675315,36.94253591867943,0.04982162104444761,1.1940096909838274,0.006155998026039086,0.48160173554115054,0.13940369542322906,3.76659544960842,-0.10240337783278228,0.02009025262123824,0.39346065898907207,0.47461585305822646,17.099132602972322,0,51,2.0
3.5869485116472433,0.12489020421109934,46.13132239323036,37.22261471464119,-0.06833440094601874,1.2195094275419662,-0.01796026936933106,0.48744750357878,-0.057666465201798606,3.8251200531449174,-0.08952745984169756,0.03177882839829238,0.38028913957253735,0.47562937260950655,20.045068393041376,0,51,2.0
3.581572034779717,0.138776620204818,45.569660448560526,36.88683598756546,0.018773842676013123,1.2352640897665181,-0.05790325319942306,0.49615938856143427,0.16260785580265755,4.311251417260569,-0.07260119390244342,0.04472717332619518,0.37018084682541585,0.47491645176951347,22.05348004977682,0,51,2.0
3.5808272256570706,0.14890542556363603,43.67727882721845,38.592447596658275,0.02557440277408151,1.410385874324237,-0.021477246620491438,0.45372486719320476,0.20990191385442136,4.719580182700216,-0.06852455473561189,0.04623558932801328,0.379092244363229,0.4748176900750872,20.160463207830404,0,51,2.0
3.5871097538985457,0.15522871225691723,47.332870492748185,38.443582364471084,0.00661692381197331,1.4839706820131677,-0.01927962957643995,0.37878395690139377,0.004935132668298834,4.819679731830556,-0.06521387978318288,0.04931902950639556,0.3841266825863322,0.4756507532996071,19.241863926077908,0,51,2.0
3.5846564325631833,0.1686196766453156,45.0503454208374,37.55836184080597,0.11158302579732503,1.5818592115937895,-0.010805537668513316,0.4239353376962831,0.29090125245206494,5.078931715697569,-0.05011065025933161,0.062425405654121545,0.40576820724123513,0.47532544314282216,14.633602493836417,0,51,2.0
3.592583188823625,0.1448126608289991,46.90955294814764,36.27078738720532,-0.08202655562290959,1.403965998345782,0.0046460465619377065,0.4551884811481384,-0.1988851275368064,4.053215457647331,-0.05743372972076647,0.07887319481990453,0.38035589837083733,0.476376531073467,20.156457432161222,0,51,2.0
3.586003394687877,0.1435848017963545,46.20516788258272,36.70879673539509,-0.009224235865415311,1.39962429114319,-0.035369232808258017,0.50496456349194,-0.08066595455302912,3.995038329187371,-0.05172661079390612,0.10681690683281292,0.3593798664638065,0.4755040501340926,24.421281719375255,0,51,2.0
3.579290765173295,0.13146655004501262,45.73929489360136,36.28684637916921,-0.04736873945769142,1.2652766016248436,-0.027136966147843528,0.5122905222101201,0.07622194604254236,3.624230640900855,-0.04001164155182665,0.12152419164750301,0.3499337344673588,0.4746139554494689,26.26981772249731,0,51,2.0
3.574529659514334,0.1255025741584296,48.42159421771181,36.182707314334586,-0.07724066882156859,1.3406052345210167,0.02073426719974069,0.5255257632543456,0.1290256304337698,3.484928022244323,-0.03407474464812952,0.12673689710996286,0.32874099448837396,0.47398263283656983,30.64281859421535,1,51,2.0
3.5587490797042847,0.12179470108454758,51.59402250776104,34.62577783146344,-0.006114745549127168,1.2698972144532714,-0.033781085163354874,0.48650170075033256,0.24427523084130942,3.294093512312301,-0.028224320437440553,0.13654066153852115,0.29543364722954824,0.47189012795235974,37.393552072915135,1,51,2.0
3.5596223870913186,0.10981980180733279,54.344627586065556,32.52024620150858,-0.0541716050721851,1.1463695095685553,-0.009836784034383064,0.3967131434070654,0.03117138220399034,2.6853079219584104,-0.025990945685730533,0.1294293228584911,0.2818105081509138,0.4720059285272995,40.295133785673485,1,51,2.0
3.561077592419643,0.12214394397158228,53.33907544379141,33.37990214857104,-0.043704367005357556,1.298932883884416,-0.02453217100279004,0.37292543210365137,-0.16232242172255235,2.722992647160754,-0.04190512172700779,0.1200329932951398,0.2653508130961608,0.4721988887811817,43.805286416265766,1,51,2.0
3.553180754184723,0.12184937590397875,56.77693372614243,31.530507830837923,-0.025255764962411394,1.3468138618417362,-0.030218217741040623,0.3786251125367144,0.03873039942746069,2.6117100715783135,-0.05014876920082676,0.11838495769010589,0.26040363941907935,0.4711517680396209,44.73041234620156,1,51,2.0
3.558830390958225,0.1157814801066327,59.46712031083948,30.56441539677473,-0.0840071926222128,1.2856464352619137,0.024321729317307472,0.34868032837548946,-0.07548041159615797,2.495316763944171,-0.05715815060949405,0.11093712412083474,0.254077009333593,0.47190090987298833,46.158821901407734,1,51,2.0
3.5585538347562156,0.11002593622684106,64.19722591661939,28.068911437694762,-0.052737594947364984,1.1900075212230632,0.008402114295784165,0.3409330778034368,-0.0741789757328875,2.2865949815403925,-0.059891212229864085,0.12198926064478662,0.23723930902864057,0.4718642385237163,49.72297333426409,1,51,2.0
3.5547502707032597,0.10052616176539562,69.01013525794534,22.355362658364925,-0.0005922618906433676,1.1898071251491056,0.005220109669893396,0.3736751095224038,0.1298582195943477,2.114034329437322,-0.04255062776711689,0.13938153978667553,0.23172363492764125,0.4713598859196037,50.839339144111094,1,51,2.0
3.5601358174108992,0.1159460789480896,65.32441780613918,28.720392625064395,-1.0898053719132554e-05,1.6147179098199398,0.015311176760816107,0.37142507573910744,0.12554524356828017,2.776362828252752,-0.023806907877340647,0.12385473587074611,0.25625968096551327,0.4720740094095529,45.71620638763182,1,51,2.0
3.5796532356271555,0.1314555153906139,56.292474157669965,32.94578827765964,0.012739926969230759,2.1216036441839914,0.04439398251912173,0.4473006950010519,0.07449077172022239,3.5270749241257895,0.01584586737284016,0.12101760938753241,0.31006891018386945,0.47466201906392613,34.67585403286496,1,51,2.0
3.586857172203999,0.14462141674348353,51.877789731119194,31.793398766907046,-0.043112503757298574,2.270475871379975,0.048862242231182025,0.5271406137858277,-0.03466965199685564,3.725508344428625,0.04188051075281626,0.12187614240743677,0.3309765861950263,0.47561726105178276,30.411149195236785,1,51,2.0
3.591012134855869,0.15204042170378881,49.17802866767435,31.464571331862984,-0.04466904378404804,2.4844302432453738,0.030723378208338047,0.5532646922687655,-0.0031519196197098377,3.969818245849174,0.04672156498340057,0.12712645235805456,0.342715228186792,0.47616820908905744,28.0264365312355,0,51,2.0
3.5942389520944333,0.13046311001437563,50.945177826226924,28.629499938660018,-0.05929975021703571,2.1440173684957395,-0.001447775784660788,0.5714181422205934,-0.18770148561281316,3.404702449509176,0.037951956882062945,0.14530434583014293,0.3215028960678862,0.4765960850484305,32.54185123337388,1,51,2.0
3.5861465451764127,0.1281883766300545,53.366638566933425,30.2388591231728,-0.14093727822981628,1.8351807767076909,-0.01646628040893405,0.5514529148131432,-0.2230232191436431,3.000898593361952,0.012142392763250244,0.1380483551107577,0.30550215156468097,0.4755230318795817,35.75449955449387,1,51,2.0
3.5787167432261446,0.13799527620590182,51.532476696313594,33.510622714942855,0.02456845795991374,2.1412760093672123,-0.019487826117113523,0.5019545562692787,0.16941470988825255,3.724949977460301,0.00039968631261138254,0.1243881388762929,0.3278060154485298,0.4745378399055785,30.920995570394304,1,51,2.0
3.578660801345227,0.1180380505814226,56.89305606542849,30.319338620066475,-0.04097241616132213,1.755906691461794,0.0011980654854400485,0.4189884117833882,-0.08250905748675852,3.1909632388768094,-0.010988203591834566,0.11559433781028611,0.3105582901480951,0.474530422021603,34.554608991126614,1,51,2.0
3.568062355705336,0.11105962175471322,63.58167897953707,27.654962934198107,0.021277809588640343,1.6604481962810993,0.04034081620036387,0.3459761913759864,0.15494551173612184,3.0270944120754892,-0.026892408231107348,0.12079650727824412,0.3019238843191935,0.47312506836307233,36.185185586594294,1,51,2.0
3.5601473625968483,0.10047514979368902,70.05310271768009,19.23956623840496,0.21220146298554599,1.4097693795534378,-0.00039478365843202554,0.3052475292786419,0.2885629773943448,2.7066904774568554,-0.03495519936711954,0.1384466392382644,0.29826950487929405,0.47207554028882576,36.817420216941024,1,51,2.0
3.5636393287602592,0.07214250665118607,72.20967580757889,12.544891887888788,0.03336641984973468,0.7901611740340277,0.016968285811005856,0.25152257620287005,-0.0488118728367137,1.3557724181312938,-0.033638415556716594,0.1522706345967662,0.303078840359967,0.4725385749959595,35.86156635729506,1,51,2.0
3.561521122268602,0.0691205363732405,72.65584100461474,13.267671473250697,0.13726237478355566,0.7332148273886467,-0.01949496388289274,0.245817001865708,0.0055002317051677145,1.2937895687522034,0.0011109309112358806,0.18433304093480593,0.33459050626494713,0.472257700819006,29.150862826654077,0,51,2.0
3.578718932235942,0.07346451403339162,69.59234551822438,16.575094592177045,0.12690397950948454,0.7619681272420247,0.008619661680331417,0.26349672986200157,-0.005968408147786178,1.4327944656739608,0.052187388731050215,0.24639538115811746,0.40383468165946806,0.47453813042872134,14.899424142244644,0,51,2.0
3.601818687775556,0.06975317122241165,67.36224673776066,17.550079797879654,-0.020469976698651034,0.7084876580375584,0.023968191488700753,0.26859944339791486,-0.1440165815692322,1.3872277536987982,0.07852261822379758,0.38106503923471996,0.43192446741632745,0.4776011582543427,9.563773045477097,0,51,2.0
3.6009170576637866,0.06385343907400752,69.86510102889117,15.656879314067822,-0.016389531320800968,0.5508566342387914,0.057031601667404175,0.3650362284376106,-0.02491880325125713,1.1947526506366946,0.0703940757617254,0.5419292692105403,0.4116633874629912,0.4774816020954741,13.784450404713667,0,51,2.0
3.6238558046958027,0.06007070363995804,65.3330416211895,16.621615194307,-0.16243611473371,0.4946938014962325,-0.01915794537932265,0.4316250305956099,-0.11388205634612664,1.0993269413416753,0.04686252213690599,0.6889516299042799,0.3778052919227886,0.4805232797105164,21.376277097252938,0,51,2.0
3.6290334241062987,0.06842449322896815,62.90784148608937,16.674854968530493,-0.12689872896846602,0.6076337424040241,-0.06299097003305659,0.9172200876687292,-0.06393755738641702,1.2583242797094103,0.047588812961417065,0.8103731973864667,0.3300505619660641,0.48120983203748785,31.412340315533694,1,51,2.0
3.629650049349841,0.07621320470246072,59.79357656778074,16.788521135738353,-0.092084030237268,0.7470645150068839,-0.0707234700813013,1.1709917755315116,-0.06229162683673933,1.5625435087923212,0.07977591450195715,0.8417878749420041,0.30546786770595213,0.48129159654746784,36.53164320814708,1,51,2.0
3.6250194615008784,0.08204779087693548,56.14632637360517,16.20062170816729,-0.005438161100827011,0.7952170566580055,-0.020680240337170808,1.1888575720993164,0.07365026094895952,1.5998947339598193,0.12869431260177708,0.838483025282632,0.30218272664670076,0.48067758059783033,37.13400856539454,1,51,2.0
3.5994424188838288,0.08961956440735153,61.73256166308534,17.075333126194266,0.05452339884405043,0.7814980524366295,0.049852857174461376,1.196291107159779,0.1448212760847573,1.6190551027043427,0.14820088014404403,0.8087236386948274,0.29458262653725076,0.4772860647390868,38.27965065389301,1,51,2.0
3.5651445365419576,0.08607064944979942,63.99426312540092,17.07753485964372,-0.04011601443384208,0.6744801393016736,0.04568501509835615,0.8622447324171102,0.11203174260171021,1.3191767111449144,0.1258361308304908,0.7592225758023265,0.2623298969163584,0.47273816555102677,44.50841585625207,1,51,2.0
3.5438893355575263,0.06862176471551167,67.8765716272242,15.332937696987923,-0.01605123453134415,0.37479305491775966,0.04159247512728268,0.44703020980402836,0.09768075733354278,0.7383753394964624,0.09032107426378702,0.7196988710618946,0.23155607280539192,0.46991972589710984,50.72433438214685,1,51,2.0
3.5415760547507045,0.06247372379706779,70.65303143332986,13.406246880156331,-0.09510384350284642,0.3733681978078118,-0.03135746459056642,0.3227891629815195,-0.023461502264527714,0.578715677483714,0.05876349824370455,0.6894846863423304,0.20790034862495596,0.46961298487151437,55.72942926996849,1,51,2.0
3.552721098357556,0.06927883828353391,70.52534468033734,11.548927705036103,-0.0077493540285264745,0.5609376095417598,0.01810351726325119,0.2307205643247612,0.025794670424040628,0.5419546083795613,0.03831017668426528,0.6712943739877297,0.19380126410667914,0.47109081765877536,58.861167137616555,1,51,2.0
3.6097116669019065,0.09195545451247233,69.72512304081636,11.347760473911071,-0.04017056915543828,0.5710002566504618,0.014346090711507142,0.2881452372448316,-0.024740912239341176,0.4973816720763565,0.015726272239386656,0.6267388305526974,0.1924623083532527,0.47864776703684453,59.79040923041899,1,51,2.0
3.6417475681678924,0.10074680300754935,63.6067593237933,15.443860503333513,-0.05417039888162239,0.6358915530769097,-0.022139418943255555,0.3811386025499423,0.05060363575523975,0.6096322500999571,-0.03265828339135752,0.5465615201140724,0.17204765228136862,0.4828957275386809,64.37167643658904,2,51,2.0
3.6463596552026036,0.10663386702645741,57.26489014719047,20.15910949855075,-0.041390451730466356,0.6356934571363189,-0.008606796317240772,0.43269960168686805,0.03673333572406395,0.6828055098800766,-0.08861679063527425,0.45895981888360454,0.1509317991014738,0.4835072902630391,68.78396621085828,2,51,2.0
3.6341318558244144,0.11713841125856304,52.86608858669506,20.240666984210968,-0.13613514017825032,0.5849445207305266,-0.018027847304063684,0.4225679433742244,-0.021960432695991853,0.7375675306283278,-0.14602465177952345,0.3685193399795453,0.12020558428175902,0.4818858840717466,75.05517628653718,2,51,2.0
3.5732210745998456,0.12076206161808174,52.450643988216626,22.51660497514884,-0.02912932196084191,0.6116350907593696,-0.01986436662720699,0.3901658921204493,0.03274146376141146,0.7979688118524243,-0.19113334632204027,0.3084051037335044,0.08721213691551148,0.4738091144934735,81.59340243829082,2,51,2.0
3.5261197756318485,0.10303943556122769,60.41241256863463,23.53986282866178,0.023217621533309713,0.5431551629921304,0.027957465755296687,0.28457316013639317,0.028976748642676017,0.6923439452947584,-0.2122748824620316,0.2859956112819625,0.07714157799761878,0.46756348225080396,83.50136806530165,2,51,2.0
3.503596027692159,0.09633477255688956,65.31938223745308,19.493977137573214,0.0032554823978274477,0.5316620454423533,0.005062992574975771,0.2173391883210087,0.010417456756912026,0.6438948436449303,-0.22773737572280064,0.2710161866702104,0.06878093753569324,0.4645768332966616,85.19492738206077,2,51,2.0
3.4802936058418426,0.06877566111366751,70.85430942797193,14.470262807316411,0.06844968180738244,0.3765880319770987,0.024457116099987544,0.13077922724802335,0.07911266704254291,0.4841743172666074,-0.23571952225474174,0.26566690077228805,0.055271833883257994,0.46148693193316886,88.02309880114605,2,51,2.0
3.4846976504606357,0.07217299984349126,73.25289334502875,11.113920972285069,0.007620562890581056,0.36524697481718954,0.005195397646257691,0.09287992903392968,0.006202841707158322,0.4210916984669212,-0.24359100084491037,0.26803144498680864,0.05655259818538378,0.46207090823753877,87.76105632767698,2,51,2.0
3.490451003990921,0.07649045778354126,70.91400333479339,12.096428216100875,-0.008894738394255731,0.43503520522276634,3.242852421952229e-05,0.10708779849966471,0.007511942318695433,0.5314831985637256,-0.2516690137011675,0.27645842534154724,0.053058590076317844,0.4628338031382379,88.53614629775205,2,51,2.0
3.5030503050953734,0.08427724880807762,68.06019348256729,13.260569438709336,-0.0004988934333417929,0.5071015432174552,0.0030884582038019216,0.11848332439873371,-0.024673226873810385,0.6484834685934066,-0.25890591828179826,0.2874287362993719,0.05470992120832361,0.4645044704745645,88.22187412912758,2,51,2.0
3.4948727254774057,0.08376022443145795,68.12949422761506,12.834608120406168,-0.009379948690241459,0.5398536460976012,0.003330884903084998,0.12790407855838692,-0.021422253684232048,0.7079664571827708,-0.2635246397337595,0.29901422706346975,0.05348455250784332,0.4634201234032825,88.45873327315581,2,51,2.0
