feat_w_vel_mean,feat_w_vel_std,feat_curr_mean,feat_curr_std,feat_acc_x_mean,feat_acc_x_std,feat_acc_y_mean,feat_acc_y_std,feat_acc_z_mean,feat_acc_z_std,feat_pitch_mean,feat_roll_mean,total_dist_actual,total_dist_cmd,slip_percentage,slip_class,n_samples,win_duration_s
1.664949564548922,0.5077896395859983,45.266366268092014,20.14397958919427,0.13708744084557653,0.5599421858894259,0.04876679663474766,0.14926471635333258,-0.0004553550769490725,0.2608234461892483,-0.04200542574720683,0.02894911219420118,0.22763473053504485,0.20345335120935457,-11.885466217171082,0,47,1.84
1.8548248708248138,0.032130485339855346,53.94235232063368,12.876185245101274,-0.008533028917679307,0.20183065652405366,0.04835784707364498,0.16334798645819285,0.001260451251166124,0.27291690840126753,-0.041628214907288394,0.029427578645709922,0.27086913190143685,0.24594977788660438,-10.131887179959808,0,51,2.0
1.867476928467844,0.012862419072877546,59.23703248126834,10.867407259326555,-0.02766863007883669,0.17710728795503913,0.05097277015082392,0.15410268001879251,-0.0011993724231918652,0.2733353814003346,-0.040961347907441846,0.02948012782638375,0.27092802920189524,0.24762744059700578,-9.409534156922984,0,51,2.0
1.869006983205384,0.019740567031659512,62.827681784536324,9.186189143862299,-0.019425722332123446,0.17141997742428752,0.028490288411358408,0.15460717334857035,0.006125832140883978,0.30251764396448405,-0.04172522555825062,0.028212783389487565,0.2646636796037198,0.247830325977169,-6.79228966841674,0,51,2.0
1.8570228505368327,0.028397250994091384,65.71380620376736,9.088307211358508,0.0020699241545562653,0.1958900500109687,0.0017897685642774199,0.18803013160439794,0.018962579614975873,0.42407248891637955,-0.0380208118135804,0.026807063922427758,0.2571423818898145,0.24624123010742055,-4.427021330927561,0,51,2.0
1.8463772015244353,0.027641549413178552,64.0641398710363,9.838812175598749,0.00037775515560425964,0.18783431064071826,0.012582913251118917,0.18809099615360486,0.00682101537491761,0.4185870556601683,-0.03564174205562339,0.02768336017212568,0.2526536236517387,0.244829616924375,-3.1956945510315693,0,51,2.0
1.8346378563665877,0.024938241017394527,61.476257833780025,11.219282255168165,-0.0030378525273180475,0.1821419484970442,0.00180668879629058,0.17497127076378094,0.0050490309082556,0.4164635415754219,-0.035946983581649716,0.029095912395138993,0.2437626816648927,0.24327297963306757,-0.20129733789744364,0,51,2.0
1.8290322218455521,0.012327400922401718,59.46953430362776,11.573794817483977,0.01970780102134335,0.16075397692310797,0.014633810458083948,0.15608215842205136,0.00639758196969827,0.3704159619439755,-0.03575725054618077,0.030459477571384876,0.24484742474175727,0.2425296726154625,-0.9556571372483669,0,51,2.0
1.8292867231602763,0.01115530068308375,57.77667685583526,10.064704669205112,-0.005840952709025028,0.1422979653588197,0.03417639311987395,0.119963925568557,-0.0003408981925424408,0.2997178967920453,-0.03907508938425484,0.03110058094949145,0.24368478524885592,0.24256341960852598,-0.4622979186802878,0,51,2.0
1.8276149145528382,0.01142885471426652,58.450924059923956,9.809189102770404,0.0022462503619345964,0.1448598050143325,0.024675504523603356,0.10914797562951073,0.003951058220848733,0.35632332485231527,-0.04257028838230474,0.029901615517683222,0.24216454039974628,0.24234173766754402,0.07311875762846531,0,51,2.0
1.827943472885618,0.00914035913972513,59.57590173272526,8.845533351424262,-0.006495157585424536,0.12473588960149612,0.034722148513823166,0.10456191168426202,0.008778799635668596,0.34407655599873604,-0.04315810874398715,0.02952354557037484,0.24482241579702582,0.24238530438705924,-1.0054699545954282,0,51,2.0
1.8258180694252837,0.005984087429353553,57.93835415092169,6.974324359884442,0.005502325939197166,0.10917949112771072,0.025567079620326266,0.1036268955096309,0.009429716094232658,0.32412867000633,-0.04363399228398815,0.030940527669518148,0.24395565525168392,0.24210347600605506,-0.765036205255698,0,51,2.0
1.8282595259301804,0.006972525418662204,60.031494776407875,8.925983591608121,0.004129628577799189,0.08013052819030281,0.02614509186470041,0.089383577987483,0.013085518936243127,0.25692204949374003,-0.03957554706536173,0.03270756122791839,0.24621096801734133,0.24242721325640754,-1.5607797120250844,0,51,2.0
1.8283207504188312,0.006641567865150677,62.28125538078009,9.461640858726877,0.002131111572916601,0.08607505796251184,0.032033796531750876,0.09322593668108643,-0.000465976202166548,0.16197258566504275,-0.03441468005116568,0.03415188296688666,0.24654306322489936,0.24243533150579843,-1.6943618298485008,0,51,2.0
1.8287854760885238,0.006619442659119544,64.20847388267516,10.967256578122853,0.012364417649805545,0.08286445305231231,0.02346730897203088,0.09180709726115795,0.0014972956664860248,0.16233892487279566,-0.027969325193900992,0.037748039032594397,0.24324526879033534,0.23774211201034118,-2.3147589349903575,0,50,1.96
1.830014967918396,0.006684579242259701,62.81698234558105,11.664271195462167,0.008617943227291107,0.0907339394843856,0.014558738954365253,0.08737596992100548,0.014659657664597035,0.16267471176010934,-0.021836023132841817,0.04149044020351896,0.24533256480259694,0.2379019458289435,-3.123395627455783,0,50,1.96
1.8299847619206298,0.005911581673888616,59.59802575204887,11.500177398011036,0.008037692501994908,0.0989260888648789,0.014052916975582348,0.09246953617214902,-0.00784053991311321,0.18172990273091538,-0.018555677757822832,0.046308548166446625,0.2516572580868492,0.2426559795480517,-3.7094814459393888,0,51,2.0
1.8318783208435656,0.005355807841006601,56.206744324927236,10.742073058928709,0.003552299978978494,0.09348240730342913,0.02024424065123586,0.07583013117078684,0.0025029807424574507,0.1714737480810977,-0.01755001323339306,0.05198474882297481,0.2543535131508321,0.24290706534304846,-4.712274544842177,0,51,2.0
1.8327561266282026,0.006500140166391838,55.558083501516606,9.604689927506206,0.0006380006670951843,0.11107150647937246,0.013478621256117727,0.09896457659303878,-0.0033260797807837233,0.1793483238532611,-0.019196466524781016,0.05695316307949721,0.2558189311454857,0.24302346227249516,-5.265116690109273,0,51,2.0
1.8320257120272692,0.00670697200729204,55.055406271242624,10.635004251813276,-0.002069813290647432,0.1321735146253055,0.018493972006527817,0.11677476370936887,-0.007731923714791443,0.23601663843189954,-0.02308441516439636,0.061592891803087295,0.2547659533642562,0.24292660929645737,-4.8736299831817265,0,51,2.0
1.830507817221623,0.00707630754030231,58.22263828445883,11.370157213019032,-0.008084626338791614,0.13256466279867915,0.014025876444636607,0.11278476173131931,0.0018157533863011528,0.28331538953976965,-0.028627239525614058,0.06673814260904198,0.25311123447348055,0.24272533656506765,-4.278868475532538,0,51,2.0
1.8271195263254876,0.007967452188404122,60.459866247925106,11.715491833713639,-0.003757255754488356,0.13000452311820565,0.004654206116409863,0.11744842058144822,0.012572933408413447,0.32269625174410904,-0.037522211157756946,0.07046536414288136,0.24817340110245806,0.24227604931071064,-2.4341455990081196,0,51,2.0
1.8247059326545865,0.0061276430590076845,63.580095908221075,12.01313470765637,0.0025388716044379214,0.10388757623395461,0.008602190653190893,0.1146397972791399,0.011591225077270293,0.3354130499042373,-0.048308529326166645,0.07215398665939955,0.24395550678543426,0.24195600678825813,-0.8263898977825201,0,51,2.0
1.822442452697193,0.005911608676406293,66.88606038280562,9.658981596343306,-0.0030938341629271416,0.08724901415850238,0.009936401839641965,0.10583744757806991,0.024312858871531253,0.3135775027170235,-0.060009353071090565,0.0728639189806376,0.23947126208811784,0.24165586922713625,0.90401575844411,0,51,2.0
1.8193955906465942,0.006328912960350579,70.24346386217603,9.970704937597135,0.002919729251195403,0.08983032763574265,0.02047632159847839,0.1078673719492595,0.02053509787747673,0.3067771047687014,-0.07223059400732602,0.07099494387183443,0.23451384486410906,0.24125185531951127,2.7929362228027,0,51,2.0
1.8181163954968547,0.00691190224437566,72.1705186881271,8.751873630705337,0.00100370049111399,0.08804741423818344,0.017779047582663743,0.10609893838492708,0.007833830464412184,0.28859967653675805,-0.08232108003711221,0.06891618753358365,0.23311408022837468,0.24108223404304752,3.3051601028593613,0,51,2.0
1.8153406784814947,0.0075513714332289955,73.31717847375309,8.107285664834832,-0.005786722124207253,0.08638396295864578,0.01885974819899774,0.11148698830885653,0.00257124890591584,0.33108931567465166,-0.09065779486345303,0.06531250830719956,0.2305628657686395,0.24071417396588615,4.217162633175597,0,51,2.0
1.8147994905125862,0.007150201040265598,76.03046237253675,6.207713576653445,0.0003331223977547066,0.09187686118517235,0.01800519691816732,0.11398498133488194,-0.02165563908569953,0.4008943173333122,-0.09547893951393707,0.06077512184649883,0.23067475975772492,0.24064241232286207,4.142101331565728,0,51,2.0
1.8138847649097443,0.007693820981734436,74.6510411010069,7.434095935474445,-0.0032701561337008197,0.10015575460301596,0.010053759513824595,0.11794356082789977,-0.008095910663113874,0.46597444637922497,-0.09725371630370745,0.05583294779251322,0.23036174430992495,0.24052111970689735,4.223901588913592,0,51,2.0
1.8142030030488967,0.007940131826737612,74.02826632499695,9.093175383620661,-0.0001877630315721035,0.11297590431274825,0.01624276202172041,0.1246380138691407,0.004977317377924919,0.5344719873279973,-0.09433974726329711,0.049485291010937044,0.2247744062324777,0.23584639051219466,4.694574403140783,0,50,1.96
1.8137757906726761,0.00870134498017202,73.91262319041233,9.332835691757106,0.004065687622071481,0.13166519022208925,0.008382799688215349,0.13760133980786918,0.014607583336970386,0.49907064452036015,-0.09012416522850618,0.04456243727495537,0.22939385332933712,0.24050666996098127,4.620585630097929,0,51,2.0
1.8137898141262578,0.009021706888992337,72.77412666059008,9.656625433292596,0.005106863310085792,0.12994723947036182,0.014194971315708816,0.1358894291385635,0.016031304885651552,0.44010276410026195,-0.08347800824666482,0.038541385236602006,0.22997658032513488,0.24050852947023077,4.379033528787801,0,51,2.0
1.816536737423317,0.009523856814592176,71.65570580725576,10.798588889703565,0.007813811941328002,0.13236760351200688,0.01884981712289885,0.1268678570943098,-0.0013712274604568294,0.36063732162503837,-0.07663553159985292,0.035324570028053205,0.2328458368326822,0.2408727713815802,3.3324374950550406,0,51,2.0
1.8171049578517091,0.009395082316117444,69.50976433473475,12.190476299161409,-0.0030946344064146864,0.14792455298054483,0.013340340744630964,0.12098115051819221,0.001376237829818445,0.2969933757433318,-0.07080869227917053,0.033722730642021005,0.23423051819801405,0.24094811741053246,2.7879857642020167,0,51,2.0
1.8196823883290385,0.00777474879407612,66.42813802700417,12.996206455016846,-0.002075223033042515,0.1433240305132987,0.020570038726516797,0.11363323092182685,-0.006249264795698372,0.32078281056677815,-0.0661766867370797,0.03295490834204037,0.23674591716273874,0.24128988469132723,1.8831985163412113,0,51,2.0
1.819591800371806,0.0074044417939855955,65.98493128664353,13.415212313442607,0.00508027615062162,0.14095087459323163,0.015794855414652358,0.12162018767295242,-0.0012117301972181188,0.3067837228747093,-0.06326429579394052,0.03331083904520016,0.23601331102668796,0.24127787261013545,2.1819496029601204,0,51,2.0
1.8195810873134464,0.006967210293163171,66.6764931304782,13.002943548752723,0.00013426720511679557,0.12268460372804217,0.01651337881590806,0.12302160487856353,0.008048035953120859,0.2784419253554762,-0.06273882469168633,0.03293202601919615,0.2370520533847967,0.24127645206009096,1.7508541091453722,0,51,2.0
1.820527042243995,0.006525974193947836,67.47867942323872,11.236531266164334,0.006753453035272804,0.09662221474556587,0.012942985941966375,0.11410759077832279,-0.0062967767646791885,0.22060148565580545,-0.0637904721030347,0.03439837882145059,0.23854726958834266,0.24140188580105454,1.182516119639776,0,51,2.0
1.8203894186253642,0.00540422855246271,68.01211438459508,10.313787541115818,0.012419362862904867,0.08118699646041344,0.006978327883224862,0.08312941953870795,0.004663372777548491,0.1686839775871811,-0.0657332552314789,0.03644026150762235,0.23907576761124613,0.24138363702728907,0.9561001915726508,0,51,2.0
1.8195858498414357,0.004860570388487839,69.88316660768845,9.878621643990693,-0.004305639322481903,0.07255039399478133,0.013150640124199437,0.07575977823625103,0.0034500695947630735,0.16652794527538645,-0.06917890268816275,0.0386005680020202,0.2372266719914216,0.24127708380703908,1.678738714720529,0,51,2.0
1.8189229532784106,0.005132664966273474,70.31859451181748,9.160090055745988,0.0015559319552837633,0.07682719965937776,0.016485556667926265,0.07425212546754946,0.002282457325753628,0.16148103097028124,-0.07318104979449716,0.03993291842853777,0.23431017447560332,0.2411891836043513,2.852121735289903,0,51,2.0
1.818042162586661,0.005921783323858368,71.53285781074973,10.205078393066099,0.006531496769657322,0.10376205957060489,0.017174359411001205,0.07206280361438831,0.0025078482633712246,0.17365173807404483,-0.07837504148718889,0.039949773025787706,0.23335161837353074,0.2410723907595598,3.2026779846928144,0,51,2.0
1.8179164674936557,0.006230232452378719,72.52270056219662,10.347975725372958,0.004852898309335989,0.10033521749333639,0.02449465287374515,0.06332795013255657,-0.005952752734004867,0.1956305370595986,-0.08149417603271741,0.03888327212311935,0.23408645066281414,0.24105572359049976,2.8911460071883055,0,51,2.0
1.8187769049522924,0.007127293876710625,70.07585395083709,11.983924684770738,0.0010778559919665841,0.11008617361888884,0.01956131488230883,0.06025241700084481,0.0020237665386030486,0.20082115481281457,-0.0828576318610773,0.03723100644556722,0.23683157152601259,0.2411698174788885,1.7988345300529396,0,51,2.0
1.8200065195560455,0.006485691918188226,68.90154653072358,12.585617481614722,0.0063406124990433455,0.10505801219792348,0.01591827880591154,0.0587512905466274,0.002067545689642429,0.24931394813467891,-0.07723906051300011,0.034877225294260794,0.23383850278911716,0.23660084754232386,1.167512619629374,0,50,1.96
1.8195186793804168,0.005893439730102446,69.63725748062134,10.925481474753648,-0.0008911502081900835,0.08884392187107502,0.018199406154453753,0.07215441555533192,-0.01756538270972669,0.2372835945215029,-0.06730719116055582,0.030586071657001758,0.23303624790554645,0.23653742843845096,1.48018034863161,0,50,1.96
1.8203244010607402,0.0052762585430041805,70.17391046355752,9.546622175295141,-0.001600769375834395,0.08909953476398494,0.01989196069246414,0.07484904794994585,-0.0001323006353249737,0.22910849951332418,-0.05650952086619368,0.02588796372279327,0.23787219151615613,0.2413750155819298,1.4511957906367168,0,51,2.0
1.8224624629114188,0.006536019319582306,65.64069294929504,13.434785288308094,0.01455594846686604,0.07657515321972225,0.01651702361071811,0.07515746744844166,-0.002683961124835061,0.21494154466355989,-0.04440748040633443,0.018977448919225547,0.2408694009303161,0.2416585227019189,0.32654415113517743,0,51,2.0
1.8257250628050636,0.008379236867465613,61.230602638394224,15.800797468408105,0.011510613027448748,0.0836155419950858,0.02087161715562437,0.08368416348961989,-0.004337367382557953,0.22011831225815376,-0.03669503295807203,0.011747820309949234,0.2453965750581121,0.24209114332898093,-1.365366648146793,0,51,2.0
1.8271413661685645,0.010001326928215754,56.463480229471244,16.42694936430146,0.0038319970389791565,0.10743509766619881,0.015752183492569363,0.07995361000923427,0.01645672885591493,0.2304350579685207,-0.032030952597537,0.005325904823660783,0.24792493055934597,0.24227894515475534,-2.330365686949909,0,51,2.0
1.8283105124445522,0.010370204296652514,53.45126623733371,14.875518309296124,0.0005171773042164597,0.1097962830799611,0.017190695064617137,0.08230957599887143,-0.000928588394148677,0.2734790648232584,-0.02885554708476504,-0.0029197569812140635,0.2496847426822183,0.24243397407095452,-2.9908219914514422,0,51,2.0
1.829086649651621,0.009490872755991534,57.29367199598574,13.879416855451103,-0.009450550830247356,0.11087058554506116,0.021492331599195797,0.07980293294357964,0.008495945483446121,0.28524757673336787,-0.0267841635565417,-0.009950608663309586,0.24997513262506604,0.24253688974535362,-3.0668501140267868,0,51,2.0
1.8284681182281644,0.008902403560993971,56.980641360376396,12.754699058088205,0.0016846959570459292,0.1128437021601356,0.023713220933488773,0.07245100667035681,-0.004059831374416165,0.2951138879996869,-0.025167176510298806,-0.01749679294293291,0.24916470489642226,0.24245487247776548,-2.7674562074524234,0,51,2.0
1.8299518975557065,0.007227748786494176,57.511203709770655,9.758407282146552,-0.0010966969398306865,0.09776890392239045,0.021162708235137603,0.07160276524303977,0.012105956089262869,0.33575583540220655,-0.023887128939378572,-0.024524893736399253,0.25184181547810947,0.2426516215000419,-3.7874026644680647,0,51,2.0
1.8313187945122813,0.006367373790430174,55.47161348660787,9.961056883217907,0.00076510088846964,0.10180345617060667,0.022039075016829314,0.0782008130207604,0.0007990088277295524,0.3378356972937499,-0.021970132972294668,-0.02881723685424751,0.25377309651264257,0.2428328721549318,-4.505248511301518,0,51,2.0
1.8315937256111818,0.006687303823669286,54.60739871099884,10.27942161589859,0.005637816975221914,0.10837061734864502,0.02189248206787834,0.08483546254239638,0.002337754083176454,0.33186914480403035,-0.02136342772157726,-0.0320523783415954,0.2546115175737887,0.2428693280174089,-4.834776648098638,0,51,2.0
1.831330169649685,0.006875179769234411,56.2278699687883,10.734020688118202,-0.00011048371008798188,0.10039087754760831,0.018371319580896227,0.09631438878090864,-0.008693977514756661,0.30228985672387604,-0.021173829070971126,-0.03404879416502904,0.25373941357318763,0.24283438049748343,-4.490728641209518,0,51,2.0
1.8318474783616907,0.006213228083609506,54.78501122138079,11.29879625338774,0.007423792618746851,0.09823987077802158,0.020452257391868855,0.08728848562699074,-0.01036904962258596,0.24122799989034327,-0.02030328559955334,-0.03505886594835964,0.253122988349734,0.24290297563128962,-4.2074464884109375,0,51,2.0
1.8318520462980457,0.0069143269313961956,52.44612653582704,12.625914688817149,0.0022521358640754923,0.11372906267506376,0.022499840067443894,0.0782284035287112,0.012026461188261416,0.2255167942553092,-0.021238686083164076,-0.03553526357908433,0.2527744629386337,0.24290358133733514,-4.063703609042424,0,51,2.0
1.8326477910958083,0.006903346934480588,52.482433833327946,11.782239055286649,0.0011344216033524158,0.11175730836940927,0.020793009987648797,0.08046814508262785,0.0014339940549404013,0.23125401007130453,-0.019943130371190946,-0.03411423874085488,0.25422418503594457,0.24300909721860348,-4.615089700634689,0,51,2.0
1.8351509249677844,0.00729519848540465,50.00371242971981,11.749360894763534,0.005547836970757036,0.11619158576066423,0.01426883677349371,0.06351677784068759,-0.0019821379306342673,0.22417981166449877,-0.014988019792015935,-0.03260905711759941,0.2581842635621962,0.2433410125308631,-6.099773678491838,0,51,2.0
1.8357048449563045,0.006969734861032461,53.844601247824876,13.965242795961414,0.0008453521877527237,0.10752170845685548,0.019595933055468633,0.06283939583084946,-0.018832851096293797,0.22010752963885188,-0.008337056388696598,-0.03084622194685574,0.25915072076734946,0.2434144624410347,-6.464800065085186,0,51,2.0
1.8365187043068456,0.007301684491825753,53.39515377025978,14.046595686924656,-0.004936159058820968,0.10201919815531862,0.01728612465747431,0.08505443382404544,-0.011250807616092703,0.2923246596597754,0.0002688217746210486,-0.028409874080203446,0.26090726973266287,0.24352238019169936,-7.1389288850077115,0,51,2.0
1.8374782105286915,0.007716639158704469,50.88633325053196,13.734692602745794,-0.0035677482830543143,0.10740613086910657,0.01699387241958403,0.1198016434020425,2.4459393256727388e-05,0.3483817620159586,0.00845406065540167,-0.02522720328397819,0.2616151223088408,0.24364961071705807,-7.373503096890022,0,51,2.0
1.8383301794528961,0.007393007809762761,49.48075674094406,13.336440661526746,0.0013298992359755085,0.11256324681945717,0.022474849961844144,0.1400809584853104,-0.008995721664498834,0.4308099833791739,0.011617893614593325,-0.021042938504546974,0.2633745142455552,0.24376258179720336,-8.045505714518498,0,51,2.0
1.8396872457335978,0.006926603194304475,47.94881272315979,11.135793649201178,-5.2819138064103965e-06,0.10729542218705401,0.018285657315715857,0.14331976481466788,0.009054409431330129,0.42649988173713743,0.011067179409944226,-0.01581255933093667,0.26499250818331477,0.24394252878611053,-8.629073209149563,0,51,2.0
1.839971236154145,0.006150055482478467,50.212083166720824,9.40169472951276,0.002510437632308287,0.09477370154519356,0.014607478827968532,0.1403065640506787,0.005583453284320878,0.36724895824508436,0.006837361221798143,-0.011190527768425074,0.2647368680748897,0.24398018603533092,-8.50752775332051,0,51,2.0
1.8386923939573998,0.006245687072350949,53.66200607898188,10.273505155576684,-0.0017516180215513006,0.08764868084480035,0.012385042621662803,0.10825304476935711,0.019309207377042257,0.3091129976997937,-0.0009298806567801997,-0.008257708390252383,0.26223028544876303,0.24381061143956714,-7.554910715509,0,51,2.0
1.8350670232492334,0.00794977562885357,56.88940155739878,9.80623361096474,-0.00714098435698771,0.0931653141500582,0.016425871399833876,0.0834664996171565,0.024037307475273516,0.22571105160915855,-0.009332389594515557,-0.007252126819196519,0.25781595814258984,0.24332988728269453,-5.953264114681378,0,51,2.0
1.8339410009337407,0.00733521925794793,54.695691866033215,11.16814840746402,-0.004745056633563603,0.09561463997759008,0.02186450723777799,0.07910981679562451,-0.0014018851752374687,0.2724015555893246,-0.016846893389338927,-0.006341117797625807,0.25579201715382544,0.24318057660522577,-5.1860394134490395,0,51,2.0
1.8322656388376273,0.007398912162492806,55.09863522940991,13.656958485565053,-0.00576604637043441,0.0959272861769609,0.02039119371158235,0.06103121034818362,-0.01576900197302594,0.28715884004182124,-0.022885234843523918,-0.0072768071352079,0.25384267554023304,0.24295842370964,-4.479882468944907,0,51,2.0
1.8322259438972848,0.007101653634852866,53.738323856802545,13.740414298696228,-0.008555553570462792,0.09452543210556189,0.02149449356411602,0.056456491056256976,-0.031658775154866425,0.2891844031258811,-0.02545408866457794,-0.009273255930264152,0.254459494160175,0.24295316016070057,-4.736029772925621,0,51,2.0
1.8334352192925472,0.006014719425803181,54.17096674676035,13.393111070233832,-0.003653069054160048,0.09680359967826205,0.018687214108877907,0.06061458778446477,-0.014605609919218457,0.2823955766544318,-0.023726424206311054,-0.0134589202775553,0.255848680398005,0.24311351007874593,-5.238363888182973,0,51,2.0
1.8321833499506408,0.006161544390944801,56.58319969270744,12.793254691550876,-0.0008153511375627097,0.10518776469852356,0.02200650086845545,0.06561980614309168,0.004518593615834035,0.2556452447545458,-0.01969779697570857,-0.018916499731900936,0.2549758593416434,0.24294751220380617,-4.951006507013234,0,51,2.0
1.8320466513727225,0.006185485355485804,56.313054430718516,9.765104128764293,-0.0042188698425889015,0.11354254141821495,0.02182588369275133,0.06345957925925266,0.007714783946307851,0.24562895159641945,-0.013362195507059204,-0.02333954053082493,0.2555566586215621,0.2429293859739498,-5.1979189742678455,0,51,2.0
1.834386611101674,0.007277427012206734,57.18435645570942,9.884382839725864,0.001788767693819953,0.11954018676269434,0.02447158002349384,0.0656583701638152,0.005355328741465129,0.2383877506950331,-0.006077528925915665,-0.02675364646708094,0.2582959878175463,0.24323966475222358,-6.189912767993611,0,51,2.0
1.8349352952312021,0.006924651367467586,54.639919173483754,9.280958490354964,0.001930787730231589,0.11009286089301043,0.022005896303145325,0.07853930479069166,-0.008218070766066803,0.2901782735338389,-0.001959114798410477,-0.02921637632473402,0.25953044911922823,0.24331242014815238,-6.665516277878769,0,51,2.0
1.837016084614922,0.006815568199167479,52.61350095505808,9.750809367240102,0.0002153498376263123,0.10149360970518712,0.013008392872471436,0.08483032471424556,-0.007538766061485398,0.3446842991950013,0.0008441604386810372,-0.03325416833504657,0.26226794625502214,0.24358833281996567,-7.668517296705857,0,51,2.0
1.8386431581833784,0.006280390913852481,52.03624980122435,9.89181384388812,0.0010629254301973417,0.09176808122890293,0.01676416130081349,0.09092364602146079,-0.012655822423231952,0.3417609423392991,0.0028472340503104838,-0.037128421865298016,0.26448038261799994,0.2438040826560759,-8.480702922063553,0,51,2.0
1.8383248536025776,0.006832102990108685,52.82411534178491,11.607247803211585,0.003907616158910826,0.10512219841610934,0.014858229666167651,0.09186746217750005,0.0053796072435729645,0.33197964414408887,0.0035083753825227823,-0.04080115605694633,0.264466863962312,0.24376187558908238,-8.493940376522513,0,51,2.0
1.8399086086189045,0.007277924010817862,53.7303531777625,11.93897438911441,0.002446792371498019,0.1083894532380711,0.02037208044830728,0.08396058058075877,0.0013296896495911129,0.2633606872299372,0.007397686749297523,-0.043079361569752006,0.26528306652341277,0.24397188150448948,-8.73509885135313,0,51,2.0
1.8392176055440717,0.007340013234489596,55.76578378677368,11.065761055097415,0.003412024346271566,0.11895530119325623,0.024654491837067968,0.07778927137246973,-0.010729911438116402,0.170810449194927,0.01145580410619949,-0.04332692024886573,0.26368664353087157,0.2438802544952907,-8.121358195467753,0,51,2.0
1.8381358303275763,0.0073958838872281414,53.78940746363472,12.705679022595184,0.0013153562504871219,0.12149866070878407,0.022377068359477847,0.07947859385318067,0.0028832974711286963,0.19823176394207834,0.011564635306561582,-0.043725737705433615,0.26185682704004676,0.24373681122142726,-7.4342548947840426,0,51,2.0
1.838754121579376,0.006981407396741117,50.734462770761226,13.799019725588032,0.0022372711888130974,0.10060934311393274,0.02317740118094519,0.09525928995573126,-0.005807830011654718,0.21724145364588143,0.011272497560224245,-0.044364132366724485,0.26180289340036644,0.24381879652166716,-7.376009206534295,0,51,2.0
1.8385629852612813,0.005841893022012604,48.78453625417223,14.125282877860387,-0.0012973535294626274,0.08642222204011282,0.018682486121999284,0.08793026352242224,-0.0005445168353617191,0.21710273742332137,0.007549360517190461,-0.04468454152822666,0.26179882926421744,0.24379345184600523,-7.385504935376819,0,51,2.0
1.8384008629649293,0.004653998091428898,47.62971027692159,12.5117317066054,-0.004893400505477307,0.06684345584157099,0.018895344297383345,0.08138432728299913,-0.0038847094219104914,0.2205612237271728,0.002511704810751754,-0.044854577293772575,0.2618704361245354,0.24377195430986673,-7.424349476914438,0,51,2.0
1.8387550349329032,0.004669159832859601,47.24698103642931,12.906618452919403,-0.005982243912477119,0.07015864036589844,0.022015718706682615,0.08719094433734771,-0.004588748857963319,0.2513517399448385,0.0003049139249363405,-0.04539012474618568,0.2624382130600361,0.24381891763135702,-7.636526160300083,0,51,2.0
1.8384068321947957,0.004463411670073707,46.721662521362305,12.29321786693588,0.0007115839524011986,0.07851434528528439,0.02000434492148605,0.08677516916030197,-0.02108468904214747,0.3146664611688957,-9.421962514537493e-05,-0.04609861287767071,0.2624112781138312,0.24377274594857246,-7.6458638116956745,0,51,2.0
1.8389355154598461,0.004963919598772341,51.93452433043835,14.61483146521303,0.002894043995469224,0.09192782939414926,0.01700936047835093,0.10047273796661955,0.012442107001940409,0.33937961227506397,0.0031662971416532614,-0.04743008670360755,0.26353878938206216,0.2438428493498709,-8.077308842438558,0,51,2.0
1.8402717206992356,0.005595034362765244,53.05510042227951,15.382710904125146,0.0012433655085224732,0.09160879521371568,0.020372217502810208,0.10290521605755988,0.0021217030783494315,0.3315317454936038,0.008502843236611404,-0.049121763406195174,0.26496653777741214,0.24402003016435553,-8.583929605675579,0,51,2.0
1.8411899793381785,0.004606728896291616,55.86415199672474,15.995019442171884,0.010159350475113765,0.09329486509947224,0.019219001298587696,0.10293702274733395,-0.0008264073700297112,0.40326904308117917,0.01664923438944844,-0.050871557837103294,0.2676969811723379,0.2441417912607085,-9.648159698507275,0,51,2.0
1.8433507517272352,0.006437665576356124,59.68013352506301,13.494384616900405,0.006389741493644668,0.10702296335097569,0.02257238176888695,0.09320240755618063,0.019144223619471577,0.4204369327495735,0.023493713706686896,-0.05196458815791718,0.2704968917298539,0.24442830979965605,-10.665123835927526,0,51,2.0
1.844980793840745,0.007109878087793004,60.14595071942198,13.353199165472446,0.007191849890731129,0.11119006207699396,0.018722697599407506,0.10825847555959031,0.006525664663344037,0.5001396870139839,0.029731508877830864,-0.05241537121365655,0.27325350001223125,0.24464445326294573,-11.69413259434755,0,51,2.0
1.8465841137895398,0.008309665033244838,59.92881341541515,15.71206713971495,0.0031044392609128764,0.11836678739480698,0.022400977510009325,0.11728033906829945,-0.016587853550399635,0.5239325534744368,0.03737168419209419,-0.051581897514841005,0.2769462492372956,0.24485705348831407,-13.105277259457427,0,51,2.0
1.8487850474376304,0.00831869719360095,58.61846159953697,16.723378657464732,0.00028639557022674413,0.12542605885809854,0.016689863256817938,0.12187232379341849,-0.011240334998743207,0.44929880073536477,0.0435087536855992,-0.05022913051408463,0.2795610145099455,0.24514889717019983,-14.037231142775376,0,51,2.0
1.8492395597345688,0.007818206955143637,54.286536174661975,17.835653965051304,0.0037389248426930575,0.10990746534359516,0.01549809526506008,0.11905071104654143,-0.013831110725946286,0.40014187340773916,0.048185409651169964,-0.0469189800143169,0.2798578374543339,0.24520916562091555,-14.130251512288062,0,51,2.0
1.8500597605518265,0.00809373032339531,52.145827896454755,18.422195968040903,0.0040133471107658214,0.10242685471239098,0.021155782500464543,0.09826025997143993,-0.027967772866581,0.2937764681037068,0.05243754542741321,-0.043144354281526194,0.2801177713420455,0.2453179242489175,-14.185611263291786,0,51,2.0
1.8510865656768574,0.008250792527266787,54.943462853338204,18.560247234925733,-0.002492212726935452,0.13727177363238866,0.016165821027814175,0.09066463420517029,-0.004574637138741273,0.2602535996864514,0.05275457043696045,-0.03811548525194675,0.28084337654811087,0.2454540786104962,-14.417889544941275,0,51,2.0
1.8508653915395923,0.008666512864093413,55.39544460820217,18.05087719231126,0.005263698944712386,0.1329302134268627,0.022558006111021135,0.09626736579811081,-0.017397442996940193,0.2981101794409887,0.05195197056863971,-0.0316110292891182,0.2800013183904084,0.24542475091859356,-14.088459840500667,0,51,2.0
1.850614801341412,0.00951674251581021,58.290770853267,18.54281988353031,0.0024951152211310818,0.14382413501527117,0.027261883276058177,0.109692707351778,-0.003924454525843554,0.3235332476958925,0.05251827214782694,-0.024513161939910696,0.2804984994778319,0.24539152265612663,-14.306515743374536,0,51,2.0
1.8509065876988804,0.008876302152013866,57.87449324832243,16.82557053233608,-0.003284804011676826,0.13933044740468403,0.02578565748591049,0.12587019270321995,0.014339320726838767,0.34966245975595656,0.053049016687717665,-0.014965888132062526,0.2805365645672599,0.24543021364918183,-14.304005361075522,0,51,2.0
1.8516122652035134,0.008296924184240074,53.86836328225977,14.977569765720808,-0.001090286701333289,0.10449168789423713,0.017504435178695942,0.1342387072697931,0.0065719921360997595,0.37342653459026676,0.054528780337360805,-0.005152435525898303,0.28197228031540167,0.2455237863649949,-14.845198703567796,0,51,2.0
1.853061447540919,0.006811212365665986,53.6690908834046,13.631750538826674,-0.007786419553061326,0.10649007722831755,0.02031382816094978,0.12731200049225358,0.01936454793401793,0.37743871803420975,0.057754682658819674,0.004220495919427949,0.28382934402874255,0.24571594794348195,-15.511160917413136,0,51,2.0
1.8545185678145464,0.005911186479279194,55.026334374558694,13.080027395118268,-0.002395504409922104,0.10642796366290633,0.018213408980883805,0.11496570992394618,-0.0027397386364492716,0.32883771394540734,0.062207357917091,0.012978953624464627,0.28472370863456675,0.24590916197327034,-15.784099441368294,0,51,2.0
1.8543730670330572,0.005953512855893431,53.9803286486981,12.25425339937115,-0.00989665319303087,0.12200160720380346,0.01967314044561456,0.0909350021519345,-0.0018174473342357897,0.3030001378134708,0.0661045143248908,0.020868496130143247,0.2841557727506979,0.2458898686889042,-15.562212573388745,0,51,2.0
1.8551355986034168,0.007087845647337715,57.886218159806496,14.264826932294083,0.005234763811470247,0.13289503205307365,0.02303747100499915,0.0830000030260745,-0.020101736464044628,0.28469275955712686,0.07073129381458265,0.028639453321455125,0.2850173254042394,0.24599098037421113,-15.864949589070253,0,51,2.0
1.855903437908958,0.0072379455529971186,55.74604620185553,16.300571696637444,0.004119045448069479,0.12179176388498487,0.022238655581924262,0.08954609328701649,-0.014911697081783238,0.2664083872785249,0.07509178804457019,0.03638427522959162,0.2862867393157763,0.24609279574580709,-16.332840401994588,0,51,2.0
1.8570418065786363,0.0066530312050703,52.724732270240786,14.408919967244662,-0.003133757933974266,0.10259641705886278,0.016828779336065053,0.09193402304175662,0.009025793820619583,0.25328490245552054,0.07789979921135566,0.04384349751168234,0.2813333755943766,0.24141543485345632,-16.534957992702992,0,50,1.96
1.858789358068915,0.008694210007891548,56.28142678036409,15.437366851253781,0.005348541134712743,0.13738335459141932,0.015799381861499713,0.10821461440962855,0.004149704276784963,0.23313198052392592,0.0787798857254661,0.04840597931489344,0.28853023807146977,0.2464754688783928,-17.06245631033818,0,51,2.0
1.8580338195258497,0.009112044879590027,58.32256447567659,16.34503183056622,0.003752040001107197,0.13676585206717445,0.019684930277221343,0.1085411979073881,0.007852870939007285,0.18952972135839932,0.07668729948919688,0.05118132339253405,0.2881020880226715,0.2463752843483955,-16.9362782409906,0,51,2.0
1.856585080132765,0.009736352320344482,66.05583073111141,11.133603912815241,0.0001575822266293507,0.14045732326639654,0.02293023215058972,0.10840952722066621,0.007160559629875363,0.18395802919888132,0.06932655398406766,0.05365695248731915,0.28627768783674806,0.24618318162531205,-16.286452204708034,0,51,2.0
1.853892543736626,0.01055113689314294,70.40018085404938,9.70329319846494,0.0007523331498982859,0.14740330649434052,0.028446578292870055,0.11879339935563651,0.00232688140799748,0.233451521141449,0.059187581339283195,0.05620404926600434,0.28382046983305537,0.2458261514198911,-15.45576749817268,0,51,2.0
1.8494955628525978,0.007934898191492725,73.62828669828527,8.69553836306626,-0.0027686389637928384,0.10446490333492475,0.03552516768960392,0.11179058339001928,0.013883015784599325,0.24187358067335574,0.04763797166331013,0.05836791931782772,0.2792441028035691,0.24524311151559355,-13.86419829607064,0,51,2.0
1.8469141073086683,0.00818936717234258,74.01422673580693,8.095433978759479,-0.00843542909213141,0.09877549816940595,0.03826936809163468,0.10621248596964641,0.004031423260183895,0.2551834874693978,0.034387668721782554,0.059962431499978014,0.27452271262345046,0.2449008105103343,-12.095469202976016,0,51,2.0
1.8438256295288311,0.009632208967814379,73.54309665455537,8.777574859070427,-0.000746869463838783,0.10376879620059035,0.04181336816035065,0.11913290382054763,-0.008441636977972938,0.2930135175609499,0.02212473605533977,0.059985101567169456,0.2705286819475216,0.24449127859616146,-10.649624600461705,0,51,2.0
1.8411132681603526,0.008679243070981394,71.99100666420132,8.825229403186063,-0.0041965297514609265,0.09904842086522156,0.041454531215861734,0.10395748496640181,-0.004576930611887399,0.31353150826838655,0.009835119879159297,0.05930955721272955,0.26683603437514736,0.2441316194783532,-9.300071389895193,0,51,2.0
1.83733348811374,0.009733838786571872,66.56155660573174,11.198839242710005,-0.0067086853634785205,0.09254771716190044,0.03777579859118251,0.10309091488980342,-0.008572514461097764,0.30401087777418223,-0.00012871744036642375,0.05906493860544041,0.26224725111535313,0.24363042040529864,-7.641422889261484,0,51,2.0
1.8346613920202441,0.007823287921726903,63.93781810180813,10.43497510956464,-0.0004890595434927472,0.09893326261178134,0.038206337038062366,0.10206099662671979,0.0004458675234048974,0.28109142818886323,-0.007406524531398787,0.05946308665231239,0.2592091387984058,0.2432761005823764,-6.549364355104115,0,51,2.0
1.8340696154856215,0.006466572064032873,64.1949680038527,10.593249811991159,-0.002172796749601177,0.09228994887487635,0.028249941528866104,0.07001686884435061,0.017961774715313725,0.2145093116232717,-0.011630894108170264,0.06102308299305584,0.2583877889141974,0.2431976311335629,-6.246013873503609,0,51,2.0
1.8332912173925662,0.006843682361006215,62.86952380105561,11.21005628768651,0.0012272628681624636,0.08766898932304469,0.045319683247191066,0.09608953123512289,-0.0015751748692755605,0.1703666321836158,-0.014861254708661694,0.06220016021721295,0.2569012660172482,0.24309441530825399,-5.679624804003236,0,51,2.0
1.8355328814656127,0.007654871778391226,64.04692795229893,12.164216532091931,-0.0016196375420572712,0.1971916363993868,0.03943278563811498,0.14107945405184383,-0.004584759473800659,0.2521227360630701,-0.0160638600837885,0.06356887159721657,0.2569465815857608,0.2433916599645701,-5.569180810535501,0,51,2.0
1.833901443902184,0.009180444959851826,64.30562142297333,13.715476611124348,-0.002335025472383873,0.21984387947681105,0.033815686937932875,0.1498458416056837,-0.01063000169747016,0.3523305021209946,-0.01616725473542528,0.06320064077564247,0.2550216101244928,0.24317533158315327,-4.871496818454513,0,51,2.0
1.834403050880806,0.009764538800068025,59.03202289693496,15.70317166724046,0.002870567946457395,0.23441602784777973,0.023207582241179896,0.15504242342113006,-0.01181847737262062,0.36712877581153996,-0.014594860071149972,0.06357952563207324,0.2546434959318619,0.24324184466827517,-4.687372470446416,0,51,2.0
1.834528437432121,0.009420994883902436,56.92260299476923,16.23880305746038,0.010262882903072179,0.2340225036990627,0.011428850118582155,0.13446453831348787,-0.005092976870490056,0.36354734072806494,-0.009752818622933385,0.06359927432281764,0.2568319399318871,0.24325847068565515,-5.579854715017052,0,51,2.0
1.8327590758894003,0.009422620707956648,54.90676727481917,14.883175162867849,0.003924998874757804,0.15741406431998642,0.0009890187568232125,0.09423949610246113,0.00998437340718274,0.327510570533188,-0.0038901351573687637,0.06506230944390946,0.2600173616710011,0.24302385346355326,-6.992526850865843,0,51,2.0
1.8350327944054323,0.008263755542870867,50.27923948624555,15.639680304112455,0.003846532208662407,0.11801850076868409,-0.0013139191101871285,0.09780908859829471,0.00247934038805611,0.25590826901253133,0.002502720369144235,0.06607541537326111,0.2626817551201819,0.24332534865782843,-7.954948618844071,0,51,2.0
1.8347754665449554,0.008373501812022715,49.69871811305775,15.352186961529268,-2.8668848030707415e-05,0.08888146884108111,0.0030234924462788247,0.11084245123834782,0.00441188116868337,0.23861904329574826,0.007567520777965662,0.0645899584385974,0.2625451757667046,0.24329122686496532,-7.913951172775269,0,51,2.0
1.8365690988652847,0.009172346924475579,44.58296195198508,18.416896559001508,-0.0025551388697589144,0.09100207512792838,6.229185736646839e-05,0.11699619707105897,0.017328294505383455,0.29794224433949024,0.00892513681828665,0.06259621751671236,0.2632890878968973,0.24352906239093042,-8.11403177590635,0,51,2.0
1.8381598509994208,0.0071189525301889,41.38881993293762,17.711421203402605,0.0036460469823841957,0.08458496862146253,-0.001052857614031025,0.10997376256908906,0.01523882404481079,0.32437222887362177,0.005726136108849368,0.060140375016957404,0.263082246724279,0.2437399962434732,-7.93560793423691,0,51,2.0
1.8377917923179328,0.007377699018701922,43.27333982785543,18.414304136576686,-0.004452472808314305,0.08361452956482497,0.0009560624466222875,0.12126543834828707,0.01450553578415922,0.3355751320750829,0.002185516652457414,0.05868545663285658,0.2619781348664979,0.24369119178190352,-7.50414610839143,0,51,2.0
1.8375542368374618,0.0074130860890448,44.2429230446909,20.437546407251414,0.0012346428691172133,0.08850176617860608,0.003462769091129303,0.11028947286042892,0.0016852237065048778,0.3610080762754271,-0.0027898254465468543,0.057723749607789594,0.2613170529794926,0.24365969168473978,-7.2467305415451655,0,51,2.0
1.8354348756519019,0.00825395609976068,50.89207703926984,19.219993052031167,-0.0013005670671369515,0.09214076369236315,0.005424111086290841,0.11185076445307846,-0.023038197180950175,0.3766789797074918,-0.006265247261735757,0.057318827387323114,0.2603606336094193,0.24337866451369003,-6.977591536078975,0,51,2.0
1.8347467885297888,0.008401805309394248,53.76238660251393,18.43747303219832,0.002683858843702896,0.11280305684160229,-0.002119642746287818,0.1175754411760743,-0.013319494147949359,0.3974001723103358,-0.006003836229603616,0.05568598621835872,0.2593384661632746,0.243287424279369,-6.597563327183753,0,51,2.0
1.8365943683128731,0.009227641761326762,50.778596078648285,17.805535147656357,0.003988496155715456,0.11752764375614494,0.002021237723894563,0.09455840191598956,-0.017533542533569476,0.4569099300457134,-0.004908655730472239,0.05320895994498082,0.26181066157618904,0.24353241324017721,-7.505468406780569,0,51,2.0
1.8367081915631014,0.009694398062566084,49.99199983185413,16.71149047537214,0.0034843538431268114,0.14476760919933004,0.0009508297559531296,0.0921643628428494,-0.009097835286429115,0.5103109900808657,0.0015142243352217932,0.05132653399624756,0.26261988106785117,0.24354750608538897,-7.831069711621397,0,51,2.0
1.8415967909728779,0.013092935147677306,46.03393163868025,15.39005259341519,-0.0032856738669615167,0.16404862031170309,-0.0042277200184032025,0.08510733808852357,0.011795202726680859,0.4741929724341588,0.008989737630734063,0.049929715922163165,0.26493176177502836,0.24419573448761586,-8.491559990153764,0,51,2.0
1.8433723397114699,0.012604768541241521,42.9857730958976,13.432053289356405,0.006936016273410881,0.16722032742034462,-0.0028740824748049766,0.08767537956767558,0.010738973724929726,0.4476598001026007,0.018091963322321325,0.04779706667545059,0.26582637212985516,0.2444311723711876,-8.753056965327355,0,51,2.0
1.8440042716615341,0.012546019675166126,44.00324469454148,13.732027461940174,0.003341396667939775,0.1653952666103774,-0.0058428992188590415,0.08576428076449776,0.008736176726718744,0.36875863367368994,0.02635587041971765,0.04608621827055883,0.2676535516293611,0.244514966308444,-9.463054826561779,0,51,2.0
1.8467823664347331,0.011145585739562976,39.944460247077195,13.3041150789064,0.000327672206741922,0.13278439249030416,0.0020042302762614747,0.08771679900940381,-0.0031296875985229716,0.24310420313055278,0.030822463090690266,0.04312625454420864,0.27001888764859494,0.24488334167314232,-10.264293930210355,0,51,2.0
1.8448986259161257,0.0069568041035428345,38.39980397504919,13.289374319372415,0.005479929110437047,0.10694959692848792,-0.002117352514509477,0.08514781492347916,0.0005598877483577121,0.2283635541817089,0.0330237314952772,0.040403958241552226,0.27095716003024717,0.24463355791625213,-10.760421562035516,0,51,2.0
1.8468768368749058,0.006957322295637809,37.459564400654216,13.809174987876375,0.0012950045695784046,0.0775416513644743,0.0065451080125628735,0.0763352194217044,0.0028951646413142773,0.26997643024501156,0.03293516893826791,0.036590939816555715,0.2733910638053533,0.2448958686897481,-11.635637329474502,0,51,2.0
1.8458511957935257,0.006859212375482684,34.141201126809214,12.82780338173737,0.0021470421194738033,0.09957750597703681,0.005935445491808886,0.07041271098594695,0.010862151334317876,0.3624557740411196,0.031457660353500574,0.03284315062784809,0.27119565958856734,0.24475986844206543,-10.800704917341974,0,51,2.0
1.844677421392179,0.007171431727799927,37.06976571270064,12.951121030698063,-0.006165332580898322,0.11391588548708144,-0.0008144397562479272,0.06813656429379167,0.003577771806614656,0.3977485400726739,0.03171885188211892,0.02908693777424623,0.2697859799333961,0.24460422607567198,-10.29489729663695,0,51,2.0
1.8453427372025508,0.007504617941211891,37.40998181642271,14.74379166513086,0.0062808627901854465,0.1204784475965001,0.0025818267490203472,0.07288651509441393,0.001874754022733838,0.4011282571599274,0.03191305510238695,0.024701595996541013,0.27041457723016515,0.2446924470710107,-10.512024570864575,0,51,2.0
1.842808641055051,0.008415799424732612,41.22439990324133,16.391396769975522,-0.0010405804176687025,0.13603710600165894,0.0030443767980471545,0.07492227620944043,-0.008668895920409876,0.34182481379214347,0.030080563046606324,0.021764172363794188,0.2679455728698769,0.24435642568110633,-9.653581698545244,0,51,2.0
1.8423927800328124,0.008699081147786095,42.71928571252262,17.662652465295565,-0.007006092992264266,0.12089788500240348,0.0031007627646128335,0.07077071239854979,-0.005696961071853544,0.2655232190808058,0.02547661194960228,0.019708087807599032,0.26759708367855084,0.24430128250983255,-9.535685170944896,0,51,2.0
1.8399689653340507,0.009273214611727853,45.41898991079891,19.85579667364384,-0.012445606519559435,0.11973625446893336,0.008129678301367104,0.07191449313841373,0.025807928841780212,0.22464892484005392,0.013969075191279354,0.018134143216548788,0.26449665455999694,0.243979884920994,-8.409205392340734,0,51,2.0
1.836390430436415,0.009795196956323119,50.43399699529012,20.315354236749915,-0.01720398653517751,0.11864230113403293,0.0076215669658838536,0.06817255238401504,0.0020723079568615147,0.23682437469227605,-0.0012166727045555615,0.016575682717260135,0.25892994803287483,0.2435053711929669,-6.334388750581055,0,51,2.0
1.8307682456923466,0.01067245391692859,57.38876951909533,21.1706940597827,-0.019265802723227764,0.11370664754716865,0.0020367023991603476,0.06737513570751472,0.012019886982207205,0.26778717166201227,-0.02198488754580979,0.01671459626890164,0.25048002057887797,0.24275986925962864,-3.180159613198974,0,51,2.0
1.825780929887996,0.010352048364535415,67.68041010931427,16.669909091147225,-0.008410817523505174,0.1392607642822112,-0.004376403019562655,0.0853663613441811,-0.0008376946344095118,0.2955991502318289,-0.04461543593406237,0.017274268806806155,0.24235621724645237,0.24209855130259322,-0.10643018823235373,0,51,2.0
1.8218439268130882,0.008783788028365332,73.98299439748128,11.69521688275263,0.009095283512793043,0.13417659769910437,-0.0037294363456906055,0.10040183941112053,-0.0016920685987262165,0.304242875635125,-0.06768868078172018,0.018804986253389718,0.2375878599211185,0.24157650481363444,1.6510897430166094,0,51,2.0
1.821081641257978,0.007720110782643349,76.70527748968087,6.302538718544318,0.010222227764589822,0.12616927539446893,-0.008928431161478454,0.10720601531548805,-0.0017763902524522708,0.3236883432827258,-0.08588122475655505,0.020045228222965658,0.23685143954851137,0.2414754256306709,1.9148888836546751,0,51,2.0
1.8227917785738028,0.007363338623236513,75.84725508970372,6.750629175170905,0.016412700028797866,0.11045472917726251,-0.008250357144895722,0.10706638353620192,-0.024485588165036605,0.2959003203277909,-0.09079662922907562,0.019746326632910306,0.24041850507598603,0.24170218972032467,0.5311017851447719,0,51,2.0
1.831883025519988,0.015201216375065862,68.08389194338929,14.385058743259284,0.011087456521779006,0.1040150235576826,-0.001028700019506847,0.09723516660947173,-0.02636789660170382,0.25131983746247744,-0.07497734929317566,0.017472065061589694,0.24767819214540135,0.24290768918529235,-1.9639159946353235,0,51,2.0
1.8378645082314808,0.015611114864288277,62.46242545165268,14.17640607164374,0.022390438052003876,0.1218443656912194,-0.0029188989862507465,0.09105784091848731,-0.035932683568520876,0.3356886670382953,-0.03234686209553029,0.014579495798193107,0.2556154431074978,0.24370083391144123,-4.8890309502946705,0,51,2.0
1.8476474086443584,0.017156518516357015,59.89365220069885,15.18276113917737,0.03635074672124842,0.1409192624199532,0.005988626759134087,0.07804055882903038,-0.035000850994359047,0.3140157699318805,0.03521081686380717,0.007291441199209987,0.27065322438954065,0.2449980462647052,-10.471584780360498,0,51,2.0
1.8655364723766552,0.022901305925351313,62.562913684283984,16.65425424520484,0.055957431950624664,0.1667243101523667,0.012222196979849947,0.07630202211997728,-0.034254087244763094,0.34944115994690733,0.12287752486603237,-0.00751130103266014,0.2989867603866338,0.24737013623811666,-20.86615018832805,0,51,2.0
1.8783112910448336,0.029566969329533833,70.54807093096714,14.42612407536055,0.09846767176892243,0.2510695660491317,0.009642187469438011,0.08097554075868071,-0.07221144739100162,0.4101971850376361,0.2265689315471379,-0.029258827747934726,0.3395722881816683,0.24906407731234198,-36.339327552171774,1,51,2.0
1.8942535256638247,0.024198876078133057,74.40809111969143,12.127523337067275,0.07394487063820455,0.470263085410387,0.010808373235312163,0.2226408290749893,-0.05512229092053923,0.43419499506024156,0.3366181885699743,-0.05669769543318978,0.38383454926094746,0.2511780175076415,-52.81375060987181,1,51,2.0
1.9058855468151616,0.0339367277550405,78.2197463091682,4.779906001118012,0.04449718051096972,0.6220578002336595,0.014002511277794838,0.2966619227830477,-0.029203218809675937,0.6759705943984466,0.4356723107337557,-0.07937992046208156,0.4266290923653697,0.2527204233890662,-68.81464768226073,2,51,2.0
1.8830155543252534,0.058513104492750746,74.31516918481564,9.021125771957204,-0.058948981703496446,0.7530336057454845,0.011519914018172844,0.33378916084831783,-0.018717392822544948,0.7286832356173012,0.48911768317090804,-0.08142070613299635,0.4129966390315516,0.24968786250242417,-65.40517223881552,2,51,2.0
1.8606301622063506,0.06106562157114619,71.04287575272953,10.478592804379465,-0.09283584034910389,0.7308070511971472,0.006625102668562356,0.3513030761377109,-0.00043485620442558736,0.726080033480098,0.4816666596463995,-0.07166509537494034,0.3663762767254302,0.24671955963188552,-48.49908019942839,1,51,2.0
1.8351722879737031,0.05962457528147429,69.39540254368501,11.560954579019826,-0.0959224220292241,0.6294591900203579,-0.004081518681464242,0.28636263434521103,0.04106469229594165,0.6684507575410814,0.41509483851687895,-0.05664096816686249,0.31868398456171465,0.2433438452589412,-30.960363605089047,1,51,2.0
1.8115081646863151,0.029169290745020855,65.95595239190494,12.142383558305664,-0.07893240970431589,0.4808111914123268,0.0034933179872585277,0.21293457918375377,0.026012025682219102,0.4164547065909431,0.30657098831198726,-0.04232999168106349,0.2676923271404757,0.2402059825099278,-11.442822673832387,0,51,2.0
1.8238925840340408,0.02993119776143757,66.15048113523746,13.299804896955196,0.0043687151343214745,0.24530232023679813,-0.012570790489952938,0.1536586753096205,0.05143885086199232,0.29808752388469506,0.1926682301008891,-0.037775637803523145,0.2640480053248715,0.24184815675279184,-9.179250679496187,0,51,2.0
1.8312109632819307,0.03148578063605475,66.15665673742107,11.907001867413838,-0.005357134612459762,0.2428848831306521,-0.007882203468505074,0.10800002669165584,0.04229782563725523,0.26038381073709427,0.0978359072296836,-0.028488102066410875,0.2685030896156467,0.24281857384088643,-10.577656959467507,0,51,2.0
1.8395073706028509,0.02319858197795139,64.41063987040052,12.313602542671273,-0.00401108889091833,0.19388489244477405,-0.0035541704764553146,0.077250719016394,0.037754906779702974,0.21904060933544844,0.03333213206570847,-0.018032355467186182,0.2675071049883572,0.24391867721299715,-9.67061155171891,0,51,2.0
1.848577707421546,0.02060059749801188,65.71905398368835,11.0751955361197,-0.013136148105795477,0.19370581481710558,-0.0029493936647971473,0.07403752163707505,0.03732416787933485,0.21977214653588822,-0.0024408935527063112,-0.007033242426419297,0.2634519271088845,0.24512140400472873,-7.478140547776135,0,51,2.0
1.849262778081146,0.018515458559156404,67.47822848020816,9.488695217913655,-0.017419833397748424,0.16528909438918127,0.0025858241179044926,0.05493789846988524,0.011742414705747483,0.19683821736900625,-0.012627260495556594,0.00028922162382502846,0.2583508080941137,0.24521224449536375,-5.358037330390486,0,51,2.0
1.8471629473508573,0.017399239895412106,68.14396750693227,9.981320286164047,-0.00198573114660879,0.15387057029690437,1.870108056156074e-05,0.050778829267367216,-0.0009796125631706387,0.18391527861254345,-0.013134263675268685,0.0007382113443917827,0.25702809512453,0.24493380670216985,-4.937778326805797,0,51,2.0
1.8489490554613226,0.0183676193310776,68.05855254565968,10.249535123320898,0.011654559728306006,0.16265940336992227,0.0027527674877395234,0.049942947280465014,-0.00424524011346055,0.17369347705555688,-0.01325820965154268,0.0007795821222147198,0.2570331645648243,0.24517064464425603,-4.838474825475458,0,51,2.0
1.84734159766459,0.01642766724458521,67.6417120437996,10.743730403181084,0.008592307426071926,0.17472287107352164,0.0002672995130221049,0.05072544602376798,0.01791687238523189,0.1874862306257017,-0.012833780082435535,0.00037400660524967077,0.2562972500985452,0.24495749597638425,-4.629274183654375,0,51,2.0
1.846643633702222,0.016529282100149062,66.42733968940436,10.394542734846398,0.010100413191442689,0.16396264664090357,0.002460942439296666,0.043204144766908426,-0.0018315140943170763,0.20852465669372708,-0.012956122894079672,0.0005834467186705307,0.2558649300811196,0.24486494595161234,-4.492265761748104,0,51,2.0
1.8477531262472564,0.018009901875963765,65.80996728410908,9.811515470946876,0.009690160917885163,0.15730651104453958,0.0013887624018916896,0.04791347758800863,-0.00547151611752662,0.20163336879275656,-0.013051281918690007,0.0004991629621471691,0.2559110318291279,0.24501206443240314,-4.448339073413954,0,51,2.0
1.8482333322366078,0.01999029719995256,66.57136080311794,10.000628660049587,-0.0015948126275165408,0.16103191328532115,-0.0022061194256678515,0.049264472476979446,0.002582807961266999,0.19874708544144262,-0.012991184676901572,0.00048091927998190957,0.2558643733261272,0.2450757398611428,-4.402162968516232,0,51,2.0
1.848110678733564,0.02083813993084188,66.33437389953464,10.576415030465412,0.007431456380907227,0.18332111802425485,0.0028285595917088143,0.04024444304303901,-0.018167091341798797,0.1769968613366329,-0.012395316089087881,0.00019143178415510298,0.2565920472973455,0.24505947612709617,-4.706029471909989,0,51,2.0
1.8467106643845053,0.020172106745565774,67.62829379474415,11.055738595269464,0.004528553024226544,0.1870313905068172,0.0033944129268182258,0.04605006604619541,-0.0026418099307692518,0.13878641804831265,-0.01231490255893142,-0.0002956802756384493,0.25625180355833865,0.2448738341023839,-4.646461920957035,0,51,2.0
1.849047136073019,0.01749303003325308,67.96285009851643,12.106288236208515,-0.0012192461986606027,0.1837107473568387,0.0020143953334613176,0.043495296015139226,0.00016022103783838889,0.1668980926044644,-0.01235148486055457,-0.00023031288467094258,0.256543501324744,0.24518365012242513,-4.633200948206251,0,51,2.0
1.8496765558626138,0.01497666538895902,69.36230159273335,10.524278153596715,0.0015331481802551186,0.16859619605137108,5.372339750037474e-05,0.043148124811164104,0.0010938812138549254,0.1652925117372757,-0.012503205052154229,-0.00014993005913609324,0.25646819401112025,0.245267111304476,-4.566891438102005,0,51,2.0
1.8569743755985708,0.018615803239784973,68.77869110481411,10.885670518970752,-0.010044487823239145,0.14243302002802224,-0.001627970066871129,0.07266482004988326,0.02739532773072521,0.22344618426217353,-0.01627955501953416,-0.0028976594758937393,0.25441772436254295,0.24623480231670047,-3.323219126156607,0,51,2.0
1.8555585169324689,0.019741736654150265,65.68017127934624,15.913778362426346,-0.02137705764970651,0.3036428398155783,0.008990053909228128,0.13688686143328616,0.03369052388577485,0.27380549020155975,-0.03504772422303578,-0.011912873142614182,0.2472322214457423,0.2460470592189147,-0.48168111847788353,0,51,2.0
1.8571771780649822,0.01868750615532493,61.479788102355656,16.156497499056513,-0.024673413649639663,0.30585717317996125,0.009718478931223644,0.13859886283459533,0.039919907281942224,0.2688887918384266,-0.07778016225680866,-0.022826245277430258,0.2436622168853449,0.24626169380660884,1.0555750190304969,0,51,2.0
1.8553007957982082,0.01922499893725399,57.482342780805105,16.01086515084228,-0.02664241965348814,0.30836910352666236,0.011966471998568843,0.14660628933387848,0.0410863830361004,0.2796560911255312,-0.14719908906731136,-0.0323915643826043,0.2403749328689947,0.24601288563932106,2.2917306773077573,0,51,2.0
1.8514092593800788,0.018578518005921724,57.433590982474534,15.50336491490166,-0.025518416007067644,0.32474568905835716,0.0267075855905811,0.1548215542057122,0.006866707028273274,0.3079236739909507,-0.23935778082293097,-0.037562820262173544,0.23294033813413054,0.24549686778830387,5.114741286638758,0,51,2.0
1.854259081915313,0.017869182782804492,58.687289668064494,12.155695302815447,-0.018717462105640008,0.21239533197270694,-0.00024450694521268207,0.12786741421963396,0.021098704095564635,0.28669880455885743,-0.33733322417117284,-0.036002334569817836,0.22703933768629214,0.24587475412904589,7.660573575141472,0,51,2.0
1.854699826708027,0.01906248398928457,63.343467221540564,12.384418250550656,-0.04820664667104389,0.22551473513392653,0.0019706640684721516,0.1416966105974793,0.024223551391532608,0.3068352270050784,-0.42283453869214294,-0.03884508530914235,0.209403515840917,0.24593319700803382,14.853497458467768,0,51,2.0
1.8463711458093979,0.02978787757081787,68.1163071043351,11.321568046876672,-0.1012033628592012,0.25084646310013925,0.009681438095867634,0.1464372104719615,0.026275531644476394,0.29612168128130756,-0.480347580536168,-0.044223493521045314,0.17090389504337267,0.2448288140463953,30.194533797404166,1,51,2.0
1.8419285808123795,0.026319487337255535,72.1526181417353,10.2400662957486,-0.03939144274986842,0.2619846514638209,-0.0061046958115755345,0.1348377095303596,0.0404524397944995,0.23317637668749588,-0.5102824785182618,-0.04994611882571723,0.13945211983499067,0.24423972969265495,42.90358902277133,1,51,2.0
1.841148539501078,0.031887997566630896,74.69904545709198,7.801392274457996,-0.05066006608745631,0.34433119800429196,0.007629801446170199,0.1348283282920118,-0.0062891016622968745,0.27244864637635435,-0.5174064665041094,-0.05665638097526315,0.12451902023977063,0.24413629633276324,48.99610499945965,1,51,2.0
1.8314095355716407,0.03854525915072793,76.16923415894603,7.476466520959317,-0.014208517457340277,0.3777913518975982,-0.004771424183512435,0.14947298447395152,-0.010178618973084525,0.31809418714699933,-0.5062382826844637,-0.05712012865668397,0.09843854810247522,0.24284490453097643,59.46443748012891,1,51,2.0
1.835334943790062,0.04090699307593763,74.95479693599776,7.9454032814239826,0.02662815635695177,0.4356856165926872,0.015392640514262751,0.16487136316623766,-0.007921856663682881,0.31554285980334085,-0.49103575798466287,-0.05766108763559405,0.1142097254780799,0.24336541353706598,53.07068337354968,1,51,2.0
1.8294678196018817,0.04082854288523508,75.51095845185074,7.762860423226468,-0.022476644273482116,0.43169005740500377,-0.0024924700458844504,0.1734545354407208,-0.010078852740572948,0.3211228988334278,-0.4679423642742071,-0.062361930561199756,0.10690255671955896,0.24258743275099215,55.93235993008309,1,51,2.0
1.8296424565361995,0.03540761292515692,75.66254498444351,7.040186233299797,0.0025643668338364246,0.3763244850074518,0.0051608189356093315,0.17337351507295445,-0.00624101974216162,0.2839782881364277,-0.44083434183540776,-0.06377460973558934,0.09377294259983285,0.24261058973432467,61.34837201355444,2,51,2.0
1.8361376477222817,0.034018273366649504,75.1846161402908,7.155881171035166,0.011508253494314119,0.3559859615134604,0.012205520096947165,0.15225098882397137,0.0036672056816956576,0.24400052454174995,-0.41331285216262964,-0.06574298931938612,0.10522063560005612,0.2434718521955299,56.78324428420808,1,51,2.0
1.8310061301670821,0.0386862983666368,76.74205605656493,5.557062383650155,0.009198089440663656,0.2528209533506625,-0.006884970355267618,0.12942040785588316,0.005526587257490438,0.26386023249914115,-0.38186956896883634,-0.0665195233252713,0.10135939929035935,0.24279141273054466,58.25247765132029,1,51,2.0
1.833603723376405,0.04389950641182063,76.96180492756413,5.4697956062357935,0.008136431230049507,0.25672763630258805,0.01598371587255422,0.11269367755872783,-0.022905658747927816,0.26051384586520854,-0.35159377651379176,-0.06453797184546972,0.10453604391564908,0.24313585358824166,57.00508897684657,1,51,2.0
1.8347623345314288,0.04504220533846528,78.16872990365123,4.335616242418964,0.020434140045122774,0.26554829014532866,0.014942289494416294,0.1270557377968974,0.003929842957386784,0.2368442936348804,-0.31779740389031513,-0.06383205970433732,0.11896732586777231,0.24328948566455666,51.10050664836277,1,51,2.0
1.8224922775053511,0.04519784902489365,78.62671164905323,3.787447158865104,0.007027111856230334,0.24104878314436784,0.01729604622403927,0.13501502797948645,0.0008074248611342674,0.24973558354424577,-0.2811308461210452,-0.06248255499865374,0.12702511777153655,0.24166247610892694,47.4369708459491,1,51,2.0
1.823025515558673,0.03765253816855908,77.80049443244934,5.3309557081733585,0.04506791713556238,0.23392187775106768,0.013422763518368205,0.15525609044211192,-0.014194273298569754,0.24577029376225987,-0.24242906464209826,-0.058525041215817815,0.140690898954882,0.2417331832294998,41.79909556673854,1,51,2.0
1.8167165260688931,0.03209463243958543,75.38073931488336,8.390128610647341,0.043934833760574166,0.2165512003205081,0.0337027985301307,0.174057583590848,0.005095421026150386,0.23625401254228898,-0.19733480639602724,-0.050134802037282995,0.1636765896378141,0.240896611340738,32.0552544401297,1,51,2.0
1.8152693600631227,0.027180327926995658,72.14482712044435,10.021092792589677,0.04231739863205482,0.18952124158626904,0.006478550364537274,0.2250743563648445,-0.02491585808057411,0.24262188676572144,-0.14933541214435542,-0.035716576103795805,0.18787131273962052,0.24070471725015674,21.94946784346904,0,51,2.0
1.8258202961262535,0.025885837349130598,70.5714505630381,9.898816295485346,0.033841536499048565,0.19826358359132465,0.031129278817816693,0.24635530546951864,-0.014557106498007974,0.1927523906028607,-0.10301231191743693,-0.01347636868984389,0.2075503936134918,0.24210377126138546,14.272135236831307,0,51,2.0
1.8383841535039978,0.02848931354366685,68.5748790362302,9.2409280501115,0.03984261182702932,0.1845517544575516,0.033576199474434056,0.2511639958613499,-0.014867136295994414,0.20968175084010957,-0.06321473869148417,0.013156197275024656,0.2266460155934936,0.24376973863615886,7.024548304670198,0,51,2.0
1.8500296043999054,0.02445177466755361,67.3592632821962,8.194817122291328,0.03387115021948429,0.21519303907075796,0.043891486364836786,0.2646719000928283,-0.010755027922819935,0.23482499626176703,-0.03379716499214147,0.042658542090752156,0.24585256389001697,0.24531392554924117,-0.2195710412973284,0,51,2.0
1.8555823839178271,0.023266240337025183,69.09593735021703,7.600273345840634,0.006971942781306365,0.21021298436433603,0.05663446607250793,0.25096735683254673,-0.0026127768351751216,0.302098302770924,-0.015574254134460478,0.07144393849069584,0.25400830569508226,0.24605022423436657,-3.2343321309618034,0,51,2.0
1.8581803408907909,0.023125968064375637,68.04723978276347,7.2144060253308675,0.009091477348085712,0.20574950024343402,0.026927073942679985,0.23709265220204268,0.0007521097603089669,0.30858128464815937,-0.008140658569066633,0.09529334344639745,0.25738191750112677,0.2463947130820298,-4.459188381789314,0,51,2.0
1.8497348401476355,0.023901543963735436,69.74426172761356,7.543450684402212,0.012758524120584423,0.21070309387302447,0.028819202208051495,0.23153651359526672,-0.014880330922702948,0.2978269774493901,-0.005771468748410575,0.11297663415837973,0.25582949402071914,0.2452748398081575,-4.3031948245555895,0,51,2.0
1.8423117758596645,0.020259568222340787,71.95358415210949,7.0899190701067205,-0.009435340132126036,0.1861912158516788,0.0018189485257893217,0.19183518015900555,0.007274196994509183,0.29627123268923855,-0.006064096376401371,0.12360866801742855,0.251337501640634,0.24429054160173144,-2.884663480091376,0,51,2.0
1.8367493795413596,0.017059912460913276,73.47141948868247,7.329054280237676,0.0048489145405006175,0.17716631925676463,0.01680374895815975,0.12039567521918815,-0.012152684039856289,0.2526240310148473,-0.010056442905777134,0.12539707725315624,0.2466569547443066,0.24355296772616736,-1.2744607660166718,0,51,2.0
1.8315034131793415,0.012688740586224163,73.77286629115834,9.617342660896934,0.00870349108442372,0.17082650921529927,0.030181532636668312,0.11905504633173829,0.021301967721870717,0.250089508676989,-0.01295677973237283,0.12089987142404435,0.24673165241768288,0.24285735247185933,-1.5952986007588432,0,51,2.0
1.8316516963874592,0.011173602668711225,73.58555761505576,10.91205602770493,-0.0005108709355779723,0.14865873176882083,0.04354121846685588,0.12243123183052164,0.015130320554781779,0.2647037475886806,-0.018177084741967754,0.11181911710496585,0.24512761145277562,0.2428770149431254,-0.9266403863606554,0,51,2.0
1.8307388997545428,0.010974265431682527,73.32083426737317,11.101767181367546,-0.002591076891357992,0.13282305101358816,0.04822679290630143,0.12479228845771147,0.014070382871318097,0.28339045020489867,-0.02576942287249662,0.09843382246497279,0.24244277387438531,0.2427559782280939,0.12902024328903527,0,51,2.0
1.8271555698969786,0.008537592025553022,70.024643591806,11.805004503544232,0.00840737221433836,0.12118871451743964,0.02937470769564457,0.13179194554547688,0.020462252254433492,0.298554370610728,-0.03260777010433489,0.08414551371795838,0.240280923999843,0.24228082845104937,0.8254489073659554,0,51,2.0
1.8258479699200274,0.008482855049522352,67.37379648872451,10.938659344596362,0.006941264787433194,0.11432647014308048,0.04987706976267053,0.13108239600216215,-0.005186759063280096,0.30831435630038767,-0.040100885825793894,0.06980901625413241,0.2385420766586445,0.24210744081201444,1.4726371653064119,0,51,2.0
1.8279800984789343,0.016723568229650054,65.69092559346966,10.721844706446841,-0.014553289550046125,0.14168058803560343,0.04982130163732697,0.13229308723272912,-0.0028346257795597994,0.298074770395771,-0.04777057934701192,0.057095404538215905,0.23283775545605753,0.2423901611785486,3.940921395507724,0,51,2.0
1.8290824898902107,0.01896951932199229,63.532853544927114,10.583601125679975,0.0018055986284333117,0.15297525595920028,0.043805457213345694,0.13721297320479672,0.0207823070825315,0.3185552650921388,-0.05477941757556464,0.04704060450856096,0.23043379905578693,0.2425363381558597,4.989990032873093,0,51,2.0
1.8274133991377026,0.02047695129270672,64.51605682045806,11.184833493742108,0.005463451329691738,0.18520537146607527,0.06171792804026136,0.12446859279489791,-0.01745533640039902,0.37325572110001143,-0.06115632983603587,0.03713587216678113,0.2282625157959057,0.2423150166059223,5.799269482695834,0,51,2.0
1.8303951854799307,0.022091910208444473,66.6841593209435,11.939550223394125,0.0036895147287378124,0.17930541489852023,0.0583373488602685,0.17408285210075883,0.012555403214897596,0.3887014785888314,-0.06659426931029366,0.030698996866733653,0.2272019437296616,0.2427104015916011,6.389696428435299,0,51,2.0
1.8306265496740155,0.02223887424032418,68.33781454376145,10.87811027790503,0.006770630184487969,0.1795197721723135,0.06647701068397831,0.20996227713720841,0.0016205777053483854,0.3941474594871365,-0.07144777505499221,0.025614280089974534,0.22885892920765263,0.2427410806017673,5.718913073839882,0,51,2.0
1.8307770572456659,0.0292029089059076,69.39981774489085,10.526991398173655,0.00320476076255242,0.23142616931580173,0.041677805248136614,0.217747349511751,-0.013486354390396645,0.36168497217417067,-0.07692520693939033,0.02249081630226073,0.22930687702648628,0.24276103767311025,5.542141677916479,0,51,2.0
1.835514076948166,0.030154963885112556,68.62959493398667,10.505066585904215,0.006133715081959963,0.2162523405235979,0.06490949209779501,0.23891010041039093,-0.004991787744220346,0.28286135022874037,-0.08332425740376138,0.02158222418815935,0.22385208296825937,0.2386168301169328,6.18763862609274,0,50,1.96
1.8380718199061412,0.030080330420772922,67.79699150487488,10.717283864883553,-0.0016786911725705745,0.23425593931291927,0.030276252175955212,0.23552955625019392,-0.006996741406528242,0.27749662048773915,-0.09180811056576078,0.021124894116194854,0.22736706382517732,0.24372832343385198,6.712908609948698,0,51,2.0
1.8390149021265554,0.02935719141733631,65.73835078875224,11.73728666855208,-0.00766296012728822,0.23484628283003542,0.035803453448940724,0.21995203556823265,-0.00667115604030151,0.26807870083559787,-0.09997757293932334,0.020098898521272952,0.22456542382747163,0.24385337614119482,7.909651536895335,0,51,2.0
1.843621675582493,0.023263936404981957,66.09856245798223,10.585601292253926,0.004917022863439485,0.19449505844897855,0.06511695062120755,0.23665181660896165,-0.006574819960138377,0.2954206818567243,-0.10710535807845392,0.017779902666821102,0.2223620078925197,0.24446423405980958,9.041087851682406,0,51,2.0
1.8480333107359268,0.02662113463727303,65.47033482439377,11.01308361308693,-0.017398758992260576,0.22041466578927524,0.034937675969273434,0.22960279188034666,-0.0022377312621649575,0.33020289374818074,-0.1130834583326368,0.017124471804954487,0.22231463199441612,0.24504921700123772,9.277558722706214,0,51,2.0
1.8449558887411566,0.027985582210773702,66.00351918678658,9.999271434294831,-0.008494164283369101,0.21248562261270065,0.05924776967103575,0.20644115483561246,-0.00946593934706613,0.35509338130134505,-0.11625110315999347,0.01682599150012058,0.21975967894968018,0.24464115095758038,10.17059963563306,0,51,2.0
1.8348830976322585,0.030002681223652093,63.81719566560259,10.016542954384713,0.013756575683752695,0.2234888640301368,0.01878609241662072,0.19438931623356287,0.018752545154854364,0.3470699237028404,-0.1150791052489713,0.01687782646136182,0.21723316196339731,0.2433054987381244,10.715884725149339,0,51,2.0
1.8251707910322676,0.028779092668671968,66.39633073760014,11.898040704857607,-0.006790235784708285,0.22570347631635262,0.025748237930968695,0.16586049670765254,0.005789851879372317,0.3289231131090542,-0.1118103745927652,0.015523983956367138,0.21485773282109244,0.24201764676691584,11.222286601266218,0,51,2.0
1.8171907149109185,0.017852077733236323,66.81709263838974,11.842799433592146,0.003578424599825167,0.21774749730056964,0.04809022691173881,0.16529610062796254,-0.010220703541063796,0.2635930354050355,-0.10993353596959891,0.012416867671357731,0.21132178951331992,0.24095948867605818,12.2998680506758,0,51,2.0
1.819872612754504,0.02255408692371857,65.02431057013717,12.153234068250152,0.014332164882444869,0.22244308086604886,0.04336330221564162,0.17422919310801743,-0.005055400871616953,0.2594059197359283,-0.10681163399234635,0.004657629732280302,0.21605288886584986,0.24131510857299732,10.46856115082645,0,51,2.0
1.8215031370520591,0.022324442675169264,67.93032106161118,12.404946743434664,0.00377178780734539,0.20705204783912617,0.05689924538135529,0.15607158541103608,-0.01139041131362319,0.3752252841349244,-0.1033447779670553,-0.008753895148338551,0.2142933542764851,0.23679540793851234,9.50274072370113,0,50,1.96
1.8233192440341501,0.02206172952242667,65.7709355097191,12.541154237604408,0.02091792408449977,0.20679889028862888,0.05052794559913523,0.16779035036717146,-0.019431849083333622,0.4188290055671144,-0.09278197441637268,-0.024822065200954327,0.22321798656151393,0.24177213164422873,7.67422819021073,0,51,2.0
1.8247396443404404,0.020742613143536506,63.471109095741724,12.430922300136718,0.023219578917704375,0.23675645599414188,0.026494473657187295,0.17336516736508475,0.005187898381229709,0.5418332574382815,-0.06712145766473347,-0.04489854005908983,0.23409394299016884,0.2419604768446623,3.251164800581763,0,51,2.0
1.8267794032307232,0.017728936417013806,65.5776807607389,11.766933520002798,0.03926069147008307,0.23239857914398507,0.047625765131384716,0.16542088673856448,0.010174924398169798,0.5779011922468187,-0.02374604725274636,-0.06947661025632786,0.24336412954788014,0.24223094899166522,-0.46780998090127923,0,51,2.0
1.8378118253221698,0.022512682156400402,63.705819868573954,12.734491745438303,0.04808905249571099,0.24573601325656544,0.04700416757487783,0.1532176108027739,-0.024183824293169322,0.522257425114794,0.03963412881072351,-0.09639660597514214,0.2640039628228728,0.2436938479223037,-8.334274777032746,0,51,2.0
1.8580181417511958,0.028798535689469,65.99257308361577,12.348742214240348,0.06805321497513968,0.23581841778462126,0.062015740821758904,0.15168687259837868,-0.03657678887248039,0.5102346950461172,0.1277942533956703,-0.12584803630149113,0.3025393540079617,0.2463732056022663,-22.79718213204056,0,51,2.0
1.883422250256819,0.04271733591818988,71.16240009607053,11.800839531246112,0.05190763341299459,0.49141940571040577,0.022379248676931158,0.40744853169071765,-0.03417542730184162,0.5342614464549703,0.23564310451877815,-0.15708085002900293,0.35272276502922406,0.24974179038498445,-41.23497892983443,1,51,2.0
1.899667673251208,0.0390440614247307,74.8361624736412,10.893681869414063,0.08961633052311692,0.6181262838742582,0.03726135194301605,0.47329826281608245,-0.08496525321228832,0.5609394431145845,0.35490369563668867,-0.18025727494393695,0.4052331052900757,0.2518959333543065,-60.87322248275102,2,51,2.0
1.8979844435611193,0.0657239910321198,76.114259743223,10.060886252735411,-0.03336392503743078,0.751016785381515,-0.027778918982720842,0.5636764698802753,-0.044600006412057316,0.6453165709181176,0.45326613506252417,-0.18116650034419884,0.42702743970993784,0.2515850336303291,-69.73483420217998,2,51,2.0
1.8750125458281415,0.08349347477594944,71.23972091955297,13.52077325534697,-0.05490975198792476,0.7689281774598709,0.00047552096200924294,0.5952214897384426,-0.005534146565432642,0.668592174321659,0.5040507815827248,-0.1498301946357428,0.4022577805240193,0.2485389598833236,-61.84898364138114,2,51,2.0
1.8491757660373753,0.07714459595363153,65.7348112078274,14.540194640076072,-0.032358440698361864,0.6350393074686588,0.07285169139504433,0.49664665755222726,-0.0231767963691085,0.5801518185604678,0.49075665364912124,-0.10160171436092873,0.36349719603949165,0.24511300288145946,-48.29780214282826,1,51,2.0
1.8286576980323184,0.07055818982578706,63.63812693427591,14.334760780011207,-0.0765897766047833,0.5127134407122554,0.04417279413809963,0.46084503257471005,0.053578539294939415,0.4921954069057025,0.41252469785915613,-0.05225775906978882,0.31194763414696974,0.24239230717721133,-28.6953524968542,0,51,2.0
1.8127041009126925,0.04664252052497866,65.58083917112911,13.460277618796292,0.02793003669848629,0.28594211125621777,0.09690019006238264,0.33060146722392514,0.04561475971165825,0.396718501494925,0.30069636299853925,-0.016479471997940944,0.29657575781942475,0.24036456366988224,-23.385807496459087,0,51,2.0
1.8202263081774992,0.03533956779600556,67.53373966030045,11.73050490899415,-0.007593510818539881,0.21795280337660033,0.06520448146643591,0.29570042551579506,0.05032239624244325,0.35729288666992864,0.1800703271806255,-0.0039019636206474115,0.29984781064480875,0.2413620084570167,-24.231569235639494,0,51,2.0
1.8255388947094189,0.032372359457646036,67.18477702608295,12.028940009404602,0.0016634471933631336,0.21886043206907319,0.032982680873543606,0.19639793878716608,0.05601232020440055,0.32029376588300446,0.08329298225866377,-0.001383427959752173,0.2975473455446435,0.24206645754701675,-22.919692616582644,0,51,2.0
1.8300969086441339,0.030108772561441347,62.41686602199779,12.21726071324185,-0.013026607314161226,0.18119869197876426,0.045812432015059044,0.13943645368993224,0.019463623554317976,0.31065916531989785,0.022776047423033064,0.00014107369709993474,0.29712134667224205,0.24267084995499433,-22.43800469951216,0,51,2.0
1.8387476731749142,0.02442631548173814,57.271264473597206,12.129621495906457,-0.01526157623704742,0.17960313316537668,0.03845359516494414,0.1386996039175046,0.014377379287764723,0.2708366114755224,-0.006669297861450387,0.0002024420099019561,0.29548858902535907,0.24381794145006322,-21.192307369996644,0,51,2.0
1.8460397019105799,0.025219103090898108,56.011893239675786,12.106717872028772,0.0040109076117183645,0.18492668936202986,0.038519937289403935,0.10692153138916732,0.007003673598827685,0.2223630727067613,-0.012613353801783798,0.00029362116786086197,0.2929357236138829,0.24478486458587392,-19.670684749839594,0,51,2.0
1.8512640157166649,0.026294629172209722,58.46854726006003,12.150043763625666,-0.020302315991298826,0.16820364948580688,0.03056036228058385,0.10091984815047139,0.0043795663297322455,0.20284909462663567,-0.013006319929887118,0.0013676067114993516,0.29604064263535634,0.24547760835476937,-20.59781933654503,0,51,2.0
1.851614928713032,0.02167051991382871,60.67410348443424,13.007777545852225,-0.034389839051108734,0.18330664312520473,0.009786768944240083,0.14156816156627008,0.001818700255278279,0.24113876024849606,-0.01385841754284805,0.0007644421617540254,0.2880686879836961,0.2455241395478633,-17.32805112938356,0,51,2.0
1.8620966912484636,0.016618362939651653,63.17150566157173,11.148323479334163,-0.02443626015355774,0.19398726364071817,-0.00534431387980779,0.1388706724342127,0.0031763748722333533,0.246826613941922,-0.014000433460416075,0.0008447911492905452,0.2755985530014046,0.24691402125781683,-11.617214606713922,0,51,2.0
1.8601718170970094,0.017626888989895572,59.88942898488512,12.876707965975985,-0.051633922565801474,0.21247752378932885,-0.012568796674410502,0.13518721248532417,-0.0023255206498445247,0.20979608508309333,-0.013541111174824318,0.00019001800486366543,0.2639716011074163,0.2466587829467787,-7.018934397472143,0,51,2.0
1.8597837242425657,0.021391809818884538,61.50894754073199,13.554360171563905,-0.02883938648829273,0.23772310509451636,-0.022556561757536495,0.12854366613561752,-0.0036118327110421424,0.20150501280911898,-0.01297231584382278,0.00011004874968649813,0.24755100827116241,0.24660732196181595,-0.3826675955276748,0,51,2.0
1.8621395125108606,0.02543299423340583,59.43059035376007,13.455047391786941,0.013518438692770753,0.23983239528370756,-0.01168759715031175,0.09329180366710865,0.00776222424910349,0.17020434680947039,-0.01276259260227095,0.00047631299621360266,0.2440018030471299,0.24691969925411,1.1817186784992995,0,51,2.0
1.8593663257711075,0.025015198144474116,55.114879668927664,15.904169146849052,-0.0018793913517512527,0.23270665108226987,-0.011596826946034151,0.09646196838306953,-0.002601629296573354,0.17500896308240785,-0.013249635317870115,0.0007782678234653228,0.2457641239841502,0.24655197481520194,0.3195475646229351,0,51,2.0
1.8611845695504956,0.024001634977078957,55.90444305363823,16.407386730965555,0.0201004736271559,0.20106545069817872,-0.021443801292893933,0.0940853085215054,0.00442180155283388,0.1974152665794504,-0.014310639295909547,0.0014123776376952792,0.2502672604053096,0.24679307405824338,-1.4077325145057884,0,51,2.0
1.8642238921978895,0.02088332556503789,52.02588855051527,14.263087151432007,0.0008287670127317018,0.1720009679213785,-0.013888679919581787,0.09597066832979342,0.02002828868617322,0.2064240467854016,-0.015443272669897364,0.0022964635194815523,0.2556239071434939,0.24719608799595955,-3.409365906984796,0,51,2.0
1.8637856256728078,0.013034466741313254,54.69484109972038,13.402392946558155,-0.0070424891423945335,0.16847277214733636,-0.0026855518055312775,0.10752081172675695,0.00944610808373374,0.21199491650641447,-0.02827823277112452,0.010636890117506546,0.2527421103554922,0.24713797395991224,-2.267614444589161,0,51,2.0
1.8654159237356747,0.018152752206161374,62.192633198756795,12.100753935413051,-0.015601534560761032,0.19371358601263095,-0.0028201331767965764,0.11352001903441641,0.0374780954500916,0.21255793416082042,-0.05691868686758611,0.027102835528604024,0.24528582662397722,0.247354151599748,0.8361796082232753,0,51,2.0
1.86561432539248,0.020357771218899604,64.91768186232623,8.91485019949438,-0.0194164278789186,0.20225834720701183,-0.007533638135475271,0.11119321431598723,0.031179926431208264,0.2118580338082215,-0.10832102010451479,0.044489045814020724,0.23951797276881237,0.24738045941939227,3.1782973760471345,0,51,2.0
1.8650297060901044,0.022493230968579688,66.15087542814366,8.84173187022925,0.005066591314971447,0.21220718714794157,-0.02521736803008061,0.14477963044860806,0.025702438244194378,0.21131831040822022,-0.1829767165994975,0.05968579775681426,0.23576513550520448,0.2473029390176464,4.6654534548894455,0,51,2.0
1.8609317646307104,0.02572813062603863,66.12050658581303,10.63041525106925,-0.021863552705183916,0.2025815570192914,-0.019442267423751308,0.15190089251672223,0.044799811590243786,0.33291542294320914,-0.2676701724695264,0.06689454963840456,0.22674912336870642,0.24675955210051928,8.109282320167877,0,51,2.0
1.8550561064598607,0.023709981123723686,65.72936948607949,10.876781960226989,-0.023614077627951025,0.197134539318568,-0.01276123549277876,0.15784698054237245,0.005988048060851938,0.33952766485254254,-0.34488574896740326,0.07222110883409459,0.2110644108355763,0.2459804395951705,14.19463629590152,0,51,2.0
1.8535495832854627,0.030026062495067986,66.5512697649937,11.217767582668342,-0.020192184175054233,0.2444968093424077,-0.01715114884370682,0.1476271636702148,0.030718718162354303,0.34474107147757566,-0.406747418953596,0.08169964996574222,0.19548718574504592,0.24578067475109674,20.46275162072172,0,51,2.0
1.8282294080537909,0.04774119113245314,71.71738765286464,10.194295332796425,-0.0381038579724583,0.28344976702584873,-0.005988729241139749,0.11712117817151546,0.032688081483630574,0.3391481470626421,-0.44934247096610624,0.09781981823113853,0.16286715118131712,0.2424232195206146,32.81701666062248,1,51,2.0
1.8275043590396058,0.04704031843035789,75.0394729866701,8.351356728747259,-0.05671313295469565,0.31857784875894946,-0.014678096106531573,0.12231417361938168,0.008289746574911416,0.2444364852688865,-0.46887321227128165,0.11299579109355698,0.13560497110895786,0.24232707802293413,44.04052068166974,1,51,2.0
1.8331518103094662,0.04999789754098459,77.7296263704113,5.385886488878581,-0.014851454535827917,0.32843392633221336,0.003949841995741807,0.1247860079576263,0.028731358913229962,0.22317426855075298,-0.477764155277008,0.11920172566783828,0.11760661996890748,0.24307593018077972,51.61733213097593,1,51,2.0
1.8305137356122334,0.049658174032943495,78.68072049758014,3.9440647324499967,0.0040448167379580294,0.3563785669076155,0.004218380533012689,0.1232172896140826,0.002568657856945898,0.2538528060589806,-0.47309290740164595,0.11929517637452804,0.11058973583283709,0.2427261212367101,54.43846946946911,1,51,2.0
1.8371784464985716,0.04431983224266311,78.6820053025788,3.940438209770411,-0.01792596273270308,0.4542184558220216,0.0008578642326242783,0.14349148303155343,-0.007127016052311542,0.3322038242668203,-0.45335491294185587,0.1135218800871676,0.11630518402835394,0.24360986201940332,52.25760440720979,1,51,2.0
1.829053262869517,0.05237352243250154,78.35200169507195,4.319081500017196,-0.0007301469643910726,0.4411995636241356,0.002160011443729494,0.11729770058950563,-0.003037758609827827,0.3540585335975059,-0.43113703685931,0.10928103812002163,0.11266422553095111,0.24253246278941415,53.546744120280884,1,51,2.0
1.8279715075212366,0.052072681270365115,77.9974198995852,4.6063814004169865,-0.012835605581309282,0.44223603381550286,-0.007461387426683716,0.11770406802174846,-0.006975798666769383,0.359817420695256,-0.4050448714780249,0.10373648757631532,0.1111226590506016,0.242389021789294,54.1552425805822,1,51,2.0
1.8250117804489883,0.048380364481956886,79.02979014901554,3.1836998314719676,-0.00689422839558592,0.41292407711270446,-0.011224833992766399,0.11845014828094706,-0.011242378612651545,0.33008282465510735,-0.37668755158693956,0.09932492771565052,0.10379653238198061,0.24199656208753687,57.108261585784625,1,51,2.0
1.8324362851825415,0.038924913504675446,79.017487264147,3.1413488956561797,0.009255603394087623,0.25164063383490687,0.0041710895431392335,0.10714650495897453,0.015185334299709283,0.2566119789744162,-0.35195615048196255,0.09656406977227323,0.10346627681165135,0.2429810515229932,57.417964831771926,1,51,2.0
1.8231546498981177,0.03696256420597118,79.34749087165383,2.5102660991199963,0.014847972156370388,0.2313550450776764,-0.006227504060256715,0.11349654689760401,0.015169566971998588,0.21624720252659366,-0.32260270802181146,0.0918925882014601,0.10547009937108033,0.24175030645679796,56.372299619016864,1,51,2.0
1.8077252302684037,0.030122915581367413,78.97616003073898,2.822010574762099,0.03305291252977708,0.30005340514885737,-0.018321438190326386,0.11796551285581638,0.0021417138951958393,0.2751663272948042,-0.2938207260919913,0.0888844322547783,0.10846254811144096,0.23970436553041624,54.75153409432667,1,51,2.0
1.807013854676602,0.02856275705938357,78.97305785908418,2.820970152776262,0.0236936781701504,0.30167904692748154,-0.003994594136362567,0.12426650596361033,-0.013654263343150709,0.30345838136082026,-0.26497419713862974,0.08360381277433497,0.12146380174938293,0.23961003713685564,49.3077154860555,1,51,2.0
1.8020965299185585,0.02754413796295441,78.93602621789073,3.077861999426708,0.047185637531619445,0.30697313639010876,-0.009175105759983553,0.1472722577906317,-0.017668940802561303,0.29134238534684015,-0.22951647374679815,0.07324906231071932,0.13916297761948832,0.23895799987527833,41.76257848989236,1,51,2.0
1.8064427726409014,0.02551092765831744,78.93602621789073,3.077861999426708,0.06361091659203463,0.3082926850880993,-0.002210064188522451,0.1432472891293591,-0.0193410767607537,0.30924615390165944,-0.18791462446124987,0.05665918421878881,0.16683784498320745,0.23953431177522708,30.34908287387076,1,51,2.0
1.8080580281276328,0.02184272206066139,79.56490310968137,2.211556049761699,0.049291588183419374,0.21562647084107447,0.007776508956928463,0.1307471847933669,-0.024070142864194864,0.2384203708056061,-0.13889781078418686,0.03506062660928782,0.18953007400850252,0.2397484944155215,20.9462922924482,0,51,2.0
1.8085846778224497,0.019957398377803443,75.33258679801342,11.167456236981234,0.03827260054794012,0.21141199771077887,-0.01039082121432704,0.08323389690814975,-0.014565006067391997,0.23030628665377711,-0.0840246002903953,0.006404970021786966,0.2088902824165984,0.2398183282808731,12.896447942899524,0,51,2.0
1.8209863118096894,0.021230095559940165,70.22570537585838,13.905762838178166,0.03947610616702221,0.19827336657995143,0.0037655830839831454,0.11092107249544353,-0.021506342877104293,0.2622083848199411,-0.03157061496768582,-0.02305719866760831,0.23110195166721398,0.24146278506408958,4.290861382272881,0,51,2.0
1.8344143149899501,0.020032545105066205,63.06779622564129,15.098446461716573,0.032662761164829135,0.19652140621485398,-0.0076411424807327636,0.1307396683743673,-0.029055596799498387,0.28270215876975724,0.015680400841626915,-0.04938070821702802,0.25233266032951907,0.2432433380488639,-3.736719925636467,0,51,2.0
1.8450823169128567,0.015854867491033195,57.20570240768732,13.065764214151637,0.015756060921714877,0.1744228557572728,-0.001972874936958154,0.1375408187143437,-0.002475296594567743,0.29726680020215385,0.05385393108782206,-0.0710934737544462,0.26823507007302383,0.2446579152238462,-9.636784008236997,0,51,2.0
1.8495522392731087,0.01119814724552729,51.4923129455716,13.862721400231514,0.013025771411062748,0.1264545026414714,0.0058933593442334845,0.1362809579690508,-0.006935189596797321,0.32719688207112246,0.07793649441202537,-0.08731519715359817,0.27847257335118814,0.24525062704657521,-13.54612084164164,0,51,2.0
1.853557388572132,0.0069243666497757666,51.61632005841124,15.270299887380075,0.007529875281832966,0.1277221213366137,-0.01442315822065461,0.11696510942353236,-0.013272975397971915,0.3170014406390596,0.08657213466992734,-0.09614293107881526,0.28664519401465205,0.24578170960389176,-16.62592569504744,0,51,2.0
1.8529170991158952,0.006523572176215633,52.9202684654909,17.977235550055195,0.002414335880209418,0.09490584460887279,-0.012820349476647144,0.10025795429422446,-0.002622342504122678,0.2820817536331686,0.07998858346038877,-0.09829247688889352,0.28551569980070873,0.24569680734327978,-16.20651602598777,0,51,2.0
1.8548202859420402,0.011239390680552299,56.485295651005764,18.400847369034178,-0.003991723845840669,0.15394122371302457,-0.015862052237578465,0.10641122813797375,-0.002921406252711427,0.2929452084157329,0.0641560424990538,-0.09355161976813582,0.28554005408911626,0.2459491700334982,-16.097181401435833,0,51,2.0
1.8527731316931106,0.013056331357178045,62.13914259742288,15.331867108207913,-0.010641930250487491,0.17002873279309172,-0.027226776834212096,0.10247682846165246,0.013611500388851352,0.279249790763577,0.044102119134798785,-0.08353606683944555,0.2792641921686465,0.24567771713992534,-13.670948842947794,0,51,2.0
1.848540093384537,0.01366961450268223,60.79204712194555,15.31254109344492,-0.00458334001949897,0.16237268955871628,-0.02565722550977679,0.09665829366695562,0.008422980180886738,0.2953566049910365,0.026879249341788362,-0.07317721787598824,0.27120185855305395,0.2451164163788949,-10.642062477707249,0,51,2.0
1.8433043255525476,0.015360900329402748,59.53949209288055,13.594318553189911,-0.01276591483174878,0.16549124465710705,-0.017888593761359945,0.0888002101185801,0.018355380072641897,0.3410406088513279,0.012319671679596031,-0.0631922125340265,0.26433539221069646,0.24442215356540886,-8.147067831132038,0,51,2.0
1.8375170394486071,0.007881693479287287,58.89481364511976,12.617490736453247,-0.0025123121107325833,0.11144428038081909,-0.028367417627105526,0.07590323768928911,0.006244309123276788,0.31486317168680933,0.002840353849503311,-0.05555515044495362,0.2594800623381768,0.2436547594300082,-6.494969745384571,0,51,2.0
1.8339515375156028,0.006432553460469799,57.19674902803757,12.888617181169144,-0.004811105701853247,0.06810021410326574,-0.022636164381515746,0.07032562881404054,-0.000969091179214564,0.28492558481834074,-0.005451016715376389,-0.050697657344005546,0.25488658383806007,0.24318197399402144,-4.813107506202896,0,51,2.0
1.8315752545992534,0.0057551264425797334,56.34368592150071,10.443369664807742,-0.008439681036215202,0.06965107330367791,-0.023454539660437434,0.08102606069145757,-0.007369497188312166,0.27734552682935404,-0.014369125472629531,-0.04782839872427497,0.25197593851077094,0.24286687864080708,-3.75063900065018,0,51,2.0
1.8311328665882933,0.005712167812125678,56.60522445977903,10.886007752748823,-0.0007759921398817324,0.06702289370915933,-0.02356043512768605,0.0927602596394239,0.0009740558909434898,0.21509732741143428,-0.021297392354952035,-0.046082860053580706,0.24987893614781903,0.24280821810952866,-2.9120587817587085,0,51,2.0
1.8293450585767335,0.005712627491176114,56.11981925777361,11.233597144750648,-0.005422548683104562,0.07428020587143881,-0.010520183901284254,0.08378025946969098,0.0019414673910896276,0.22343521616933198,-0.02989585763755908,-0.047656260424235194,0.24753182478716082,0.2425711548857685,-2.0450370134603935,0,51,2.0
1.8282419045766194,0.010975633869925162,58.358518497616636,13.330911668432707,-0.009535219063799755,0.12269070425577262,-0.01929684038109639,0.08344811445515178,0.008790960446383585,0.261941237033738,-0.036687128250862094,-0.04871713147782022,0.24398943012188812,0.24242487642393462,-0.6453767125851995,0,51,2.0
1.828020729854995,0.01134888947749754,60.12378894114027,14.589462046007938,0.00034454306039740057,0.13127981727943608,-0.011103155748809086,0.07180762865262283,0.006716200152832065,0.28155669277966916,-0.040592583233711794,-0.05070025972775488,0.24336579032312827,0.24239554877525432,-0.4002720152149086,0,51,2.0
1.8267470130733414,0.011217617711360914,61.82770355542501,12.544213622367165,-0.002603824396489882,0.12442157783325192,-0.013308098612754954,0.07022064789014074,0.008518783158768773,0.3242223944747566,-0.04421513240108329,-0.051418301122285556,0.24207867310140424,0.24222665404848404,0.06109193377628053,0,51,2.0
1.8269495309567918,0.010784148003012002,63.67367828126047,12.426105321213793,-0.0009921633218433342,0.12677514467586135,-0.019653519323351337,0.08486950560961534,-0.004066699942318248,0.34640813832651723,-0.044459693206445036,-0.05156192835338456,0.2426928453642997,0.2422535076829544,-0.18135451806140512,0,51,2.0
1.827716454279189,0.0066156366238749684,66.93525585473752,11.456420807766085,-0.0034960158096224653,0.10237979678676008,-0.01942388207523846,0.08086349681276364,-0.01769424603302397,0.3154482831881926,-0.0439719535865059,-0.051502847422395116,0.24190656247824005,0.24235520183722573,0.18511645534515786,0,51,2.0
1.8258866100919013,0.006221493518896934,66.29041031762665,9.818159727941083,-0.0028184140648911983,0.10046814070235786,-0.028915264388071557,0.08384635845249946,-0.0071802346181927944,0.28146873978432335,-0.04385433560761806,-0.05074628822444244,0.23837370509876335,0.24211256449844265,1.5442649196767966,0,51,2.0
1.8271002822062548,0.006573988003568721,67.79084225963143,10.928257436407863,-0.002441096028276518,0.126727454433211,-0.055370101175617935,0.08817311623584198,-0.030043542111182913,0.24714655439537597,-0.042065828331071045,-0.050737945035384535,0.23654375900784655,0.24227349742092064,2.364987699467336,0,51,2.0
1.8365975048612146,0.020993468799893347,68.64947503922032,10.607334692285514,0.009574862817923227,0.15668322042104807,-0.061348749160328335,0.1170858046817563,-0.005004404258786463,0.2553318296005576,-0.04110738472165772,-0.050702898606312725,0.23617702592545844,0.2435328292711732,3.0204565715959752,0,51,2.0
1.8428055568068635,0.024341322961366787,68.7273976615831,10.67406198186,0.00858578955133756,0.18095327150468138,-0.03682685731088414,0.15155869726767124,0.000830313190817833,0.2627702319869004,-0.03931971668148982,-0.05222274918522413,0.2380853073521126,0.24435601672573268,2.5662185272312565,0,51,2.0
1.855772709437445,0.026311498513268472,73.21225722864563,8.669604730625618,0.003267220057108823,0.22029897996764797,-0.051772488902012505,0.20075364325192863,-0.015455427670887872,0.2660837898714822,-0.03747275323982037,-0.05425315826817784,0.2441212156227051,0.246075461287303,0.7941651940321814,0,51,2.0
1.8694144721124686,0.02294534431783955,74.26639114641675,6.391755310937107,0.0019285190193092123,0.21815743158056006,-0.030145131051540375,0.23582570813578357,0.011721310507067862,0.2585765386521642,-0.036701531773677624,-0.05730783002087127,0.2513285140745791,0.2478843591342132,-1.3894200313385507,0,51,2.0
1.8732356750497632,0.022891986315546373,74.26000911114262,6.884772452991465,0.024581950267448145,0.20162233508409508,-0.04833654767157985,0.24200394762642932,0.004370766500120654,0.22722849083398658,-0.0376750462514984,-0.05975635235078193,0.258708661550579,0.24839105039685766,-4.153777335067721,0,51,2.0
1.880575653092534,0.014721961129557705,72.01624402812882,7.738212179819458,0.014452773164592538,0.18635946236241246,-0.07587864753954551,0.24741112599081763,-2.117927971423841e-06,0.21828862434112112,-0.041732459408923644,-0.06110702024472118,0.27390350923890755,0.24936433160093735,-9.840692724748102,0,51,2.0
1.8822037256231494,0.010943450305177585,69.62578350889916,7.562360173322384,0.01106267283652343,0.15739394857574532,-0.062074344641729895,0.20987303975182656,0.009208865628084716,0.2152543789219932,-0.04960568167598255,-0.062002954972197426,0.2821811640237073,0.24958021413886955,-13.062313451938202,0,51,2.0
1.881311951022522,0.013642457964675973,70.33452627705593,7.330766280716927,-0.00397736907881849,0.17037529109687122,-0.06865009574183062,0.19126915639618927,0.0017261128489147214,0.2185853067004162,-0.05889553794052959,-0.060532178132811955,0.2813524410277584,0.24946196458051317,-12.783702918748041,0,51,2.0
1.8770525321072222,0.014193352920413335,68.06121779423134,8.75705972052364,-0.032460094265201515,0.17410619949282516,-0.04237895689028151,0.23065519424694972,-0.009312360848793211,0.269493755344346,-0.0691195967066254,-0.05588652673945714,0.2782849879227377,0.24889716575524334,-11.807214468803284,0,51,2.0
1.8664214967512618,0.025741958339693033,68.41251679027782,9.969057285077831,-0.03429878593933787,0.18372437449675794,-0.010280770797501592,0.22953555653997187,0.0022209676475647617,0.27211132773108687,-0.0768438769311394,-0.05076370904675147,0.2621243342889517,0.24748749059050862,-5.914175162356439,0,51,2.0
1.8491225786068861,0.03064371916108124,69.85475956224927,11.839188632435071,-0.019971926564204635,0.17987150478001632,-0.003212345270987819,0.23619871991997032,0.015857773486013506,0.2517069728493762,-0.07938069427543532,-0.04556253823329034,0.24599109779062223,0.24519365380321517,-0.3252302720881506,0,51,2.0
1.8357749303766326,0.025228318141382697,67.26572694030463,12.662172730844437,-0.015577339507895065,0.19414054599588873,0.009895252849103189,0.23941899564800653,0.012964770197868347,0.3006680411043391,-0.07860362455933045,-0.04318675250104073,0.23779582327483823,0.24342375577285702,2.31198983852271,0,51,2.0
1.8272053955816756,0.020031117805319472,70.10181962742524,11.548100473747677,-0.0038253578731753664,0.20518537878785398,0.03783682998561976,0.18851927957891457,0.020918857899731864,0.31827777286587433,-0.0750980073466754,-0.04431892012093878,0.23132534160003385,0.24228743545379344,4.5244169732648665,0,51,2.0
1.8240342584310794,0.01703619078781936,68.92911550110462,12.071736079841337,0.0010558157867076351,0.19933617698754813,0.013860523335489571,0.1918848949146532,0.004111097952095317,0.3744624016865426,-0.06916552711065745,-0.04665505079770561,0.2323776724771264,0.24186694266517864,3.9233431751723225,0,51,2.0
1.8254764559222203,0.01628441238311697,67.79336648361355,11.991647031550492,0.009174880516879699,0.21792731296696544,0.02106026969119614,0.1868519002925479,-0.00403084517365285,0.4494982961213934,-0.06301134425948023,-0.04989404186667385,0.235138017249383,0.24205817817054212,2.8588833368329847,0,51,2.0
1.8234512969559313,0.014796886213038343,69.57139056336646,11.77835490134801,0.0022489936182311936,0.19876477131307663,0.01627351946252234,0.15566404246625237,-0.00045262612219826846,0.4659298843509525,-0.05800373344626596,-0.051545043332135915,0.2347174763795724,0.24178964185174137,2.92492491324563,0,51,2.0
1.8212756549610811,0.011245648846538628,65.6307973207212,13.961913314866111,-0.003923348352020862,0.2230603541266721,-0.0019456083502839593,0.1325179375962144,-0.0004294445263404472,0.44430659261313915,-0.053806605428241894,-0.05266298498509705,0.2335895253860944,0.24150115184690438,3.276020176427741,0,51,2.0
1.823339267688639,0.013335701939941758,62.794640157736985,13.97988252916368,-0.0017211945617900176,0.2300789907008261,-0.01873453092925689,0.10579781019837937,0.0012831915096909391,0.4245030801883179,-0.05393805960695136,-0.051273155931528744,0.23295097799762984,0.24177478701709698,3.649598507905283,0,51,2.0
1.8245229475638445,0.01656146576821333,61.35913268725077,12.657130592894347,0.003468549499909083,0.22723983754365354,-0.02821130269006187,0.08710595534677501,0.011822111484612905,0.358773281500726,-0.0565146640389257,-0.04931089936488918,0.23005954698123637,0.2419317427294911,4.9072501253088046,0,51,2.0
1.8228456494854945,0.016590377860361157,60.78972818804722,12.482569498873108,0.0023887232676440594,0.21612177491400542,-0.03326437366651554,0.08498905242784048,0.005597626991277816,0.298002559435828,-0.0625679305807344,-0.047227730687880574,0.22922768945536284,0.24170933312213733,5.163906376948802,0,51,2.0
1.8219420313835144,0.014455128987370409,59.60403776168823,11.068970637341968,0.011109542576413528,0.15673557724905654,-0.028886394283058597,0.07907134687227194,0.003672040651972387,0.2394105273853704,-0.06936527105323402,-0.04309952089040464,0.22882327354410611,0.24158951348089974,5.284269069817437,0,51,2.0
1.8187869559316074,0.012668370887858365,61.348128641352936,10.81780256855028,0.0034422473799364237,0.13166573968579987,-0.025538450855688722,0.06484026611086778,-0.0005326812776426474,0.1919403758104718,-0.07686304270296129,-0.03896147943379835,0.226470197147933,0.24117115023641242,6.095651604293684,0,51,2.0
1.8171780705451965,0.005977538041310587,61.40611593396056,11.666636867476742,0.0006206999441572264,0.11086910375309102,-0.030582430005511817,0.07182481869468713,-0.006182520467714936,0.17379199000827225,-0.0834463761246779,-0.03517763441788022,0.22692842997268506,0.24095781215587717,5.822339627700646,0,51,2.0
1.8168221016724904,0.007218619775408933,63.03760271913865,11.553269694053734,0.004024186445509686,0.11080439698775904,-0.025102579235738397,0.06890032749615704,-0.0025176394767328805,0.18587915542492528,-0.08692420863964864,-0.030832417230509855,0.22561946614534756,0.24091061068189823,6.3472275020469375,0,51,2.0
1.8227429167897093,0.015406306090251618,69.012507017921,10.623894868320619,-0.00803767648689887,0.11633265685232712,-0.03319105998996426,0.07539295771433942,-0.007777820487378859,0.1874503127494456,-0.08881513189587192,-0.02566935564229783,0.22574789577904023,0.24169571076646326,6.598302856450977,0,51,2.0
1.822701688490662,0.015428483400512939,72.6766574382782,9.277839828647167,-0.0005619998783895783,0.11513122043699628,-0.012196835550461329,0.0902217332974399,0.005756450680029743,0.22938048815145756,-0.08605816346337618,-0.022797111032539626,0.2256621941481928,0.24169024401172434,6.631649502060178,0,51,2.0
1.8224248640677507,0.015565219876589998,74.14920963025561,7.228957495315034,-0.0011599166592692629,0.10839673086910702,-0.01827253512672934,0.08408295050497372,-0.010513966976135386,0.32193710357225075,-0.08348121875580819,-0.018869042865203522,0.2256170727725028,0.2416535368571787,6.636138784988566,0,51,2.0
1.827084978421529,0.020604270679504825,71.98551430421718,11.188200612522063,-0.006291622725114518,0.13004486053275371,-0.016523021912457896,0.09323389496089524,-0.008387356960013801,0.38467168426480197,-0.07819106023646509,-0.016889657915104717,0.2281807792256857,0.242271468131271,5.8160744285210235,0,51,2.0
1.8199703301869186,0.01765367386262791,71.44555946892383,11.08262382488348,-0.0002460956993494548,0.13113878807020063,-0.002473331074796471,0.10761781632329814,0.011168979619647943,0.4070009589984479,-0.0731032815109191,-0.015789760606077997,0.22887136527137916,0.2413280658929258,5.161728941661314,0,51,2.0
1.8217996259530385,0.017429940088625386,70.76441993432887,10.987285513185945,0.002198049871652734,0.1473921360928707,-0.018462217942464585,0.10409394563874083,0.0026426083755259422,0.3849621205491922,-0.0682410648471424,-0.013171404599936723,0.23114459114477867,0.24157063027634607,4.31593820806796,0,51,2.0
1.8225521433587168,0.01745725739039231,69.43350609143575,12.331446359904538,0.00748408894401555,0.15529792355580532,-0.01457375438664766,0.09952371794650053,0.02559139732928837,0.3369713210066305,-0.06365243468077399,-0.010264759126194449,0.23328573075908435,0.24167041420011195,3.469470381295736,0,51,2.0
1.8207393615853553,0.010908326356892862,70.98820947665794,11.138198268043134,0.003434271387317601,0.1433710952394476,-0.020201981295922808,0.09927217282207317,0.0049303437893589335,0.2492364862443407,-0.06179772639067266,-0.0070328937149464685,0.23418766849495576,0.24143003946442554,2.9997803858773486,0,51,2.0
1.8224872438346638,0.009326937599480823,69.38649501987533,12.453300438846508,0.011771815180705459,0.14118275142760792,-0.016079732554727326,0.08885921184611836,0.010852824622655617,0.26650455198222,-0.05907213122202937,-0.005082466994421719,0.23501425168033444,0.24166180841435897,2.750768430329087,0,51,2.0
1.8286634455708897,0.020290238890426793,67.0618907517078,13.27669554146931,0.008439950088002518,0.15872290921307627,-0.03353633991826106,0.0879218218754768,-0.00938502806877973,0.2761657328210845,-0.057741710197490526,-0.002251651606479929,0.2378810258624112,0.24248077288659378,1.8969533004308925,0,51,2.0
1.8335193021624696,0.023176024972742584,62.52156052869909,14.222582183391376,0.009296051308731823,0.14297097080958912,-0.019097064274783228,0.09426755209749074,-0.02651319997932981,0.26493461667077245,-0.056631060097317026,-0.0006944091880034925,0.24127303205043132,0.24312465959106272,0.7615959416645945,0,51,2.0
1.8336784839630127,0.023100982075305643,61.45928036932852,14.083381027509256,0.010280288564150824,0.1666648071778238,-0.018226517939611393,0.09380336891772856,-0.009914243082497633,0.28069127591789755,-0.05207645400079868,0.0034622334676423054,0.24275934604864285,0.24314576685815956,0.15892557559602505,0,51,2.0
1.839910417210822,0.02567145027118992,57.40738502670737,12.94746548230322,0.0022039966402100583,0.18162465538820566,-0.036392298444886416,0.11199266764558724,-0.01776257767250725,0.27433491232577256,-0.05041781111345334,0.007157159192901534,0.24711301490770382,0.2439721213217721,-1.2873985637847696,0,51,2.0
1.8344824769917656,0.02158151628889663,57.37529198796141,12.99322187158749,0.0006557419056109354,0.1611679785404902,-0.0265015773383864,0.13640423251720227,-0.00017144249788686341,0.3580562956984636,-0.04820795501472874,0.011745927922040338,0.24537380488881272,0.24325237644416503,-0.8721100593788611,0,51,2.0
1.8307695815376206,0.018300844347563166,60.15686285729502,12.03658876299199,-0.007088766944612942,0.16062634682223237,-0.03280056135582866,0.13892693446934723,0.010202206671237946,0.3601202889808665,-0.04543926579197663,0.017625230093481836,0.24315363104799245,0.2427600465055613,-0.162129043924919,0,51,2.0
1.829336360389111,0.01820235920774545,60.35931786368875,11.188898994051433,-0.010600733589015756,0.14476095022133023,-0.035655477285092954,0.13316765074193285,-0.0011610368303224153,0.35957166136221475,-0.04751614906524077,0.02158738173498131,0.24085932385070788,0.2425700015026557,0.7052305072146714,0,51,2.0
1.8242152006018395,0.010192992540201822,62.68619312492071,10.420073137701822,-0.0030047380566304805,0.1591685709896893,-0.03509416599191871,0.10139718883961531,-0.003654195178373187,0.33371177754813963,-0.047022247458646214,0.02734276673261359,0.24019254356881659,0.24189093548058574,0.7021312759797338,0,51,2.0
1.8254722386014228,0.012788373663950869,60.34746652490952,10.898053812446964,-0.0028584731523604956,0.1596190630085063,-0.027486181817948818,0.06979648064215231,0.01723325961068565,0.30681757093676393,-0.04842744521348532,0.03344948056289637,0.2406034779205774,0.242057618836798,0.6007416429230528,0,51,2.0
1.8319161534309387,0.02353454369562142,59.56207014065163,11.02009919184947,-0.004725345921720944,0.15778875605317522,-0.03803956455678916,0.08502414171485895,0.015549406847533058,0.31404592586870084,-0.048145754215277475,0.03938358952626039,0.24291646866882846,0.24291208205360665,-0.0018058448080227052,0,51,2.0
1.8337992756974464,0.02273557872289093,61.23749007430731,10.777113100668275,-0.005662686949340152,0.1452800986839197,-0.03178632319630945,0.10569241402453568,0.013283698290002113,0.35396656509448343,-0.043043493164442254,0.0460010160774349,0.24629201718266952,0.24316178382719503,-1.287304816656154,0,51,2.0
1.8350079112193163,0.021981386420241646,60.22056187367907,10.899207802003843,-0.007182206715429749,0.12801545769794964,-0.03965145319371539,0.11409887727216993,-0.0011107367372103765,0.3711215420414748,-0.03519614845633735,0.051836670463419145,0.2465859505721062,0.2433220490170631,-1.341391611745868,0,51,2.0
1.834020981017281,0.021340920556862677,60.90615317400764,10.206185468067838,-0.003411730544815096,0.15123326824758263,-0.040416011952009855,0.11926063502297336,0.0012053281032279426,0.3325891116964179,-0.024558035859722434,0.05519132200444265,0.2463493463399235,0.24319118219383176,-1.2986343162617597,0,51,2.0
1.8316967738609689,0.01032033088916211,64.65905887005376,11.509555263146293,0.00989120964111541,0.15791878254916333,-0.031496034715982044,0.10340500275802542,-0.008037723582603183,0.29706028901825243,-0.013526577549299834,0.05687904029992943,0.25065246771327077,0.24288299209344588,-3.198855363588282,0,51,2.0
1.833386285047905,0.009657761084472145,66.26971533251744,12.579898537060586,0.00460416340501979,0.14652662449310536,-0.036622869727366114,0.08793935806719003,-0.002792235737776055,0.2598317047880436,-0.005146193352294257,0.05732295528094238,0.2527230370739522,0.2431070213975026,-3.955466041734157,0,51,2.0
1.8366484373807908,0.00927452404167935,69.10248501777649,11.523783651773238,0.006666619337629527,0.12879732899753,-0.028949409509077668,0.0983476340726071,-0.0027214131131768227,0.20986930962178726,0.001578933972206004,0.05615510670858344,0.2525810267861398,0.23876429697973103,-5.786765434022034,0,50,1.96
1.8392729017080045,0.007049922718055102,70.92859652463127,10.862734307273604,0.001211234539582887,0.10680782292183649,-0.04304840819289287,0.10966817881961775,-0.013709664965669313,0.22975593005594902,0.0065673586718014805,0.056047653349119854,0.26275952974517397,0.24388758676771893,-7.737967818521607,0,51,2.0
1.8404266682325625,0.007917585298512577,70.77848345625634,10.836221643665949,0.0036542276810745105,0.11246865928174604,-0.04425632526331088,0.12170729222562307,-0.008272403303314657,0.25843295481575945,0.011831628317635647,0.055558558286764786,0.2649951435123735,0.24404057632885515,-8.586509464426605,0,51,2.0
1.841814797298581,0.007817455825961923,68.9184451009713,13.138734488909265,0.0027237524388029296,0.1103350496354085,-0.040661945537317036,0.12875908712806694,-0.001491108452718632,0.23911467808208658,0.01837021606758714,0.05447696749843551,0.26726708912979347,0.2442246420044624,-9.434939462378278,0,51,2.0
1.8409336892997517,0.0074989634933924024,64.13973568467533,14.145188922867005,-0.006739134740486157,0.12361998841543215,-0.040644797642587445,0.1315401327058485,-0.011444097512639036,0.3134391238192757,0.0221962829920421,0.05211234840151477,0.2664545641711771,0.24410780720202208,-9.15446221294387,0,51,2.0
1.8421401089312983,0.007155037128963088,60.5435071552501,15.911866342404043,-0.006967987321938078,0.13160502072959054,-0.026572335967976674,0.12315322300957617,0.0024757203189473527,0.3682384398661732,0.02498409814353658,0.04919452471963734,0.26603592662229514,0.24426777856454626,-8.911592100141362,0,51,2.0
1.840218765478508,0.007218368461797975,52.74981651586645,13.87421427870966,-0.0004357588020902054,0.12171115287310708,-0.02206975426159653,0.10498378143516614,-0.0063424459749869275,0.392880708295657,0.022009799106411307,0.04455047338643373,0.2633696451950939,0.24401300818244642,-7.932625050126307,0,51,2.0
1.841455151053036,0.015515956196575273,51.96594739895241,12.370204602692588,-0.01001330339075888,0.1349579946636778,-0.02485564694392915,0.10490485344586314,-0.0013095975908286432,0.4211694132750914,0.013575780297006993,0.03956833313064271,0.26157145494858364,0.24417695303261225,-7.123727976754712,0,51,2.0
1.8372521680944107,0.017173348471389748,52.502951780954994,12.36145015829927,-0.01221802512950757,0.11425021046314904,-0.01729433903214978,0.10257157309432235,0.012770774774253368,0.41013216805676833,-0.00028907002876364733,0.03602765087981503,0.2569126205859067,0.2436196376124364,-5.45644969500263,0,51,2.0
1.8332318944089554,0.01800079760577207,55.89387365883472,12.791027922346043,-0.0059260659138945975,0.1208760002180991,-0.020570149024327595,0.10519376050059838,6.884645086293127e-05,0.3628634913598104,-0.0199411220574,0.029839606280788765,0.2520387826030368,0.2430865490831702,-3.6827350396930747,0,51,2.0
1.8289489781155306,0.01827317310872107,61.82631814246084,11.916929647319593,-0.02412361154953639,0.11883764388620788,-0.02063513830231101,0.10710446687915183,0.023793887438289092,0.32705174186095887,-0.04320057991156057,0.025810293732549405,0.24530680024545073,0.24251863450046338,-1.1496707256043903,0,51,2.0
1.829476495583852,0.01713558641015282,58.6252140157363,15.242682349752592,-0.0045722853392362595,0.12354867049771885,-0.024229016209788182,0.10791121789933987,0.007457550185933417,0.2803237941271636,-0.06921923454010864,0.022991044089325972,0.24214879847044982,0.24258858343790843,0.1812884024573913,0,51,2.0
1.827932963184282,0.01768146960206625,61.969037518781775,16.3381479380589,-0.005633239889992219,0.12389801172744018,-0.01635374444737738,0.11323685551787747,-0.0006532015224151752,0.23990333695053043,-0.09082398511921615,0.02268993820874098,0.2390850241022189,0.24238391080619068,1.3610171949942407,0,51,2.0
1.8267653730570101,0.01825482515560004,65.1514811702803,15.762486074398355,0.0003801169166085767,0.1155437972273824,-0.01491718708227078,0.13083642733411918,-0.0015039746284338774,0.20315889413434493,-0.10479145282455513,0.028686493839160977,0.2372008333345417,0.24222908847245475,2.0758263054293957,0,51,2.0
1.8329653587995791,0.023260880661044796,64.63979176446503,16.332937013483395,0.013929980240908324,0.13303737839726634,-0.01715135468425704,0.13601563330536684,-0.005648779911080412,0.24290743907708437,-0.10369310436396748,0.03425300345062638,0.24199068631193393,0.24305120658042648,0.436336146367422,0,51,2.0
1.8301406678031473,0.01900166787700888,64.68608258752262,13.76394457347493,0.019082380933504478,0.12336386120129972,-0.014844413737163824,0.13804293517868013,-0.022068046106427323,0.23717738418937429,-0.07807982083862594,0.04378781080822886,0.24455694663098074,0.24267665255050577,-0.7748145776337756,0,51,2.0
1.838092157653734,0.018164567732077096,59.822031161364386,15.37151022695023,0.029882128441742824,0.13198308590179803,-0.023996674218306355,0.12350631957848486,-0.016312537167002174,0.1978675540121963,-0.027608006108195016,0.054282379388305935,0.2569996284451311,0.2437310202232945,-5.443955475868667,0,51,2.0
1.8507092641849143,0.02091347320669995,61.34133547427607,15.9729719775145,0.038744446766727114,0.13494838033410547,-0.030823508524062,0.09559630027440869,-0.03572153088216688,0.18559779898951953,0.04909213452039936,0.06501399779329176,0.27845925490593554,0.24540404830884657,-13.469707131924835,0,51,2.0
1.8662937154956893,0.027509524284839732,65.34838047214583,16.26941504684522,0.07800328475879688,0.14135798162259972,-0.023019729501695608,0.0928582682039758,-0.06752508106257986,0.19887802629719023,0.14872423870950016,0.07737862602295065,0.3112732780229655,0.24747054668057536,-25.781949487808763,0,51,2.0
1.8870935662119996,0.03144056131861607,72.90498729780609,13.646870715550358,0.10567284561693668,0.16377998508309816,-0.02138769461353328,0.1246040913629625,-0.08005622443834357,0.38268238285158307,0.26291103572628427,0.0901639660849689,0.36201714610253244,0.2502286069983131,-44.67456396980738,1,51,2.0
1.907290213248309,0.03750279484572567,79.4496976815018,1.8219452452216813,0.08302807833488081,0.5054844621128247,-0.02810488702437165,0.20160546697877105,-0.058188323789805756,0.44163685324703533,0.38236229129859656,0.09597420068491472,0.40865372100761116,0.25290668214764367,-61.582808938612544,2,51,2.0
1.9138055020103268,0.05534689907130521,79.8217991099638,0.9109217367444491,0.00978481316683339,0.7272251749089171,0.0007370543830534991,0.28860005268767464,-0.04031449941662597,0.6658182125089159,0.47181544995090724,0.09198251651793372,0.44963363271918516,0.2537706095723109,-77.18112963395151,2,51,2.0
1.8929368348098268,0.06883972464313172,75.47324976266599,9.121780015193691,-0.0755810183929462,0.7465430500847241,-0.03613808020657184,0.3746277163646945,0.0057271082757734786,0.6948588710701605,0.5063270804417027,0.07115629820609685,0.41942812259199763,0.2510034244236758,-67.10055791272116,2,51,2.0
1.8624254690081465,0.06899350395148574,71.62850892310048,10.612863438212417,-0.07570872733405992,0.7097307358898323,-0.0260970234578731,0.3735288007087074,0.018150054922729145,0.6333107566677452,0.4719896456011224,0.04456887202437331,0.3722618731179636,0.24695761708309774,-50.73917440363977,1,51,2.0
1.8312865895967858,0.06214723519853594,69.0041283532685,10.845733936337325,-0.12317325912562072,0.5628839337705784,-0.008691978805205402,0.3388974649432952,0.017272352825338934,0.6072233814608111,0.38128963947913264,0.02118690524470617,0.3167217403571041,0.24282860179105892,-30.430162683070705,1,51,2.0
1.8025032778580983,0.028626216093256593,66.1867131766151,10.577441499670476,-0.025200304483958318,0.28932425019536695,-0.055088163024800664,0.27341766061312334,0.04154177130583454,0.3651554242285803,0.26828180852914496,0.003592236634541092,0.26791149013693194,0.2390119347552086,-12.091260384684022,0,51,2.0
1.8060113676622802,0.035731162619778295,68.14801757943397,11.065166498784398,0.013381080044543041,0.253257258981983,-0.013451441848541008,0.17557198161790682,0.03730593066589505,0.35203729295199915,0.1572516768909506,-0.0005138070519187655,0.2741067460902267,0.23947710734478178,-14.460521562751172,0,51,2.0
1.8188139159305423,0.04181228107019017,66.80776276775435,11.246223567048874,-0.011945694648459846,0.2521302910889581,-0.03982278560379557,0.14794009340111328,0.023490994310408245,0.3298650237245412,0.07365430917294613,-0.001351063192938003,0.2681552671806284,0.2411747252443429,-11.187134932547549,0,51,2.0
1.8353896409857506,0.04313870021303674,64.76321583635666,11.441430858213298,-0.009541042696903734,0.23047845880526696,-0.022307645255590185,0.13582748281038157,0.025897986949512772,0.2976314771217415,0.01967125949629912,-0.0012482316788990338,0.2683709787599255,0.2433726662645778,-10.271618780792458,0,51,2.0
1.858779910732718,0.024841039420954333,63.08581789334615,12.267639022584294,-0.018095682210781994,0.22386863808261112,-0.017774877521921608,0.127013898397471,0.01914872868242217,0.27641752072983056,-0.008585842819188231,-0.0005932816806443882,0.2600264267217256,0.24647421615780662,-5.498429318562925,0,51,2.0
1.8616735099577437,0.020628468883353377,58.95198181096245,10.441258304318259,-0.029435543416469704,0.19554705865340807,-0.01491231003812715,0.10473501629938542,0.0038022794441192175,0.2045088112971445,-0.014384007217507584,0.0015689392320292123,0.2498409941985942,0.24685790753241982,-1.2084225682673866,0,51,2.0
1.8652620578513426,0.021135263016287747,56.737482781503715,12.037834978315436,-0.010741915261628581,0.17386288748626716,-0.009493260662637506,0.09370038469478889,0.009362717063220985,0.18151948018421607,-0.013507636233448935,0.0008518357878436049,0.24954139851202986,0.24733374873977182,-0.8925792713313729,0,51,2.0
1.8642724506995256,0.020403373682281557,56.38485998733371,12.20190399561627,0.006969686670630586,0.1819379172339456,-0.010067201968209417,0.09405374243920689,0.012201627599721427,0.1580071163076057,-0.012874896402302148,0.000522611814646437,0.2471067401766139,0.24720252695830947,0.03874830199923629,0,51,2.0
1.8597038136977775,0.017812485426276708,54.80979235032026,12.93807826224084,0.002051052253912477,0.18254722291185746,-0.020140928271062234,0.09448948758609588,0.0021568265690481946,0.18510920693240449,-0.014067187894293065,0.0013944498381775604,0.25248871079961865,0.24659672581500305,-2.389320038675513,0,51,2.0
1.8575799646330815,0.024693327459083952,55.3797668428982,12.906119433539441,0.013614350710721576,0.18241491051230838,-0.011606989537968355,0.09875834783756271,0.0013779399927372259,0.20098119739242615,-0.013570616875144161,0.000980758091849935,0.2556785314721922,0.2463151031863283,-3.801402416960542,0,51,2.0
1.8550575211936353,0.022757018696067034,56.078985424602735,12.366032544483197,0.012353233226081905,0.17899534334019807,-0.017966935904148745,0.10604096933621103,-0.000970774067978959,0.20092009305406808,-0.014106440107051376,0.0012856164747801905,0.25817762388721344,0.24598062731140768,-4.958519176538467,0,51,2.0
1.8585479960722082,0.024006385552967024,52.45903674293967,11.460420397853131,-0.011236813394170181,0.18138901225662155,-0.017706305683389597,0.11993169102844951,-0.00795610821531976,0.19536390264819847,-0.014005161086787545,0.0011295327013000228,0.2612468227991749,0.24644346440242199,-6.006796906807077,0,51,2.0
1.861640573716631,0.024677058625944624,52.49117675949545,11.52617941291564,-0.003853412491141581,0.1809445083528496,-0.013929363175788346,0.12576666133827047,0.0008961282688759121,0.17593235015765754,-0.012941493382871837,0.0003665224481795193,0.25874847497536646,0.24685353995733333,-4.818620393326767,0,51,2.0
1.8650350377840155,0.013487130074256682,53.542162867153394,13.0955872660721,-0.010263970560010742,0.15360823894550465,-0.024960209323348952,0.14443032498903136,0.0038118934094467584,0.1662255177180323,-0.012948910455919246,0.0003703411876530411,0.258335040619821,0.2473036460158737,-4.460668001327894,0,51,2.0
1.8677716132472544,0.013160376628249341,57.814210199842265,14.176364663956756,-0.008767468014768525,0.1399866199603013,-0.02282690658581023,0.14701145362500206,0.010551329957796078,0.19090406703550541,-0.013436938929561573,0.00015403069555953514,0.2575590771816604,0.24766651592089267,-3.994307112523643,0,51,2.0
1.8678618301363552,0.01428494929171516,62.99362723967608,13.038132948042124,-0.0141883178376684,0.1344461341857011,-0.03506065481433682,0.13846539633611632,0.013930953582566158,0.20358816987223738,-0.016010337748355703,-0.0016103336825151705,0.2579526569796545,0.24767847867811635,-4.148191783304078,0,51,2.0
1.8642660893645941,0.016467779748125348,59.866667677374444,20.841973225858617,-0.045396336810845955,0.2204675399275599,-0.0027964148013030782,0.21007420584129793,0.01065355398710452,0.2665804879125924,-0.03345833499883192,-0.0068303374624059275,0.24711731836281622,0.2472016835689104,0.03412808718621374,0,51,2.0
1.8628847470470504,0.022274987367212926,55.408104751624315,22.861992947839997,-0.008670119824362736,0.27558538829435303,0.007462603058300766,0.2159493904162306,0.01839823880251132,0.2830759612441091,-0.07362224615804104,-0.011399185550356744,0.2390103068751905,0.24701851732751665,3.241947421175806,0,51,2.0
1.859056129175074,0.022413576870593668,51.58718189538694,23.399879979309688,-0.011412351520038118,0.35417714903014946,0.004624795387772953,0.22745469175392605,0.0061628063958065185,0.2759825722899381,-0.1397861357283863,-0.01311967688697847,0.22997081649196327,0.24651084271637846,6.709654651355523,0,51,2.0
1.850411925830093,0.016928090094039325,42.44088076142704,21.509153678304223,0.010950426406720105,0.36442280181482484,0.00967547801487586,0.2203703670444879,0.006562691254943025,0.2952884151285833,-0.22885929754097403,-0.011884957624940452,0.2262683542265309,0.24536462147698734,7.782812018906915,0,51,2.0
1.8543837035403532,0.02194328544271962,45.69627583728117,18.0453278958061,-0.0025492475605478474,0.3151344040105877,-0.0267949141561985,0.17280951814550888,-0.007132766220499487,0.3192154990936432,-0.3273665463396994,-0.007033361374441528,0.23133720156275195,0.24589127896009313,5.9189075183521345,0,51,2.0
1.8456457157929738,0.03183026305287952,53.06880678382574,20.415462102894057,-0.05561001730315825,0.36034372636217427,-0.02091859449066368,0.21076461226254942,0.022241270644407646,0.41113796610939723,-0.41506115389530607,-0.0018476442456317648,0.20991560522152852,0.24473262190883008,14.226553213764815,0,51,2.0
1.8454622427622478,0.03702448891920266,59.45852096875509,19.10382642728698,-0.0683792364947936,0.302447594955954,-0.022318475350153213,0.1921610063008373,0.04158633450667063,0.4042233895768369,-0.47314774900631706,0.0031534231805171414,0.17801247005577508,0.24470829350189469,27.255236220918356,0,51,2.0
1.8456883541509217,0.04582939359702916,69.60455273179447,12.781334366415246,-0.07228509132184234,0.3192664253629212,-0.01404470450007448,0.21050092299453593,0.028322468128274467,0.3916769898562269,-0.5025598922730887,0.01286862689836438,0.13845582154210498,0.24473827562921538,43.42698493476802,1,51,2.0
1.83837664010478,0.04484028736760997,75.76340328478345,8.20630693509328,-0.057239996214561606,0.3052372546512833,0.023109648285397126,0.19381909216554996,0.04858787449113294,0.34315788030219824,-0.5035892574954737,0.025638082863772248,0.10523075957616711,0.2437687424677238,56.831725630245565,1,51,2.0
1.8408408118229287,0.038991423778952934,76.7690640711317,5.995817335129239,0.02158689727166704,0.2564896300421691,0.01425702188748355,0.1443630078117168,-0.0004911721848389681,0.2523429049595498,-0.488527636042343,0.03175075140071624,0.10352701474516923,0.2440954917614804,57.58749414088673,1,51,2.0
1.8354393115230636,0.03968100774773095,76.39938937448987,6.35654681132175,0.04718052692638308,0.2479043551230507,0.022934325495917424,0.1446259716955071,0.0013913600979482427,0.27664287793681924,-0.4673654230019222,0.0324035808933122,0.11504852715559973,0.24337925270640867,52.72870391529053,1,51,2.0
1.8302124598447014,0.030760291215259153,76.84733901771844,5.512969241107837,0.006051247921206203,0.23762090313965042,0.019867919403694423,0.1251356374513195,-0.011882351200078047,0.30652494659907337,-0.4387427700072227,0.023343979070718886,0.1253865279951362,0.24268617217614785,48.33388038930894,1,51,2.0
1.8310625599879844,0.029032573117397206,75.94943671600491,6.2545548507362385,-0.0016466857609795588,0.2737160753516042,-0.0028776366482762728,0.11964707806463552,-0.004726580252834395,0.3083711527373093,-0.40465778376693706,0.010040660632257973,0.12617793841063848,0.2427988953349041,48.0319141334662,1,51,2.0
1.8255504936564202,0.029342436782156783,75.95662938379773,6.314216635939239,-0.0071530545897343575,0.26608884839777214,-0.009740370234438018,0.11536158858027974,-0.008034222850612565,0.3129100855770792,-0.3665411838839127,0.005159280970224621,0.12134432479615985,0.24206799545624805,49.871801694622654,1,51,2.0
1.8239101580545014,0.018013653242892363,77.48763336854823,4.8806696289606375,0.01695727907559451,0.2895473170577994,-0.024313295917475924,0.104777381118709,-0.008545091120051402,0.30366952788676915,-0.32568347052342783,0.008392388719580354,0.13061878390088844,0.24185048707447498,45.99192853365396,1,51,2.0
1.8192676732353135,0.021431377431205746,77.86849562327068,4.828653126860785,0.03108570167758301,0.26987925728559475,-0.030005401803874503,0.10641433205484034,0.010428264956263936,0.2659502047208885,-0.28111478074275503,0.015855278117434927,0.14238929940657252,0.24123489334792128,40.97483269088631,1,51,2.0
1.8185835714433707,0.02394755708543901,78.64704915588977,3.022515466300429,0.051549726969325076,0.266808855631621,-0.02267967379998927,0.10615935985762887,-0.024092142123217676,0.26841749673976506,-0.23126695393917182,0.025488444201848467,0.1670565958725501,0.24114418158020265,30.72335613580277,1,51,2.0
1.828558457248351,0.028093448846459604,71.91641801478816,13.686749387503562,0.05666636060192889,0.2507981426331156,-0.014011755695237833,0.11785821180860588,-0.00903563427866674,0.2427944791972297,-0.17013890108609936,0.028060316723371122,0.1997828863713408,0.24246685155607697,17.604041505386704,0,51,2.0
1.82727423193408,0.0278884105021838,67.97669068037295,14.615576404116412,0.03706064091666656,0.2114149186369778,-0.008316675493238019,0.10720818047725536,-0.009344227064181776,0.21298616476595145,-0.09993303022870302,0.02408556176228235,0.21271908682701912,0.24229656304161806,12.207138162962128,0,51,2.0
1.8375698596823449,0.02201373783281293,56.601734619514616,19.59090070431198,0.05890575033046451,0.19685971206858177,0.0044872933523912055,0.1322465981412971,-0.010734473154240963,0.24436401327963939,-0.027192107018212244,0.01714753312764414,0.2406942389751977,0.24366176340114845,1.2178867888537837,0,51,2.0
1.846143050521028,0.016588161944701807,51.76148252861172,16.071815788807484,0.038830014676147814,0.11757835436238337,-0.002570531276219031,0.12758109407833387,-0.016282608513446414,0.2128387893301633,0.042069952367199195,0.00740020628246678,0.2629821382348527,0.24479856861691024,-7.4279721979903846,0,51,2.0
1.8479953329352772,0.01581928915183571,57.85062480907814,18.53585141558985,0.02139277431164302,0.11705192892956365,-0.023171410074128825,0.1303141799900451,-0.0325280878985045,0.21251851788659218,0.08997568546929806,-0.0018637183593969782,0.2755354962790667,0.24504418102612727,-12.443190907556524,0,51,2.0
1.8558713311658186,0.010052324461893433,60.913480987735824,19.66515928518353,0.022402206472322054,0.13068443556094012,-0.029057558772026326,0.1380930719088144,-0.013362826049035671,0.25031426923626343,0.11272932616813165,-0.014034749620062077,0.2883603349101083,0.24608853851314247,-17.17747468141768,0,51,2.0
1.8574203822542639,0.0095244374931601,71.19653279173608,11.178363717048185,0.006712677870310989,0.13847063176827973,-0.05069014539613443,0.11565359843698768,-0.008579977331500427,0.2828222561955074,0.10987503215899835,-0.026536170168889664,0.29059345934395936,0.24629394268688118,-17.986441799503417,0,51,2.0
1.85787694857401,0.01271688518821841,74.96918569826612,8.088644760894486,-0.002491327331346624,0.1703461256613802,-0.08342063960199263,0.16916302483400705,0.013975923844412262,0.33856198246326136,0.09011200601336626,-0.03602678428856052,0.2857960400962843,0.24635448338125862,-16.01008277733913,0,51,2.0
1.8558704397257637,0.014395898818511273,74.9443079256544,8.119887459027133,-0.00671573637016848,0.20069968635226537,-0.06421622349058881,0.18087444139638867,0.017359277123914045,0.41415857290439034,0.066543915625699,-0.04034495029133357,0.27740516585430613,0.24608842042753526,-12.725810248350399,0,51,2.0
1.8577988539256303,0.01670245272931778,76.57805983225505,6.442424890092206,-0.011484917180210935,0.19146208885357066,-0.0876835321130998,0.19543323780102342,-0.00545961333110052,0.4067504850560287,0.044056679578819855,-0.037133642684586736,0.2715475804296673,0.24634412790580204,-10.23099382888586,0,51,2.0
1.8588351148600673,0.018400557190300055,77.44059509389541,5.517891128421319,0.002102120907283297,0.20427782111264745,-0.08637791304100378,0.20783486637482515,0.007460214462423441,0.3746232508798107,0.0289505008195271,-0.029557873625615513,0.26444764199520215,0.24648153622351301,-7.289027018801608,0,51,2.0
1.8613807640823663,0.018749877073057003,77.85640524882896,4.258251360718813,-0.0009563650716753567,0.20686769998545965,-0.061466813178769515,0.17009274078310885,0.0188305988341716,0.3127945279688228,0.019628113029297668,-0.023427752309156155,0.2615525162547861,0.24681908943653022,-5.969322248085107,0,51,2.0
1.865657454027849,0.0186578260504405,76.96083266127343,4.811930397662241,-0.008022899465525852,0.2211826623132589,-0.07620435443652027,0.16517563134978072,0.005635482688233548,0.2990404264485822,0.013613192184541599,-0.017935717197036603,0.26088502906373967,0.2473861782858641,-5.456590530404304,0,51,2.0
1.8642424347938276,0.023468645225031892,76.56593011407291,4.97185320837805,0.0025053114867677876,0.24626791463565229,-0.04874002294359254,0.15101428086629698,-0.0004980823061629838,0.3155161453186365,0.011554441522559815,-0.01593361471711935,0.2587343096358642,0.24719854685076145,-4.6665981382435495,0,51,2.0
1.869779671816265,0.023848122288766826,75.62179649577422,5.453765625489901,0.027962745313404824,0.24203631537768394,-0.08412627495971381,0.18649434504702175,-0.00804676971964392,0.30587022528669155,0.008055016470464853,-0.016175859971247413,0.2646740395361557,0.24793278459900964,-6.752336107635903,0,51,2.0
1.8640175710121791,0.025594335314030537,76.58804306329465,5.003418404554212,-0.0027998099468794523,0.23801072822910008,-0.04550231770411426,0.2322342587583271,-0.008848935676117739,0.3857536490969756,0.005976330314816173,-0.015818416203313715,0.26822038022146677,0.2471687297882849,-8.517117214306946,0,51,2.0
1.8595329301030028,0.0248482559983219,77.76133743921916,4.25052087079069,0.014573465795347504,0.20959688305534582,-0.07039220466771547,0.22725834227806663,-0.008642751851356496,0.38671696232777375,0.005248434862438692,-0.017785135323843904,0.2705142265031086,0.24657406652640684,-9.70911512064383,0,51,2.0
1.8540865454603643,0.023423938348605972,77.09213027767106,5.293533475118658,-0.0013464813613716293,0.20236751231244493,-0.059553172877606225,0.237467417998655,0.018550107365145403,0.37853089658816613,0.003644384398390212,-0.01946765838380286,0.26704607989491985,0.24585187605125466,-8.620720811276893,0,51,2.0
1.8445239911476772,0.018011724822457838,76.21894508015876,7.0857864191405975,-0.034903563412965515,0.17569615489000398,-0.029768806206537227,0.19382055353870156,0.013341140093318387,0.40805076342830116,0.001900353990321183,-0.02217032636518579,0.2525019233735484,0.24458388123092328,-3.237352397376214,0,51,2.0
1.851220198413905,0.0235155791141663,75.26624980393578,7.287418383246797,-0.01217469573020935,0.271167459196631,-0.089319006119873,0.1785598018603129,-0.004063589078392468,0.34805847360701775,-0.005436696552051819,-0.026067010413950535,0.24914839592419924,0.24547179831531582,-1.4977678226647972,0,51,2.0
1.84923370328604,0.023987409785651358,70.57602757799859,9.995106973025587,-0.007959588631695392,0.2726609597947253,-0.06215804417197611,0.18967274940193132,-0.008072366408419376,0.33538923646653057,-0.015426834085548843,-0.029861120352037772,0.24448510541067106,0.24520838893773472,0.29496687702936786,0,51,2.0
1.8527539658780192,0.02531578562904466,68.83535288128198,10.603835966692428,0.004038833227812075,0.2635500578098615,-0.054647324095461886,0.20605400872198784,-0.008150000234737116,0.3265295668183822,-0.027943451792144535,-0.03233178330322612,0.2504138485648657,0.24567517587831283,-1.9288365906777738,0,51,2.0
1.8515837616195865,0.024907271958298106,65.1154478297514,11.662303200518824,-0.006347668229364881,0.26043855578149555,-0.049087843802921916,0.21224138495377465,0.004101187648142085,0.2879980418446807,-0.03994385640622633,-0.0326729232143555,0.25157080020829203,0.24552000691058953,-2.4644807459238915,0,51,2.0
1.8400028149286907,0.022473037529067638,61.5539936505112,11.712210715183996,-0.0034383035757962394,0.15321581088139333,-0.02447784286649788,0.17838481745662804,-0.004513915409060086,0.2673266888004584,-0.04868630833992291,-0.030848676773495766,0.24537778503940874,0.24398437313693563,-0.5711070281091635,0,51,2.0
1.832754704882117,0.0228043205819896,64.58082539895001,12.510937167757541,-0.018199382897685554,0.1722541033701803,-0.018329563459344937,0.15621225023914898,0.017667684704065323,0.24604299726666204,-0.05602936525024236,-0.029353231335413746,0.23925438906466823,0.24302327386385356,1.5508328643851321,0,51,2.0
1.8282525714705973,0.01791401710425651,62.76164861286388,12.084528935420002,-0.005737744710024665,0.17876037914518925,-0.0447306834599551,0.12487110664306329,-0.014178032785946247,0.24779831751553164,-0.05987667463130753,-0.030286012885158604,0.2310099121708996,0.242426291094038,4.709216509322378,0,51,2.0
1.8229106799060224,0.01431412712600358,65.23670834186031,11.07286535247909,-0.0010689895819215214,0.1806027347644751,-0.024834179922061807,0.1221108906336731,0.002166864005666153,0.3085416677363065,-0.06438030601689812,-0.03131175165051673,0.22540343292522355,0.24171795603119556,6.749404708629292,0,51,2.0
1.8245734438007952,0.01841124931232585,65.36900893379661,10.790685418520065,-0.003519286529398432,0.17798562093596143,-0.026207315698996477,0.11903716943607617,0.019733810139929548,0.2986841818538141,-0.0698658927971923,-0.03586539561912748,0.22133920366541487,0.2419384386458073,8.51424647347967,0,51,2.0
1.8289506657450807,0.019944795355618397,61.97665670338799,10.697212602003878,0.008558881523854592,0.18211293717960247,-0.024861882696403007,0.12382905785397516,0.007926740373174349,0.3039510251578129,-0.07844927686799405,-0.04039522749343297,0.22278006978241094,0.2425188583923011,8.139073695440413,0,51,2.0
1.8256697952747345,0.021276045784562075,65.50717926960365,11.214716785158156,-0.0030182166134609897,0.1723330378694029,-0.02411549616897223,0.11300903445404985,0.024900825986383008,0.2821097726255999,-0.0910933091575092,-0.04481604067903884,0.21846311587714512,0.24208381472817506,9.757240019351377,0,51,2.0
1.8227282382693946,0.021027127561465044,66.70133235875298,11.921128657480203,-0.0010070996906827478,0.16440206869683735,-0.03378752145149252,0.09235219956555227,-0.01054561342678818,0.23114801146142297,-0.10232438303186368,-0.04980190454725104,0.2146609760323748,0.2416937643897051,11.184727262447225,0,51,2.0
1.8179371432930815,0.017110039193653444,70.77327518837124,10.534308845061258,-0.015491522337291754,0.16306017616042506,-0.03754833270339113,0.10006257050419956,-0.0037881906564329183,0.2360054955251787,-0.11439389950736864,-0.05187634206866532,0.21257035445502365,0.2410584651974058,11.817925879123514,0,51,2.0
1.8111441158780865,0.012561797217413002,75.21814000840281,7.1622479650057045,-0.0021376628063473047,0.1521303123874477,-0.03336148777538363,0.09728608446985942,0.003543310963055667,0.27188921916463005,-0.12513206809511454,-0.05348211633818273,0.20579239486937548,0.2401577097628064,14.309478103939322,0,51,2.0
1.8220398870168948,0.024640242926649274,72.90680896534639,9.63132298782146,0.010496401940198505,0.1744241751729242,-0.041827853212096526,0.095295123411812,-0.006820610413948695,0.2993616823880725,-0.1357074218138527,-0.05411057385424186,0.20632280444774076,0.24160248913674176,14.602368053018466,0,51,2.0
1.8322505571094214,0.027553251807176257,71.47465891464084,10.720820531993514,-0.01590081508837494,0.17415820369729482,-0.030579544129032715,0.10131152045993412,0.011086806253183121,0.3147845490738259,-0.1465643436068549,-0.05285796874775621,0.20823916709260681,0.24295642375239582,14.28949937753875,0,51,2.0
1.8308875952281205,0.03069687475370569,72.27149225216286,10.955963934590297,0.001870798714020673,0.21697321494475758,-0.020981030374327126,0.09870232388919283,0.00853626660126097,0.31661836062032667,-0.15445564568817133,-0.048251232524363884,0.20454068760206154,0.24277569512856798,15.749108454311344,0,51,2.0
1.8311416109402974,0.030594531131898604,72.39456470807393,11.029453840360976,-0.0003998406669672798,0.21552256356949925,-0.017833204848655297,0.10419342516070478,-0.00032459016816288816,0.30151750611152417,-0.1578814971145556,-0.038583442740623815,0.20506676959791162,0.2428093777287013,15.544131155000407,0,51,2.0
1.8241037241384095,0.026964549065304502,74.82773201605853,8.708558569396594,0.00028893749649618186,0.205656649678689,-0.019610369559742657,0.11395305916576605,0.004533263179017049,0.2681569314596953,-0.15677279035800584,-0.02446009178400764,0.2027078236050552,0.24187615369989637,16.19354760512629,0,51,2.0
1.8182344302242877,0.021862294663890374,75.75717638988121,6.978561823266701,0.00020734355876258776,0.18276008178428926,-0.019193964389463265,0.10175507548390542,-0.010617225230032322,0.2715179156103082,-0.14622196510164334,-0.004960681336246857,0.20385916649416017,0.24109788544672428,15.44547721087035,0,51,2.0
1.8209991010965085,0.01952866235543097,74.39121617522895,7.561315686627983,0.006789444964013847,0.14077212685116403,-0.02372186342436893,0.10724524965886348,0.007611301234539817,0.2583007265000971,-0.12258180118133022,0.0169531924422775,0.2101554307814959,0.2414644809225519,12.966317042338893,0,51,2.0
1.8259338222297967,0.016960981332849994,68.38019978766347,10.774828019106877,0.03146281400147606,0.15209619200527533,-0.039816535023205424,0.10559407671089384,-0.011609458631616743,0.24698276636905767,-0.08440091224156412,0.042363299012126106,0.22155478960290786,0.24211882471224846,8.493364831826023,0,51,2.0
1.8289423602468826,0.01717015616057576,66.90870775428473,11.858784365341245,0.04369265576550627,0.1396388484667226,-0.04439808994385542,0.12178343747325364,-0.020118795803236757,0.2577849956055987,-0.024575429021724278,0.07385169901072765,0.2405164196031524,0.24251775697116645,0.8252333326058237,0,51,2.0
1.8408761503649693,0.025928168242271885,66.5121272498486,12.229643938443408,0.07541961119711107,0.19608348239727458,-0.05905565802080959,0.1383236134179649,-0.05566306623365438,0.2339030252862109,0.05628449933005567,0.10652154217020332,0.26978316668104535,0.24410017765804926,-10.521495424298477,0,51,2.0
1.8651182406088884,0.032922992915364685,67.64264699524524,12.558393262028057,0.1077109473328307,0.26352124709923386,-0.0745911884541605,0.15724638567163324,-0.06038195814471692,0.2926411382987911,0.15503918325888355,0.13944773283488512,0.31609576331827494,0.24731467870737747,-27.811161460529064,0,51,2.0
1.8887317712400473,0.030315421329149397,73.20136506884705,10.767001518111194,0.11853805892443393,0.26721032194635075,-0.06656035360898457,0.26737986743025477,-0.06699253067228139,0.3580613550597076,0.27075208324408573,0.168417136201514,0.37796525344201404,0.2504458328681333,-50.91696640088368,1,51,2.0
1.8888161895321864,0.039713564227785686,73.55200525358612,10.835888700740044,-0.0008744831726539368,0.8688949125926981,0.004738007325167749,0.4192020059728299,-0.0640977053154333,0.5122096857509034,0.3766269395140664,0.17124597185716278,0.3886414417093339,0.2504570266118795,-55.172904097273225,1,51,2.0
1.8720659280524534,0.05797858249833199,71.74897115370807,12.844081068107812,-0.05971732120230502,0.8658544776417856,-0.015992542801826607,0.42667578483540614,-0.007618511205210406,0.5963938270269606,0.4440768698200612,0.1422826090752894,0.37145688838184593,0.24823594204890997,-49.638640285482,1,51,2.0
1.845584132215556,0.059180220085669186,69.70900001245387,13.202203760688962,-0.08661829024626344,0.8448686919862258,-0.02687892239248636,0.4363925816110716,0.005454132808189766,0.6013695319785934,0.4572511148271025,0.09967151698204683,0.3308530715107856,0.24472445604004373,-35.19411866897717,1,51,2.0
1.8218685134368784,0.03713824683287721,66.01341900171018,12.951253791081328,-0.057388500383525505,0.8368755128524844,-0.049212326213498324,0.3785911928610564,-0.002282773893253476,0.6451398621493261,0.4019203174540644,0.05139142436930695,0.28298089942688376,0.2415797647429789,-17.13766661208247,0,51,2.0
1.8245768006525787,0.03803629891130691,66.83067868737614,12.769312387817292,0.031118007504618635,0.2276779829379409,-0.09121635307868321,0.22292062889664824,0.020057540624311157,0.5337877708095013,0.2987165913032613,0.017961263481332784,0.28878377998209137,0.24193888375239492,-19.36228501311863,0,51,2.0
1.833102536259913,0.031034714041507545,66.90775620236116,11.948322534952803,0.014805537347188768,0.2292902433398301,-0.04992750350057202,0.22552122326085577,0.04880184039254399,0.4572239953628265,0.17824958372628566,0.005859003801428816,0.2954052899876088,0.24306939641604652,-21.53125582374107,0,51,2.0
1.845301002848382,0.02539311778964787,65.41881863276164,11.896290564110148,-0.008849450158795305,0.23636359723682285,-0.03214989236428165,0.18215819062963978,0.022915025643419986,0.4117166570315614,0.0793560254069914,0.0015818169705950815,0.29664252333228647,0.24468691285036107,-21.233506065646846,0,51,2.0
1.8507976157992494,0.02348892785525411,63.43203483843336,12.473384920910851,-0.048124995493494416,0.2439389417579283,-0.026082244610377385,0.1522564024961124,0.04392903142919143,0.2851396653907082,0.015863217848663475,-0.00027426434682407215,0.2872508205290657,0.2454157638480082,-17.046605330115195,0,51,2.0
1.8533353834759956,0.0204421798672699,62.53543362430498,11.521065221515272,-0.04233557231468605,0.26729253395950847,-0.02800439700812978,0.16122329865088567,0.0151443275823897,0.28424481117812767,-0.010980076326982465,6.652536010598654e-05,0.26108056133314506,0.2457522719706369,-6.237293042946779,0,51,2.0
1.8560269007495804,0.017565201942900264,60.080346743265785,11.43380318981693,0.00022244573954273672,0.23736423411438512,-0.03783959868893612,0.12796703895620715,-0.008362211322402764,0.2695594178999478,-0.013359961460939105,0.000809766419003733,0.2548127857701999,0.24610916692025003,-3.5364870633893153,0,51,2.0
1.857279831872267,0.02004043771394245,60.56476522426979,10.277351841318508,0.01634741863053219,0.24478548021479463,-0.029804023466639074,0.11526709856552211,-0.00025499535281685927,0.26973837835653475,-0.013229538107426594,0.0006529569188385339,0.25681423909582174,0.24627530570773898,-4.279330141443238,0,51,2.0
1.8629492684906603,0.016953129962697832,57.885039516523776,11.187983427467216,0.03369388700115914,0.24490937518872255,-0.04732959365983512,0.11781245603840299,0.014280473613682404,0.24183536023808205,-0.012946666893398115,0.0005078782218490762,0.256730167030099,0.2470270731236416,-3.927947566136125,0,51,2.0
1.861268007287792,0.01782149715592766,54.4046556856118,12.572060710992238,0.04362156282306886,0.2742447976051649,-0.025420624242328545,0.14715838720455424,0.007590385392426933,0.22058468650674623,-0.0137544470155856,0.0010847094317232482,0.26556642204357345,0.24680413776145796,-7.602094702419326,0,51,2.0
1.8579420838870255,0.02141072224119525,56.07024554645314,12.790711072961297,0.039448949526630195,0.27036451870195155,3.7165121266654895e-05,0.16298740548643428,0.008382776715591842,0.22529460114198524,-0.01219222943979783,0.0020660396209751216,0.2773687172797768,0.24636312032179294,-12.585324019879751,0,51,2.0
1.8502653375560163,0.02276481345652739,56.11957477120792,12.72650913137473,-0.004791651971126888,0.26304751079576955,0.03000508582986453,0.16077171789204572,0.0032712528664691778,0.22007631121485052,-0.012015284618121447,0.0019683783281335973,0.2812045654703694,0.2453451836340759,-14.615889867957055,0,51,2.0
1.842658744723189,0.019125917711326112,57.27245285931755,11.681623034600456,0.01462162199302339,0.25322417179403567,0.0516236396689041,0.15140373605346008,0.0014073044682542484,0.21836217542318367,-0.012292339810853257,0.0008242611919781904,0.28824788993141887,0.24433654954438758,-17.97166263864838,0,51,2.0
1.8403454493073856,0.017281032995235462,59.3802452508141,10.11603460999025,-0.020599232064377443,0.17661167335132744,0.046638271807893816,0.11345322904383824,-0.003893520080429666,0.21956631666318419,-0.011840206246076169,-4.6817297780568455e-05,0.2929985611664509,0.24402980669710714,-20.066710346627616,0,51,2.0
1.8416547553212035,0.013897487099191055,60.20216548209097,10.361705151867806,-0.015090837965116781,0.19271911777670958,0.039027569673991964,0.11278024345066393,0.005514677577451163,0.22258153965252817,-0.013371271988598603,-0.0009847220207236719,0.28413312324028495,0.24420342043264642,-16.351000627631063,0,51,2.0
1.8423190449967104,0.011987297785355,59.53387679305731,10.662382197666304,-0.0023165503425487117,0.18185367489177898,0.022908296872058188,0.18321169126714834,0.005676315211709223,0.24410328494480976,-0.013988507059306187,-0.0014814301255069685,0.2874006769427445,0.24429150536840744,-17.64661096558624,0,51,2.0
1.8416179850989698,0.012267929457394813,58.779747920877796,14.246699958769108,-0.02894382988668832,0.20834482990335973,0.020699205851711918,0.1916966336529063,0.010177718429807938,0.2773469000170243,-0.019783181967790043,-0.0065158339857407715,0.2815311134123249,0.24419854494185433,-15.287793168202434,0,51,2.0
1.8386375781367807,0.011737082660291779,58.21328251502093,13.734457595462631,-0.00484861370504779,0.21171018308621864,0.0254794864746395,0.19301054976993764,0.025766470597362985,0.26842277312585155,-0.04026090302979879,-0.022271763097083702,0.2739542540667902,0.24380334273780505,-12.36689825102626,0,51,2.0
1.840607119833722,0.01292496647266692,56.748630170728646,15.237016999134509,-0.014937636433351859,0.19699400801801903,0.03448379813355631,0.18950981771689124,0.02214478858399625,0.2704344199966196,-0.08275597560333448,-0.04278970607281211,0.2670228053089686,0.2440645040875376,-9.4066530924942,0,51,2.0
1.8453224033117295,0.01737565476253342,58.123119564056395,16.19691696216104,-0.020675989659503104,0.31357870662934983,0.0709510260540992,0.13959950730649676,-0.008731336137279867,0.2661505427320873,-0.15179750317262214,-0.06773501404058846,0.2463749489501924,0.2398919124276395,-2.7024823208695814,0,50,1.96
1.846320442124909,0.023940009956361287,65.25116757785572,12.59277476028949,-0.04393877968301668,0.3338202549444495,0.04988189741932586,0.3985897594510917,0.03399847301782346,0.3092195096527292,-0.22230779009807394,-0.08897898911154428,0.2300301328789414,0.2448220906203214,6.041921177905429,0,51,2.0
1.8457557708024979,0.02803649180951074,67.81887662176992,12.980280820101688,-0.04100764734560952,0.37171417858507094,0.02749010694085383,0.39691446124102314,0.02754851963882353,0.30207604102660557,-0.2886431323943546,-0.10835039965040061,0.20854747339584143,0.24474721508333583,14.790665411726334,0,51,2.0
1.8440230704990088,0.02774255847739519,66.18159603605083,13.773018244757276,-0.06949045552013844,0.384285828658401,0.009044361739035915,0.4028131272431197,0.012605469527782178,0.32889837880610046,-0.3391449118749579,-0.13259239718043753,0.17995521659232058,0.24451745914181602,26.403939733420188,0,51,2.0
1.8371708290834052,0.022371701473887867,66.01657150539697,13.601576078144552,-0.023646933455750637,0.2867813885177697,0.03999375389414091,0.19038628216411316,0.03906852547444549,0.33040792466582575,-0.36957422124816397,-0.15809237948806,0.15838761786334266,0.24360885205894353,34.982815064117936,1,51,2.0
1.8362254164382523,0.022574444306822365,65.05668312661788,13.637785554625358,-0.00869492142844726,0.2863165707036451,0.022654295049826887,0.16032849038130978,0.01096988127877315,0.28808811481710606,-0.3941102965769398,-0.18647744967548704,0.1546748795285895,0.24348349009668574,36.47418169208554,1,51,2.0
1.8339906679648978,0.018788465938809024,63.708079127704394,11.781236254590402,-0.018185874264614255,0.2520070772009847,0.013606320993573057,0.16014292116358606,0.001716151705705652,0.28950685445850927,-0.4149366518461154,-0.2158772368669637,0.14820346259261177,0.2431871625627835,39.057859374320316,1,51,2.0
1.8322686114731956,0.019265061507284364,66.84223120820289,7.776428957922619,0.0013754929543710222,0.23710343463528566,0.04100113080851003,0.14350846832031305,0.008598125010144477,0.25917682366788986,-0.4321938329424329,-0.2460140091627858,0.15450341203734647,0.24295881799655256,36.407571739364165,1,51,2.0
1.8398632661384695,0.03461806344757933,68.8093593821806,7.9632678370730385,-0.029711850224902817,0.3029042050405706,0.05426580133829631,0.27479603319923324,-0.0034003474877453317,0.2805660796202922,-0.4444461168503,-0.2806736114339686,0.15929539466557768,0.24396586895667344,34.7058687566385,1,51,2.0
1.8385763986437929,0.037906434695799913,70.05550916522157,7.680748030868508,-0.05491766021313036,0.30655271120798583,0.024828445568096404,0.29388280929648003,-0.01071386084910117,0.29462067230592787,-0.44217533956741284,-0.3163371540592943,0.1506884283475128,0.24379523046014456,38.19057572902468,1,51,2.0
1.8306347385925406,0.05374604954158991,72.30121179188,8.133109599138562,-0.06940174051651768,0.35863896118629035,0.032548319511846,0.31841184598377725,0.009311156986536933,0.29355600376279245,-0.4354513979927484,-0.3436855051985572,0.13526601894482407,0.2427421664650486,44.275845884278844,1,51,2.0
1.828644154702916,0.05593161712805655,74.44854550268136,6.527383457562747,-0.049075548993606194,0.5197619969425482,0.01706736980407846,0.3725411419647772,0.0035709537127438713,0.287518625265627,-0.42503505491291005,-0.36281971077519737,0.11632789027212057,0.24247821480017104,52.02542613241044,1,51,2.0
1.8183973831873315,0.04320147710709472,72.7570195759044,7.393768005402485,-0.029156793347176385,0.49191274002505525,-0.006206506644101704,0.29564994329021393,0.006559095108041577,0.23533349098787537,-0.41483241243362384,-0.3728371720645791,0.10098757949173912,0.24111949301487462,58.1172064402486,1,51,2.0
1.8175964992420346,0.043363098811643165,72.361371958957,7.245542041679523,0.002631516579319449,0.5533386008290214,0.005134203818206694,0.3157423518077592,0.03151438618991889,0.26282614602022913,-0.41098717404486657,-0.37787043227529993,0.09773012442453062,0.2410132959192578,59.45031826905047,1,51,2.0
1.8147974893742918,0.07071843972405345,71.92431677322762,6.485840821941023,0.024430784305521085,0.6953495103125754,-0.026904440576247142,0.4928119672773125,-0.00011164366322405199,0.3797066252181953,-0.4071978986792086,-0.3848988860439674,0.0993841028954373,0.24064214700760012,58.70045869716311,1,51,2.0
1.812985855866881,0.07270073861542413,71.27556213911842,6.408601944984894,0.06773513299869556,0.6609670528182442,-0.06308755318762041,0.5500831137713794,0.0321254315329533,0.41674505222494895,-0.4049293518331117,-0.389412429471171,0.10271561791046853,0.240401924530853,57.273379524344826,1,51,2.0
1.809618258593129,0.07149208044822412,72.99248007465812,5.20343687219772,0.0505571531168386,0.6659700056724277,-0.058159275382172824,0.545703415051356,0.021752775153693032,0.4144342628233837,-0.404327483082417,-0.394514545140195,0.10084177649756651,0.23995538125307428,57.974780156644414,1,51,2.0
1.8149661860045265,0.07408142023558814,71.95464127437741,6.669355928807499,0.061464138913388346,0.6307053881890827,-0.06431645582265713,0.5244656633170806,-0.007235854864120483,0.3819135660039862,-0.4072207472290514,-0.39390069232536257,0.10471599054922041,0.24066451618743726,56.488811808191855,1,51,2.0
1.8274293311086356,0.034362468167518756,72.0673572806751,7.938013532484608,0.024545706772044592,0.4249243844741358,-0.02034808903494302,0.3563926476678591,0.017447897625685323,0.2793090819091086,-0.41320378768348714,-0.392780179095741,0.10616776106657456,0.24231712931326085,56.18643990729857,1,51,2.0
1.8165066134111554,0.037636980272642895,73.73576583348068,8.126858143406265,-0.04025697536474349,0.5004218192776959,0.04659531568633575,0.1929356739207093,0.005093038419955501,0.2353260848298593,-0.4152045226735624,-0.39497833273194943,0.11079853658929353,0.24086877707018375,54.00045703847729,1,51,2.0
1.8155605852896093,0.04543529402232507,72.81883974870046,8.968386605646192,-0.012795956440123856,0.5521337049368525,0.013903449819076295,0.35601312066376345,0.005906113049051925,0.2576595800964406,-0.41294232100001527,-0.39921708804579786,0.11786270442643906,0.2402829475908371,50.948369158871756,1,51,2.0
1.8065028741371398,0.060976564567091995,73.97119896084655,7.882660196123573,-0.01102620834375129,0.608009048574563,0.03698344185364013,0.4106590347179247,0.0014170591317701573,0.26049979943821794,-0.40584013315848144,-0.4077400347903742,0.11602778814250894,0.23908189511898573,51.46943766496226,1,51,2.0
1.80351757112087,0.059629567362440995,72.45699098998425,9.077632490167163,0.022135039681897443,0.6553345653210195,-0.001273501226130654,0.4523367307306905,0.010912554667276494,0.247159654919953,-0.3943398962758781,-0.41677063198798114,0.12000769005986484,0.23868604417474473,49.72153044188631,1,51,2.0
1.8193006405935568,0.056888449502518965,71.60844409232045,9.47758805387019,0.03307063957931949,0.5487530257156868,-0.0204486967447926,0.46378922216812024,-0.0054559412540174,0.273722467109133,-0.38805652609233526,-0.4236656169848337,0.1199240668436896,0.24077887905366682,50.19327803375979,1,51,2.0
1.8209126425140045,0.050946538095800034,73.26273530137306,9.119298133852677,0.007399241695655328,0.491209709426747,0.03196674658387315,0.36884380494852786,0.007226100374086231,0.24484428516174744,-0.38510944436655653,-0.42642035553942453,0.12152585114265665,0.2414530162976955,49.66894470565513,1,51,2.0
1.817978808108498,0.028251877122258764,73.11518370637707,10.84063848874699,-0.04493518087866844,0.4113260822556976,0.0509819786484335,0.3586708075273074,-0.012534369915431621,0.2504724625962353,-0.3784278429154848,-0.43368374460658726,0.13159673504259004,0.24106399006774865,45.410040294443775,1,51,2.0
1.818285071090156,0.037064908527425534,73.38865644557804,9.591075305759073,-0.017343511348407642,0.32153352007182523,0.026881052655916587,0.33022416727315734,0.011555640392151534,0.26062967033806583,-0.36823067813135407,-0.443689873937539,0.1365417830132278,0.2411046005481372,43.36823822407037,1,51,2.0
1.8120970930538924,0.03375107985511902,70.4170839880027,9.995868262424974,-0.002126520627415648,0.27694737046885204,-0.008742848447724884,0.31728190280150687,0.004950976656640277,0.25232004646072004,-0.3529236367555502,-0.45598128916423936,0.13869792088208174,0.24028407442021557,42.277522463048086,1,51,2.0
1.8118785646031885,0.037962505716933694,67.33694025581958,9.519635643724799,-0.0002651581285046596,0.30925411230527383,-0.021702065844746196,0.33917195459752875,0.01712046107094662,0.30775403678709673,-0.33973351799055573,-0.46884830341523803,0.14105125129601442,0.2402550976755994,41.2910474488801,1,51,2.0
1.8120415578870213,0.03521131263286442,68.43213789837033,8.74566145731552,0.030335363219766057,0.456191866130905,-0.014938221769590004,0.5060669659021171,0.01742557319355946,0.38876664509566833,-0.33225714141528345,-0.4764598893252245,0.1364724898014219,0.24027671070187515,43.2019485355986,1,51,2.0
1.8170714390044118,0.031355191565333874,71.72659111022949,8.366718502713718,0.017121709883213043,0.49970373037249866,0.04719296061232978,0.5177663430552447,0.015321376423041025,0.41728928788301395,-0.32566864378792076,-0.48259464343744735,0.15249376296209483,0.24094367269337053,36.709787288682506,1,51,2.0
1.8190367347469516,0.031104385124510213,73.85298738292619,7.596797146563455,0.004377763718366623,0.49009072514115043,0.05930520561249817,0.5064552777673211,0.009659492063756082,0.40145866631870214,-0.31135543855493963,-0.4942899155473388,0.1725519475808892,0.24120427102768147,28.46231667220912,0,51,2.0
1.8224723210521774,0.03237806109546283,76.33477606492885,5.309429914172026,0.02528717785197146,0.550717720693758,0.027017793490314017,0.6134015522976413,0.015423139228540309,0.36717504522768557,-0.28893273962265054,-0.5091787461384488,0.18880449632953758,0.2416598298949882,21.871791264778494,0,51,2.0
1.8283136992477904,0.025902913923295343,77.08556723127178,4.729206956242732,-0.025228672533058653,0.41992413210056867,0.06622705290860989,0.46272080889220146,-0.021229023734728496,0.3227956189579808,-0.26087900278107246,-0.5286573584150281,0.20541098205212732,0.2424343964124271,15.27151877298627,0,51,2.0
1.828771192945686,0.028717861838617388,74.42256437797172,8.901038529953983,-0.0018253069480552392,0.40233133669875903,0.0304549045349453,0.494449839606236,-0.021880675180285584,0.4118348977054072,-0.22677415332321638,-0.5460728926239047,0.21567882490839307,0.2424950601856735,11.058466616494279,0,51,2.0
1.8293566893713147,0.03582931605594434,72.20406832882003,9.560804176152743,-0.002867420459640961,0.4683630102720523,0.018547495425331826,0.5185930413904393,0.018622986607107463,0.4318917679717933,-0.1970919123366283,-0.5579879091060985,0.2212662533118756,0.24257269713994042,8.78352925917838,0,51,2.0
1.821482117561733,0.03532408184323484,71.86990684621475,9.750481170334284,-0.03574547516729902,0.40381619186637285,0.08411909413396143,0.5962374598064883,-0.027713700033286038,0.5452560635868776,-0.16931141062641197,-0.5670608223255298,0.22090288997352478,0.24152852867209304,8.539628346169536,0,51,2.0
1.8255732129601872,0.03715001628493394,68.94560306212482,10.894805358029483,-0.00614537015630334,0.4482232532211773,0.020200766623020172,0.6734073875829996,0.03553607585091217,0.6241427416925458,-0.14285320396002282,-0.5674621763288488,0.23018008480141716,0.24207100804708256,4.9121633117471974,0,51,2.0
1.8239229213373334,0.0302702665027211,69.38373149843777,10.255359346734146,-0.03517348626080681,0.39383906041258326,0.029949187575017706,0.7098462198330479,0.015292105648447485,0.5948969072747405,-0.11641587226254588,-0.5672247900840214,0.22505789994157913,0.24185217949742896,6.944026549915117,0,51,2.0
1.8186939983975654,0.028518119139759466,70.64939279182285,10.131344752272453,0.00837107572485419,0.35415606306681535,0.08544672543511671,0.6990262323048808,-0.004611783898344227,0.6024495944381875,-0.09338433909214848,-0.564231896773115,0.22593309740129072,0.24115882407919562,6.31356813752949,0,51,2.0
1.819868742835288,0.02305790328737578,69.87276050857469,10.16832549824865,-0.004228342616674947,0.3044438356859136,0.003454372871155832,0.6502110381638296,0.05428714071418725,0.5047683093624887,-0.07060899169575391,-0.5595118484610648,0.22596288108170287,0.24131459530339627,6.361701496916183,0,51,2.0
1.8127884803449406,0.01964306398444375,72.09261671000836,8.863525595475195,-0.004973084830185946,0.2703162336094529,0.019539395822029487,0.5760447385587475,0.006150204030906453,0.45743478643476054,-0.05192078863545885,-0.555777112855055,0.21813971418020803,0.24037575261368932,9.250533047406439,0,51,2.0
1.8039896932302737,0.020705172649387704,72.37077664627748,8.143612213433416,-0.03935133117963286,0.25991392085817877,-0.006820219915871527,0.476574094282077,0.014899202786824283,0.5062106010555353,-0.040060025901995366,-0.5486807467502443,0.20902680452810982,0.239209033205797,12.617512086895456,0,51,2.0
1.803639246844778,0.019024239484646127,70.43955868599461,10.068513635535334,-0.03736038615598398,0.2757508219206044,-0.0030184416648219616,0.33415381661553173,0.016783449068373323,0.4989705655141377,-0.032991196356014454,-0.5404871852319617,0.19620644621485,0.23916256413073714,17.961054261153254,0,51,2.0
1.8073512572868198,0.021946664596309184,68.2472121481802,10.300782688210502,-0.013218677803581836,0.3088283461571663,-0.0025395605640084135,0.23187584042347664,-0.024963577515354343,0.5097391076793029,-0.03056438686506385,-0.5345763028113979,0.18658596963248048,0.23965477683894193,22.1438553850007,0,51,2.0
1.8019685175488978,0.023878621127950257,67.04781871449714,9.868297795435183,-0.030294194781020575,0.2948798991949883,0.01237910759507441,0.288102518542302,0.01637500926267867,0.42001990694515307,-0.029288991310744913,-0.5297244190636746,0.17708979704814015,0.2389410253195523,25.88556242641641,0,51,2.0
1.8079782969811384,0.02401742779177038,67.19343676052841,9.865517775309192,-0.01679794926780696,0.33145642538124603,0.017621886715585112,0.2758189212690322,-0.0044662156233600545,0.3926857887334405,-0.03187191866958106,-0.5272911055659826,0.17783275923988218,0.23973792219027573,25.822015301050506,0,51,2.0
1.8036569380292706,0.023471551825045126,67.7660013811261,9.24067002217475,0.015915556628183992,0.34312848673187013,0.01603473722934723,0.30655110828878845,0.022750565964801638,0.3974718476107089,-0.032649308737050665,-0.5263140202758679,0.1779206051311593,0.23916491010429333,25.607562976703846,0,51,2.0
1.79831108918377,0.02041441114931432,67.84345371115441,9.101987216324515,-0.014269254133835728,0.2886575874457409,0.01589027733779421,0.36438650393008326,0.00280973169149137,0.35541731722155395,-0.032440607952539724,-0.525473577572024,0.1784310820221046,0.23845605031149156,25.172340232498712,0,51,2.0
1.7988507773946314,0.019759510447626628,68.09804510836507,8.688908509912517,0.0004508644890259294,0.2957613752224046,0.006166107368235495,0.3765591470501948,0.013216638681935329,0.38262506215661857,-0.03291875043401378,-0.5247869512691562,0.17708215624190718,0.23852761296385305,25.76031175529243,0,51,2.0
1.7932290677346436,0.015635105755388307,69.18279392345279,8.455008509028076,0.009306972298552008,0.27245877758926357,0.015449751533713996,0.4525797161336089,0.028011312379556542,0.38406838936047294,-0.03151487766666517,-0.5241902689879702,0.17408715371149797,0.2377821744915678,26.787130244840363,0,51,2.0
1.7920279137644113,0.01919305543557388,69.9503489148383,7.766688178611578,-0.011170359547523892,0.22708461164761465,0.010333669609298893,0.4958834475788619,0.02597975234190623,0.37066893632723535,-0.031160218808120296,-0.5230212061951379,0.17784439899034196,0.23762290148478354,25.15687760772064,0,51,2.0
1.7957112961540036,0.02198806539201194,70.45851995196998,7.204554931947113,0.010898852300848447,0.2321017389104283,0.028387281897605633,0.4662474686208264,0.022117223225387873,0.3836862488588761,-0.03151502385542787,-0.5220864990054431,0.1841676985717285,0.2381113177602808,22.65479007716055,0,51,2.0
1.7969759451408012,0.024256962773036073,69.72078759530011,7.507999802030638,0.013365688258964642,0.2438459854425234,-0.011356149599248288,0.4130284618691762,0.016151480595855153,0.38424476136876895,-0.03255532551158451,-0.5197790976550716,0.18241133532500153,0.23827901033811416,23.446326612586343,0,51,2.0
1.8010828121035707,0.0245293477274238,68.1256492769017,9.257141890229098,-0.009222318418323994,0.2317703648922251,0.030284051363374673,0.3583712002457493,-0.0008002150000310412,0.3442411013793815,-0.03609967669532602,-0.5183490719571953,0.18401042028229006,0.23882358101569406,22.951318500580562,0,51,2.0
1.801722157235239,0.02324670775428913,67.53496591016358,9.740560149952522,-0.007799648825882697,0.2541356264247713,0.029798290600963666,0.2860936130083001,-0.015953934879279603,0.3295459782924344,-0.03746262290905631,-0.5157301623221211,0.18873400213040264,0.23890835794958568,21.00150712591261,0,51,2.0
1.7959041843811672,0.022323475226372794,66.36299115770004,9.803582979223464,-0.010025768321664894,0.2379875940751189,0.02738336020824956,0.2734289685515926,0.012155171045485665,0.33291212260298614,-0.03981898031614522,-0.5119948584466522,0.18413343810922964,0.23813689485951403,22.6774842185387,0,51,2.0
1.7961046035383261,0.01868970945667758,67.20698842347836,10.257648497915854,-0.01079065011193355,0.21990564230987925,0.019895802525913015,0.256189719008082,0.032904828734257645,0.2640716311668883,-0.03988524750994854,-0.5094899898508349,0.18559348183689642,0.2381634705511338,22.07306964102649,0,51,2.0
1.797238722151401,0.01896634170612662,67.73795095144534,9.487963784769647,0.005002997979960021,0.22746004076133675,0.010637610128112868,0.2191909335918166,0.019110044939260856,0.2716011752419393,-0.03969118186793161,-0.50863415883976,0.1845646487066714,0.2383138544422709,22.553957620881704,0,51,2.0
1.7959182049129523,0.0162452390818351,68.0510463176989,10.23940135563168,-0.002696615643799305,0.23346695079893043,0.022965593811343697,0.20096985850158156,0.028110109050484264,0.2678703304350964,-0.040217407558319374,-0.5077870645150291,0.18092861925404416,0.2381387539706855,24.02386581886786,0,51,2.0
1.796860358878678,0.016082967009947897,67.95175558912987,11.372667035531322,-0.015628680805949605,0.26196781128835905,0.0016392999712158652,0.23528227080481995,0.007397743051542956,0.27567733119092874,-0.0390108394062379,-0.5071209064861085,0.17960883218637494,0.238263683706074,24.617621371143017,0,51,2.0
1.7981883626358182,0.01617584843820464,68.1865775865667,11.39391584215977,0.013526144419230666,0.2440305585184134,0.0441769878653919,0.24158021633394647,0.007464807334483839,0.2618975926304923,-0.04021198123684516,-0.5072714202981605,0.17597153310620273,0.23843977677495468,26.19875111177906,0,51,2.0
1.7958714465300243,0.014125388433794326,67.71089758125007,11.782936839461723,0.0048727320835870854,0.23791590968887114,0.045313626089516806,0.2819808231631021,-0.0049865135521281,0.29971083442076374,-0.04044124405146081,-0.507462024405754,0.18038946123129174,0.2381325538209341,24.24829854764956,0,51,2.0
1.7938077218976676,0.018974443331178377,69.34455821093391,11.16364823170291,-0.007259680433016198,0.21076666427376747,0.01285947421017815,0.2935798636640707,0.024816989752591823,0.3341272475892821,-0.04071194375859806,-0.5063550876513939,0.18222265576836294,0.2378589040450603,23.390441699066077,0,51,2.0
1.7929276128609974,0.019384200961742516,71.46403827386744,10.08106498375015,-0.00475947770710085,0.20058460228229907,0.037252936439186916,0.27154142685113625,0.008253784010223314,0.34087045865085147,-0.0418290260366672,-0.5068649293211768,0.18114576914447206,0.23774220135039287,23.805799679000607,0,51,2.0
1.7906655079009486,0.018935152177596202,69.62168316981372,10.743077401297969,-0.023370501968790505,0.21531423618043247,0.025931727944635878,0.24468373073527927,0.00013989991709297778,0.3555602484639433,-0.041993259169218596,-0.5070247352631021,0.18014894473310572,0.2374422463471932,24.12936303268962,0,51,2.0
1.7890614583796145,0.01876518248009981,71.20415181973401,10.549318560411965,-0.020897547696150987,0.2384582623687202,0.016895960212922563,0.22095761134438155,0.022262892959749,0.3701313090339826,-0.04208733927225736,-0.5074607445116387,0.17844836042331283,0.2372295494971862,24.77819023745631,0,51,2.0
1.79054315125241,0.015105896746234618,71.37730474098056,10.119721639717268,0.0022308202643020482,0.22962380682033515,0.017936231385843427,0.22061085312308973,0.01701979821219164,0.33300759960011755,-0.0402397256000158,-0.507293522887554,0.1782550271932921,0.2374260217425881,24.92186581530135,0,51,2.0
1.7919984518312941,0.016123729029819463,70.90237140655518,9.654202149370104,0.006173183082365522,0.21227515471394467,0.021178117204530566,0.2199147449647308,0.014607317818730486,0.3108685438986874,-0.03973558980571765,-0.5080200500402389,0.17534894238033827,0.23761899471953016,26.205839483788473,0,51,2.0
1.794113575535662,0.014612328669562368,73.12045251855663,7.44915415319568,-0.010243180774006188,0.17947404962581096,0.025546622407786986,0.26418036727895594,0.0019729492418906268,0.2888427169983407,-0.037123041482860476,-0.5078264911643883,0.18342016280540832,0.23789946023745692,22.90013494678409,0,51,2.0
1.791361798842748,0.016325512199986177,73.0749585722007,6.8916582204840156,0.007101200667082095,0.20184255387203354,0.002337229091162775,0.25096540242043575,0.025628885802100685,0.25674112530544374,-0.03321220506269465,-0.5048566960660267,0.1810186856922273,0.23753457441481643,23.792700015069435,0,51,2.0
1.7924648622671764,0.015394082214757878,71.84649626647725,7.106585329424752,-0.0008672171948002834,0.20536197326091563,0.028031334573147344,0.25555303534484136,0.011345459476989858,0.24367590737489458,-0.031214525112461505,-0.5032053783592388,0.18100357957905988,0.2376808407416956,23.845952827233084,0,51,2.0
1.7977273434984917,0.028492973024351574,72.72259941755557,8.069833178349219,-0.020414837873449512,0.2431554739376823,0.023835997809382045,0.2634263298394283,0.004670422012899436,0.25425214248151484,-0.029443325087306682,-0.5004675956504901,0.1893262410240787,0.23837864586158286,20.5775163543747,0,51,2.0
1.796315681700613,0.028725370708620444,72.59349044397766,7.935161048228484,0.006636892317556867,0.2501480630340175,0.0046892713244054834,0.23555853046416586,0.024440225871170267,0.23506975154537876,-0.026447161129928207,-0.49704297857898533,0.186377222663155,0.23819145927661853,21.75318828425756,0,51,2.0
1.7987921445393096,0.027608183004650483,70.93163590337716,8.732017500075859,-0.009013841257375829,0.22185605812996592,0.01123492821466689,0.25764605960912823,0.017850990096728008,0.1942242879394383,-0.024934863913248426,-0.4941428986666036,0.18494984476502008,0.2385198382511074,22.459345050238642,0,51,2.0
1.7974060642368652,0.033189677415359026,71.09425284114539,8.574949165422998,0.014905683550180173,0.23808305832045182,0.015249272698865217,0.258202957944387,0.017775243330819934,0.21021799236179184,-0.02382805099031654,-0.49165187587405274,0.19470823134258264,0.23833604422887272,18.305167826144896,0,51,2.0
1.8018594293617736,0.03420037452179354,68.38243951984481,8.693766628544488,0.0016638512412707012,0.24487665271067022,0.0021623797422530605,0.24661843195678823,0.0003688314235677906,0.2138524138763216,-0.021907675258458974,-0.48821512789006904,0.193680863361008,0.23892656043979907,18.93707296313394,0,51,2.0
1.809197325332492,0.035045250848236655,67.53343506887848,8.9470697886586,0.00017139724656647327,0.27279161298821275,0.03925638426752651,0.26103697561884254,-0.0015441387453499962,0.2589871243982194,-0.023427102798231438,-0.4868487326428462,0.19379664206106764,0.2398995652083716,19.217593457186954,0,51,2.0
1.8167634059985478,0.034648487282372374,67.0010650134554,9.157260760835747,0.01156788684573828,0.316473796299153,0.02267419240053962,0.2180520925415972,0.00836565966407458,0.27069395644106786,-0.023690030088008695,-0.4853282889322887,0.2046924561459301,0.24090282761894966,15.031111021368194,0,51,2.0
1.8254136077913583,0.02610894108418864,67.26162511227177,9.130121778285957,0.0010087503229870515,0.3445207880494499,0.014010382341403588,0.19786164884473711,0.005839850826590669,0.27231026226432475,-0.024277632762518594,-0.4846785092123943,0.20860640804921995,0.24204984450836703,13.816756018610466,0,51,2.0
1.812521979212761,0.026411068990839025,68.49450589862525,8.769472835994923,0.009336831230743258,0.32579444941896557,0.06043843355248956,0.21311019322341915,0.02332700452968186,0.25365024437471,-0.024447024435666403,-0.484810243571794,0.21052284642831404,0.24034041432982275,12.406389489114233,0,51,2.0
1.806256107547704,0.027913493742739666,70.99999738440795,8.937405402385872,-0.0331905662429099,0.26885455397335767,0.010194601089346642,0.20378432489536175,0.024456900562725814,0.2394626785430624,-0.02337296419133488,-0.4804916558269389,0.21055912366941035,0.23950955986016512,12.087382318959271,0,51,2.0
1.8025641870849274,0.02849498154872333,70.63003146648407,8.069946643137232,-0.012094692272298476,0.2505976717325312,0.027184901941640704,0.22201458425818482,0.01220366891984846,0.25056228784946677,-0.024699419214980905,-0.4773671224221126,0.20561484534047506,0.239020011325399,13.97588670491967,0,51,2.0
1.7993395027576709,0.028998273136105767,70.95978816116558,8.011343937171944,-0.011629933747006398,0.2016680108779647,0.04026765392764526,0.2437936708210362,0.03654091505735528,0.2528885785946528,-0.023034760024811012,-0.4736028707868864,0.19569451947580355,0.23859241794826616,17.979573215844656,0,51,2.0
1.7996362254900091,0.027287368122105367,72.8514653374167,7.464920279069162,0.0027858349038105386,0.18593656444442982,0.0016056632476986624,0.24465941931287408,0.028301152784158203,0.24438449040198423,-0.020956294916188306,-0.4708322384686549,0.19882785868040714,0.2386317634993666,16.68005308063908,0,51,2.0
1.800284492911077,0.025804831092743445,71.69614085262897,7.3670880966309,-0.011017997183051765,0.18492903013168607,0.012799854536412978,0.27214500353425336,-0.016719977974015122,0.27569293308319004,-0.02129218767807033,-0.470991724743629,0.19399824921032932,0.23871772387979137,18.733202521644753,0,51,2.0
1.798749225396736,0.023160013180977098,71.46214728028167,7.837829878667475,-0.015156666364739923,0.16779868079008714,0.026852168599326237,0.291228099345576,0.010830807736983486,0.2720564633633878,-0.019075077794345932,-0.4694300258014715,0.18429919208253634,0.23851414717214722,22.730289055131525,0,51,2.0
1.8032718861804289,0.02708683999961175,70.13407851200478,8.18443661946113,0.003590474160862904,0.24672021205846,0.007399139451045616,0.29140127786697856,-0.009588815600556485,0.2866971968690638,-0.02110433483847863,-0.4702776912543648,0.18684237459969094,0.23911385211202008,21.860497436945224,0,51,2.0
1.8091801361126059,0.027290708473484162,68.64452900839787,7.341079300619225,-0.021120744300823585,0.2668706633416813,0.00926032180295271,0.2971507333093303,-0.00044180613522436105,0.29426671620729644,-0.022631646094516372,-0.4692618099182946,0.1874369284914634,0.23989728617398615,21.8678412412201,0,51,2.0
1.8113334494478561,0.03482174902654718,68.27799409043556,7.526662949096512,0.0068420262130744315,0.2959156298959459,0.04645537059096729,0.2542002724133061,0.029456462857185627,0.29269167909822913,-0.02320643204191629,-0.4691721881671386,0.19338973253343034,0.24018281529735114,19.48227757510046,0,51,2.0
1.8083479769674002,0.04073827789782486,69.49185628517002,8.605290076608695,-0.00658167681346337,0.31058046080092333,0.01713177751676709,0.23414849327442452,0.009513898843935891,0.30857953010398864,-0.025104420065108934,-0.470488219490704,0.20199018494298399,0.239786941761459,15.762641843973046,0,51,2.0
1.8067783532189388,0.04081472517218335,67.83972268712287,9.29894111711957,-0.01849458478025946,0.3086547049554076,0.009447603577784463,0.20753259449045322,0.030328743963264952,0.340136129724558,-0.026762644293233197,-0.4691595526938334,0.19883735569305785,0.23957880976308132,17.00544973502146,0,51,2.0
1.799781963521359,0.04167996070912227,68.70473239234849,10.407534683931159,0.017737685227949246,0.31017613396772986,0.027687075054820848,0.19046075388277103,0.023332999617445702,0.34103229216153547,-0.026313164361781223,-0.4693041339417863,0.1929826674990372,0.2386510882574728,19.136062228706642,0,51,2.0
1.7938958856404996,0.04273746993924141,68.69442786889918,10.986103568978814,0.02194605110322728,0.3569342638142927,0.01621759960464403,0.19942264102711563,-0.006211815694091367,0.31465188433669417,-0.026166488786849438,-0.46880576389215023,0.19752329906715005,0.23787059443937592,16.96186763534946,0,51,2.0
1.7929450913387186,0.032664429446294524,67.78512792727527,9.975267238985147,-0.03812269598026486,0.3240014590767209,0.011631635638574759,0.18797221996350694,0.008843768643690091,0.29341018123755397,-0.027198464174184714,-0.46856455037071354,0.1926565290461135,0.2377445192270346,18.9648915262119,0,51,2.0
1.7927088077161826,0.03199254269808345,68.50251335022496,10.505464327700759,-0.0038882345143778653,0.3318446296915112,0.021886478324292923,0.23411925183017718,0.004215211589254585,0.29248476805457413,-0.02691184183663614,-0.46924207517743266,0.19152998370303453,0.23771318779405715,19.428120298918138,0,51,2.0
1.8001751955233367,0.03352653194845949,66.57407298742557,9.245232641458008,0.004914577575583084,0.32210778160258,0.015531778280787608,0.22843276438218268,0.014439893886446953,0.28525646330706145,-0.030753882956434973,-0.4709218622206291,0.196413855132845,0.23870323092138598,17.71629802634237,0,51,2.0
1.8053998888707627,0.022303729292502936,66.60998471811706,8.334900995086278,-0.022323631078881377,0.2595081122720504,0.011177412709038631,0.23873284922962323,0.00517791874852835,0.2789108299552891,-0.032748994491856254,-0.47284023484139576,0.19743618086481257,0.23939602538843974,17.52737726348792,0,51,2.0
1.8085630273117739,0.021539113238139052,68.76687400715024,8.118716043437338,0.010011397283889499,0.24839858611775778,0.026623962173128828,0.25590262812681125,0.009079882802039968,0.2943760120428241,-0.03248965602444749,-0.4743733229001902,0.1976749155112731,0.23981545731455967,17.57207073938187,0,51,2.0
1.808756541095528,0.02233503347728514,68.98940016709122,7.373154254238927,0.0029850874698775657,0.2273038135089731,0.021897429143827335,0.22268369977864091,0.008818286744987263,0.24576926080013284,-0.031161279242304506,-0.47484972119626545,0.2032755285460868,0.23984111723292909,15.245754818316026,0,51,2.0
1.8054743601995356,0.02497697372713428,70.1741238154617,7.266577971374106,-0.022343473572868342,0.24035072420350329,0.0029672359609428573,0.20800436349789764,0.02407718048084016,0.2842694753145372,-0.03003519046742849,-0.47419668995114306,0.1954393400985645,0.2394059002760808,18.36486073518424,0,51,2.0
1.8031074436856251,0.022174906933826868,71.10671064666673,8.931054742486966,-0.015096608065433946,0.25509932982542455,0.03686013691784704,0.22294954407545,0.01365714916484613,0.2826423682131427,-0.029507863188055,-0.474464308719191,0.17967008806378618,0.23909204713693905,24.853172568771875,0,51,2.0
1.8003853065710442,0.023203352453470463,70.10098107188355,9.498145572333632,-0.0051870569586753845,0.285815728378868,0.016410352771773058,0.2151843197905438,0.009600502183186073,0.3065956786479343,-0.030014212815272452,-0.4752857257490893,0.17914336187296193,0.23873109152136932,24.96018816345652,0,51,2.0
1.7992590893717373,0.021124778750207077,69.4625863421197,10.022039555367156,-0.031037878646862273,0.275603367203935,0.01512419450662884,0.228490405928875,-0.0188559078812307,0.3132589136663951,-0.03148427008483877,-0.4760151790488806,0.170611423087274,0.23858175524336414,28.4893252154832,0,51,2.0
1.8010816857510923,0.01835071966769327,69.34200750846489,10.628628995646082,0.004568513208890662,0.29034570461507764,0.02945729888811269,0.240300918852019,0.02664541425731252,0.26561009124341084,-0.031198342611252133,-0.47643875116520384,0.17770836368382167,0.23882343164886044,25.59006356415463,0,51,2.0
1.7997002204259236,0.017995013091785864,68.57103631309434,9.83351285980482,-0.005530734546482563,0.2648127028273602,0.021223168121650815,0.212294309297166,-0.006388311365655824,0.2887364243523613,-0.030218819879058924,-0.47836858999112486,0.184328082734842,0.23864024911501436,22.759013444541043,0,51,2.0
1.801796111113885,0.024667554416857074,69.15537356395348,9.86391654093117,-0.008818231157812417,0.31393081707127907,0.02694971504730775,0.25687546822028073,0.007424861265748155,0.31490710701102803,-0.03088381980256675,-0.47938207551172346,0.18609618593263022,0.2389181643450364,22.10881644650623,0,51,2.0
1.8022466360353957,0.02598453107488061,68.96874021782594,9.491276075479258,0.006189145622592347,0.3061617574447742,0.028421010123565793,0.2691635335008701,0.01708057712690503,0.2970061999029542,-0.030406443028523862,-0.48064022794681144,0.18929927133784294,0.23897790406616792,20.78796067881239,0,51,2.0
1.8027774279608446,0.02716771710518087,67.12176067688885,9.618513783288927,0.010577525176546154,0.3635974602653279,0.0060169201198161815,0.2596688693708478,-0.00822921929990544,0.35018498864894815,-0.03131765024166294,-0.4824619998164425,0.1959646805212627,0.2390482868341497,18.022972213466705,0,51,2.0
1.8058637272493512,0.029650128372344195,66.78986291791878,8.516472897855731,-0.009135733294647699,0.37015522038763005,0.01132815917406012,0.2802020774707345,0.01703718940124792,0.34345309139546626,-0.032628855691989,-0.48283686240552065,0.19702749611508016,0.23945753023169125,17.71923149610588,0,51,2.0
1.8065717646888657,0.025008480861960884,66.46854209666158,8.417254990384022,-0.0006223071421332219,0.3304518391285992,0.009706281947300714,0.27455586596563114,0.014623221886508605,0.30703951602669527,-0.03263025467571048,-0.48419425241406283,0.1959492194738115,0.2395514161021265,18.20160253601938,0,51,2.0
1.8071158464048422,0.023938676519979083,66.08741368966945,8.38723519775721,-0.028032537467558596,0.3242709449922332,0.009421812936517537,0.25532046767579947,0.0027638498474569883,0.3447339368216721,-0.03365442267603836,-0.48647370801129497,0.19213335866663295,0.2396235611062416,19.81866984213334,0,51,2.0
1.8030266335197525,0.02672390427632118,68.25751821200053,8.767226370354743,0.0015101608929826932,0.2625640361125703,0.03673075623445067,0.2722166234742909,0.015122005752488678,0.34198900049760206,-0.03343810140399159,-0.48912391110656944,0.17642866143626967,0.2390813315920262,26.205588591362073,0,51,2.0
1.801822284273073,0.02614094268718385,70.50764045060849,9.155404048477223,0.000964359106386409,0.2595656210385852,0.03769799701723398,0.2649617288855328,0.015772503417204407,0.3129842498114593,-0.033689202177040786,-0.4910151129749841,0.17960658226503357,0.2389216349983062,24.826153869947,0,51,2.0
1.803534841128424,0.03367331788483573,71.25806559067146,8.973024051048604,-0.00663591581670677,0.25650419092900095,0.03539226313724237,0.2370931458229852,0.017713562640197137,0.3160293955292334,-0.03464739335791825,-0.4933487584962223,0.18240519043660944,0.2391487198087238,23.727297983237804,0,51,2.0
1.8005461482440723,0.03345306285300181,71.56942659032111,8.723196951114542,0.018628477758052302,0.2225155830748203,0.031447194151434245,0.22156690692896389,0.028173725504209015,0.2617740105689139,-0.03357805794789839,-0.49528846065647014,0.18560139888258448,0.23875241924240076,22.26198190094697,0,51,2.0
1.802680277649094,0.027552527458397886,70.97567968275033,8.901867465895839,-0.03010694185892741,0.1964963734012637,0.005971602054641527,0.21695219900862608,0.015151745767570009,0.23087414170274626,-0.034141714771540876,-0.49655703958703373,0.18780140907780707,0.23903540493272277,21.433643216717478,0,51,2.0
1.801484946526733,0.024970350873610957,70.7569562664219,8.565305666321091,-0.01603080273843279,0.21169021974888194,0.01767440043462842,0.2048931307145472,0.005728801383691675,0.29932150103380545,-0.03572766602875212,-0.49837641661984394,0.18392210347969953,0.2388769037992446,23.005489206160266,0,51,2.0
1.805186552452106,0.01736241040193813,70.14393067593669,9.138915104196045,-0.0066815055815466476,0.20195693588157188,0.00478458198189151,0.21790725685550158,0.017023389026814818,0.30006908640861757,-0.03614642596154548,-0.497542740105086,0.18527328267082835,0.23936773685939822,22.59889110299953,0,51,2.0
1.8066032172418107,0.021699445465647907,69.8589374925576,9.402255669098802,-0.007025949063473472,0.25569932453029903,0.020980926687080487,0.22656312077528573,0.00027339123919898386,0.32413242296787753,-0.039188032263790515,-0.4986625434455341,0.18824859276127934,0.23955558672028235,21.41757354167313,0,51,2.0
1.804752931875341,0.02471119550971155,70.11682134282356,8.692352802533579,-0.0007196430975169528,0.2971032966028281,0.0314822213760778,0.23008095272994514,0.02490390749538646,0.3363976167121421,-0.04303322613868687,-0.5020590997833922,0.18951424430659802,0.23931023864812023,20.80813366900771,0,51,2.0
1.8045917226403367,0.024021911581520904,71.20342240380306,8.959223014088037,0.0014613088238619122,0.2947356799870182,0.028605524377495636,0.25137188268070065,0.009264782071113586,0.31890574748846984,-0.04406929865301641,-0.5048982512865163,0.1913872890405549,0.23928886241933167,20.018304610781957,0,51,2.0
1.80216651745871,0.026886717708425666,69.3364336046518,10.323202449637416,0.026777601965210018,0.35481748633762134,0.037414876342404126,0.25337734144406454,0.03205101893228643,0.4163845501423235,-0.04565565526213009,-0.5082616070428675,0.19341485967151845,0.2389672803276142,19.062199893493904,0,51,2.0
1.8116680477179734,0.03190871646990211,66.5206961888893,12.612744505329045,0.034485269483982346,0.3188205847772414,0.04889329515543638,0.27663136608163946,0.03502360366138758,0.43876472346749135,-0.04563346699031069,-0.5088023500070312,0.2089611753297809,0.2402271830083321,13.015183080870063,0,51,2.0
1.8290798380678774,0.036372949465732156,63.22554610056036,13.946293847358863,0.02057098378153408,0.2973302671920037,0.00939826448174084,0.2902021124549113,0.014667505727094762,0.41993284691136923,-0.04380979565834355,-0.5068376834533247,0.2310832681463845,0.24253598640830576,4.722069673669282,0,51,2.0
1.8416525876405192,0.0351261110326982,59.2777861660602,14.184721822916092,0.012193570534388224,0.283830729715506,0.03126852952089964,0.2786816478556968,0.020710801011791416,0.400809088232656,-0.044510230236181406,-0.5039125985795707,0.24431896283871055,0.24420313323730916,-0.04743166062854964,0,51,2.0
1.8548048226272358,0.02513043992793386,58.284141591950956,13.552604101419892,-0.005295933571224119,0.18733658544546747,0.02962505463145527,0.2596219660457,0.015524691080345827,0.29341514236073396,-0.045786604911115754,-0.49921950093296824,0.2622481947752268,0.24594711959770588,-6.627878059391179,0,51,2.0
1.8643957551787882,0.022283066509984538,56.655348473904176,13.649398634365804,-0.007705294892337977,0.18218599450509598,0.031186182964958398,0.2385164464913263,0.011972701797882715,0.272196527443403,-0.05000113459785135,-0.4959750603963638,0.2667349078143513,0.24721887701558098,-7.894231635693538,0,51,2.0
1.8683148195930557,0.018865774233117905,56.71782364097296,14.08168512432835,0.006062194650225779,0.17655664739354926,0.05140410140887195,0.23632250068130436,0.04036447204941628,0.23790928984525977,-0.05342410490276777,-0.49175012786924127,0.2716935042605927,0.24773854508299878,-9.66945178820211,0,51,2.0
1.8723852891548007,0.016739492053534047,55.72592827853035,14.100993457445902,-0.012735929933614006,0.1767396566571839,0.025488325157294087,0.24829356824388424,0.01556486910318627,0.3631623856727986,-0.0554029779349312,-0.4887172297670405,0.2747011778148938,0.2482782894726408,-10.642448197293808,0,51,2.0
1.8660862907475115,0.024763789859552493,57.09939403159946,14.750974448310222,-0.03570390365762161,0.18113696242353217,0.022259211496395225,0.3189045280657934,0.020788522948529207,0.40453609684466507,-0.05995860713061388,-0.4877779560157535,0.26416406128886816,0.2474430420407205,-6.757522503055857,0,51,2.0
1.8556000905878403,0.027306375374310854,60.36468260895972,14.863531476258185,-0.0074217655769019735,0.18757351951370685,0.021350576670146455,0.33794492745455856,0.02164738161452845,0.4076775980805787,-0.0664139369747728,-0.48523067808087655,0.25486808774347897,0.24605257201622377,-3.5827773125955975,0,51,2.0
1.8534185231900682,0.025701657620996885,57.58239088338964,15.064506330012993,-0.00891334288662263,0.19825881210125634,0.012366917349544227,0.344322531560648,-0.0011011341623231477,0.48526913591157517,-0.07734590303854616,-0.48338478925725215,0.2508289426325893,0.2457632963011141,-2.0611891229147083,0,51,2.0
1.8487815418664146,0.029474798172668265,58.073166267544615,13.098209723402277,-0.006400933452680999,0.2061245599203826,0.047282478826887464,0.3195319313943642,0.004358768901404212,0.41037290766599865,-0.0911934748402619,-0.48394114476009054,0.25045061874212565,0.24514843234383374,-2.1628473605147525,0,51,2.0
1.8574273925201565,0.02744133100398754,57.756260493222406,13.444836783536998,0.0236586182579106,0.2040680319308268,0.04310126997092191,0.28078915334101995,0.01816362610050276,0.37343409387029924,-0.09802162856730967,-0.4838571134308576,0.263062971995103,0.2462948722648119,-6.808140005554941,0,51,2.0
1.86218959794325,0.02512106646178088,57.30827207191318,12.651534992217442,-0.011092187508064158,0.2787774214959009,0.03321336954832077,0.25624458021548624,0.04697780617896248,0.37034140152694334,-0.10468376650604364,-0.48513434282119233,0.26729136835563544,0.24692634082807732,-8.24740991959918,0,51,2.0
1.8674302031012142,0.027944460965560726,61.34332325879265,11.668623214445315,-0.004854988781552689,0.2714205758564829,0.029131129237951015,0.28676781299342735,0.047103632825846765,0.3285707012168166,-0.10501425753048099,-0.4883960716761257,0.27370500977423445,0.2476212448196674,-10.533734685633611,0,51,2.0
1.8749919989529777,0.023211444742657746,64.28209606806438,11.856120288909962,-0.014061617464119313,0.27049604109871067,0.0018277186169928196,0.3198787208588291,0.046830964000786054,0.3171042298688638,-0.10514346287221331,-0.4921129913779779,0.27236882271565677,0.24862393905959038,-9.550521862810314,0,51,2.0
1.8711635143149132,0.025942508323640454,62.45545463468514,12.053480665847928,0.0033200691801075844,0.2575053231070644,0.03746565391181731,0.32504788887341163,0.03918816485241348,0.33075116390608406,-0.10656853836897856,-0.4960425617154418,0.26885409218620016,0.24811628211527298,-8.358101247580585,0,51,2.0
1.8675505179984897,0.02715537602819022,58.95095998633142,14.953612398220727,0.0008454767293205448,0.21094115138945815,0.006993594743749674,0.33033587321849894,0.004518190143155116,0.330575352915201,-0.10515076917689994,-0.5017998932949664,0.2687740952365456,0.24763719855877592,-8.53542876465423,0,51,2.0
1.8631015455021578,0.025263063288534265,54.10135845577015,14.76448312153599,-0.0006845912658700756,0.19898370828826434,0.03146069500522286,0.28840696515103753,0.026662300833884406,0.2728217401356479,-0.1096134472083143,-0.5045844473516384,0.2628798874069821,0.24704726493224213,-6.408742261964484,0,51,2.0
1.8635140435368407,0.022703369525781933,52.75603911923427,13.425566028988404,0.0020493803655399997,0.18063750794890457,0.052502521295465676,0.2603297870160343,0.019315018227287366,0.28756707741601534,-0.10860402493725536,-0.507965847712943,0.2670563564196813,0.24710196228528014,-8.075368544165462,0,51,2.0
1.8721002433814256,0.021350258340099598,54.54248375986137,13.75609078442078,-0.007496221684942059,0.15787071241281714,0.044360926959152315,0.24884043970649894,-0.002819540892161575,0.2911585262438684,-0.10771112828855725,-0.5105395402268426,0.2725676335637921,0.24824049214395608,-9.79982806581312,0,51,2.0
1.8783030580071842,0.01633307308444183,59.22686224825242,12.733818654104171,-0.011636580687527563,0.16172667323129233,0.04667418168894216,0.23714219433421432,0.030846702409725563,0.3050951948470147,-0.10392286105804192,-0.5116337694395431,0.2774723171316329,0.24906298549111666,-11.406484823305663,0,51,2.0
1.87870965868819,0.017615556603442415,62.88764435169744,11.043272546941022,-0.01606942632911252,0.17575220805615316,0.053374799041479244,0.25905867114625436,0.02053508732248755,0.317045816595725,-0.09691439652383403,-0.5138548447334865,0.2807865552802242,0.24911690086411947,-12.712768305262001,0,51,2.0
1.875564507409638,0.020895852604193504,62.70057323399712,13.020661425688727,-0.010367616545408964,0.22412908368249443,0.04823356297086267,0.29305056026465975,0.03498100547813902,0.30703790919644824,-0.09231779049967523,-0.5155802136508382,0.28064691949584786,0.2486998535564371,-12.845631182553575,0,51,2.0
1.8735228426316206,0.02267750497108554,62.61368088161244,14.145841714978761,-0.004174211783809405,0.22648748513604283,0.03237438917744393,0.28935826422833655,0.03386724638003929,0.2931923489740964,-0.08788331828806677,-0.5160725138637703,0.27984440025536456,0.24842912892800723,-12.645566750934911,0,51,2.0
1.8748125632603962,0.02162996489232586,62.57369104553671,12.791217888070896,-0.01489882895211671,0.23124719495677135,0.053498694344478494,0.2863651072693661,0.02039582406481107,0.2935397002216915,-0.0858034557799399,-0.5161532934624252,0.27882793242930926,0.24860014600040942,-12.159198984883158,0,51,2.0
1.8751300070800034,0.021747750755825537,60.88564317834143,13.05563534508718,-0.007487648267152847,0.21848024453587422,0.04516647485833542,0.2702892943352582,0.02506579217665336,0.28446864449309556,-0.0838929592820517,-0.5153589093840674,0.27941013344969656,0.24864223880844144,-12.374363579053549,0,51,2.0
1.8767793768761205,0.017095518793677288,62.185976121939866,11.107353332904857,-0.016574218321372482,0.17772026293008492,0.03211860336801585,0.24792810581179173,0.03411319674741404,0.26149225765184997,-0.08384924564762745,-0.5124678597711413,0.2795674738842865,0.24886094524980276,-12.338829864871315,0,51,2.0
1.8788414200146992,0.01478684222380096,64.16916562061684,10.601822438478925,-0.013813134757619278,0.17136312116292163,0.04420758228675992,0.2413613596527885,0.023810360343286804,0.272260061068454,-0.08676000258976399,-0.510974165353691,0.2801254885747543,0.24913437241279202,-12.43951842606965,0,51,2.0
1.87778186564352,0.015386478844291555,63.75037364398732,11.943705921101776,-0.011401276925907415,0.13287241911204667,0.04070841869814139,0.2519472013720513,0.020858992384198832,0.2434753732581122,-0.08821415243153678,-0.508150896605028,0.2800387449544577,0.2489938755053868,-12.468125726409385,0,51,2.0
1.8772681460661047,0.013104158585065098,64.90163087844849,11.563862235348957,-0.010341989241686523,0.12807877998416,0.02540520536621996,0.24101476787558013,0.030828691562455074,0.24064848482781753,-0.08849978241569588,-0.5076392001413621,0.28007136592182635,0.24892575604270642,-12.512007746509157,0,51,2.0
1.872048605890835,0.02000146547507202,63.71042859320547,11.119762212545798,-0.005924294720969948,0.15030376009731106,0.028466738669165208,0.24772582524911574,0.005119565582158519,0.2635855460953426,-0.09134501639326677,-0.5079565321950297,0.27558544904869964,0.24823364513482046,-11.018572401426031,0,51,2.0
1.868188692074196,0.020179436222770714,61.41165539797615,11.016885637594628,-0.010886833108231133,0.15837990328818893,0.03937583093476646,0.24289483621086605,0.026657497108566994,0.2344445362617141,-0.09238258937323837,-0.5092450965117477,0.27435729323764524,0.24772182068811754,-10.752170509461024,0,51,2.0
1.868509940072602,0.01986866085248511,60.84925877346712,10.813813961663659,0.006479728674771739,0.18079803273402978,0.029086436638060736,0.25478720950530154,0.0205635915638185,0.24686890904554773,-0.09510109764763865,-0.5095757381940654,0.27688597356929895,0.24776441793072318,-11.75372794923215,0,51,2.0
1.8714687251577191,0.020027419303370805,60.375680535447366,9.87475044000597,-0.014304684511586731,0.19634039785293084,0.051996565515211986,0.2680361416810691,0.03392851918789686,0.2578563203587845,-0.10018839137335483,-0.5096409455556133,0.27960283024409194,0.24815675295300083,-12.671860393437196,0,51,2.0
1.878159267645256,0.02234584344848628,61.198177893956505,10.423343764651841,-0.008015167917691026,0.2259676250708821,0.02676219536977656,0.34575375891342774,0.023940931896076482,0.2424042849852281,-0.10477547143079978,-0.5108598553292841,0.2817312096831514,0.24904391900577333,-13.125110947447105,0,51,2.0
1.8779131220836265,0.021758993888019173,61.760373737297805,9.431796320777556,-0.00443908413324286,0.22959505305003247,0.0237112952505841,0.35828405220260456,0.021887889168426104,0.2551952795232283,-0.11079821424187648,-0.51017078596983,0.2831858514737758,0.2490112798609271,-13.724105844496348,0,51,2.0
1.875432350471908,0.024173222620011793,59.44436618393543,13.261357725141055,-0.02688819266782672,0.22548139316240978,0.004842467313888026,0.3452923035755062,0.01629208422759,0.2690130694727699,-0.11991168159973517,-0.5104365627479334,0.2782532316457757,0.24868232966390244,-11.891034647229958,0,51,2.0
1.8737968422618567,0.02888089098675282,59.858546224294926,14.286193436707338,-0.02902179015982969,0.2524830038070731,0.059119567494182027,0.41178209531696947,-0.007673072464325849,0.25907795696931823,-0.13406442553822484,-0.509115043669337,0.26857973059646595,0.2484654613982383,-8.095398485179661,0,51,2.0
1.863786469487583,0.03144277825045599,62.53137793260462,15.060306157046659,-0.06202029349172816,0.262043211337521,0.09484495142219114,0.4282083796811791,0.0284675732254982,0.25963360993662765,-0.14800137946510214,-0.5060713661497261,0.26430822913577356,0.24713808572577556,-6.947591003456255,0,51,2.0
1.8668171383586585,0.03449880832626785,62.3275651324029,16.19795972215305,-0.03156485729942135,0.3151685713826246,0.036436486258810644,0.531623169068005,-0.014103062852632766,0.29029179303641667,-0.16315907650639566,-0.49982507967608647,0.2575754620779409,0.24753995253572592,-4.054096900081872,0,51,2.0
1.8695008924194412,0.04305974974508335,66.86721538562401,12.006858330029106,-0.032076780410373915,0.3341172820214399,0.061417857294573504,0.54588352778557,0.02962682984184985,0.27023281990997244,-0.17473575233380875,-0.49169122679462923,0.25175503130321947,0.24789581845639572,-1.5567881987096133,0,51,2.0
1.866710233337739,0.044928435842994593,66.62375803087272,12.37740904064119,-0.031772853258778065,0.3158139490825595,0.04341369662799087,0.4902856333973094,0.014977103427929036,0.2824096466796321,-0.18430096247752367,-0.48101766181180183,0.2481958173645141,0.2475257768196712,-0.27069525988441256,0,51,2.0
1.8727921522131152,0.04179735204384479,65.66773774109635,13.894580923988936,-0.015273713013705085,0.27393625363643764,0.015090582417506798,0.4066931758913987,-0.003346563335142884,0.269482380661774,-0.19369569278766088,-0.46893728580069804,0.243410302282141,0.248332239396873,1.9819968308126046,0,51,2.0
1.8682377139727275,0.04033501034070297,65.5176356306263,13.225610929329573,-0.03041585994993939,0.2930045396092977,0.03782927230292676,0.4190675510960867,0.02441774020154102,0.2503151346997073,-0.20009595476054257,-0.45940850358510316,0.23762118984983524,0.2477283210219681,4.079925593665401,0,51,2.0
1.8602418110651129,0.03369251600759527,65.29656004438213,11.987815838383595,-0.018789305771682776,0.2575798282860562,0.015967604868552265,0.3933054000232964,0.011226136273905342,0.2983644188096163,-0.20493119274722177,-0.44974281684384854,0.23537911524156394,0.24666806404576103,4.576574940038769,0,51,2.0
1.8500891760283826,0.030463781442480922,66.52035843624788,10.404888654874597,-0.030475614921135062,0.2301630713415786,0.021166526803783343,0.3351352698544795,0.019094379107449568,0.29570489484487555,-0.20476425141276972,-0.4433916157437946,0.22871266397852774,0.24532182475514264,6.770355957197294,0,51,2.0
1.8343625010228624,0.02829857920008754,66.91333627700806,10.799810693051237,-0.016381537468702186,0.20555468023034698,0.03379406531651815,0.31415969903587954,0.02125015520655057,0.3103774282324458,-0.19785360549702002,-0.44010731044092877,0.22541130757514932,0.24323646777068123,7.328325542178627,0,51,2.0
1.8401188552379608,0.03749596069153152,68.04452094377255,10.104636973104821,-0.012021529616094102,0.20352757960043877,0.02245358202387305,0.270836529785881,0.03394627116401406,0.29707465874652145,-0.1907202238798645,-0.4378011083489578,0.2294611363713906,0.24399976008280921,5.958458199501704,0,51,2.0
1.8483664276553136,0.04373848139459976,69.64865033766803,10.445284467701057,-0.004428172082293267,0.2238696447645248,0.028868202923559676,0.28490633341558264,0.016224163219186606,0.2414286292385346,-0.18867525709290908,-0.4354212291927612,0.23217776221521155,0.2450933883058429,5.269675440821942,0,51,2.0
1.8530037397263097,0.0432350564385702,67.52128250458661,12.947131895564944,0.010848204002660863,0.3008551912061954,0.0025890712790629443,0.42350369547839933,0.01920300059239654,0.2438545305282702,-0.18942026745689655,-0.43080290470333793,0.23673953696074135,0.24570829599868832,3.6501653318188554,0,51,2.0
1.857289649107877,0.03894205910605923,66.94164697796691,12.855100917319275,-0.0018248695734084822,0.3154591527381373,-0.009547437924672575,0.4253355491605389,0.014357773203621893,0.25389692620939314,-0.19769558978234708,-0.4240571133318629,0.23476819268119234,0.2462766073359682,4.6729629660182015,0,51,2.0
1.8378425316483367,0.0355972570693103,69.48518093894509,12.394374531340244,-0.0055176792483703765,0.2794982966908719,0.009874377107503367,0.38574456934789253,0.02301739260335179,0.26999861924582896,-0.2069695362319196,-0.41522468349438196,0.226488820861986,0.24369791956842726,7.061651874959551,0,51,2.0
1.8246985971927643,0.027164750831657612,70.06833852506152,12.360244983178713,-0.016388912849566516,0.26474936917952563,0.011338935617138357,0.3769684285779849,0.003667689330291514,0.2626862742782961,-0.21660617725907483,-0.4063028455038843,0.22122947047438737,0.24195503409967822,8.565874110621952,0,51,2.0
1.8213829935765733,0.02244450526740816,74.59942304386811,7.900596500860679,-0.023755186036521315,0.17534593678947555,0.013271924035221922,0.2123513756180159,0.010717585591562823,0.2521331086342519,-0.2249479942357935,-0.39892317876782657,0.21435862206109255,0.241515385063228,11.244320106160488,0,51,2.0
1.81572310480417,0.018185237449569947,74.07484002674327,7.026794913133336,-0.027599982122945434,0.15435382487391525,0.03372262717754233,0.20951226822554356,0.0035378884012792623,0.2172891084799416,-0.23099748931323463,-0.3930251188189892,0.20964763045631196,0.240764883578151,12.924332095024383,0,51,2.0
1.8217385212580364,0.017738601438491108,71.08049548373504,8.346717699264039,-0.007484473918071564,0.13138107710865327,-0.0017156288319942997,0.217236210841286,-0.006115428226835588,0.19105125731989,-0.23669765629890896,-0.39140691836306063,0.2101747801141682,0.2415625279237969,12.99363277881006,0,51,2.0
1.829014475439109,0.016782990082017616,68.77389349656947,9.013643566740615,-0.026615157549945163,0.14876559618222693,0.029564956312670428,0.18932935755326907,0.0016110195029599994,0.20043299894264596,-0.24043408937628832,-0.3910172872272004,0.21129879917255087,0.24252731956269613,12.876289750141867,0,51,2.0
1.8363434321740095,0.022984228502428396,67.73901124094047,8.445411731848914,-0.029618218175920787,0.16027392012341954,0.03155084947745005,0.19345994392769267,0.01305893867039213,0.19719333765497107,-0.24589621647938834,-0.38730663421809336,0.2113451341857763,0.24349913898934047,13.204976796641466,0,51,2.0
1.8458389032120799,0.021958844806117043,69.9978769713757,9.036681602189327,-0.02087328093601208,0.18074660460640085,0.009611325009780772,0.18516945276014976,0.009708237779491088,0.20744316685984487,-0.25152798809109483,-0.3822739707962346,0.21085461335060696,0.24475823857351686,13.85188315641781,0,51,2.0
1.8426700316223443,0.025074253159706218,71.45071946873384,8.136894281467326,-0.03006510494970808,0.19591157218424454,0.03928191306106016,0.20170493446124685,0.018950698239838377,0.2141035862138058,-0.2529754136789436,-0.37550458599229003,0.2055746727962601,0.24433804631827233,15.864649040992763,0,51,2.0
1.8333310560852873,0.028528886548905376,74.2622830213285,6.587529684712015,-0.028597119939970037,0.17465122793590518,0.046146531498023106,0.20859457561622063,0.01724466122686863,0.20341620560270185,-0.2492501401904065,-0.3736088217109467,0.20566546761785565,0.24309969791968866,15.398715268745388,0,51,2.0
1.8215529293406243,0.025070112557477795,76.0087212113773,5.569268489192853,-0.018645994401737757,0.1718429590547937,0.047938401244726835,0.1876420664658013,0.0006667883089725293,0.19859414489504437,-0.2413689580138061,-0.3805923883893229,0.210455900347328,0.2415379184292352,12.868380370270305,0,51,2.0
1.8246097856876897,0.028098320019848962,75.61460034987506,5.730713191121492,0.001427372479263474,0.20840401601310676,0.011839214493246639,0.25540690489699697,0.02358685447103983,0.20128275415748495,-0.23209373857620025,-0.39179990363065276,0.2155060925226533,0.24194325769299352,10.927010499249723,0,51,2.0
1.8360283590999305,0.03218340239861596,73.8976840505413,8.472035066801237,-0.005476282306892031,0.2720985207828624,-0.0004443552746784453,0.2459831921259464,0.014239947754414934,0.20111928835757714,-0.22468483583357113,-0.4043753321318069,0.22304758945432268,0.243457360285749,8.383304085557775,0,51,2.0
1.8365923563639324,0.03351961095553283,72.59664694468181,9.487270224477141,-0.003329078484253556,0.31128981707483655,0.005678874513536107,0.3843865818223846,0.007307189083019016,0.23324111019882507,-0.2120215727382128,-0.4165973063866902,0.22705148719944204,0.24353214644774115,6.767344471230063,0,51,2.0
1.8512772613880681,0.034751711253299934,70.87256986954633,10.005887335071781,-0.0063874855016668635,0.3390190451058007,0.01884137420896806,0.42826911725090305,0.014659846749375849,0.291717598177314,-0.2004687852409662,-0.4250784673802441,0.23075308634570946,0.24547936497281617,5.998988399182748,0,51,2.0
1.8571261886288137,0.03682752790677124,67.10777052711038,12.453733803570497,-0.02200862679484428,0.3481387895725794,0.04427278690113157,0.4693221984249149,-0.004470481299886517,0.36036208449735074,-0.19038337598338329,-0.43145107585495707,0.2355776703680065,0.24625493248672226,4.33585715863436,0,51,2.0
1.8618052520003974,0.05159009473640758,67.48392228986702,13.453376378106437,-0.016864007338881493,0.35856458268379304,0.03823150928113975,0.5126960229636633,0.042502393836484235,0.3885942486273408,-0.18168411291997758,-0.4393025671902746,0.2405963433743386,0.2468753764180242,2.5434019118429907,0,51,2.0
1.8754537222432155,0.055422601297976735,66.5775911247029,13.228057850117294,-0.007067993246749335,0.34896449936547264,0.03515274209134719,0.458633939191616,0.0176204660286506,0.4317164647555245,-0.1785990776054442,-0.4440157374538587,0.2453007953475419,0.24868516370628307,1.3609048116510758,0,51,2.0
1.869224809548434,0.05986655074522677,65.19517448369194,13.364126822329567,-0.01659474123780634,0.3211759555368332,0.03003716061585674,0.4940440948785931,0.02023460007473534,0.38169890403748163,-0.17536635586687133,-0.4464913966206291,0.2465995994382843,0.24785920964784688,0.5081958468891368,0,51,2.0
1.8576509391560274,0.06417506192738943,68.98304941607456,12.629696859682488,0.005079285442536953,0.3010971028650239,-0.0023886923148643737,0.4645355371514392,0.017689530244644952,0.3598669993978908,-0.1692200575963901,-0.44859433672401905,0.2453504510161418,0.24632451456126342,0.3954391412712366,0,51,2.0
1.8540781929212458,0.0530261418626107,67.98843169212341,12.310290118091668,0.0017198282750506028,0.22171520080182436,-0.00048025151459025404,0.41357791768011387,-0.010188009206424741,0.318658524460926,-0.16505024123913503,-0.45057431901757156,0.24804310749931216,0.24585076853799048,-0.8917356550719457,0,51,2.0
1.8628221779477363,0.05008091415819083,61.960683294371066,14.239476244417117,0.01833469703720481,0.2942994619438357,-0.0122370998393379,0.4427684178016843,0.034802018883912,0.23048139336733184,-0.1639550825996612,-0.45359026290747795,0.2450677347805493,0.24701022069218648,0.7863990025165024,0,51,2.0
1.868351738242542,0.05607695510558254,62.94563950276842,13.987001625925854,-0.0002894199763735135,0.3174419544997481,0.03719668824444799,0.4116101528742454,0.005257634719943299,0.22943594360102043,-0.1628567889540596,-0.45893804254284426,0.24780372190250272,0.24774344048894592,-0.02433219359423422,0,51,2.0
1.8682101655240153,0.053985773084438714,61.494231873867555,12.791093503618786,-0.024484792742512973,0.33101861609770983,0.055994982959008684,0.4203459450104252,0.024128423912414147,0.24028542046666146,-0.16092651916232367,-0.46561538280124226,0.24728771338958871,0.24772466805856128,0.17638722554237374,0,51,2.0
1.8732499982796462,0.055681068625421985,62.354219090704824,13.167067212635413,0.004891361822100247,0.34161421005591586,0.026718934084854873,0.4522517506729682,0.012018545512475219,0.24598926706294377,-0.16093337832319635,-0.4697649454437077,0.24804612053647093,0.24839294963956812,0.13962920590155914,0,51,2.0
1.8643619388926262,0.05299706266457082,65.82652534223071,13.915303702859523,-0.015976253239547506,0.28568632003318706,0.015470315866610584,0.4445152699748234,-0.0025457136479078556,0.30105261950224316,-0.15763593639771273,-0.4742041773292014,0.24976435592350005,0.2472143929655119,-1.0314783566601982,0,51,2.0
1.8652257329108668,0.040010451473413776,62.876919302285884,14.68959681304863,-0.011277002592881521,0.2783480720365175,-0.0006392070037477157,0.4359189306555023,-0.003328395897851271,0.30016393011951914,-0.15407342862826642,-0.4779422432283061,0.2500661344662956,0.24732893231043734,-1.1067052003534528,0,51,2.0
1.8674937130189408,0.04371463005954663,63.48865710520277,15.0175337429085,-0.00969714265974129,0.26840724618040335,0.03383250885150012,0.4222717943948923,0.018681900100965126,0.28699164353465884,-0.15728594642616278,-0.47994462937536786,0.2482781254143471,0.24762966647886991,-0.26186641717764747,0,51,2.0
1.8700005873745562,0.050244194247047964,61.468825667512185,15.422744496670653,-0.019497583309809368,0.2835430692172842,0.05296627351758527,0.4423456231986319,0.014329270149270693,0.2874256331606827,-0.15863400372001862,-0.48288817960281516,0.24590829795459704,0.2479620777630603,0.8282636711996583,0,51,2.0
1.8721235090611028,0.04387847584937096,57.58255764549854,15.00390826756185,-0.030525370994034934,0.23757330000345966,0.05184340206723587,0.39574229425466284,0.012669034411802012,0.2365004959773517,-0.1634907987037203,-0.4868986748521528,0.24868730654735471,0.24824357730689103,-0.17874752099431568,0,51,2.0
1.8707434529182958,0.04831283379921492,60.09530590094772,15.69939469347003,-0.008294620496385238,0.25249535264214007,0.043655259352104334,0.4074953876650974,-0.0013327317714106803,0.28617776766008585,-0.1710011137808673,-0.49230187787345486,0.25089141171932655,0.2480605819820759,-1.1411848326048135,0,51,2.0
1.881626363478455,0.04271733399853933,58.71792465565252,14.936676238933408,-0.015761873666562287,0.30447667960961783,0.04170304872826034,0.45131547369750596,0.0010658939022059534,0.30435736846953093,-0.17444347878672709,-0.5001213305720803,0.2561682809916321,0.2495036556685083,-2.6711533765976014,0,51,2.0
1.8680308139791675,0.03496431968390617,59.84616379644356,13.77998542398979,-0.031627865763855914,0.2790569838399823,0.06774202281353521,0.3897798053315581,0.004333202380175684,0.2909361747651119,-0.177043791411167,-0.5093790807737527,0.25457241428478566,0.24770088593307815,-2.7741234456319264,0,51,2.0
1.8634778401430916,0.04055061460666862,63.33572286718032,11.143199275580915,-0.02212661694662244,0.3456651312832931,0.05920874940998414,0.4674108695604185,0.04938632929149796,0.29476063413116066,-0.17773189283501695,-0.5173523155895984,0.2500064032006261,0.2470971617385413,-1.177367413537178,0,51,2.0
1.860620379447937,0.04407861912576408,60.848907924165914,10.67438127533266,-0.022106703662989186,0.3897974286191965,0.016556938781457788,0.5121767432087426,0.024762897587874356,0.2744935592189397,-0.17677867091367483,-0.5238287271929368,0.24809821481854513,0.2467182621940497,-0.5593232589365726,0,51,2.0
1.8490783805940665,0.038285070538766626,61.41303347606285,10.192060982465295,-0.006934834023316701,0.35914614332478084,-0.014035051359849818,0.5487917498545036,0.02480811910594211,0.2759559124472435,-0.18094433173356786,-0.5278106268086115,0.24310649900795528,0.2451877932751489,0.8488572124216609,0,51,2.0
1.8497619056234174,0.03865794193643213,64.24968414213143,11.25500611685991,-0.016905325884912527,0.356217518596653,0.018107424106668022,0.5769806545580584,0.026156576898168114,0.28110343962268824,-0.19079071788028176,-0.5278244517944882,0.2383468042208952,0.24527842881675896,2.8260229117180957,0,51,2.0
1.8428094457177555,0.03821948728469761,65.47577184789321,10.738949967909246,0.003704666653100182,0.3108155047239089,-0.025453682842792247,0.5640525892691047,-0.002996039960314246,0.2779403969052465,-0.2041704979023459,-0.5255627761555037,0.23433967738999018,0.24435653239341726,4.099278584989829,0,51,2.0
1.8432092666625977,0.02939610991822936,67.65278478229747,8.656230715870423,-0.017226339701343987,0.25343372070191744,-0.006082482051615622,0.4865986734843464,0.012596928021487068,0.23709030393643896,-0.22490425138732287,-0.5217381548301114,0.22439956200676506,0.24440954878290025,8.187072426498897,0,51,2.0
1.8449830576485278,0.030051263454525075,67.90336149346595,11.635274191986348,0.006930263603434843,0.2903267422229955,-0.033612620815926905,0.5320151956557495,0.005166461362558252,0.2058601809342794,-0.2496699531859885,-0.5127096799780264,0.2187425806040314,0.24464475357772292,10.58766746267562,0,51,2.0
1.8482192152855443,0.030498087948198527,64.0095313390096,12.802406862788578,-0.00396197033571262,0.3019485192411793,-0.04453400332553714,0.48739526693096685,0.005071621753421484,0.20889259627623713,-0.27544768402986447,-0.5012173401942803,0.21625612281322076,0.24507386783236987,11.758799611740079,0,51,2.0
1.8470864880318736,0.03870927025165168,65.83087664024502,13.581705333243349,-0.016500836713056938,0.36165976176333337,-0.010766820726441402,0.5464684754306041,0.0009653441900131749,0.19783405194934667,-0.30401968887690173,-0.48552838200926357,0.20416272169143196,0.2449236683206802,16.64230611468699,0,51,2.0
1.8475840728656918,0.03856585997258395,64.733351688759,14.074999774523485,-0.030905864037135067,0.3654249184621121,0.00013398357173975776,0.5394601880082144,-0.007269579844147551,0.22357391117248415,-0.33298161964722023,-0.4650183755656485,0.19444213149573303,0.24498964818784624,20.63251123710983,0,51,2.0
1.8336659921150582,0.04831636731926118,66.35291188838436,11.264162163300405,-0.04712862893939018,0.33504480078267934,0.04240722114256784,0.419319446113202,0.010166544028941323,0.2432182827677547,-0.3606783139488278,-0.44026757321176885,0.1795507875132902,0.24314411043263173,26.154580839399532,0,51,2.0
1.8270342723996031,0.046260280062849116,68.51788463779525,8.555716456360253,-0.05234920028962341,0.33297992369287727,0.015457378517763288,0.41911128898246475,0.009918226513500307,0.24628241165276016,-0.3862184778093135,-0.41541052033863546,0.16351412276034008,0.24226474452374633,32.5060181241878,1,51,2.0
1.8251935345869439,0.051070972103458,67.65750647058674,8.928490012130677,-0.011081449541391111,0.35495264709909485,-0.014721430326793707,0.24571173250146228,-0.013725947552159721,0.24701696669830808,-0.4130139288848309,-0.3881650287996196,0.14946292600599803,0.2420206627951355,38.2437332912708,1,51,2.0
1.8233568811533498,0.05100777895284727,70.50113914059658,8.121558312777683,-0.009493477934715795,0.35885242725320426,0.02083107471173885,0.21294834471327861,0.017639575745253003,0.2336774803616649,-0.4280769245318311,-0.3685054366642646,0.14847604725255878,0.2417771223131627,38.58970367748664,1,51,2.0
1.8231652089778114,0.04305337623580119,72.66403980816112,8.090177030724591,-0.04531617155846428,0.3797722734138403,-0.011619053744510109,0.31331679570431353,0.0058264963547973074,0.2722136391098348,-0.4391043570779911,-0.355863339952431,0.14253336635421793,0.24175170671497712,41.0414229165036,1,51,2.0
1.8364334299283869,0.03811363026207221,72.42079119588814,8.288243316670053,0.061034482702905055,0.4301735436700936,-0.03410088318381824,0.35062774300183486,0.0009547024965286255,0.2809708489757509,-0.4405841674178886,-0.35485223260574544,0.1442428998538816,0.24351107291185337,40.76536309866494,1,51,2.0
1.8336100140038658,0.03636768391536673,73.07430669840645,8.348068464278022,-0.031473625597416184,0.36612098631006224,0.03496110055814771,0.35810632501145395,0.012115322491701911,0.28609280298475165,-0.4340991644473416,-0.3595692594819152,0.15267815860804584,0.24313668774261984,37.20480441451591,1,51,2.0
1.8285559550219892,0.037773842215100904,73.83121878025578,8.461859555603137,0.018599264908070658,0.36796044368329245,-0.013277929751019851,0.3628716908923729,0.004626953316962018,0.27675157464936806,-0.43032072661687754,-0.362826882069616,0.15252543793137105,0.242466519517536,37.094227180367525,1,51,2.0
1.821035351823358,0.04424790972328673,75.1719883516723,8.072871319032597,0.01042575418364768,0.36608900368710956,0.024049437294403713,0.3238618061996149,0.016734707917945058,0.2823862082848336,-0.4244438482457726,-0.36663140718040416,0.15450775227730917,0.24146928777134874,36.01349732574889,1,51,2.0
1.7904792230521493,0.06930461355244676,77.35127366757861,5.791584621945691,-0.07685382700726098,0.3962294236972246,0.031002509170303158,0.41108447921435576,-0.0022205629696448645,0.3227769197422402,-0.4269990403863986,-0.36290842222406605,0.1541921393352731,0.23741754507014456,35.05444625429123,1,51,2.0
1.7898638144445915,0.06810795490018752,77.33985028079911,5.0954355041364225,0.0005015877678113826,0.3984620077849129,-0.02729920502386841,0.3973368506916287,0.0051631773730703425,0.31488723895161025,-0.4373154398574994,-0.35456313903796927,0.14298951610423324,0.23733594164329466,39.75227050981594,1,51,2.0
1.8002902346517087,0.07299968228905741,76.97239584548801,5.270033672696023,-0.004660237653582704,0.3817378863324858,-0.004717760518485424,0.38751713374984875,0.00889364713985546,0.27906000997914854,-0.45093004331943426,-0.3429590535688561,0.14065975352611979,0.23871848508217577,41.077142192109896,1,51,2.0
1.810720290157798,0.0713853004826205,76.73057493976518,5.373109033780937,0.025015022824792302,0.7169398305428932,-0.05461748105053808,0.7749911412935102,-0.025484590809427055,0.34218704757829443,-0.46254605232646767,-0.332126242409566,0.13735959544155227,0.24010151055318593,42.79103237414862,1,51,2.0
1.8273729009955537,0.027190537743143103,77.759122133255,4.395536478566123,0.006474993410794174,0.6713414955702041,-0.0033237584227440403,0.7237719801129734,0.004850361021418197,0.38427253374381304,-0.4700964490184364,-0.31770680438597976,0.12788788366820683,0.24230964654536435,47.221299072687096,1,51,2.0
1.8236492439812304,0.0249193322798117,77.8381697477079,4.452555411402257,-0.022178800137457894,0.677362116723933,0.011984044101600554,0.7256125518534259,-0.0011756874474824644,0.39202682450286885,-0.47341971221298373,-0.3001793142273648,0.12096572984699216,0.2418158897385703,49.97610373008594,1,51,2.0
1.8103391189201206,0.0233306622492308,78.10235036120696,4.25889829615374,-0.010218637666719802,0.6961032201494584,-0.028512102058705163,0.7333205049431708,0.014569054047266642,0.3821726804421839,-0.4736251224044679,-0.2803229280425103,0.10851438292156669,0.24005096726999345,54.795273622240025,1,51,2.0
1.7990348558215534,0.050428450298189334,77.9687228343066,4.2035336498026385,-0.04481227343500245,0.3658399624661726,0.010515348291864582,0.24345925047155167,-0.004297031929679946,0.2619764390171522,-0.478468440759564,-0.25550097983651104,0.09504342087719901,0.23855202177724025,60.158199385981106,2,51,2.0
1.8018222389852299,0.05756519212839459,75.36773307650697,7.240207877889096,0.033705284490304833,0.38658883313326076,-0.00873751507378092,0.23094056479771116,-0.000711464268319747,0.2219040036502243,-0.4849717429818464,-0.2320868096057147,0.0941326816816338,0.238921628899851,60.6010212992933,2,51,2.0
1.8044965714216232,0.058570314825694365,75.30153766332889,7.395150951521231,-0.002050597951108334,0.401188635578948,-0.02270412112714029,0.24758767280700425,0.012150711288639144,0.26988247499031925,-0.4839508388675672,-0.22234918005294213,0.09587054614237914,0.23927624550169485,59.93311164617883,1,51,2.0
1.8083801383481306,0.057954856727504306,74.56623786103492,7.678834028062469,-0.0052259464693420075,0.36088530572874855,-0.0038905996171867147,0.24757069033589385,-0.0031818979072804543,0.3328108786332715,-0.48095688982449264,-0.21142870789898205,0.08945163884039183,0.23979120624567948,62.6960303336797,2,51,2.0
1.8206356793057685,0.04782997529636483,74.5644526201136,7.712449831070972,0.039254909162135684,0.33474396322297517,-0.013043470315489114,0.2179575557584722,-0.0022639133328316258,0.34031366184012024,-0.4762675804052673,-0.19903239920772567,0.08529992079047305,0.24141629104569476,64.66687462515624,2,51,2.0
1.8149176666549607,0.04345757241863309,77.05027818212322,5.625273296637989,-0.021648470202789587,0.28058001633941765,0.006858026499257368,0.2089025525271648,0.010944256778149045,0.3471693545128046,-0.46567621579712076,-0.18801413631700575,0.07611269282049632,0.2406580826861891,68.37309930714233,2,51,2.0
1.8119498830215603,0.04276447467255992,77.03449170262206,5.660263267987678,-0.0035120990930819045,0.26390217260964566,0.004076050704016405,0.1801932818322764,-0.0168001880759702,0.30911192512846336,-0.45821620707685395,-0.17172513711046258,0.06886247697254527,0.2402645543378009,71.33889467702015,2,51,2.0
1.8118853837836022,0.04322757715587638,76.67676530632318,6.008829574537259,0.022303718416129843,0.24272713227916803,0.0038169220674271675,0.14174513417694498,0.00644834284835002,0.23454852093808853,-0.44800222048137406,-0.16179107550218896,0.07314549467466962,0.24025600186639262,69.55518525803733,2,51,2.0
1.8041184065388698,0.022608867140382172,77.22008558815601,5.837097020553797,-0.005987171083688736,0.19914316923261932,-0.008943489515313915,0.13448066707313105,-0.006315284079926855,0.2204381765488249,-0.43470608586648857,-0.15564474219705626,0.06965876343016913,0.23922610082660672,70.88162069712516,2,51,2.0
1.8033886639510883,0.018256171793701117,77.47487205150081,5.506038001491106,-0.025701216330715253,0.21231541211252244,-0.009861304625576618,0.1389485923682764,-0.008016907902178811,0.191365022881998,-0.4221832422437347,-0.14846514615263462,0.06902202862008146,0.23912933672463904,71.13611003757295,2,51,2.0
1.8129776885696487,0.02482241922402628,76.52206737387414,6.503380308662368,0.04847332977635019,0.24002114314976766,0.0007433946080067579,0.1435524427241699,0.0017001888002542889,0.2016973653598723,-0.40972680963502045,-0.1442594198000478,0.07690953165567874,0.24040084150675353,68.00779432649443,2,51,2.0
1.8184879579964806,0.029019722393580447,77.25993407473845,5.6430828295094555,0.032598390554388366,0.250328013769943,-0.011421389421265499,0.12893948864594726,-0.00688877332882554,0.24797915133469367,-0.3912804323879776,-0.1427535912347304,0.09343131542947927,0.24113150334255848,61.25296191732028,2,51,2.0
1.8096594757893507,0.03942428568791967,77.10131185662513,5.776948416572281,-0.012102459758227947,0.2513982454131406,0.03821756561085874,0.13406556174025838,-0.0074844737811123625,0.2568254175448144,-0.36527908569062684,-0.14072870157523953,0.09936891070308543,0.23996084636615678,58.58953149737679,1,51,2.0
1.8049586415290833,0.041991276115464236,77.79998907855912,5.410809040414861,0.03932043029835411,0.2513151130783491,0.008053136971213069,0.12637728951685956,-0.0035739881260430113,0.257139505444814,-0.33814944564772653,-0.14195764764162588,0.10686020405109983,0.2393375158584078,55.35166993447096,1,51,2.0
1.78556689620018,0.0317179186231244,78.41388080634323,3.948660770800328,-0.008712824068817437,0.22366757826305492,0.014991287817703742,0.14955093748718296,0.00011160347026352789,0.2667406744911969,-0.3061942292600177,-0.1430323905628992,0.10971871810140214,0.23676617055013272,53.65946163403847,1,51,2.0
1.7750868908330506,0.02224815076460503,78.06172836995593,4.739800834610736,0.004677220010289959,0.21367594358989084,0.027410440950417052,0.1571196054186322,-0.0018953515362797998,0.24569240984697394,-0.2768623074545884,-0.1385915341077262,0.11301772511939202,0.23537652160059525,51.98428273523004,1,51,2.0
1.7836670933985244,0.023057569857784087,78.28673219213299,4.550314226779094,0.030827233093042,0.20493090690730656,-0.004204430526085929,0.14102826198120974,-0.010498074467713926,0.22505648210791007,-0.2534556367133162,-0.1332559568988235,0.1295063366638587,0.23651425657845504,45.24375040330829,1,51,2.0
1.7803165754851173,0.02169194382828724,77.79079895861008,5.211864224057716,0.03865757526135912,0.1686360565257011,-0.002811992760090267,0.14812265032058555,0.0002779023648769248,0.32478075539233553,-0.22365850643848456,-0.12179036284399225,0.1423543270244206,0.23606997802338706,39.69825040170174,1,51,2.0
1.7906598717558617,0.025142447053661535,79.10329884173824,3.5306740262035805,0.03919734279899036,0.1687081566863208,-0.006393949957747085,0.13414525371394928,-0.01166731369334693,0.3416166033413818,-0.19188930688928252,-0.10228321752989514,0.16220582729167074,0.2374414989929198,31.685982450562477,1,51,2.0
1.7980126422994278,0.024823836251880758,79.40584926979214,2.9068991685670387,0.05407832964670425,0.15274071363001426,-0.01624858401277486,0.12416680040390271,-0.0078023825315575975,0.349062425333947,-0.15264659801875705,-0.08131389981689566,0.18192703567492133,0.23841647625168297,23.69359763422092,0,51,2.0
1.8054856377489426,0.022091627589840863,78.11600631826065,4.853721166253626,0.05354540510212674,0.1358449499397105,-0.015550014526382381,0.11631334887342448,-0.008088483566454812,0.3546044600569587,-0.10333596420433386,-0.059454796966414994,0.20617484797218324,0.2394073955661691,13.8811700095542,0,51,2.0
1.8172496235838123,0.015231720398187572,74.69797074093538,9.616712058126495,0.04256328867346633,0.11930157735399692,-0.024349469782821105,0.09430631658153144,0.013050802745947651,0.25914555743046547,-0.05552322252240687,-0.03845586661961329,0.22959458936975488,0.2409673002048345,4.719607525756498,0,51,2.0
1.824393462901022,0.013206446799583388,69.45123192843269,14.090434746365316,0.02038893589348185,0.10739231815071108,-0.016047240709703342,0.06690056418240449,-0.01655131947322219,0.22871276485220352,-0.01255636863930655,-0.02314950125167563,0.24333705517349039,0.24191457306317296,-0.5880100947643019,0,51,2.0
1.828874293495627,0.009747621887034742,61.4400913995855,15.876946808176575,0.014226254751431007,0.11923060068041393,-0.018680283324975594,0.0695689647838932,-0.026800521229412042,0.18439907009371606,0.017689671590512664,-0.01267323942334782,0.25315816987340994,0.24250873131653056,-4.391362941476684,0,51,2.0
1.826050801604402,0.01282573735398531,59.96547517122007,15.87848836037931,0.005054348933638311,0.11685305701904775,-0.008375513093436466,0.06874615212991705,-0.0015759016478470729,0.1845578365419311,0.030386188889745883,-0.005842193144420918,0.25725323543503364,0.24213433640998713,-6.244012827427681,0,51,2.0
1.821088560071646,0.014411385826333743,63.455737553390804,16.839988059677218,0.0040609049884712,0.090998433547595,0.004298637420231221,0.059365263803068155,-0.022267975851290804,0.15316872100008178,0.031513813278938235,-0.0020249138622505064,0.25939360949911505,0.24147634294867143,-7.4198848349513735,0,51,2.0
1.8145389328984654,0.010796599403601021,68.56056123153836,15.14922091219751,0.003983384290454434,0.10076270887787576,0.002446964492692667,0.0650429025673506,-0.013411457291986867,0.21264685164005956,0.02393155344609335,-0.0011621715432585094,0.259039653089337,0.2406078625030433,-7.660510506409812,0,51,2.0
1.812132564829845,0.011900820222556858,75.34346383225684,8.729815195160404,-0.0053879584130995415,0.1003379635823537,0.0037882180482733483,0.0643617678525037,0.002636420241484017,0.2353268373664164,0.010938474924537017,-0.004779383515367143,0.25817493288402305,0.24028877822187658,-7.44360797641197,0,51,2.0
1.8194326717479556,0.01904742513558931,72.3008818065419,11.896727564535242,-0.0033965445507098645,0.12024412119001225,0.002993911614312845,0.06778938661710421,-0.0061952481114798605,0.25487737253472303,-0.002274725100361412,-0.011988944008059338,0.25909744168557464,0.24125677216591665,-7.3948885908946105,0,51,2.0
1.8311279053781546,0.024903038323089616,68.80751088553784,12.70948659905152,-0.006671943519191414,0.13503218613704687,-0.002459921527142618,0.0720529989887634,0.007947377659672615,0.2605180599016886,-0.016378030818527674,-0.018706138350685023,0.2594657874589484,0.24280756027085262,-6.860670717795392,0,51,2.0
1.8451248027530371,0.027007974760338865,65.69092501846015,13.175298904161874,-0.012310563148382832,0.12885482048900357,0.002724006406816782,0.08775208758704173,-9.402877413759045e-05,0.21857686201234708,-0.028025672154924026,-0.024435120369271982,0.2600116816335696,0.24466354897910186,-6.273158677911073,0,51,2.0
1.857357046183418,0.02052556916539851,61.834051618389054,12.715241075868173,0.02734058096493576,0.20871302635741187,-0.03560799544713661,0.15783419838282317,-0.0032398864517317097,0.23066953969324214,-0.03690144237203242,-0.026969295496572007,0.27429272202132,0.246285544211988,-11.371831789374154,0,51,2.0
1.8668666630983353,0.01987671870542581,63.85442922629562,12.330781505525945,0.012321198432176722,0.21845771204201342,-0.052567569685040734,0.19289484642566448,0.015310130355989231,0.22881333548977617,-0.04358379313188541,-0.026605985776101067,0.28556743815172414,0.2475465195317522,-15.359100459942066,0,51,2.0
1.8749552158748402,0.018285266277627298,65.20356394262875,10.836659817378864,0.020716741626315257,0.22080192579220861,-0.062064234057770055,0.195121546783637,-0.00024103910169180701,0.23391626831548082,-0.047188026440906077,-0.02583802174014311,0.2965172802428996,0.24861906174517298,-19.265706403003335,0,51,2.0
1.8794993191373115,0.015587935124228895,65.31835175495522,9.811907225386895,0.011968878426534288,0.2245473523182718,-0.07467117434477105,0.18710707498305373,0.0051526077931710315,0.2524788140507379,-0.05036618818778004,-0.023027236586671516,0.3081502176572654,0.24922160959331527,-23.645063588230176,0,51,2.0
1.88458278892087,0.014616904444987798,67.82950805215275,8.16382683435611,-0.013366067106379014,0.14152822517055663,-0.05335511511885652,0.1452270157838382,0.005500037314406797,0.2647200974831954,-0.051959987478423564,-0.01916450539979484,0.30448803803363866,0.24989567781012378,-21.846060204768868,0,51,2.0
1.8792542622369879,0.022162308973923617,69.59992683635039,6.760974424982986,-0.027498726988686065,0.1603811636903138,-0.03956165592021802,0.12281781684221006,-0.004817049128606039,0.29663150304226704,-0.05110625316849955,-0.014339747792086603,0.2957334438519507,0.24918911528954343,-18.678315266028143,0,51,2.0
1.8642631275396722,0.029870402607624955,70.77590137369492,8.113280767838816,-0.023423831873372488,0.16986439367589085,-0.02689237384965607,0.12882330698124508,0.007182519974223539,0.3247551329228638,-0.04920944880255762,-0.008712681289367863,0.2805525806425173,0.24720129059005444,-13.491551752361563,0,51,2.0
1.8487601405849643,0.03043329115563314,71.66335607977474,8.255988408123596,-0.014307316392660141,0.17075606037475605,-0.028046883277448954,0.13062410896118518,0.0023777865640380804,0.3255836370408975,-0.048489430115879695,-0.002027543858724018,0.2635659970805247,0.24514559463900515,-7.5140662709623385,0,51,2.0
1.8330172878854416,0.020358512774703387,72.67081036520939,9.267074889711791,-0.026207315425078075,0.16572028978669845,-0.03406920952393728,0.1309162890749771,-0.0002586831767842466,0.30933513399740326,-0.05008718086513171,0.005204638973464049,0.24628823481023512,0.2430580924954069,-1.3289589668318724,0,51,2.0
1.8257104234368193,0.007304068171583356,72.23839689002318,8.863188008884359,-0.00707099053497408,0.1485563140569102,-0.04806576431820206,0.11449937774121009,-0.00040567665150863865,0.306429958638018,-0.052698311990277844,0.012083251646982065,0.23921968838306257,0.2420892020308105,1.1853125309499446,0,51,2.0
1.8258232538606607,0.007692092546956551,72.56785558953004,9.275257018755623,0.0022438910296734642,0.13220059012087032,-0.05636686092133031,0.12072692227826522,-0.015913018835799805,0.3278126165700864,-0.05366259000300705,0.01941790182859008,0.23877536326996893,0.24210416346217029,1.374945455129073,0,51,2.0
1.8264423965239058,0.007125743571868622,72.94472524932786,9.927323032451756,-0.00695457170699157,0.1283601579826489,-0.05622395115228845,0.12170968871662463,0.0011556367412684304,0.3205998884064509,-0.05105789636601826,0.02686032202111157,0.240283418097638,0.24218626189822348,0.7856943600645372,0,51,2.0
1.8267292917943467,0.006891378386845495,73.75490276953754,8.636503927177515,-0.003208573944136208,0.14119220209030225,-0.057458831344311144,0.12150799586204433,-0.0018782878463503485,0.3159335622084506,-0.04340104880782441,0.033902098832156606,0.24138244057729422,0.2422243040926117,0.3475553448160973,0,51,2.0
1.8292486764052336,0.007832314911310393,74.94052830396915,8.870492578378824,0.004980926164517216,0.15327450351204538,-0.051679372038765284,0.12382218692949996,-0.009819791707045892,0.3157002131167233,-0.03179123648153634,0.03987502239992932,0.24553398630015427,0.2425583743724219,-1.226761160249068,0,51,2.0
1.831287456201572,0.00755024722057076,76.28451704511455,6.885099935153852,0.00376308462856447,0.15507954749666986,-0.053962213279423764,0.10856828134799212,-0.011139872173468271,0.3160427694340832,-0.016984505999707276,0.04301963933524467,0.24929252338105137,0.24282871669274164,-2.6618790299372197,0,51,2.0
1.8340685446472729,0.008869824543131363,76.8753984114703,6.027582671228893,0.007145939915276626,0.15800703509985256,-0.0524782131553865,0.11882470503600134,-0.008384658388939559,0.3491552586985612,-0.0007002787991981466,0.042019528434945067,0.2538597083179953,0.24319748913824302,-4.384181439345158,0,51,2.0
1.8378551719235439,0.009347313361117188,78.69483609293022,3.6614019569705025,0.0077947959322117125,0.14466634889212326,-0.044413651431015895,0.12525542989417213,0.007611504180685562,0.3412013668824432,0.014006103228654672,0.037389831724715876,0.2597451677598093,0.24369959567583718,-6.584160322249999,0,51,2.0
1.8417205486227484,0.009919080003216495,78.91535626205743,4.013970760731182,0.0037395285679867455,0.11510050534922023,-0.05381112325224368,0.11486856642911336,-0.0035050900780833234,0.32061270497533384,0.025933589556841802,0.030803570999444908,0.2638217215770114,0.24421214474748734,-8.029730400918478,0,51,2.0
1.8455888485791636,0.015574278149429717,76.47631796668557,7.6977794894823175,0.005878463506187294,0.13943928790369936,-0.050313011747693606,0.1512482593899482,-0.006052762306496209,0.2785273622818614,0.03373463044707081,0.020549209209459896,0.2664337489296053,0.2447250814421318,-8.87063449301857,0,51,2.0
1.8485057505906797,0.01418281167648734,75.74630489536361,8.91942847384817,0.016998254420126185,0.13651955670964247,-0.05371810498136077,0.14233978844955886,-0.016441556405933463,0.24597654938159005,0.038236943620597104,0.009006518397745772,0.2704176077906504,0.24511186241052024,-10.324161846458235,0,51,2.0
1.8497013332797032,0.013904322590602307,74.32973355872959,9.439254921088883,0.0023247247525289946,0.1440572648757887,-0.0445720869545624,0.13384715148344423,0.0025168252542761027,0.2746782544335757,0.03980638558970871,-0.0017596593665799394,0.2714190055111747,0.24527039679461554,-10.661135244321995,0,51,2.0
1.8516449267957724,0.01568417003574112,73.91028367771821,9.042885296547752,-0.0008827559467332036,0.14751294700626807,-0.056859965436160564,0.1831293693675973,0.011535392553709885,0.28908638485198984,0.04010765957164081,-0.01328936394435105,0.270913171673224,0.2455281174158855,-10.338960166562195,0,51,2.0
1.8549374867888058,0.014449792896234001,73.82591521506215,8.717323951911451,0.00706125622359561,0.17939515529989788,-0.04593641672502546,0.22096629633590462,-0.0027080779968231333,0.41974106218989704,0.037664737932152526,-0.021486134846119054,0.2759540893702465,0.24596471062851238,-12.192553421628016,0,51,2.0
1.854985503297226,0.014061264501220203,74.71745304032868,7.720558258524518,0.00018521628397352556,0.18635163453633258,-0.05567470576395007,0.24040766658861662,-0.0019968216325722487,0.5691066250148159,0.03637087636755807,-0.0270054592908819,0.2783968397730161,0.24597107773594484,-13.182753978856399,0,51,2.0
1.8538840892268162,0.014323902613535106,73.98826586498933,8.28803541516685,-0.010984058729281612,0.1864315730654248,-0.07313730881786813,0.256837394759539,0.019564902227298887,0.6582208857375662,0.03677593330256538,-0.03400438401448567,0.2786404973176974,0.24582503034981107,-13.349115393656064,0,51,2.0
1.8507650237457425,0.013020063268871512,74.17877350134007,8.583179135484903,-0.001986751442446428,0.1886359464154175,-0.06154691668994287,0.22944080700017425,0.014691102701951475,0.6635487296387969,0.03930792292504539,-0.037540955544172125,0.2775656267553515,0.2454114420268832,-13.10215386165492,0,51,2.0
1.8462550572904886,0.008075353465485156,75.68479267288657,7.701838458273462,-0.014558209508073097,0.1301768182505346,-0.07696796847763014,0.17594486399186857,0.0021303964084854314,0.5631530954004427,0.042022456018716216,-0.04248225707350326,0.27329505730303755,0.2448134205955523,-11.6340177095678,0,51,2.0
1.8460172049555124,0.007931162751933786,75.8837115203633,7.750148967906345,-0.009338838395242598,0.12341468712683999,-0.07369443967792333,0.1520423210427527,-0.004854380207903245,0.42301725991951133,0.04234503553734324,-0.048579766248690086,0.2722380114852241,0.24478188149665764,-11.216569551918143,0,51,2.0
1.8465589936457427,0.007075936776618334,78.04781438790116,5.681485051225783,0.012672377531142795,0.11195056720532394,-0.05218874765377419,0.1250639941680787,-0.012344265685361974,0.2802728218468359,0.04023906049367721,-0.05234629381835704,0.2728185731845977,0.2448537224382067,-11.421043743146853,0,51,2.0
1.8461233149556553,0.008931395029531542,79.78569606706208,1.1657398824542806,0.004665965031759411,0.10773469400259911,-0.05645598938652113,0.1192620121092445,-0.014252975765688746,0.30155335509938497,0.03490773028315099,-0.057024909993751545,0.26966771943615236,0.24479595156689085,-10.160203920882772,0,51,2.0
1.8446919181767631,0.009414545545872186,79.96046462713504,0.20147745145475246,0.0016005154626042234,0.12200826204252693,-0.05984101199782362,0.12330805472594274,0.003678160153475462,0.32368919466908574,0.027240979624792317,-0.057671630907178674,0.26754584088301125,0.24460614847350085,-9.37821577775897,0,51,2.0
1.8456976074798435,0.012439434191454378,78.51596326454013,5.346399226934258,0.0012765046501276539,0.13056325212839512,-0.06274267216669578,0.1176348763501865,0.017069905265873552,0.3298874863128314,0.017558910452558488,-0.05671380991780137,0.2649839967085355,0.24473950263807293,-8.2718538904611,0,51,2.0
1.8493618570706423,0.017442915072983737,77.55345901788449,5.744781159586463,-0.005204184273002194,0.1392088279271197,-0.069614300759984,0.12531490589540542,0.0014897661338395933,0.33379291627592234,0.007970167042741014,-0.054658550377757534,0.2622361255363392,0.2452253822503295,-6.936779190599807,0,51,2.0
1.8470647957395105,0.019717200896196885,76.57963360057158,5.928630781983263,-0.01763494385808122,0.18104800456164719,-0.04597557810883896,0.13136541454163084,0.009670891789902075,0.31536489265272444,-0.0003528294216969232,-0.05047375495555769,0.25676019000697153,0.24492079203482267,-4.833970147567368,0,51,2.0
1.846293835663328,0.01994423344555284,75.85104491663914,6.13710220797184,0.001807238906621933,0.19417251858727386,-0.05789825868080644,0.1272776437073349,-0.02116347786367816,0.2990604755631315,-0.005925160478297118,-0.04689051140417219,0.2551826382636721,0.24481856249043898,-4.233370079377807,0,51,2.0
1.8426405290762584,0.01873266335476129,76.73892545700073,4.547188155952127,0.0071059011434223135,0.1840867124693722,-0.04090611706031304,0.13585790080140675,-0.018478410747632675,0.3259487337785185,-0.006249128234380721,-0.04219487340766125,0.2529128481221635,0.24433413415423313,-3.5110583290483666,0,51,2.0
1.8329148459083893,0.0076647862167901855,77.23814373390347,4.201573619091675,-0.006306265900824584,0.18442172374174262,-0.04820771920768654,0.10188538551472114,-0.014010390668523078,0.33578221303287553,-0.007686686796393021,-0.036419107042255205,0.2489010753078105,0.24304450868743352,-2.409668357456618,0,51,2.0
1.8343144222801806,0.0069760936934763484,76.99601291675194,5.537521471808299,0.012603135925589823,0.1554039541584477,-0.052744932217048665,0.09388673414960008,0.001778403917948405,0.3040781838511133,-0.007831690014467646,-0.03366491476273235,0.25218494040114764,0.24323009239451646,-3.6816365600464085,0,51,2.0
1.8353702785337673,0.008855020427622753,77.56257283921336,5.120254904935489,0.003229037548104922,0.15674944335425517,-0.05149355158209801,0.11156313764415615,-0.0026507984262471107,0.28800728808346315,-0.008109038894520743,-0.03134174345380079,0.25300141483319727,0.24337009881267624,-3.9574771377047124,0,51,2.0
1.8336881752692016,0.009579826889826086,77.1172663604512,5.288715109606588,-0.0004933416551234675,0.15668185253758865,-0.05636632957440965,0.10756617208760944,0.004458259243298979,0.2314070698266662,-0.010160911613622,-0.029942172690053354,0.2520832514872418,0.24314705203857828,-3.6752242619193742,0,51,2.0
1.8359595277145797,0.009245456438049332,77.01936108925763,5.618054428755731,-0.002322757324459506,0.14539916612212972,-0.06134999483166372,0.13177207275180322,0.002092581936249546,0.23679585941867,-0.01027987670686161,-0.029238030605749487,0.2550956304224144,0.24344823349257538,-4.784342347751824,0,51,2.0
1.8354173664953195,0.011518274602155805,76.94670938978008,5.959774393996948,-0.011216872937831223,0.16212976735268408,-0.0539032446366607,0.142331434319218,0.010843441739459248,0.2478056176360557,-0.012482047102327636,-0.02850975111633742,0.25408370658955876,0.24337634267694164,-4.399508923030404,0,51,2.0
1.8320906214854296,0.012538330845441654,73.78595714008107,9.417578890980817,0.005347086335806286,0.15825009890809927,-0.03440002437827049,0.13056183459756251,0.004632917570644149,0.26467375516283115,-0.012333709448490871,-0.027670271449229525,0.25170684898961315,0.2429352164089704,-3.61068794813022,0,51,2.0
1.8328409002107733,0.012275774266589766,68.51865349563897,12.531912729315113,-0.0017838163264826232,0.15144040100445894,-0.016744106843629303,0.12076232877273126,-0.002244585732399833,0.2668466086890685,-0.01189206767133941,-0.0276409807303288,0.2517382935610468,0.24303470348703293,-3.5812128676011357,0,51,2.0
1.8315083264720207,0.01138911484496965,61.28154521362454,13.901949138289964,0.00382784454553735,0.1282484381455775,0.011120939627289772,0.08490567480310354,0.0016874209977686405,0.2934082513406447,-0.010751480493355007,-0.027131807313934424,0.2513467816765296,0.24285800397086152,-3.495366661535493,0,51,2.0
1.8310631414254506,0.008489327709281484,56.68324238178777,11.436344201822855,0.0076724059295420555,0.0885022528098153,0.008435891356830504,0.07087868787693279,0.012157070121782668,0.3174862431688534,-0.009759082583567216,-0.02526429815670627,0.2519397757710509,0.24279897255404684,-3.7647619019348877,0,51,2.0
1.8318785347190558,0.006604259339928119,52.72220848120895,9.993172849583353,-0.012074602183465864,0.076559770461581,0.016714252020214117,0.09741554597239803,0.014278378520233958,0.3384765632656292,-0.014165308889982797,-0.02422042035885393,0.25250078582054825,0.24290709382429881,-3.949531421749586,0,51,2.0
1.8288880306131698,0.00864420146563931,58.21297858275619,13.86402750478273,-0.004142772808086639,0.07324234128693047,0.01815686699952565,0.09981233381395764,0.006621934546559465,0.32526366256417627,-0.02179318778533569,-0.022272068112434158,0.24852653830206062,0.24251055274210603,-2.480710835850597,0,51,2.0
1.8254863467870974,0.008284550801875226,63.62779870220259,14.032302002087185,-0.016131396825407065,0.0819107323418261,0.01991612358274413,0.10400527898690348,0.0031719219816081666,0.26122946294800997,-0.03596115717004451,-0.02214130433252619,0.24295156333163065,0.24205948958469897,-0.3685349202636967,0,51,2.0
1.821635897253074,0.009161348157633425,68.47247907694648,13.987985525290675,-0.005963590717417937,0.08391998895993048,0.024661525992640092,0.10364497045899303,-0.010415651890284875,0.2059552973391371,-0.0563147176276864,-0.024344452649382377,0.23639511561052856,0.24154892009538803,2.1336483238361126,0,51,2.0
1.8174276831103306,0.00671827352691669,75.22970416499119,7.293637711815871,-0.002184695354206305,0.0791513184937374,0.020558377600037585,0.08695849110835237,0.009146328449395358,0.16440669861460172,-0.07903606547877431,-0.028911107645859604,0.23195255912032356,0.24099091066254646,3.750494787282277,0,51,2.0
1.8181308467014163,0.00772426065895486,73.88587254636428,9.73411817549639,-8.943778298356953e-05,0.08952914118081634,0.02048913756495013,0.08329937162792861,0.006000333091280624,0.24820581311149426,-0.099266666392246,-0.03437020696776906,0.23337685380219056,0.24108415027330096,3.1969320514737887,0,51,2.0
1.8182993046208924,0.009202289170580809,73.95193403842403,9.623624083740086,0.011057056605304573,0.1323348062120551,0.019146967259253942,0.07967569354309709,-0.011314194850331428,0.2588128044408587,-0.10684723052842458,-0.03867956469641676,0.23481458730179355,0.24110648791212902,2.609594069749188,0,51,2.0
1.8229871111757614,0.012041538218109073,70.67940102839002,11.377520038568422,0.013344154382745424,0.14756387387988484,0.014676679364022087,0.07719065648209258,-0.012614937919173754,0.27016665916791766,-0.09213636667021749,-0.04050865535489459,0.24127155516179877,0.24172809082338814,0.18886330506078242,0,51,2.0
1.8297639459955926,0.013162813078190706,64.95834270645591,12.948621609427446,0.011450046819506907,0.1541579698137153,0.024131495103824372,0.10733672915739546,-0.027098842330423055,0.2645156315801844,-0.05018525835548712,-0.039174157390448106,0.2502034316452538,0.24262669923912789,-3.1227941648163338,0,51,2.0
1.836514500426311,0.015249707614015194,64.54942906604094,11.607634013752449,0.03752883801273271,0.1742104333486414,0.013749023899435997,0.12115816979193206,-0.043199743491177466,0.216385124638452,0.016436892423473518,-0.029884239230451238,0.26313282315735836,0.24352182287471266,-8.053077153884146,0,51,2.0
1.8423160828796088,0.020622932844354343,64.38808302318348,12.646286528914011,0.03437670773150874,0.15657957678993875,0.017106822856208858,0.15291568665302632,-0.04418345128058219,0.22376046228657642,0.1002688567944061,-0.010134201837395556,0.2808678338162082,0.244291112465196,-14.972596007242501,0,51,2.0
1.8513155965244068,0.023421068480564373,66.33479250178618,12.898503280059074,0.06194641908594206,0.1832978844785131,0.004973589862678565,0.1708519433200704,-0.07377634248604961,0.29814099224875623,0.19616416604215034,0.028274180223798694,0.3097938465699515,0.24548444809400669,-26.196933848663996,0,51,2.0
1.85981884598732,0.02551431040982779,72.14411514880611,10.55256883514252,0.08297743757857996,0.25778675540600904,-0.008183848295433848,0.1624696794612097,-0.07024757856247472,0.36337433004807995,0.2953509692945263,0.08448995845308038,0.34875016586414764,0.24661197909724178,-41.4165553274408,1,51,2.0
1.8643118546289557,0.025745121014707023,73.48051799979865,10.422568910504028,0.060139350081775705,0.4835042161723792,-0.02044982021199722,0.2296424858484495,-0.04037729826043634,0.5649058517788826,0.3898718165608496,0.1441646798404074,0.38020611293805656,0.24720775180311666,-53.800238934604124,1,51,2.0
1.8814534533257579,0.061176622030645826,75.14318344639797,6.854526733622088,0.0007708438617341659,0.5991782130090713,0.004172516913682807,0.2652540569691758,-0.017321365940220216,0.6059081198216864,0.45754173886887683,0.19744380714431534,0.4112037176294009,0.24948072794044382,-64.8238407126837,2,51,2.0
1.8733801228158615,0.0692658760513972,72.06046657001271,9.991532332087132,-0.05585980181600533,0.6043206130953551,-9.331056008151933e-05,0.32129824244218785,-0.0010870126824752957,0.591420836228602,0.4852395485980635,0.21668865301257814,0.3887195943334171,0.248410204443506,-56.48294127217328,1,51,2.0
1.85947491608414,0.07374244342688764,68.92800685938667,11.6687461199053,-0.08953103401205119,0.5790453170136372,0.004376316333518308,0.328827201892443,0.02122700667264415,0.540082712692545,0.4669799361000438,0.20637606032199068,0.3498414804096967,0.24656637390386904,-41.88531666775146,1,51,2.0
1.8518477830232358,0.07361210528522434,65.4501299717847,12.62010251519692,-0.06979835384032305,0.434791837722996,0.015983390603579728,0.2963999647349633,0.011437199936777937,0.351078939481313,0.4105846943274446,0.17740355918327083,0.3124107867408929,0.24555501593794596,-27.226391832224685,0,51,2.0
1.8342489039196688,0.036566691651536344,63.9255042403352,11.669951288071335,-0.01982180964128644,0.28708921855805786,-0.006162867315259634,0.25148375073065166,0.026733383682428623,0.2897721603364927,0.32997808214101526,0.1438291097055478,0.28086862448266103,0.24322140466490516,-15.478580049162938,0,51,2.0
1.8341526599491345,0.029309966166699838,64.84760962280572,12.48268681230781,-0.024068064257210375,0.30499916667564997,0.0045046698228985655,0.18593852595625895,0.029653621362704857,0.26724737193301407,0.2439766318508771,0.11974004758161684,0.2761010388837323,0.24320864282680238,-13.524353277343737,0,51,2.0
1.8416218430388207,0.028954691009440436,64.33263665087082,11.192162892155139,0.0038520372381397323,0.3230558945094234,0.0170113003867514,0.18745239847021983,0.025965936956744567,0.2743288825075965,0.16567888907966094,0.09673333057452187,0.27474143246342303,0.24419905626822672,-12.507163894052375,0,51,2.0
1.8473926747546476,0.02958930590300589,64.1793820811253,10.735640599926095,-0.006473939719737745,0.31443923764340265,0.026514352171444426,0.1764975750893022,0.0059780251673039264,0.24495290276024526,0.0969223510526315,0.0731732519046849,0.2744995386565753,0.24496426867118257,-12.05697065356015,0,51,2.0
1.8551438854021185,0.029842310005900423,63.6463773577821,11.816417919262255,-0.014022500345519944,0.30958686042129574,0.021961388853835126,0.1712754121841368,-0.0015941783237983199,0.19538907417331353,0.04994826033018926,0.04515834200087926,0.27033878288397833,0.2459920793296868,-9.897352638603163,0,51,2.0
1.8650013430445802,0.024847826411024225,63.687273189133286,11.911269266008798,0.03249137366519255,0.2598612778049083,0.02249824175355481,0.17025193570319055,0.014349776575816613,0.1881625551677519,0.019426982717240263,0.023171377097474723,0.2783524291297195,0.24729917797335066,-12.556956885523984,0,51,2.0
1.8682514306376963,0.027245187153776895,65.4703545663871,12.306947235325152,-0.00014810716988993626,0.2548718655500064,0.011926908484276603,0.18120072376054494,0.016353962778606835,0.1948405034251952,0.0004925219375523443,0.00897388864726572,0.2807237709215361,0.24773013971091923,-13.318375894478462,0,51,2.0
1.87227201461792,0.026153168373245134,66.8340535771613,11.936203095083671,-0.00506494369576959,0.25145459114355434,0.014292926180596445,0.17439770158985354,0.0161798452666285,0.2396445543945113,-0.008221578973262962,0.00302644461308026,0.27887562196916116,0.24826326926605596,-12.330600814854687,0,51,2.0
1.8658530530976314,0.028318117262419847,66.0207527104546,11.936982593195081,-0.008324919816325693,0.2700582158851997,0.007897269126831316,0.17427975974419074,-0.008640591128199709,0.2573541652854954,-0.010314858361477618,0.0012569708532812049,0.2794185332331955,0.24741211471637015,-12.936479910661225,0,51,2.0
1.864340807877335,0.030982105896624944,66.39835450228523,9.843489758470268,-0.03029904686206696,0.307685779135427,0.011613257338895518,0.16583924090420957,0.013202606855581204,0.2681322298056821,-0.01264535360559951,0.0009396383205700966,0.2772018070163877,0.24721159111549063,-12.131395524608092,0,51,2.0
1.8593749135148292,0.0292789853636866,66.4649920276567,9.70188945669793,-0.027934583890087464,0.3072169479500272,0.006858787736764141,0.16241377563021564,0.010781193142939433,0.28153451609136887,-0.01906365332545166,0.0057465184795173,0.26249524608728925,0.24655311363923152,-6.466003293466827,0,51,2.0
1.8477740515680874,0.03053512123795153,65.84882632891338,9.455510361689427,-0.035222963813473195,0.2916145511470394,0.004891223365477487,0.16321429107182284,0.0018682674249159354,0.26114734428635106,-0.03425743068307605,0.01662971912495196,0.2454616950410478,0.2450148391146236,-0.18237912774545784,0,51,2.0
1.8439096276666604,0.029210717612476064,67.55078544336207,9.438367124045884,-0.04120533570062881,0.24061011977778107,-0.005015198360471164,0.16932166323956666,0.015357044114566901,0.28043364169569085,-0.057887481619130945,0.03587079905349388,0.22624382447074698,0.24450241662776798,7.467653043617151,0,51,2.0
1.8379140087202483,0.019396448385400653,67.21646869416331,10.232266067026035,-0.016251532580046094,0.21721320465411453,0.010609317169177766,0.19157243920363518,-0.01080608504879124,0.31822576555886634,-0.09089338294325945,0.05949515274973061,0.20877420835014282,0.24370739768900135,14.33407014728264,0,51,2.0
1.835193896410512,0.01911255717304272,64.29914030374265,12.573440590798537,0.0018747889381997725,0.21750477188163161,0.0037159530774635427,0.26758979402917477,0.02346488937516423,0.38822734973584766,-0.13163067325759661,0.08332311781732467,0.2137304273199678,0.24334671055451218,12.170406235226272,0,51,2.0
1.840900105004217,0.02346501039872228,63.78452644628637,14.131252320802965,0.016968672985539716,0.2724226550212826,0.019074467211669565,0.2703863594429627,0.03278246978480442,0.37600026660803687,-0.17959875278035478,0.10202274957759791,0.21404376731739644,0.24410335392370858,12.314286601611746,0,51,2.0
1.8493131872485666,0.029432142630281384,58.989773951324764,13.673063540932949,0.006125580446392882,0.29304992573397937,0.012084538117051125,0.25976087071433257,0.02482408072397697,0.367311734810451,-0.24095971211727527,0.11075639854877951,0.22016492642357835,0.2452189287468128,10.216993627397574,0,51,2.0
1.85554638504982,0.03379573533417515,57.38720452551748,14.354165113152193,0.007815800753294253,0.2885302537568234,0.01067984261203046,0.23654668245495883,0.0036534472624314765,0.31710960153054385,-0.304515889862192,0.11867853177731535,0.2266964571786276,0.24604545052940144,7.863991514227042,0,51,2.0
1.8632227708311642,0.0307389430094991,60.36131563841128,14.080460627498729,-0.00036075864644611585,0.306545056718658,0.0030635559164425906,0.09911269355099979,-0.0032929786225306054,0.20431409460735975,-0.36393780751612664,0.1300993770534786,0.2251980506099764,0.24706333940274455,8.850074173540145,0,51,2.0
1.8618271643040227,0.03334255575976919,62.100906124301986,13.318878570774512,-0.058916364011226914,0.3161790431717835,-0.019033921225106016,0.09720323488422114,0.0017119778192364703,0.2352052431575406,-0.4154324800955194,0.14772611106943526,0.21871766731663242,0.24687828209285195,11.40667965504888,0,51,2.0
1.8607695909107433,0.030925937227913463,68.3209467495189,12.16503521667418,-0.07150473599048222,0.3374580283730178,-0.017634616543849308,0.10964181173379044,0.005947474171133602,0.2388172026635748,-0.4391621645284826,0.1655188788471846,0.18834176752962833,0.24673804761929402,23.66731870220866,0,51,2.0
1.8580079762374653,0.029310016339047493,72.33946619314305,7.582558276309678,-0.08710855092195903,0.36174557997961054,-0.010830770812782586,0.12550984340653895,0.02143460037369354,0.23754381913056652,-0.44780917117834607,0.17115670359531687,0.14634684293079103,0.24637185763865735,40.599204660204556,1,51,2.0
1.8468316039618324,0.034976318859429645,73.72563458423988,6.264493816381741,-0.060871195121138706,0.3541039769760443,-0.0069618735681561865,0.12238350937132209,0.027360247174168333,0.24188919480192336,-0.44576361062689596,0.16226456238673478,0.11082171066675577,0.24488987080833513,54.746306859914505,1,51,2.0
1.8386183731696184,0.03440003541749599,75.61281253777298,6.47952093064155,-0.027525776705028964,0.308201674190977,-0.005471758836624669,0.11342812240514198,0.003065266792534613,0.20968193228431312,-0.42937609784316716,0.14377037748626442,0.08844346026829003,0.24380079629087564,63.723063413308445,2,51,2.0
1.8351987284772537,0.0323710234519868,75.30977417908463,6.275349744046196,0.02673120398585703,0.2966136568016936,0.010635633021593094,0.12199328497134107,0.004757644553833148,0.2028767610356838,-0.4154612069344559,0.12645553512288182,0.0907595173424702,0.24334735128206716,62.703716780023775,2,51,2.0
1.82435628713346,0.03974225565070424,76.92107342738731,5.587480994848549,0.04001177536944548,0.2734825308502789,-0.014637633719865014,0.11924185183093206,-0.00013878052214197085,0.22584501248197114,-0.3922194243263001,0.11365245278945472,0.10473853966259689,0.24190964367277987,56.703445934436616,1,51,2.0
1.8296938994351555,0.03735782688961058,77.95069215811935,4.78950416008457,0.034980291829389686,0.2679979071611648,-0.02417397221513823,0.12910716886576687,-0.016929234761525604,0.2547752884883043,-0.36137336935989517,0.11357754155419786,0.1220515573972226,0.24261741117243635,49.69381760055281,1,51,2.0
1.8301622931863748,0.04124092848130437,77.66200858938927,5.170572777608111,0.03316571921402333,0.27970789163289794,-0.015547981887471442,0.14000626952950124,0.0012113723319535162,0.2923457172314158,-0.32546623974451994,0.1173107224245239,0.1388207677843356,0.24267951994205933,42.796669526345035,1,51,2.0
1.8207110260047166,0.043294111533134214,78.48946984608968,4.361814476129926,0.008568752483994352,0.2764596001692095,-0.034707898748855964,0.12819919714283734,-0.011080655579765638,0.31302551833569436,-0.28410897947271974,0.11996310421969071,0.14623115314042112,0.24142628204500918,39.430308953207,1,51,2.0
1.8137117086672316,0.03731639093569005,78.86661159758474,3.5733075242078707,0.018952867564033058,0.2520472554355328,-0.015559512902708614,0.12049490599024902,-0.005097342253315682,0.28496768718591103,-0.24373202879496536,0.12159739182949235,0.1574851776263409,0.24049817268950335,34.51710012380713,1,51,2.0
1.8023924062065049,0.030591418640260513,79.10290230489245,3.3474296890942665,0.016118854795600854,0.22581018110486767,-0.01557865417471119,0.11445417539208577,0.011173415089062616,0.2567081968879737,-0.1997196101075835,0.11386202870872349,0.1627531222800629,0.23899723295061764,31.90167088097985,1,51,2.0
1.796192429229325,0.020395172690807706,79.45464326821121,2.539262470303334,0.03332270250893107,0.19470380708207086,-0.020108338007155585,0.11002754666582905,-0.0168486254508881,0.2626709428199059,-0.15813621400942332,0.10042501127705891,0.1789345862316097,0.23817511612139,24.8726780759025,0,51,2.0
1.7993206831754422,0.015891623188619315,78.90915290982116,3.7722044341057215,0.02113116839352776,0.15282336252786205,-0.020798831228532044,0.10892456882005314,-0.022722134804900956,0.24515366956364715,-0.11622477721772621,0.08069549817866933,0.19253342991092348,0.23858992270353635,19.30362031670595,0,51,2.0
1.8092193445738625,0.015477634738209898,76.50339997048472,6.831093104742541,0.03889127415330971,0.18788127920575717,-0.014647486236165552,0.12143730209962582,-0.006765055561474725,0.279926074983286,-0.07406948457161344,0.05654906456138216,0.211146155550583,0.23990248496860908,11.986674261331142,0,51,2.0
1.812203288078308,0.016038903337103602,75.02622129870396,8.251298077064115,0.024554285385152873,0.1809567372431356,-0.007200336120292253,0.1199872888613716,-0.025834183007770895,0.2652457311895887,-0.035056236109730875,0.026737953764749942,0.22494172998084966,0.24029815599654258,6.3905717261991235,0,51,2.0
1.8260109366155137,0.022380231440339446,66.76634949328853,14.575318455749443,0.02512536906436378,0.18834496293121455,-0.013915835733653284,0.12460396195583155,-0.019162132642140575,0.2068547670300527,-0.0023395326731128867,-0.007093437329951431,0.2422594592520598,0.24212905031314302,-0.05385926998355828,0,51,2.0
1.8270459782843496,0.022330249449956263,64.87685060968586,15.126986417194793,4.008887153045804e-05,0.18521273722337991,-0.011904437989726955,0.12588681760831047,-0.005258108197035743,0.228439888176966,0.022883315596283715,-0.036416974308529214,0.25340913333446213,0.24226629660308313,-4.599416793675948,0,51,2.0
1.8238955578383278,0.025756009221177947,66.01480076827255,15.640456390729176,0.011249825833182708,0.18903508630464852,-0.024344380305824326,0.12936321219077415,0.005479544054205511,0.25599550933922627,0.0397569714248241,-0.06095705270471221,0.2559946791676226,0.24184855097536695,-5.849168057945686,0,51,2.0
1.830520448731441,0.023114622787698283,65.77197775186276,14.811403231734792,0.002569651450304424,0.18397251953468818,-0.032712036150270234,0.1346864134223275,-0.0037816829395060448,0.3275566258039112,0.04883193809682197,-0.07877179120907485,0.25979810217362914,0.24272701162838062,-7.0330411233277434,0,51,2.0
1.8292559361925311,0.020808843560418937,71.64621637849247,10.188710310964243,0.008089922697228543,0.17031447302141225,-0.02024792042542614,0.13134437676302657,0.004580359157247871,0.34677426982749393,0.057163697746245246,-0.08583267961745254,0.26252857765376264,0.2425593370224452,-8.232723949715282,0,51,2.0
1.836767945803848,0.02088212005366154,71.02672624588013,11.060172268113742,0.026051378754131934,0.15692654479415952,-0.031711780877016926,0.11752128162482535,0.005825443485496091,0.3209386389459157,0.06123158326471063,-0.08876287962079482,0.2688623942154766,0.24355542961963655,-10.390638646554585,0,51,2.0
1.8478986930613424,0.010303418619436773,72.1333767713285,10.363253133315382,-0.004945790221658992,0.15659772223198756,-0.03196357693705781,0.11340919231476138,-0.0022522080689668655,0.3022330115171471,0.06039612084929678,-0.08539389586269498,0.27479841160261465,0.24503136682263374,-12.148258880475415,0,51,2.0
1.8482470880536472,0.010451491297650328,72.9473475147696,10.044853346996403,-0.0020539206087443174,0.1521636047385642,-0.03645829723088765,0.09672370058364706,-0.004297037645443982,0.2339887907065468,0.05581784748505788,-0.07611746776992682,0.2719349947979225,0.24507756375898693,-10.958747356142151,0,51,2.0
1.8450775362697303,0.01236038857669924,69.00036082548253,12.519492270898006,-0.001144815921126043,0.16215040870261,-0.0346854602205841,0.09057724931261779,-0.01100364895811414,0.22050989295193485,0.047222470271047506,-0.06758208142600201,0.26651393455086214,0.24465728131039044,-8.933579709300666,0,51,2.0
1.8434997259401809,0.011945251335245653,70.36821672028186,10.692171224253197,0.002369764215294637,0.17606735968095769,-0.045881226047070005,0.09930646899538127,-0.00562485527046317,0.24195059868944258,0.03581161206342832,-0.057281538916640555,0.2635343965397247,0.2444480637817016,-7.807929612020859,0,51,2.0
1.8443532603628494,0.016054117583728406,69.55151915082745,10.460805853700329,0.006850630939737254,0.14680769220917203,-0.02772164723708057,0.09457654854838198,-0.0024393358696982556,0.21508705984472512,0.024435630957810792,-0.04798689437536774,0.26256615373085035,0.24456124220236397,-7.362127934232565,0,51,2.0
1.8466779653932535,0.015418822847710791,68.2304819798937,10.891973155623116,-0.0005269749911830706,0.14355804829659197,-0.03926996765293035,0.09652378197700717,-0.0009595322303985263,0.20103488139359002,0.0164367496838922,-0.04006822163235059,0.2656068802218533,0.24486949820992113,-8.468748522592428,0,51,2.0
1.8514469014663322,0.01742746938998535,71.23244790002411,8.019761319730978,-0.003863806188033492,0.1341410829971871,-0.04722714803966822,0.11822323178822407,0.0021720939480206545,0.22075400426492944,0.009346448311230729,-0.03150875018682474,0.2668209401294351,0.24550185925265813,-8.683877564787167,0,51,2.0
1.8488256837807449,0.018393217844524877,69.42407431789474,8.188299395773523,-0.00695029133017741,0.0980104869329038,-0.03141882786454231,0.11210554476337062,0.005794571712613106,0.21841116845346809,0.00624989321142786,-0.024112971555946834,0.2641759480935719,0.2451542856674234,-7.759057678458592,0,51,2.0
1.8461090823014576,0.01637357419272447,66.76195606530881,9.125468479310554,-0.0065367026619759265,0.10552696868642776,-0.048740519639835056,0.12192814848272018,-0.011163882363368483,0.29540444015726525,0.006752387837939902,-0.018961129395034533,0.26307141967064934,0.24479406419126026,-7.466421026086967,0,51,2.0
1.8526506692755456,0.024619995347876455,67.50757539506053,8.543414796168236,0.005993605691793503,0.13265669247627015,-0.02763596081229694,0.1435913698382409,0.002348896645593877,0.3250702317510134,0.00616976292453651,-0.01570472978802183,0.26398308017894817,0.24566147874391384,-7.458068529390149,0,51,2.0
1.8493354717890422,0.023258062119238133,69.38543544563592,9.290447634897715,0.000561667213618171,0.13400352321102427,-0.031531279057483465,0.1431937526368018,0.009810631912128599,0.3329092353021349,0.007700678937614145,-0.012448004814971755,0.2633197951341763,0.24522188367695238,-7.380218757745749,0,51,2.0
1.8511366785741319,0.02326837908762915,68.70868659486958,11.734566577126005,0.0035927919123102635,0.1503290121354912,-0.04121535961680552,0.14743895463917556,-0.0008576250470736448,0.3488855624270309,0.008471243190553134,-0.010411547875490847,0.2647735552390169,0.24546072345371187,-7.867992692911208,0,51,2.0
1.8554958888128692,0.024101256749443127,68.36469258981593,11.287279721781855,-0.005764835349777166,0.15266602845839464,-0.03342920454109416,0.13378475448897073,0.008208710353310202,0.2915299993104557,0.006377776600380679,-0.007898143374175833,0.2642810157950377,0.24603875485091742,-7.414385166748971,0,51,2.0
1.846333660915786,0.018176093185784316,65.37143576846404,11.684376455274245,0.0026019210835882263,0.14425958071900014,-0.030655050029357273,0.12278070542075215,0.007902747294043793,0.3064601302484597,0.00687726507043731,-0.006486716524682971,0.26057758292145733,0.24482384355264675,-6.434724306345152,0,51,2.0
1.8447483234545763,0.019177195408848307,64.25058079700844,11.659902541141072,-0.0013244487984361603,0.1828164595606404,-0.03406446195189275,0.15458424171793214,-0.020092763481479065,0.3107775032390971,0.005315455841917585,-0.007323373392448305,0.2591607498762942,0.24461362756497992,-5.946979510554851,0,51,2.0
1.8524504298088598,0.022441640407392265,65.60671030773835,9.62239331409281,-0.01528105723178562,0.18953202474778902,-0.039637634147177726,0.17577455750616602,0.005298024883457259,0.2941926972646641,0.003925899396651595,-0.0102504067976485,0.2601047288964348,0.24563492698587663,-5.890775423557804,0,51,2.0
1.8458621846694572,0.02012222146844158,67.00278448123558,9.880875733900758,-2.0109728782200346e-05,0.19716875442545798,-0.02125018625063639,0.17483803274838144,0.005149526083294083,0.36663067591960297,0.004830065096827283,-0.013234171271687538,0.25854699676875587,0.2447613257996005,-5.632291345096907,0,51,2.0
1.844306506946975,0.022314358450743397,69.17726878558888,9.805155729102662,-0.021670961423831826,0.2050114330150914,-0.035417074447169024,0.18256684843430376,-0.005355178013297857,0.3629854470265762,0.0017127916571444447,-0.015118276772894132,0.2544224077655546,0.24455504269690678,-4.034823800741272,0,51,2.0
1.8461466051784217,0.02186588065053036,66.90639869839538,11.579897549709367,-0.02353935710647527,0.21101110263097012,-0.042785008090968225,0.13577525709928473,-0.0024828364177807874,0.33620112288268894,-0.0013884492453745986,-0.017496983375138834,0.25554039550949254,0.24479903984053927,-4.3878258983164775,0,51,2.0
1.8370035162159042,0.015314447682843716,63.938182980406516,12.476462601263714,0.013006612293276132,0.23304766840815205,-0.01758034702609567,0.14314134847108667,0.034838680168796404,0.37683626839396667,-0.00651761169821166,-0.019946821172545336,0.2516319076162256,0.24358666637146859,-3.302824971744589,0,51,2.0
1.839408781598596,0.01728891581034724,62.81609042485555,12.5039577779486,-0.007464622530867071,0.23614578444033926,-0.0432071997692772,0.16113614138997687,0.006219723106672366,0.35496937934843253,-0.013342457831250884,-0.02256386312095335,0.24983328026640753,0.24390560432301484,-2.4303155968250723,0,51,2.0
1.8463356109226452,0.02159692080768591,63.97901050249735,12.349925635876792,-0.007195197557117425,0.232421798979328,-0.03810737282037735,0.14864900753909902,0.014142568396660043,0.3178572882755599,-0.022047621663087057,-0.024524848821482974,0.24983490902972427,0.24482410200154814,-2.0466967864726238,0,51,2.0
1.843503842166826,0.024107466764450042,64.87865444725635,11.893025943385979,0.00015133422087220584,0.19443015179853207,-0.02881849805514018,0.15170386278277267,0.0039035173899987165,0.40268019332276445,-0.030340760707419187,-0.02601226674264284,0.243958523602108,0.24444860958893988,0.20048630575398851,0,51,2.0
1.83884129337236,0.03170184800016595,68.55026264284172,11.664756714426877,-0.01046512056799496,0.18745119684372308,-0.022566035535990025,0.11749195064072496,-0.02575044969425482,0.3812961831016011,-0.037879997582776596,-0.024835559704572064,0.24083823920876324,0.24383035538329656,1.2271303012415191,0,51,2.0
1.832919955253601,0.035641258851880915,69.28415044148763,12.107147344879097,-0.004896277890485876,0.18443418164224357,-0.032160366136653754,0.11028885636237257,0.005265099653864608,0.3966439075606626,-0.041588735399311696,-0.023422173866973747,0.23844725790992252,0.24304518606518694,1.891799722390386,0,51,2.0
1.8353414751735388,0.0359215984675211,67.95826903511497,11.97470028033913,0.006333209866402196,0.1956049372159515,-0.029704715691360774,0.13578484511836822,-0.0026736163589007713,0.42037069772910857,-0.0449977732120657,-0.02291162870832894,0.24522336731606473,0.24336627973143887,-0.7630833600592579,0,51,2.0
1.8334064612201615,0.035194394516174385,66.63841310201907,11.927911027600336,-0.002180878072977066,0.21607340317236728,-0.02382599357880798,0.1495842051929366,0.02207758798099616,0.5074039214735475,-0.04671871817494852,-0.020151459582081744,0.24509391226190771,0.24310969664110257,-0.8161811923669937,0,51,2.0
1.8363490151424033,0.029188789670690465,62.542458094802555,12.051898755652259,0.003049310515908634,0.2322917865598715,-0.038944176014731914,0.16920082941281858,0.017032532441411532,0.5083440379560835,-0.04763560337505103,-0.019384490542906557,0.24370804270769866,0.24349987940819456,-0.08548805034729323,0,51,2.0
1.8468898295187484,0.027076684241101042,61.56853336913913,11.076950604894204,0.003929140922777793,0.21621302644940263,-0.022632636714215372,0.19319727201837966,0.0018881960753716674,0.47959016200265897,-0.050282687480072925,-0.01966288408658946,0.25137886705687257,0.2448975915167525,-2.6465248187941937,0,51,2.0
1.8392884485861833,0.02261980800429896,63.593868620255414,12.01916331824618,0.0028308310052927803,0.22664554525451241,-0.035838439439733825,0.1938798623371926,-0.00940291459361712,0.48004598557479267,-0.052301195706678474,-0.018170697910523937,0.24632014248131295,0.24388964816635977,-0.996554930980631,0,51,2.0
1.8366461495558422,0.024499936899901972,66.46408998732473,11.66638425711585,-0.007216432040520743,0.20767884541802012,-0.01931317457381417,0.1994972833786991,-0.0211405833708305,0.3620562982986509,-0.05625242153073851,-0.01776822883035489,0.24362644291354327,0.2435392794326166,-0.03579031732774407,0,51,2.0
1.8410028067289614,0.02580754514333867,69.63797468297622,11.117093041795094,0.004462175472986465,0.19921241103365855,-0.048765455390892776,0.21187339982527925,0.003847505970328462,0.3469071531300997,-0.06188920386602399,-0.01906690538944139,0.24740415338467153,0.2441169722945878,-1.346559831209504,0,51,2.0
1.8340243784820331,0.02330291936951992,65.08961479804096,13.582068485367063,-0.005545259855103259,0.20486122398686185,-0.0377569283705716,0.19002678635335432,-0.014863135767918007,0.35765074192498664,-0.0712630057238168,-0.019029633434379283,0.24008783699397282,0.2431916325879968,1.2762756518363783,0,51,2.0
1.8313353488258286,0.02511059343819674,62.5331035455068,12.578819316082788,-0.0101287976893432,0.19411337985154245,-0.025953298982451942,0.17244812564306392,0.001246092530588309,0.3171733823050706,-0.07930031262263862,-0.021381753891034833,0.2368485858505697,0.24283506713430436,2.4652457959968843,0,51,2.0
1.8337617948943494,0.02649125951720126,63.432999012516994,12.514645424448918,-0.0024852828469638733,0.18939192991813814,-0.05220959850532167,0.15726218905411546,0.03047306534341153,0.2947489246521057,-0.09002924721721678,-0.023270112140373556,0.2339942083752868,0.24315681400190675,3.7681878931626778,0,51,2.0
1.8355275824958204,0.030240873841111435,62.86717058163063,11.458191270103155,-0.01650573886638763,0.17920712099291136,-0.02405739078919093,0.1424102370495391,0.011090182831656992,0.2919580965212799,-0.10243459661166453,-0.0246965562107547,0.2324022837089082,0.24339095755361143,4.514824196902534,0,51,2.0
1.8317469194823621,0.03035505169443778,68.41958900526458,9.929956591840732,-0.02071135164485039,0.16175814773391733,-0.03956257157465991,0.14962064597770278,-0.00716691715734116,0.2821029182766881,-0.11316258717760191,-0.025552749480447213,0.22430114172367374,0.24288964139183297,7.653063984796294,0,51,2.0
1.839988381839266,0.03600058745499379,69.47982976483364,9.921670547857431,-0.019019228737235216,0.16775085709874116,-0.03867660145110944,0.15282614308534764,-0.003040081342024838,0.25853739313022633,-0.1262333918709876,-0.0276629895275034,0.22090527079952893,0.24398245943019578,9.458544144756154,0,51,2.0
1.8312665662344765,0.039749979162668786,71.94449807148354,9.363668190617686,-0.014106993419666062,0.1731624461416768,-0.014456218893767572,0.1544511468116349,-0.001035962413594711,0.28921508378404526,-0.1361573109755556,-0.03152743283847916,0.21332101233741865,0.24282594680249123,12.150651466035944,0,51,2.0
1.8181981257363862,0.034104204342365475,75.19269384122363,6.989413556814294,-0.006196845306868793,0.15298863720188718,-0.0223479356580213,0.12679985809080604,-0.030145955153320934,0.28525156910377475,-0.1457514210308722,-0.03285197667548687,0.20059970150120351,0.24109307135918714,16.795741839322908,0,51,2.0
1.8121410976437962,0.02962916513336068,76.32870738179076,6.840561823006971,-0.006246448841457274,0.17713225907627972,-0.01238763454717164,0.1001162072286211,0.01273065417384108,0.3590211605076465,-0.15305514466966186,-0.034314888104108154,0.19676529837297366,0.2402899095481199,18.11337448875693,0,51,2.0
1.8004146235830643,0.02242568487179611,78.5760976192998,4.010283321421949,0.0004697617727751825,0.2595254788321986,-0.02253206886862423,0.09726083614856809,-0.006407488219659118,0.4427144407752436,-0.15925929649299697,-0.032000346280507436,0.19417751120084134,0.23873497920124723,18.663988054655846,0,51,2.0
1.8123724460601807,0.03382522121277374,76.56259588166779,7.500716776269997,-0.002934927951690613,0.25623128237228726,-0.02275008700934111,0.13441041765760517,0.01572227389460393,0.4381510085415585,-0.16364672481035583,-0.02693826503460863,0.19715920621600025,0.24032058623060729,17.95991791281257,0,51,2.0
1.811381421252793,0.03411377282410942,77.27152060527428,7.150484671906872,-0.0016838378163383288,0.2595435972800441,-0.025109551627846324,0.15022113682600394,0.009383198239055335,0.45645780946404246,-0.16190025951263617,-0.01729011382707691,0.19742282404373812,0.2401891764586037,17.805278757944485,0,51,2.0
1.813971250080595,0.034981569243249425,75.35952202946532,8.734424339022675,0.0070455953862298935,0.2511660466193267,-0.02798119826497985,0.15463599164668224,0.008611655118418675,0.4128427963574245,-0.15644295011767057,-0.0033982709003016792,0.20156036579429212,0.24053258788025664,16.202470704454353,0,51,2.0
1.820662549313377,0.031269199859456566,74.31712626475914,9.683792236160896,0.02056543968216169,0.16465579708569497,-0.02834098654634812,0.1686434355767722,0.0024682709983750886,0.3951367033551264,-0.14156842400467745,0.013109653892212322,0.207453341298485,0.2414198539215824,14.06947774648657,0,51,2.0
1.8188872775610756,0.025938732278739513,71.37800125982247,11.993640399828529,0.021843635814958344,0.16116831494946238,-0.041391674630051736,0.15272817261662736,-0.01036831546647876,0.45968396359668423,-0.11234686636342081,0.033115709100922965,0.2174873311658858,0.2411844529990921,9.825310685882183,0,51,2.0
1.8260786848909714,0.023669715027423165,66.31761942657769,12.356734595629495,0.026238075941435846,0.14659014149607755,-0.04432491010383648,0.1335002111364471,-0.0010462398184280769,0.43747821102164064,-0.06766104123889699,0.055076028416107654,0.2293544148610607,0.24213803372885687,5.2794757894627615,0,51,2.0
1.8357614898214154,0.02276063560112351,65.26119612244999,12.1982752790882,0.055022202897816896,0.14050527322590944,-0.05960969792852434,0.16069758393734407,-0.03683645110212121,0.44105427787653356,0.00022684312282161452,0.08016084387919725,0.24965806478110852,0.24342197342507785,-2.561844055524465,0,51,2.0
1.846418864586774,0.025312997101702334,64.26562246621823,11.56725263711747,0.06481506619785055,0.13394161868349594,-0.05522278157364139,0.19337634619607383,-0.01999692568628519,0.36898399919108466,0.09084318481833428,0.1052967787516677,0.28267146746459676,0.2448351414415517,-15.453797114364631,0,51,2.0
1.8654733884568309,0.03281423291642677,68.89133180356494,10.533748264427212,0.10243370332846455,0.18362339732602834,-0.08000809687512753,0.2562789074498976,-0.059523362638976646,0.326245866320017,0.19786684078070238,0.1307218312384273,0.33001511778091835,0.24736177142848237,-33.41395312425342,1,51,2.0
1.8797025902598512,0.030793663854988333,72.13613810726241,10.43591903005017,0.12626850699969366,0.5510208219778047,-0.020619822548207024,0.48227746972083313,-0.09329378704412603,0.5719162940162775,0.31862836579763176,0.1494910139888818,0.3857698049748995,0.24924856334053616,-54.773130807514825,1,51,2.0
1.876508848924263,0.04334492008511438,73.54971225121442,9.444443512375544,-2.0151227420451595e-05,0.6823680765909063,-0.006541431747666816,0.5424181486158748,-0.02105338194900576,0.628265129535034,0.41548787712334256,0.14532610362481815,0.4115008730607095,0.24882507336693147,-65.37757529519025,2,51,2.0
1.8611485794478773,0.05092556301968271,71.45834514674019,11.846057876290685,-0.052846100062643196,0.6818201401047643,-0.025081518447133896,0.5377741426699628,-0.013738421942381299,0.6413417076244268,0.464895509029314,0.11678209127716292,0.39209684425583957,0.24678830174776642,-58.87983404358763,1,51,2.0
1.8409130660926594,0.043281156949406804,67.1051275730133,13.096432263728763,-0.09467750406988404,0.6616293442739726,-0.021226903798022105,0.5168916127594428,-0.011549499525012923,0.6313342409491522,0.4521708438289809,0.0760197776194289,0.3456277751562198,0.24410507243669285,-41.58975547132731,1,51,2.0
1.830948071152556,0.03230791694703885,64.098258859971,11.34941544853311,-0.12718228078173363,0.4128311090800765,-0.06400071563856567,0.3523834628562834,0.056440355219677385,0.43013069904772344,0.37171008730940697,0.034406816829275474,0.2946149421633792,0.24278371423599626,-21.348725177258277,0,51,2.0
1.8352995520713282,0.023296561152322676,63.452699637880514,11.582938769471399,0.015396343772390894,0.19626390543470223,-0.0723757535018319,0.2332496011580567,0.017804550372210202,0.3313779212900183,0.2590327977057051,0.006800653671913512,0.27925155988246136,0.2433607207218416,-14.748000028173225,0,51,2.0
1.8513524503100152,0.022639651094318466,66.21848528057922,10.858733371369162,0.010077862443365887,0.21366502440702223,-0.060756400711469205,0.2504875689145447,0.04048929007395225,0.3517163134678556,0.14395083907028708,-0.0018575433355130706,0.28691934565476274,0.2454893349175702,-16.87650127493474,0,51,2.0
1.8578423904437644,0.022245742499316823,68.48358343161789,9.844021534881016,-0.0023493900000318593,0.2498061215964054,-0.0336502367155809,0.2321658302664515,0.05691720231198797,0.32826438700749383,0.05738338356630901,-0.0027268842194550238,0.2908843939396462,0.24634990085728092,-18.077739397250923,0,51,2.0
1.8566938936710358,0.03162603636083551,68.19145455079921,10.408885034229153,-0.029833360730359953,0.28844426704614834,-0.008975102146174394,0.20146108458826262,0.04116253535646726,0.30068301592791075,0.006317902167152663,-0.0025128078539025447,0.2837685612665345,0.24619761030337634,-15.260485638695464,0,51,2.0
1.854139756338269,0.031730318397798586,64.75416994094849,9.991575166519679,-0.06281212318286884,0.31152149828223635,-0.01885808328641396,0.2013021158308461,0.021844157611257305,0.2902052446324608,-0.012691064095392682,-0.0005869695100282294,0.2629800164784989,0.24585893181413435,-6.963783881281893,0,51,2.0
1.8486983022269081,0.029094245755727482,60.52863970924826,8.097554659016843,-0.030242723431072982,0.311436300011192,0.0009492931010968544,0.16331874013579853,-0.010355396077548172,0.23140921395050024,-0.013314267160413031,0.0008079835329105065,0.24852032535297508,0.24513739475424878,-1.3800140945928296,0,51,2.0
1.8475758170380312,0.029088475298723698,59.20053745718563,6.713071113020621,-0.002738902966181437,0.299144384163633,-0.010691206336167514,0.1598213069726721,-0.00019262554854446767,0.21469641998358305,-0.012817768132104208,0.000487570311836577,0.23935685055789216,0.24498855334480668,2.298761599276944,0,51,2.0
1.850610044072656,0.01633822031620087,57.58958644492954,6.758549654946261,0.01966838096268475,0.23540236170775478,-0.04308257929925971,0.11314452287206792,0.0025116368105598526,0.19625938091591955,-0.012668522069417123,0.0002801895192835869,0.24704535843823028,0.24539089196571062,-0.6742167401839971,0,51,2.0
1.8529950643286985,0.015202211303318022,54.576276802549174,11.15964436698577,0.014851418081853612,0.1958815780054867,-0.028173832537825492,0.17445197830648904,0.003990597100745814,0.20968327737571543,-0.01389488810396745,0.001034318030365212,0.2580321770398508,0.2457071454143851,-5.0161470089441496,0,51,2.0
1.8535186607463687,0.015956075744219794,52.84636272636114,11.882052520645942,0.014308254613413238,0.18367261592600143,-0.05406045640234416,0.16718277827985356,0.004689246406961305,0.21771679879442069,-0.01391382070632521,0.0010140807031411576,0.2635603719296305,0.24577657441731038,-7.235757742365045,0,51,2.0
1.854821095279619,0.01739318118570889,50.20987818287868,11.555213954619722,-0.009889967566100406,0.17223711955730042,-0.023887150537441757,0.17379613771418362,0.013561230216759677,0.21915540705674172,-0.01475698574126973,0.0016765226089471555,0.2666439271275675,0.24594927735533065,-8.414194176443402,0,51,2.0
1.8563874749576343,0.01744814902915864,51.95018797294766,12.548655161368911,-0.02107282129901589,0.21197204857532245,-0.022238330842525352,0.2065769105688105,-0.004522114599525344,0.24635079402557158,-0.015453486862667652,0.002283803811182376,0.2583170252816868,0.24615697906029535,-4.939955904485194,0,51,2.0
1.8529073251228707,0.019112945588335508,56.11847152896956,10.909387445191202,0.010673452159572466,0.22177447185131882,-0.02838893011942798,0.16628653502034102,0.00895315894455302,0.23265498902064194,-0.014560326285814811,0.0017014317326413462,0.2523659949600991,0.2456955113135611,-2.714939158178198,0,51,2.0
1.8544481566139297,0.02025317095209379,57.54386879416073,11.08810882510658,-0.015260319727673834,0.2418628282126604,-0.02166800160764479,0.1741324065595396,0.0017390165879738097,0.24147846859217736,-0.016120312913948907,0.002929471930383578,0.25295658070620813,0.24589982569474278,-2.869768203994383,0,51,2.0
1.8604560827507692,0.021420284075867334,61.54435893133575,11.213260706697051,-0.009604794575887568,0.2341157385238736,-0.03832021089015054,0.1781466714187741,-0.007137070008206601,0.23994566782761878,-0.015904854591236008,0.002090781502242683,0.24959373655118433,0.246696476450143,-1.174422976254741,0,51,2.0
1.8640315199599546,0.027123434684014833,62.443068200466676,12.522780565735866,-0.03879892468160274,0.3032143770106029,-0.011131604549055006,0.405762320385564,0.011233427123550107,0.31286310471637446,-0.02129414113061775,-0.0004691995932909215,0.24088867047831364,0.24717057954372448,2.5415278294881216,0,51,2.0
1.863383156411788,0.027043632369027827,60.993082962784115,14.012659524386676,-0.054182720096672285,0.3212255453057994,-0.0065076201058485925,0.464206336607155,0.014761860765443714,0.32433282785283457,-0.045090421627929145,-0.003915800123094372,0.23007208341087487,0.2470846066580364,6.88530276218573,0,51,2.0
1.86246056767071,0.02784225852413475,57.966448877371995,17.748480896644953,-0.017896947177017435,0.33507280428706016,-0.02108509334571221,0.48108961544814544,0.02105438067376906,0.34514573575854113,-0.09147480311416299,-0.0059614644532847184,0.2133140531184905,0.24696227114116065,13.624841506027952,0,51,2.0
1.8555253814248478,0.024304404161856603,50.354919728110815,21.031658945300382,-0.002913329677254546,0.3808302576152743,-0.0016406783286262961,0.484512522309964,0.019346585177688624,0.393885040063334,-0.1648460148338296,-0.0038659679847189874,0.21419951895260242,0.2460426655725539,12.942123897841395,0,51,2.0
1.8551167512641233,0.020654475233515802,41.65941347327887,23.20805480136464,-0.008790125157318864,0.379306366801121,-0.024053205315973245,0.31811360248765397,0.005792261895668858,0.3224277148195233,-0.26109847559498656,0.003325167704151297,0.22663712164840424,0.24598848133350348,7.866774728717186,0,51,2.0
1.8592943940676896,0.02426717963139508,43.92882870692833,24.309660339619786,0.001691880179386513,0.3690391866798755,-0.024115228185466693,0.2576743477109838,0.01917843832908308,0.4007595241397442,-0.3585243847811508,0.009629775891276537,0.2161350893658132,0.24654243652589872,12.333514501018294,0,51,2.0
1.834873344968347,0.04670144929316918,53.27785000146604,26.816872064288212,-0.03941012159282086,0.3592083843356781,-0.0007866035197295394,0.22025541836057794,0.007022758653643085,0.40370511406432386,-0.4416644705580657,0.016681351657148406,0.1911218406883403,0.243304205536505,21.447374792843586,0,51,2.0
1.827370652965471,0.046413218853905,61.355648952371936,23.71010155793835,-0.02469154684713074,0.3407836673577552,0.0043704432672729675,0.18826271422850172,0.01855512635380614,0.3721598166237632,-0.4989534407780978,0.023851710094033817,0.1570209738632909,0.24230934869588905,35.1981363045301,1,51,2.0
1.8302895321565515,0.04998223300381826,73.24414810012368,8.275330199005307,0.0026682192715359668,0.3005160728762334,-0.007450281003234433,0.17060297268120514,0.030609122313120785,0.38196607849034375,-0.5216558084906221,0.03088762078007189,0.13646221137618603,0.2426963918311996,43.77245976071274,1,51,2.0
1.8247902884202845,0.04679941519837249,73.94025784847783,8.497479891712501,-0.02458841255044236,0.30953109855745875,-0.029070650428241373,0.1249395763918771,-0.0066666294473643395,0.279163382093437,-0.5173870035383736,0.039937509286774024,0.12664761115620313,0.24196719223943935,47.659180575654815,1,51,2.0
1.8269243848090078,0.050088674916883555,73.94025784847783,8.497479891712501,-0.02799675427377224,0.38155600494716563,-0.019443763346940864,0.13279238667780122,0.0029029758537516873,0.27551484753843136,-0.49561392493443224,0.05250843062038868,0.12637637227446252,0.24225017355068118,47.83228824064255,1,51,2.0
1.8164643078458076,0.05923515618692264,76.34729581720688,6.015280537775144,-0.012942424884029463,0.41861254208396403,-0.009084072402294944,0.15139396183595266,0.009679918086119727,0.29645369972325664,-0.46727295749983055,0.07230967623746523,0.11451174131723175,0.24086316723138915,52.457761544244676,1,51,2.0
1.7949881588711458,0.05249453913595762,74.58784375938714,7.399840776792045,-0.02545655921430272,0.4453123081693936,-0.01649045962475094,0.15664428549829504,0.001536038832045069,0.30423347983501114,-0.4380099660671565,0.09020612326894388,0.10358705383888324,0.23801542975064027,56.47884931350566,1,51,2.0
1.8011085017054689,0.05948932921746783,74.05329475683324,9.211529779654622,0.025000530632906685,0.4771752110063687,0.013543260046372227,0.13925225622115625,-0.008185658092592276,0.3022337141010108,-0.4090658000348129,0.1060489021172376,0.10569314080995287,0.23882698733594634,55.74489215438645,1,51,2.0
1.8204214041139566,0.05545858249249973,72.53585877138026,9.55382884316112,0.033562951730381624,0.3997888929193525,-0.0020898185378196194,0.1251673965372873,-0.0042960973200844785,0.2731359693367578,-0.3786394511178289,0.11271063038837671,0.12554695998093818,0.2413878782991518,47.98953416155059,1,51,2.0
1.8302620976578956,0.04505298507964202,73.33061846564797,9.67315941213318,0.009762332272514994,0.3583950307506547,-0.03687764105259204,0.08728227374637533,-0.009296441213319115,0.2511540046937068,-0.34161763361358494,0.10969371857458032,0.14138769724824887,0.24269275402977578,41.742101937290585,1,51,2.0
1.8335639816873215,0.03871801166173807,75.55977081317528,9.043914322175318,0.028161503739801107,0.31836483783386055,-0.032045172162207904,0.10990006856576241,-0.006652497029041543,0.26088202809661337,-0.29898042936417796,0.10657656137444395,0.15339729018237402,0.24313058398410378,36.90744797766645,1,51,2.0
1.8192494908968608,0.0353022225741672,78.37499888270509,4.481305225129756,-0.009722212037327243,0.23161890341685712,-0.039680323070463014,0.12282637128832588,-0.0128482329823515,0.24352387270937226,-0.25276052184682846,0.10282056181900952,0.15493308458813354,0.24123248261184738,35.77436881192032,1,51,2.0
1.8054480593578488,0.028672567840084123,78.60065426078498,4.173526396672626,0.01719876090247257,0.22301035166334696,-0.014497380557597852,0.1340643690985979,-0.001133322076616334,0.2456953897519578,-0.20594147970676402,0.0969481790432263,0.16029424683209528,0.23940241254687986,33.044013580812845,1,51,2.0
1.7987146523653292,0.024046942570240416,76.34060522621753,8.413399313940557,0.031234880544099154,0.1996488801431479,-0.004264580998934952,0.1542356288315187,-0.039392398852928015,0.2195238610881464,-0.15791457336511255,0.08348182899466744,0.17316357596705503,0.2385095628946273,27.39763812172257,0,51,2.0
1.8070695733322817,0.025542361871177907,70.84136458939197,12.204318045301191,0.037583149202606254,0.18845156302921443,-0.016895346051337672,0.1288812717902862,0.0008926065821273654,0.21289819310019756,-0.10918942227140732,0.06257508718069768,0.19542520464894073,0.23961742553184126,18.442824341682996,0,51,2.0
1.8189603160409367,0.029823256315043054,65.82442725873462,12.475981025689501,0.06145515073748196,0.22321976781710057,-0.004715342732036815,0.1639296399362601,-0.015203082349662687,0.27651757392951193,-0.0599423174421959,0.03593603921120402,0.22171779199778327,0.2411941377811658,8.074966482416468,0,51,2.0
1.8396311057548898,0.03157319053469191,64.09303425340092,11.373399144059963,0.054575133155666145,0.23891143638902787,-0.021107125296896578,0.1760063048283614,-0.03360267303080535,0.2831232964976628,-0.012261567695314111,0.004559535936190411,0.24824594680686135,0.2439350846233533,-1.767216958628226,0,51,2.0
1.8533884853708977,0.025799628628251144,62.78943758852341,10.619879075813964,0.008821011502660956,0.237698526348592,-0.026954919611122095,0.1754459324885536,-0.007740990550932931,0.2743270867335804,0.025304754402183556,-0.02368622259398842,0.2667003846061118,0.24575931327807315,-8.520967546952773,0,51,2.0
1.8606625988202936,0.020275313734407302,64.17458443548165,11.576591574963583,0.024149412654486356,0.23058347369023513,-0.008836473977448894,0.198171639530619,-0.022090866924354843,0.37461724473056784,0.05202834235169095,-0.047196960291121234,0.27732545090373967,0.24672386048120593,-12.403174286771023,0,51,2.0
1.8631137621168996,0.014605235399272644,67.16730439429189,11.22266486129896,0.009378209308374161,0.15684455757457036,-0.01947370909300505,0.17763624366003627,-0.010948845294906813,0.3651963303661047,0.06572118870255582,-0.06508267057080765,0.28270737935508133,0.2470488848584039,-14.433780794888062,0,51,2.0
1.857710927140479,0.01103635890614217,67.64398801093007,11.924808432953554,-0.001512112424654119,0.15923233695900563,-0.02340724735575564,0.1569157307714675,0.007183502519539758,0.35433721021324266,0.07234283092979564,-0.07289236507326247,0.28209742900874507,0.2463324690609255,-14.518979200818949,0,51,2.0
1.8524030002893186,0.013719504515897072,70.61151318456612,10.92026864791053,0.009966809959972607,0.13277802683488094,-0.010361559616000044,0.13436249952555762,0.004950016426543395,0.35786856063738,0.07270172194111502,-0.07440294609649435,0.28093687142818413,0.24562863771240503,-14.374640532395834,0,51,2.0
1.8496244888679654,0.013107570226410278,74.24437492034015,7.797442452908596,0.005324058965140698,0.11223729788900125,-0.02877510799204602,0.09902212872913628,-0.0071111703474147645,0.24272467382620766,0.06544689806531201,-0.06920681639318131,0.2819631020887296,0.24526020721821196,-14.964879662628071,0,51,2.0
1.8439733123078066,0.013651909701398873,75.87240438835293,6.919341296875107,0.006268332840180865,0.10516230305131512,-0.03253678966532735,0.08017234285366479,-8.6394083850524e-05,0.2446380035064319,0.05617305065216825,-0.05873176138844854,0.28328806574258575,0.24451086132370872,-15.859092806327224,0,51,2.0
1.8412565331833035,0.02140677376054349,74.10779417729846,7.782911423688649,0.02277724685914376,0.11842890329702736,-0.05536758070629017,0.10384648312039377,-0.0027674659904019503,0.25473999382285306,0.04306115794182988,-0.04711349809554108,0.2882103569469605,0.2441506161682211,-18.046131306251567,0,51,2.0
1.8512671706723232,0.02799716973353494,73.36260621220458,7.802264447381547,-0.001320037990808487,0.15989633318746013,-0.05795804648568817,0.12320968171214677,0.021936277384121045,0.2626802705624962,0.030186036721205282,-0.03488205007787351,0.2950321947240892,0.24547802682310674,-20.186803903508466,0,51,2.0
1.858062801992192,0.030108046859324156,70.80356842863793,8.855958038209044,0.0018892131891905092,0.16566083065139575,-0.054862582325643186,0.12402348075257662,0.011708982599278292,0.27513981964208795,0.019666158171612304,-0.0222428033141377,0.29771810401291987,0.24637912765673242,-20.837388639396217,0,51,2.0
1.8641058685732823,0.028580185180155444,68.20850089952057,8.712273200506502,-0.009394976730440176,0.19643944803880084,-0.05977516424129991,0.13082600871008956,0.00756978826122541,0.26006867490898716,0.012015727555415162,-0.011278565054372651,0.3016406767666117,0.2471804380438742,-22.03258443658509,0,51,2.0
1.8673592665616203,0.022241084104379638,66.34540031003017,11.625588922138865,-0.03925233600916816,0.20124217287179172,-0.015637643489183162,0.1416111147643175,0.006342007906413546,0.288370267155182,0.006107826515088215,-0.002904968489418369,0.2930944427417611,0.2476118387407386,-18.36850945105455,0,51,2.0
1.8458861919010388,0.033410464817861384,68.16693365340139,12.615075922710549,-0.016452768379274535,0.1924407108181236,-0.0027620546227576687,0.13348033116300478,-0.0018051529631895177,0.2701301012371225,0.0027643528410368377,0.004662280541262705,0.27509489091160333,0.2447645091624029,-12.391658354796874,0,51,2.0
1.8257399867562687,0.03497300185092879,70.78169804928349,12.443776613856864,-0.018583508135349144,0.1882053898185602,-0.007184293559368919,0.12960880605230587,0.0032600892123346237,0.2962093787558198,0.00016567842536016375,0.010589726459655256,0.2572095682187168,0.24209312224069482,-6.244062548374618,0,51,2.0
1.811447345158633,0.031006104510278968,73.7136739095052,12.23281469658385,-0.004717328202198534,0.16543886423957785,-0.026403867730907367,0.12243336793288583,0.026277474438150723,0.26742257279974563,-0.003557696057441412,0.015573074386454656,0.24086694078491858,0.2401979179690009,-0.27852981473555083,0,51,2.0
1.8050033596216464,0.021287523948460355,77.29869433945301,5.870757408979567,-0.015181114166682842,0.1569402895906572,-0.04587938417406643,0.10848410232550675,-0.008601536536041428,0.24694942592061336,-0.007958353393827472,0.020331137483247188,0.23170323809476331,0.23934344548993552,3.1921523397194895,0,51,2.0
1.8053688956241982,0.021139215019160544,74.80745018229766,7.407694374092381,0.002797053031185094,0.1505636131631426,-0.03518388036857633,0.11495957381129657,0.01476369577222595,0.2326409315636093,-0.012772848082514976,0.023693770307262597,0.23011291989370114,0.23939191556407163,3.8760689342857257,0,51,2.0
1.8094459532522689,0.020245295741469858,75.04950562645408,7.643393319457068,-0.008016259683405651,0.17843438512867874,-0.029437940768605352,0.12594385364497612,0.0034109583197563303,0.20310738176680576,-0.014981795251566824,0.024163189381946535,0.22931628665547182,0.2399325332864945,4.424679923812668,0,51,2.0
1.8135684307883768,0.020970229014400557,73.50965095033833,7.638287691718675,-0.005774262525579508,0.21459924160468008,-0.036678296002541105,0.13643907780047318,-0.009707958912294284,0.2201304966576913,-0.01674035208998563,0.025221281241098917,0.22730515263616943,0.24047917392491422,5.478237917125483,0,51,2.0
1.8128584699303496,0.019424521449974412,72.97136422232086,7.656418315946023,0.0023225106152833675,0.2177874673082648,-0.02499326013539936,0.12360173241475027,-0.00546386715609069,0.20266511198668744,-0.014860728247263673,0.025645789636935274,0.2307445226757354,0.2403850332296509,4.010445419330866,0,51,2.0
1.8187501284421659,0.018489093598400185,75.00488294807136,6.886172157742385,-0.001107005073743708,0.23091457768934104,-0.03962330741113892,0.11893633006779558,0.0016048870177245607,0.20820072298643594,-0.011460243573727736,0.024940989442133178,0.23380560998945452,0.24116626691149612,3.052108827783462,0,51,2.0
1.8268652505734388,0.024361408061686865,72.27680700900508,8.129542998953648,0.01589258657950981,0.20953613435430662,-0.040800978685272674,0.1400223981015779,0.006379313785217556,0.21964046568251355,-0.009195806260572056,0.024753972707320885,0.24124417046359695,0.24224233222338387,0.41205092050817793,0,51,2.0
1.8314262599337334,0.020656144281775167,68.65234171642976,11.119677877892936,-0.0005206323283560135,0.18990512348293634,-0.013345795500950487,0.1261768242264507,-0.0044513038341321195,0.23469714793844473,-0.004739320333099052,0.022197781956676762,0.24534733395066025,0.24284712218598614,-1.0295414424385418,0,51,2.0
1.8298950469961353,0.023135596437383603,67.24564232545741,10.570429636893365,0.00044677399244962956,0.1673385644595174,-0.02347166304860045,0.17247057652846923,-0.012627564881946527,0.27397472839627335,6.968017897610168e-05,0.020250576444182405,0.24608923015927203,0.24264408311484836,-1.4198355880753244,0,51,2.0
1.83787217093449,0.026779477979269793,63.072690038120044,9.933446869113933,0.0029299514112519284,0.14809382692576506,-0.031585976353609095,0.19344357959032304,0.013058849208641286,0.32093715906602954,0.0021385297338749453,0.01672569683149504,0.2512698942912288,0.2437018498693818,-3.1054521850791605,0,51,2.0
1.8397166144614125,0.023707094088676002,59.24230001486984,10.992014791334997,0.0027361687857146355,0.13691627302718062,-0.05326481945082253,0.20003440135876588,-0.027908969122697327,0.3204979556868668,0.004968833847754794,0.014262110254007974,0.2547220340760396,0.2439464231989792,-4.4172038826210125,0,51,2.0
1.8377256305778729,0.024788270877297743,61.10175970956391,11.250804971039143,0.005976081807531563,0.13874159250848717,-0.04201288039193434,0.21589457723038127,0.007852582699235748,0.31303989723664855,0.0061686919859891606,0.012767873199950002,0.25349582693699324,0.2436824184926473,-4.027130272692214,0,51,2.0
1.8473725862362806,0.021205827474372732,60.04965052885168,11.539265211260426,0.003723124918692252,0.1404801346349864,-0.03685159082798397,0.19835491932643978,0.02134181842134864,0.30054075559129145,0.003591521534346529,0.008273086898352355,0.2600457648707223,0.24496160493377478,-6.157764985670111,0,51,2.0
1.8440637167762308,0.017926459252826394,63.240182273528156,12.176874554636818,-0.007503822208473496,0.1462685868015501,-0.04322647668567358,0.20469774585025496,0.0007890560572930411,0.3390567150868154,0.0031921817267215034,0.005693572842178911,0.26049197082728426,0.24452284896165058,-6.530727878169862,0,51,2.0
1.8434840482473374,0.020388361675955445,69.26345503330231,9.488245658544177,-0.01266073239967227,0.15748317644802998,-0.040658312104642394,0.1790266087977258,0.0070455226860940455,0.3401110200468186,0.0013616980332943566,0.002446307020629751,0.24801823917866123,0.23965292638626182,-3.4905948859212277,0,50,1.96
1.8425238806009292,0.019525430065640663,71.15446201324463,8.904698337945785,-0.0023817657120525837,0.16618610454851418,-0.014866135679185391,0.15784440269645525,0.01344139663502574,0.32973291025608487,1.0770825827890423e-05,-0.0008411521210482418,0.2453523160117289,0.23952810448055528,-2.4315357664622006,0,50,1.96
1.8395470269754821,0.016536077344141545,69.3501776526956,11.092170760473099,-0.00219311267502752,0.15422833145947903,-0.028768089143376724,0.14933375061496545,0.010031784501145868,0.32090565454062014,0.00022850280753447915,-0.0022310779009194356,0.2498234897152316,0.24392393589819916,-2.4186038960500422,0,51,2.0
1.8386261895591138,0.01657481052614258,65.85136109707402,11.916879165163195,0.011021878716408038,0.14873549374415837,-0.01724591591925013,0.1115447519972517,0.01478071028695387,0.22250264435325762,0.00137623395929259,-0.005338071432037487,0.25078182617902595,0.24380183261762717,-2.8629782994068043,0,51,2.0
1.8400410770201217,0.015061698514225444,63.9658996591381,12.098605735307954,0.0112396199438794,0.1334380779013931,-0.021381347321485188,0.12487579025104824,-0.0005062679194060026,0.2319238462940001,0.002449017860261318,-0.008908706977427483,0.2568876988949326,0.24398944669567618,-5.2863975774100735,0,51,2.0
1.8491105302876116,0.017243200377933518,63.691151978922825,11.943226280249297,-0.00025909487158060074,0.13715291770038648,-0.04161817804161532,0.12417964982808222,0.0053067383922490415,0.23542263270780384,0.001651162426595919,-0.012744042290021674,0.26271195271472764,0.24519205631333288,-7.1453768383939575,0,51,2.0
1.8487509880580155,0.01836742763143411,65.6579961309246,10.995313825092726,-0.007255721892065862,0.1502878621482557,-0.03954710520110002,0.126325478653864,0.0004888607335149073,0.23730311706738721,-0.002663113355995357,-0.016153390956117154,0.2604213093892238,0.24514438113119771,-6.23180844999669,0,51,2.0
1.847396188506893,0.019300181366245162,67.13732915766099,10.91378443835205,0.006116948528763126,0.15480021262721216,-0.030598547903126945,0.12226760277182476,0.011404488071361008,0.2393769618761182,-0.00847430051505991,-0.01798163340297316,0.2585856947414379,0.2449647347114787,-5.560375882676372,0,51,2.0
1.841028341475655,0.01727067136462296,66.3237111007466,11.031012891357486,-0.0026068116410398016,0.14274314565691382,-0.025848971150231128,0.10398316449715782,0.0031918069238171857,0.23941770579138735,-0.015681944846950697,-0.0183126773845577,0.2546169307762124,0.24412035807420215,-4.29975311555939,0,51,2.0
1.8314841407186844,0.008806667121303855,62.66791943007824,11.109186547213996,-0.007235383414024231,0.13235975576225106,-0.02658990582487747,0.08536814543678678,-0.005749816513236831,0.22250489967779155,-0.023091115272975613,-0.01692508461700912,0.2468938921995347,0.24285479705694446,-1.6631728883012897,0,51,2.0
1.8237090519830292,0.017607800812706475,65.57983188535653,10.562111048622288,0.008701408848020375,0.1306616730339355,-0.020449199421586944,0.11290251849438018,0.012594775260225231,0.19101363458890408,-0.027606040361331984,-0.014487501609179134,0.24496381202188827,0.24182382017591483,-1.2984625930105853,0,51,2.0
1.8157551610002332,0.020055138704480873,66.91692536952449,11.177324958370578,-0.012127174922794687,0.156303091611376,-0.028620231878377644,0.12700016991933857,-0.003971864725006562,0.23310414465683957,-0.033052844810147905,-0.011829713009533836,0.23763123441130124,0.2407691342322794,1.3032815983592516,0,51,2.0
1.8122214090590383,0.017989823665957937,66.04666911386975,11.131438283278822,-0.0014479884183874318,0.19292028013507537,-0.026622366452333974,0.12588854188134596,-0.010335680371259941,0.30700891747694947,-0.03960366692366769,-0.010225841171088698,0.23445680794949028,0.24030055896072866,2.431850777423039,0,51,2.0
1.8087696690185397,0.01872467690905525,69.90483611705257,10.174779677064013,-0.005745531333719983,0.21153051966782746,-0.022835365843539145,0.1520647078515948,0.0010381926252853637,0.3472021172224966,-0.0422869906876567,-0.008885262325777186,0.23494656053476484,0.23984285822846332,2.041460700503528,0,51,2.0
1.823089038624483,0.02949949467506108,67.2462213787378,11.59517613810313,-0.005055625539492159,0.21923355069546382,-0.03578419523204074,0.1407677342853926,0.00801012750861107,0.3489023684324336,-0.04749124641700531,-0.009219460710641393,0.234590610660664,0.24174160652214025,2.9581154706280643,0,51,2.0
1.8361653375859355,0.03228416911480414,64.56856959473853,10.872923717616002,-0.0013421579611067678,0.2365276410977448,-0.03358468570399518,0.1516167606244848,0.020823676266944875,0.3704094788292074,-0.05268537689007685,-0.010026300886828212,0.24018656313609688,0.2434755237706319,1.3508383034154248,0,51,2.0
1.8368017276128132,0.03215097732574069,66.36444694388146,10.934515603827599,-0.007674323723596685,0.259062941488273,-0.026852453492727933,0.175852620424736,0.0332026399635509,0.35854091624627565,-0.05550206358905678,-0.009255445187753054,0.23816392058949365,0.2435599089732103,2.2154665792350037,0,51,2.0
1.842947727324916,0.029813312351552348,63.46075353435442,11.002963465407882,-0.004875369296938765,0.25889543985647834,-0.04701033731301626,0.1759542586252569,0.007099280371239372,0.37115915206376315,-0.06265992119036952,-0.009620314610816572,0.2398158448816165,0.24437486853448911,1.8655861301176246,0,51,2.0
1.8411502639452617,0.026856805347801757,62.5762952449275,10.516127849046558,-0.015962424815869798,0.26585583727064444,-0.024452022039422802,0.17318475373337214,0.008901813889251035,0.38576400124857946,-0.06904876152128088,-0.01259698442397331,0.24141628983515398,0.24413652512560896,1.1142270862810943,0,51,2.0
1.8332361853590198,0.02157382572786377,64.05352459701837,11.00675396140765,-0.015356102118305131,0.2148483939766218,-0.030574646833188394,0.1619578680064818,-0.008900674242599337,0.3656119595628887,-0.07809094273109563,-0.0147294361682265,0.23224139650817868,0.24308711829821877,4.461660439256421,0,51,2.0
1.8315250628134783,0.023950534685739874,67.15366017117219,11.179982986484756,-0.025727630538098952,0.18914719823882242,-0.02717539679039927,0.15373926754024705,0.016405298575466753,0.3265012769557726,-0.0912967947501333,-0.019876765886075166,0.2260520632932724,0.24286022332983265,6.920919286866001,0,51,2.0
1.8296046771255194,0.023970262029719056,68.38858849394555,10.063327967350899,-0.01622849103866839,0.19207008224954775,-0.021033951318731495,0.15471934161632758,0.014443904964947234,0.30491208194532005,-0.105707855080336,-0.024536265021357327,0.21967050488763556,0.242605580188377,9.453647060769555,0,51,2.0
1.8244133048197801,0.019745219104112616,73.36722452500287,7.116745964987465,-0.009716576951391557,0.18232246073830674,-0.03204504623278683,0.15323729099977032,-0.008216249464335395,0.286050636398225,-0.12036493968111359,-0.025122559480244253,0.2144976799162174,0.2419172041056154,11.334259707063776,0,51,2.0
1.8296922392704908,0.02451150567935409,71.78344432980407,8.688827540659119,-0.014165739035781692,0.20427591374433304,-0.030697324185394774,0.1584481906707916,0.01780660854031642,0.2570066457969671,-0.13785253666590858,-0.02602518489847802,0.20971954329784728,0.24261719082015937,13.559487442378948,0,51,2.0
1.8310612042744954,0.023524995567116087,70.2802887617373,9.204709533323392,0.003412112571965611,0.18492703167186175,-0.023658122721255993,0.14810950933365896,-0.015827549347544417,0.28352865539556904,-0.15281416980419632,-0.022555101355206535,0.20874140655803863,0.24279871569694436,14.0269725237819,0,51,2.0
1.8292754818411434,0.023255178603733044,72.08244765506072,9.204499141114836,-0.003414957874281076,0.1574361399792422,-0.014205531892823238,0.138049919622972,0.008006904822062044,0.2595133482187145,-0.1656491566001901,-0.01583189762911759,0.20565894465017337,0.2425619290185499,15.213840241827226,0,51,2.0
1.834534177008797,0.02728595945100663,67.90005209399204,14.02611400631487,0.029746298295874878,0.1515823316229954,-0.037857682069800065,0.14528811010530066,-0.012929404026591311,0.28478858630973647,-0.1749050180507731,-0.005930124326067436,0.21115444914370896,0.24325923200216787,13.197765443151944,0,51,2.0
1.8289410337513567,0.029175782732659833,70.0095803457148,14.787712841769359,0.012832584445063463,0.15442014759133918,-0.03047131349825684,0.16968645055727175,-0.017609294668278274,0.34776775515424124,-0.17074815010407476,0.007456856346928826,0.21869652762139674,0.24251758107712842,9.822402709911504,0,51,2.0
1.8346363890404795,0.029235779128440154,68.95796851083344,14.895814385333114,0.019800172703267605,0.15920592595775437,-0.026233064531184295,0.18510960897506998,-0.02964976975949956,0.47503832155354736,-0.15262005398080958,0.023202912921243282,0.2267699751873303,0.24327278507075015,6.783664633354036,0,51,2.0
1.8343928614083458,0.03342315913179238,68.38175600182777,15.00975290536363,0.021084587947995056,0.1836280692146589,-0.028137095290802272,0.17026194785965235,-0.017292982369076972,0.48833526245473974,-0.11181656319696504,0.04087319785221694,0.23637763308384138,0.24324049331221254,2.821429990919433,0,51,2.0
1.8326562719017851,0.03227311172880849,69.33806422177483,12.374674141011544,0.014138263631977286,0.2034908989398588,-0.003839400733875878,0.16280854263890138,-0.021829668943788492,0.47996091415685876,-0.0534301614903711,0.0633994255724915,0.2395754824816279,0.24301022166003186,1.4134134584713465,0,51,2.0
1.8392937031446719,0.03016197261315811,66.48896033623639,11.411800612816439,0.04582328824143784,0.19415136884047057,-0.009825054273082345,0.1326008096485001,-0.058241738846489026,0.4184562027035024,0.022923737952851422,0.09426837274776993,0.26161916328861073,0.24389034515495758,-7.26917587589988,0,51,2.0
1.8384114819414474,0.029914894695286836,68.28909896869285,11.766034060639223,0.06851847550156069,0.22912099655712537,-0.023541845664308936,0.1409225567641533,-0.06703435505429904,0.35251410583722304,0.11028189411418825,0.1368059763185397,0.28781854207866175,0.2437733626325154,-18.068085442355653,0,51,2.0
1.840632876929115,0.02505167064791007,64.21525859832764,11.769192769872001,0.030964750467854386,0.32892525555418545,0.014926891810461586,0.2567468046050035,-0.06671257395589468,0.4795094718161193,0.19136747266587548,0.199396568504561,0.3058632050751914,0.24406791947772685,-25.31888899192416,0,51,2.0
1.8371041084037107,0.02497775783605148,65.85773364702861,10.200777810653067,-0.00920130148091737,0.49889715096827114,0.04866297944795852,0.42291106807228057,-0.000696156685258828,0.5926065035750869,0.2537250393430158,0.27062097383078537,0.3211444052663239,0.24360000477894012,-31.832676094466027,1,51,2.0
1.8298544293525172,0.024381145217778663,67.10556883437961,11.034244220353619,-0.026260878635095616,0.5134605276767339,0.053952573415111095,0.4389687021629538,-0.026503347444768045,0.6253880988517077,0.28428410224786754,0.334663423941556,0.3039941054575717,0.2426386972213784,-25.28673659181988,0,51,2.0
1.821646411629284,0.023544634141595015,65.87624163721122,12.102222793636544,-0.047541173357589575,0.4974783290831396,0.06017224023155138,0.4496351589975078,0.014892193835739996,0.5866959544022639,0.27948041138133733,0.3785321365800359,0.2787648440079902,0.24155031405810345,-15.406533456601101,0,51,2.0
1.8228297087491727,0.023792080911108876,65.7235548916985,12.950172375133087,-0.01746172991161253,0.45950401689332443,0.028787087576062072,0.4125174468100061,0.0022892456720857057,0.47077753074810613,0.24859509582589034,0.3931189345687167,0.2686412671185306,0.24170721949509436,-11.143253263058984,0,51,2.0
1.825004960976395,0.023424866985670232,65.91166385014851,13.695130339754646,0.013935107372555077,0.2670697870770715,-0.005102853016818271,0.2842724557914092,-0.04501532993334181,0.3140585106004397,0.20689810443657142,0.3873713958930809,0.2552786542695857,0.24199565793538536,-5.488939945255944,0,51,2.0
1.8289146849922104,0.02275449584430131,60.164645059435976,14.993516560776534,0.02436150274440354,0.2592754848142477,-0.006158218846893778,0.29690156747932117,0.0079282371729028,0.28530485324617316,0.1654310757144573,0.3721181035123669,0.2631085269340113,0.24251408722216525,-8.492059140869479,0,51,2.0
1.8323252236141878,0.01926545490456065,58.61427744697122,13.329115188115994,0.0002707553406556447,0.27521906493907017,0.0003256213066040301,0.3076861728762753,0.009914092463897723,0.2955768035860012,0.13280859692325345,0.35120932315464026,0.2674896243323893,0.24296632464560905,-10.093291620783251,0,51,2.0
1.8349955187124365,0.017072979927618543,55.059986039703965,14.346617445444648,-0.012212129346295899,0.2921841369413724,0.010857829020596017,0.32555126744548446,0.015045942154292967,0.3092670054366513,0.10295657534948746,0.3272839704062205,0.2630739854631675,0.24332040565677998,-8.118340816121815,0,51,2.0
1.8307538406521666,0.021239266638833815,51.91207320082422,12.650847577746251,-0.006214463206775048,0.31367842724416556,0.016615286688594258,0.2947684238596811,0.016208696160830705,0.33540591218478427,0.07676484374283381,0.30182387743574884,0.25840382366618436,0.24275795915413387,-6.445046978713687,0,51,2.0
1.8332313603045893,0.022068816018665692,51.73555282517975,11.281477529174095,-0.023669443403681118,0.32338071493119724,0.022970771763985064,0.2698517053466522,0.0023964994459175597,0.28967100302058146,0.04871862812407079,0.27878183282065255,0.24895242250484775,0.24308647849537074,-2.4131099540317447,0,51,2.0
1.8377592768154891,0.025138275802189032,53.57633370044184,12.543995320684461,-0.005895716777327014,0.2985676496565454,0.014220314812572563,0.22451957949225168,0.0033910591520515143,0.2864820948060593,0.01679003673059486,0.2634812747061814,0.23920575409001565,0.24368688022161705,1.8388869058219792,0,51,2.0
1.8374467170705981,0.027829607673794263,56.27989097670013,10.74109498172096,-0.012996377642540372,0.3046832836478683,0.0048457360187289765,0.1894490063641541,0.010090334231362623,0.31789248664838143,-0.014164177738606003,0.2562761207427978,0.23361745584092036,0.2436454346859543,4.115808226802786,0,51,2.0
1.842119309832068,0.022771283536543372,56.90626114957473,11.330473390449642,-0.0038214625388968224,0.26761357885745596,0.025320195538156173,0.19254956248156108,0.00995555826846291,0.3243705153334219,-0.04596620175437662,0.2561773193762295,0.2281414178918451,0.24426502047695176,6.600864320901822,0,51,2.0
1.8382676763861787,0.027394137812414322,57.08257483033573,10.735103885727492,0.01472965116594352,0.2809753522251797,0.035265266676159465,0.2179849409074429,-0.00443057947810374,0.3107952604319102,-0.07674526402805555,0.2631857859916363,0.22991506329615902,0.24375429375464916,5.677532996575652,0,51,2.0
1.8416977530600978,0.03267057671105457,57.77938368273716,11.152425280097024,0.00012465047777867783,0.3074463296779557,0.034167978309971446,0.24496443948594832,0.016910701022282534,0.3183890668378829,-0.1093450829373538,0.2775981610535576,0.23622957525426183,0.24420912192272567,3.2675055729444846,0,51,2.0
1.851480163195554,0.03522848880493183,58.25512732244005,12.18831962177311,0.0012396456418084162,0.24900193968383624,0.021669872452084925,0.2741732764200239,0.030020474894520116,0.2884466670912315,-0.1515621814842229,0.2942734780265284,0.24116930867211298,0.24550626961325814,1.7665377539959004,0,51,2.0
1.859495244774164,0.0362319863366975,59.469019515841616,11.498334141843241,-0.010199296708200491,0.25021277816559856,-0.0028311226553484506,0.2784239573701819,0.02961865365139994,0.2564054270810312,-0.20140429488772302,0.31194302685264513,0.24438273122151066,0.2465690695534558,0.8867042147276072,0,51,2.0
1.874204220725041,0.027493375318118792,59.15552540853912,11.66502465488449,-0.021230849455676826,0.18938332277492737,-0.011590178215912744,0.24410313221073987,0.013201765022149273,0.2840258480129089,-0.25796560249928374,0.32785609025559537,0.2432258039427557,0.24851947977903754,2.130084869398785,0,51,2.0
1.8757784314015333,0.02320050514441987,56.79790347697688,10.72939987133704,-0.015312528018565738,0.1574357578511701,-0.012253090611421595,0.241681285924811,0.026876401777068775,0.29769503332771574,-0.3187461638666125,0.3440029540813092,0.2374509867163212,0.24872821999076872,4.53395809887035,0,51,2.0
1.8678915541546017,0.027511188602325726,58.455814109129065,10.085506663998698,-0.0667384285479784,0.25452469365311736,-0.015553576853491511,0.2246261702000649,0.00589662136546537,0.2935803419982335,-0.3715399699696632,0.35562151949583953,0.21312430201445595,0.24768241995544182,13.952592173155809,0,51,2.0
1.8435565206934423,0.06769730890654918,62.51989154254689,11.529557733971682,-0.05756744884831064,0.4513999623468678,-0.006703579086152946,0.5515155306704824,0.010192510178860496,0.2944756171861834,-0.41589483499066,0.3519921073260354,0.18010072460001197,0.24445559451956272,26.32579141664958,0,51,2.0
1.830677273518899,0.06578518219373969,66.12063281208862,10.398507180529851,-0.028312039872010548,0.4987711355498138,-0.01108228188811564,0.5609634147820526,0.04173064407180337,0.30683864098941427,-0.4520658392398287,0.3391722800874875,0.16115233503457524,0.24274780645153843,33.61326827612455,1,51,2.0
1.8159773989635355,0.06208226771124964,72.31178404770645,7.929678585975624,-0.04034074231543962,0.5554272425422186,-0.03483265850181673,0.5593622924085266,0.0023122733714533786,0.30491673272448877,-0.473083261855522,0.322036976901348,0.13694344526845703,0.24079860321237623,43.12946859260743,1,51,2.0
1.8066315449335997,0.06249511133729918,73.78788402501274,7.899867541704473,-0.008289025804283572,0.6137589953262883,0.011893419731481402,0.5686116493169094,0.008259205220668924,0.28823635775214745,-0.48513320473039767,0.30829280649912255,0.12813756458567824,0.23955934297456546,46.51113874557466,1,51,2.0
1.825674604551465,0.040347178600990005,72.32197765275544,8.637971222328513,0.024656237815232837,0.5009908662280615,0.009148786319237129,0.24793406142625823,-0.001402074836340605,0.2911777058964058,-0.4906038414957853,0.3046148740645282,0.13828655653189748,0.24208445255190356,42.87672955691012,1,51,2.0
1.8161393754622515,0.058956980810073556,74.66068495488635,7.846159690538426,-0.037842789810954354,0.5088239729168018,-0.012614660038083208,0.2605834325108933,-0.008060699182690359,0.26495049455381925,-0.4921869754037996,0.30567225733218284,0.12774262278607157,0.2408200812067821,46.95516165182906,1,51,2.0
1.8199322358065961,0.05867485291731564,74.03832932547027,7.897266384680785,-0.022636899688080244,0.4472750884129919,0.032882123710770234,0.2378717261776763,-0.0020082007509236244,0.24039239481789124,-0.5006074628384267,0.2903891363073518,0.11694045419951864,0.24132301436197084,51.54193871285124,1,51,2.0
1.8292964252771116,0.055607307742712865,74.07295927814408,7.2084558919090025,0.0051736074189345045,0.3492297427286716,0.020107159244955753,0.19560655487542716,0.005890476973909957,0.27541481455321576,-0.51218575882532,0.26069256796949536,0.1121755294896825,0.24256470588176315,53.75438933627803,1,51,2.0
1.819990301249074,0.05441938547410819,75.78360720241771,5.458993133160644,-0.05064188309159933,0.34897533792869107,-0.003276672177747184,0.20896524292897362,0.007375285504203217,0.2643208373173668,-0.5207579631690885,0.22597023314212264,0.08951323313953237,0.24133071407825893,62.908478731594464,2,51,2.0
1.8345084114401948,0.02769399095041841,71.23575124553605,8.872097996172252,0.017399146422451616,0.3019605727825155,0.04046529505913164,0.1517100740384862,-0.004884020443640503,0.24156711730366,-0.5284234383201097,0.1822190155088472,0.07630746025335257,0.24325581546791272,68.63077657297853,2,51,2.0
1.836119616732878,0.03473514143644821,69.48809683089162,8.8944974546483,-0.012867529967836305,0.3472398615578211,0.00851180886521059,0.1634401034827488,0.007649510843204517,0.23939687952119904,-0.526896002338702,0.1468046201729133,0.08154539829756037,0.24346946117309637,66.5069294914219,2,51,2.0
1.8211803512246,0.04838632427975093,69.09353317933925,9.273446944418373,-0.030372254769591725,0.4629598412729268,-0.02248996518114034,0.16635809138155405,-0.004973791795326215,0.27226366844759703,-0.5221271555047755,0.11985526962980146,0.07136978568862164,0.24148851456894302,70.44588815496394,2,51,2.0
1.8197646970842398,0.0496657891810465,67.78760601492489,9.438522401217844,0.0031416207259776546,0.46347078426325716,0.02593348898431834,0.1616200988726946,-0.000900086928524223,0.2669933940450475,-0.5179797107268966,0.09623402193643593,0.07206550111305864,0.24130079870843205,70.13457829448106,2,51,2.0
1.810241966270933,0.047887977087277295,71.86186001815048,9.002592910985703,-0.017226487398147583,0.4474667358810037,0.008726678058212879,0.14712390991425936,0.009121786309953998,0.26904430494615433,-0.5093598973321024,0.07994130779473169,0.06957294242773462,0.24003808460573967,71.01587335942648,2,51,2.0
1.8167359776356642,0.0454873653304406,74.22987155353321,8.266625803521343,0.029848004088682288,0.42445300747137654,0.031855326145887375,0.13755878390158555,0.0014395728597746177,0.289098425296416,-0.5025233456978541,0.06564632040796839,0.0690029004688496,0.24089919075414845,71.35610947764825,2,51,2.0
1.819809731315164,0.031829276773981945,76.2199434299095,7.070373263277157,-0.011580671530728247,0.3382560289481527,0.010429738272054522,0.11704838156700174,0.01709842296572877,0.3125765248699825,-0.49113555132251163,0.05112557681387237,0.06518048855900688,0.2413067704896767,72.98853719407124,2,51,2.0
1.8289684378633313,0.03808261950055997,77.47912826725081,5.850885045513066,0.019056203975981355,0.38914904326217287,-0.001213000612516029,0.10248831910710006,-0.011315406373172415,0.34088673799393604,-0.47965725700141243,0.03696267658411415,0.06457515306134815,0.24252121485422692,73.37340030225292,2,51,2.0
1.8341275167231466,0.035304023712368335,76.48523140888588,6.361097731099716,-0.03919400165186209,0.3871756652409719,-0.019776830632312625,0.10486053791376983,-0.021299947126238953,0.3351410626699555,-0.4646060130908012,0.025433158648885824,0.06282071083323869,0.243205308705575,74.16967945001167,2,51,2.0
1.8253731412046097,0.03844086060889747,73.9637041606155,7.938602589505124,0.034233609031812814,0.3969330478194609,-0.010883693966795416,0.10898011546647134,0.009066011829703463,0.3091543111388103,-0.4454177441762993,0.01775714013853626,0.06862581744964057,0.24204447838652243,71.64743525359354,2,51,2.0
1.825209096366284,0.03487404557241915,72.82205793436836,7.813077465663904,0.018898377834143592,0.33832382046954473,0.010138479883179945,0.10474570735371126,-0.01592067822667898,0.2173225590050719,-0.4209915997143079,0.012414503587689339,0.08431200165044102,0.24202272605069203,65.1636013583362,2,51,2.0
1.81480777555821,0.02565203454792365,73.31832692669887,7.505210613090051,-0.0024489014792968243,0.2460117831312003,0.0039433762431144714,0.09410891719058992,-0.009194492088521229,0.15711512540064948,-0.3923858208842608,0.008104341287691635,0.08947901848426952,0.24064351115215207,62.81677488170687,2,51,2.0
1.8099925950461744,0.024169173746477677,74.46519071448083,7.544267501692043,0.0585325056248728,0.20452987060844816,0.027285459944430518,0.09008884412734837,0.01036865410267138,0.24020412891383788,-0.36455445749504684,0.0027555518117650846,0.10801368408779474,0.24000501821836184,54.99523931223742,1,51,2.0
1.8078640763666116,0.02129224548378276,77.59875380759145,5.13799336460686,0.0030447944962218696,0.1959816206964931,0.013954989685147417,0.11634482574892563,-0.027130187142129038,0.32665091412872627,-0.3326865918481751,-0.0097066745414065,0.11456131197287979,0.2397227765239706,52.21091894811069,1,51,2.0
1.8145275554236244,0.028740828907463507,76.86676380681057,5.740337960117354,0.054939688566853016,0.24927983924493627,0.010304481375451181,0.11575674210946915,-0.027314751135075793,0.37296892682407234,-0.2968554107089459,-0.020949052504195063,0.13710042719694845,0.240606353843522,43.01878358286767,1,51,2.0
1.8138428990747415,0.029652921502448353,77.05651052325379,5.699893578765055,0.06804844923317432,0.2628101290212804,0.0184452825171106,0.12735127361142615,0.004138193330636211,0.43349986580973926,-0.2515114027752461,-0.03129387279161992,0.16360809820481403,0.24051556829135248,31.976088131382554,1,51,2.0
1.8308162730114133,0.04074985015801544,72.31636717740227,10.659940498953294,0.03342260361886492,0.2713182827376303,0.009196096903407107,0.12365790149347151,-0.006738950443618438,0.3861209477113995,-0.1952639882762963,-0.04197419974812714,0.1921919396472283,0.24276623767180583,20.83250888162983,0,51,2.0
1.8327659239955978,0.03587841779459186,71.26813373378678,10.442809922219435,0.04567389723424818,0.20511929594154082,0.017531762648300798,0.09216768082556263,0.021141197130668397,0.32137392288192923,-0.12925577122145823,-0.045108204680061326,0.21719549257474677,0.24302476151647698,10.628245772387679,0,51,2.0
1.8331075357455833,0.03269548389766977,65.00665600159589,14.910704227955684,0.030305645812083695,0.15909273225785586,0.01695630018252368,0.08950976456072113,0.023870785063242212,0.3057987248829131,-0.06383039674081194,-0.046737211901618704,0.23410400623452635,0.24307005935468168,3.688670313389897,0,51,2.0
1.8392805018845726,0.026326574108579713,61.76622268265369,14.949071043784546,0.016735560278974326,0.12342585391428998,-0.0016232336524362658,0.09365469429281621,-0.01751185604827661,0.22494521972562054,-0.006285864675063702,-0.04688305928669702,0.24964875131428158,0.24388859466685825,-2.3617982855210773,0,51,2.0
1.824838520265093,0.012987082273794031,65.34134996638579,15.55069085321547,0.008363687670698353,0.12451651363873836,0.006323862638251454,0.11800152056705476,-0.012868686396555574,0.22524207416058586,0.03240876179854718,-0.04362453977666833,0.25349953354158267,0.24197358778564518,-4.763307376401693,0,51,2.0
1.8238494507237977,0.013260264176242601,66.72566887911628,15.758617193687478,-0.002397059736882939,0.12153398709804418,0.007790013526876767,0.12427107356058498,-0.01881981883928472,0.24435858537910146,0.044139212597923735,-0.040821848260614094,0.2571418637763281,0.24184243716338527,-6.326196011085816,0,51,2.0
1.8184599666034473,0.013264785839147579,74.96984765576381,10.855942451835297,0.0030800845181825115,0.13104806890367832,0.0001393940811063729,0.12677388763180814,-0.01320071704685688,0.22477289049964397,0.03795655372655067,-0.038319034015775084,0.25677928198473515,0.24112779145114077,-6.490952552338136,0,51,2.0
1.8131118860899234,0.010730076841410245,79.20555559794109,1.9972276870608645,-0.009697638598142886,0.1353489537723163,0.006313434674167165,0.11181361732830258,-0.007879014492181003,0.23899498454837512,0.018623189843456654,-0.038170328802745755,0.25126797245026816,0.24041863597647217,-4.51268531232234,0,51,2.0
1.811922251593833,0.008197765360356445,76.60694709946128,6.52068236342656,-0.015105716117164669,0.12659523269223724,-0.01831806538736119,0.10083933590654014,0.005877344430807759,0.2878003444356317,-0.0028192337443915844,-0.03838748089280962,0.24454032794319497,0.24026089068095544,-1.7811626561903715,0,51,2.0
1.813930143328274,0.009400112908312748,74.55887652378456,8.121697376658426,-0.018478274308875494,0.15287869837642393,-0.022309512301695113,0.085296815801113,0.006423615850508213,0.269116797417578,-0.0177259049506472,-0.03811106924765958,0.23657495979288487,0.24052713712672025,1.6431315738619556,0,51,2.0
1.8178879577739566,0.011654996962117489,72.24074881684547,8.3737860434397,-0.018361484933206263,0.17089510088663631,-0.017735031342097356,0.08031905720896561,0.0016076859159796847,0.2688323208147094,-0.02782599898087031,-0.03696313175139827,0.2290251273824304,0.24105194320512213,4.989304654747206,0,51,2.0
1.8211304802520603,0.011463766834895374,69.69050773919797,8.121481990835575,-0.02141976488900243,0.19444377690555142,-0.014973065815865993,0.07457976644745135,-0.005381247978292259,0.25519299177128935,-0.03426395305293241,-0.03468854192261077,0.22159234650650103,0.24148190168682074,8.236457904872141,0,51,2.0
1.8228160709727044,0.010428212224299068,69.64735410727707,9.027795299413679,0.002467765883706948,0.19184196746505092,-0.002833146291474501,0.04339607005265816,-0.00756865078765972,0.1953415486038106,-0.03841441087389366,-0.03239279875476191,0.2219300726113888,0.24170541089593386,8.18158692072447,0,51,2.0
1.8311362400943159,0.02227928517268413,68.87701773643494,8.764418768985859,-0.00030792505462087837,0.17817666001191576,-0.0010199256277844018,0.05732952933025412,-0.00224250759564194,0.20091173381622146,-0.045644574623785454,-0.03079382787626059,0.22450237621619806,0.2428086653201471,7.539388711606277,0,51,2.0
1.8353151106366925,0.023491929903528115,69.4208713092056,8.85734080272849,0.0030358562647711997,0.1729540402840411,-0.005466957503527987,0.06750051428646549,-0.007897688039377624,0.198237730752573,-0.053411447738263014,-0.028479846651853935,0.22660071978250318,0.2433627837940988,6.887685845086922,0,51,2.0
1.8480870776316698,0.029067524855017783,68.84793285762562,9.953327263146253,0.005690206828362802,0.15007480495812486,-0.015883166306451254,0.08665406889541474,-0.0035447994721870798,0.20310048643656972,-0.060393435926719495,-0.025469947289695986,0.23350449053264313,0.2450563466222882,4.713959156279368,0,51,2.0
1.8683520432780771,0.035623192635871236,69.17100252824672,9.289787858111614,-0.005022680569513172,0.17510056141730615,-0.017868876274602086,0.10676747023100198,0.014074101240611543,0.26155795033535933,-0.067007899678097,-0.022495000421316372,0.23986901730011678,0.24774348094454893,3.1784746118888374,0,51,2.0
1.8653316345869326,0.034669258655675085,71.68467729231891,9.280873402456313,0.001617036759853363,0.1845702025195968,-0.022883282974362373,0.10452568651367773,0.024424341379427443,0.3033581676702719,-0.06801517071178514,-0.015096340068557645,0.2422941062981101,0.24734297474941522,2.0412419056656694,0,51,2.0
1.865186090562858,0.03415391550450867,71.80960457465228,9.075826088751754,0.0006418710793642437,0.1799462516092399,-0.024043358424130606,0.11212899248958251,0.02888749978121589,0.3612621482536385,-0.06872453241326135,-0.007676364086547427,0.2430895823539488,0.24732367548994805,1.7119643429249098,0,51,2.0
1.855852786524623,0.03454183482369425,75.19082173179177,6.731450510858798,-0.0031026454423280325,0.18399017981655968,-0.01264544707887313,0.11648304591763559,0.017532467303395857,0.3805547691537691,-0.06892546543837219,0.0011112093959066232,0.24113434290369903,0.24608607936748061,2.0121969013887853,0,51,2.0
1.835638594101457,0.020869202401114575,76.117522538877,5.762451116763886,0.0058485190475396085,0.19316554429757948,-0.016936014826391257,0.1584001703542073,-0.008075067508673551,0.4291826961207533,-0.06767962162283704,0.010239930126414871,0.2339351005478429,0.24340567769461086,3.890861230710585,0,51,2.0
1.82744913650494,0.021534441589627796,73.28615423511056,7.822716638533697,0.0005458624595228364,0.21015603926119975,-0.031528243539380094,0.1766026807103681,-0.01589465218906601,0.43773646286318635,-0.0685635100400413,0.018045307486437217,0.22855206983969278,0.24231975561625863,5.681619206635613,0,51,2.0
1.82089682274005,0.019419227065084817,71.52483551876217,9.109552524486446,0.007343445813246802,0.21684440521150702,-0.039593088641470556,0.17416155677738887,0.006503538274224482,0.3819489894371997,-0.06484490335389943,0.02618860961563954,0.22447428528138932,0.241450918691696,7.031090832991948,0,51,2.0
1.8201412111520767,0.01788689987110366,69.61055466708015,9.8179810693782,0.0047806082476003495,0.21987700266015475,-0.05564232017187511,0.19285303153161246,0.0016106930835282102,0.3841125020623538,-0.06170306536330793,0.03339307023787063,0.22327063195622632,0.24135072459847592,7.491211253800301,0,51,2.0
1.8224507047265184,0.017509932502169655,69.1390569934658,11.011411370744797,-0.013075878697575307,0.2188285921107696,-0.06780305685585036,0.1743042315351286,0.0020010598944317478,0.35069072914870875,-0.05941077676112225,0.04183168984639279,0.2248081548286157,0.24165696332604514,6.972200703646559,0,51,2.0
1.8252124941232157,0.016222624677964807,71.35974465164483,10.45998914909386,0.009564088803588175,0.20311392846115464,-0.061478582247361246,0.16475692255322924,-0.0010804061038310036,0.31863672126816267,-0.056045989496112204,0.047456430643982264,0.2268202830109216,0.24202317660023714,6.2815858393706625,0,51,2.0
1.8269800537941503,0.01570617375116286,73.78487110605427,9.514773360984936,-0.005820470040335375,0.19961688189096585,-0.07024434365916486,0.1767272723867151,-0.005525275635733909,0.3580776090306401,-0.05363343373020042,0.052829570046352865,0.2294040121943461,0.24225755513000483,5.305734604958346,0,51,2.0
1.823585703092463,0.011985620871543704,74.8245965756622,8.087164411231887,0.010287484227150095,0.1875169623676284,-0.06418403239884213,0.14474077302324317,-0.01064298543896453,0.34603610717909883,-0.05049122002234573,0.057991722336464394,0.23035095534709646,0.24180746434509093,4.7378640808393495,0,51,2.0
1.8221891320803587,0.01112958544886166,73.99438685763116,7.060967132169343,0.0015182428098484582,0.14734855768993227,-0.06451017979313345,0.13047977946856953,0.00949174263879803,0.3339742218234939,-0.046228418774165066,0.06142890627114689,0.23214706846443517,0.241622279033463,3.921497060176138,0,51,2.0
1.82650046488818,0.017723255474801317,74.14515364637562,7.305659700894247,-0.00297675975689701,0.15872086137835895,-0.07277626186317089,0.1323141369321669,-0.00373121786077379,0.34310488391650834,-0.040201171573015594,0.0629181363271721,0.2379187062446238,0.24219396164468446,1.765219649172245,0,51,2.0
1.8299354291429706,0.018668113305145864,74.9611052274704,7.350506149890787,0.01171557387044909,0.18108871399454848,-0.06550040757100956,0.13084194503501445,-0.011405940295434465,0.34180528945825295,-0.030685694485627683,0.06219382838094969,0.24180754050466566,0.24264943790654567,0.3469603759000961,0,51,2.0
1.8311840120483847,0.01766249392833369,75.1762200827692,7.352650980412329,-0.001220185218342379,0.19980339582339174,-0.06506740900815702,0.13933196117368105,0.004805312281949263,0.3128183656699169,-0.01799221511498414,0.0590437749433933,0.24416611761193885,0.24281499987868627,-0.5564391548823711,0,51,2.0
1.8363715851423787,0.01776624589130201,78.16982808300094,4.864241061719833,-0.00014031999835781024,0.22354280225212517,-0.06485889032117877,0.16168865047484707,0.002141107741158967,0.37031152309376697,-0.003935512854310126,0.05214628271091396,0.24959588267284766,0.24350287206287974,-2.502233570532386,0,51,2.0
1.8421319568274068,0.016440671584360536,78.60212221332625,3.6136767311528613,0.013674982348639592,0.23655583092990257,-0.08326929279913504,0.20896371605519473,-0.006265178843237022,0.4330066544693247,0.009971170668211632,0.04598989673538802,0.25502331310823495,0.24426669759086686,-4.403635707797071,0,51,2.0
1.8464316550423117,0.018795822638250137,76.87928313834995,5.864361108220413,0.009347703791789565,0.24027273872360455,-0.06781147690672501,0.22519986740241874,0.018247968028756043,0.5215520879091049,0.018735610149940695,0.03647303807391753,0.26119255081490655,0.24483683757434027,-6.680250162764079,0,51,2.0
1.8491427617914535,0.017343187026473052,77.18133313048119,5.8208453150869595,-0.0009856804401851167,0.23105955904294284,-0.06705005189367369,0.23075897129320605,0.02617568856415649,0.6232232245011029,0.024491258154268856,0.025713579992702514,0.2663345677049828,0.24519633021052242,-8.620943664332724,0,51,2.0
1.85035659022191,0.016468406949053858,76.25456030228558,6.139105933947195,0.003648536608499639,0.24649701146650058,-0.06056425835498992,0.20501193117750044,0.009806335241734689,0.6255630549890083,0.026004952264920368,0.014822700181891725,0.2711506593653043,0.24535728386973168,-10.512577857385796,0,51,2.0
1.8450998941472931,0.01456238597118739,77.02670221702725,5.969457385843452,-0.007225706735078026,0.22577555500857585,-0.03847583677327516,0.15129345648301903,0.005848464277554669,0.617981926882642,0.02417043345907475,0.0038868518444561614,0.2671791382122331,0.2446602458481773,-9.204148506427057,0,51,2.0
1.8420647163601482,0.010643986277518511,78.74006137660905,3.7367557534217926,0.006887958695491155,0.215923591894592,-0.062000031126480476,0.17960125614612862,0.0022411178614871173,0.5867099954419518,0.02053182800789713,-0.0037321357827340435,0.2626898665542388,0.24425778127430423,-7.546160938568081,0,51,2.0
1.842839111884435,0.010185472232713894,78.82131136164946,3.718171919874622,0.016239058810706232,0.21016424867102187,-0.05309566490206064,0.2022932023728371,0.030588687287972254,0.4642042865373328,0.01927627470119603,-0.010283200963497349,0.260625401221203,0.2443604663607892,-6.656123677714376,0,51,2.0
1.841949961349076,0.00906097412505969,79.44829722946766,2.538954140334048,0.00949642091405158,0.1997093182503116,-0.05529189000234885,0.21876162865685464,0.044641448166586606,0.3988655979136517,0.01836947920933369,-0.013911839568776143,0.2588925544034439,0.24424256499129016,-5.998131166316623,0,51,2.0
1.8416805787413728,0.010890539366106419,79.10696289586086,3.4589476915793003,0.0056234361676900995,0.21532277098188327,-0.05165138672672066,0.21423084769016354,0.03701926132335382,0.37109468098099135,0.018898908206062295,-0.01816005291866439,0.2590738414271569,0.2442068447376356,-6.0878705940833555,0,51,2.0
1.842436869354809,0.012101166718923832,77.66043967826694,5.4624143332822515,6.659221196291493e-05,0.23452307477345874,-0.05574590734699193,0.17775553983369233,0.020466186179249894,0.31419411291351945,0.019493883086989544,-0.023947297294400354,0.2602706198404776,0.2443071288716007,-6.53418958448273,0,51,2.0
1.8442022645590352,0.013762841205539845,77.47727968178543,5.533844677401162,0.0019869454679828065,0.24268788011006684,-0.07872647974713176,0.15816894765723674,-0.0058866048268243374,0.39425590629211416,0.019846934640248014,-0.029489990197426236,0.2633612126662272,0.2445412201548808,-7.696040978051344,0,51,2.0
1.8507737441390169,0.019664683215087384,76.85770841673309,5.9899009069808535,-0.0008633603506228503,0.23091222403516493,-0.07120381923867207,0.15400292244662622,-0.013234046050438694,0.3768414269659099,0.021651339141412845,-0.03642452001813338,0.26831157087701774,0.24541259835021537,-9.330805623158934,0,51,2.0
1.8470567190179639,0.025674661553832235,77.2915155840855,5.2771484145048,0.016994623138624078,0.20739500020283033,-0.0695739441788664,0.15906456309982428,-0.013115320975581804,0.37183606777885364,0.02341471760309585,-0.040874297190611794,0.27143967390385687,0.24491972105904752,-10.828018556503128,0,51,2.0
1.845429906365918,0.02618588746904084,77.64178505130843,4.806688770798751,0.01036925665011593,0.19292837988327266,-0.06633271152774493,0.1448430125667962,-8.089183007969576e-05,0.3342501176098227,0.023080832046747258,-0.045181370458791836,0.26912933220654284,0.24470400569959075,-9.981580169528437,0,51,2.0
1.841806723206651,0.024626352247439774,73.25468369091259,10.427430262540081,0.002888516285548023,0.1775648205487597,-0.02337219124185104,0.1138839579982374,0.004659240827987007,0.22765214103440135,0.021101747027921076,-0.049143307261491014,0.2658499131156501,0.24422357149149165,-8.855141005466738,0,51,2.0
1.8329895997748655,0.017159882297955165,71.69877373003492,10.914657093001889,0.005342032431679613,0.15735765257224374,-0.01627544846897032,0.09995005141458471,-0.005780433925489585,0.24062237024724295,0.01705126376582312,-0.052091592013740376,0.2621352430062182,0.24305442092807894,-7.850432016534015,0,51,2.0
1.839571458451888,0.012629745564987483,68.06620410844391,11.647537594658468,0.017610119692250795,0.14175667217122861,0.0026536664249850253,0.10191408047673456,-0.0028677726091415274,0.22265367556526014,0.012482489025666607,-0.05240185970995211,0.2636959855715007,0.24392717526996335,-8.10439028765797,0,51,2.0
1.8392742293722488,0.01507947772180064,62.92621932310217,12.761043503490985,-0.006230949478990892,0.15077223081063076,0.011775325837672925,0.14470026328582672,0.015060011699211364,0.32277756247369127,0.007344439207182554,-0.049552477995798705,0.26548521276927534,0.24388776269776677,-8.855487390022422,0,51,2.0
1.8365951157083698,0.016326660303984518,60.80263201863158,13.973422679931511,-0.014384335929564401,0.17035345090833143,0.01639541019411648,0.1520695561326261,-0.007793267714042289,0.42944430085384255,8.826015934824429e-05,-0.04591831523638391,0.2628510503675727,0.24353251234548798,-7.932632007129481,0,51,2.0
1.8359897060721528,0.016583575147877932,57.05585538639742,13.591688386761035,-0.005605236024541014,0.16377165135495736,0.020675522439620075,0.16121781178231015,-0.005788350222157497,0.48234787645417004,-0.009039203621379097,-0.04025701661851486,0.26186639471489964,0.24345223514749728,-7.563766895073276,0,51,2.0
1.8384694223310434,0.018653149708983758,54.23841523656658,14.434234702784902,-0.01862327126311321,0.16062292020910485,0.022673023755059522,0.16635801162717156,0.009145330674215859,0.48725953294008423,-0.024274471918679166,-0.033661821968102426,0.25791651746391514,0.24378104552191077,-5.798429452028042,0,51,2.0
1.8416559135212618,0.01988890396542468,54.06904960146137,15.272925770692877,-0.0020618106366372575,0.1490135582347757,0.026956010317685557,0.13179765023731166,-0.01372369849944816,0.44783605039577973,-0.0443105562624047,-0.0291307106393697,0.2570483400766282,0.24420357412829974,-5.259859932099142,0,51,2.0
1.839422576567706,0.021149469773440743,57.01990660031637,15.228464123582574,-0.004594292199494792,0.14577361940566358,0.024507497893828972,0.13515901132882716,0.010830908538956269,0.3871479908735158,-0.06404969556953899,-0.025587882192606912,0.25273962386080273,0.24390743364987397,-3.62112383323554,0,51,2.0
1.8348475823215409,0.02497276133864219,62.31790373839584,16.178868703391636,-0.005575111628893544,0.14075728779613084,0.011085512481775939,0.1343377952691087,0.014184686921390832,0.30519252409230996,-0.07745799070443245,-0.021909480069296616,0.25104248121599,0.24330078929540724,-3.181942789007164,0,51,2.0
1.8247756642453812,0.017701326101380074,66.6331323782603,13.17461302247502,-0.001504319793015134,0.13725521174555072,-0.0016673646648140514,0.14540956881528272,-0.005330555214017045,0.3266937180900597,-0.08053283378646556,-0.019967330220200193,0.2460317459351304,0.24196525295731075,-1.6806103058678135,0,51,2.0
1.8241545563819361,0.013215469631003663,66.26086206529655,12.241133848001144,0.00425787421637306,0.15579129957578197,0.010861699524171212,0.15392983640328403,-0.008994593193718032,0.30543637462219014,-0.05812675394573515,-0.014729358624984009,0.24954389614648023,0.24188289429543022,-3.1672358946114754,0,51,2.0
1.832805900597105,0.019230621559167105,65.42377857133454,12.859366633910078,0.013519449542988749,0.15358888578167343,0.010635712311840524,0.14504231251418284,-0.008654850781621301,0.2928081600710242,-0.014003928445435222,-0.006352306724005553,0.25840346762549316,0.24303006253929205,-6.325721569411025,0,51,2.0
1.8464780479085212,0.02006434145463066,61.26116895208172,11.818352490786632,0.028732767876456764,0.1845844348942525,0.015731755644083023,0.13274901218930601,-0.030701891217819032,0.29888935234350567,0.050016485525921105,0.0023191790898795406,0.2718020776184134,0.2448429891457092,-11.010765947094558,0,51,2.0
1.8623057282438464,0.023078098057311588,63.63771398862203,13.337752981349045,0.06925434049438028,0.2352049757695579,0.02358069804077055,0.14774802955353367,-0.05275427912562793,0.279771523214656,0.13865791461109356,0.015008205861625854,0.2998235823563096,0.24694173956225374,-21.414704086801194,0,51,2.0
1.885427635674383,0.03250807843805144,69.43741648804908,12.964203298681701,0.08997079167588085,0.2857242799045843,0.009102802723646164,0.17509131738539951,-0.04922141493572032,0.2945412079009274,0.24394513661228845,0.035134222456257885,0.34403287478883143,0.2500077043631049,-37.60890915952204,1,51,2.0
1.8929312235000086,0.03273785257190871,73.9672149069169,10.612987029761031,0.12104279854718376,0.36424089998499415,-0.00777200441442284,0.1824384430390294,-0.0705521974128251,0.38802371011718295,0.3629433121783499,0.06342487098795804,0.40196827545698544,0.2510026801165586,-60.14501330038495,2,51,2.0
1.9056650055389779,0.030289533925946667,78.71042265611537,3.881759721187686,0.031170112391312916,0.9042158212300385,0.047167626373908096,0.45492502390596606,-0.015564397379171615,0.618263708011521,0.4633174426418074,0.09933260053199235,0.4597112737787043,0.25269117986433404,-81.9261258052284,2,51,2.0
1.8837297535410114,0.07476528174847837,77.61600143769208,5.05800695671656,-0.04668741366442512,1.0113620476671008,0.07308396704348863,0.4631101360990726,-0.0608345832967875,0.7209196958471862,0.5131514407361749,0.12013463928797324,0.4549272904313487,0.24978256546762165,-82.12932098750471,2,51,2.0
1.8533338033685498,0.07598743331804872,73.05179163521412,9.781746833703465,-0.05192110605318757,0.9974003974813167,0.05088159507688354,0.4813561696820876,-0.0225754695780137,0.7211482182873963,0.5031551240586526,0.11975117321783182,0.41405806782696347,0.24575206235861566,-68.48610093157465,2,51,2.0
1.8396451181056452,0.07139341215843492,70.3391106783175,9.80395018917759,-0.11174224242202792,0.9634186960744283,0.05567222552410528,0.4828430758637523,0.008264592392187492,0.6821701137518413,0.42825103270930126,0.1078491256237865,0.3551566043656356,0.24393694268268823,-45.59361138981777,1,51,2.0
1.8174176122628005,0.05744748546094079,65.68924129710479,11.674780126650063,-0.05937476498166136,0.513379227850677,-0.014373215134529507,0.25967522807932836,0.03554526504640486,0.4676629346550176,0.3238750641056987,0.08771717097476457,0.293570943367849,0.2409895752991393,-21.818938849716083,0,51,2.0
1.8241844253212798,0.02521903774196269,63.978012636596084,11.249940984047358,0.012881582730687131,0.21867206670158498,0.0007836675161824507,0.21074326808741606,0.043400572284179574,0.29560919110233697,0.2223022553334324,0.07358944052780832,0.2802866264610079,0.24188685468285848,-15.875096572939418,0,51,2.0
1.8347492346576615,0.029170843574493205,65.01853000883962,11.652338172484127,-0.0028677331466300817,0.21584329081669293,0.02884459367715845,0.18578333491923363,0.01296543907008919,0.25408568513734914,0.13088024863920414,0.062293045335201885,0.28334579393442477,0.24328774863448482,-16.46529491303037,0,51,2.0
1.832368879925971,0.02819497587946447,62.23609218410417,12.595314336003565,0.004139218515917367,0.2026074186536546,0.027979478093923305,0.17522731420194032,0.019361357076787482,0.2442302972895399,0.06372557604641875,0.04424013621198979,0.28108164783733414,0.24297211359583637,-15.68473586433452,0,51,2.0
1.8351158832802492,0.02818576392007275,60.410031903023814,12.548927300019994,-0.009528240042866445,0.20345791452071918,0.02714441314923997,0.1433746799144316,0.008309966245410489,0.25138603289257005,0.023234905532129903,0.025858268949087368,0.2856185630538474,0.24333636612277162,-17.37602874768951,0,51,2.0
1.8401570600621842,0.023472085077182337,59.56859599842745,13.435271033056184,-0.022100061543431936,0.19802071948732589,0.001139953723359926,0.10774382389657894,0.012466958751354148,0.21970575802026915,-2.0950290317963982e-05,0.009493264629561229,0.27981639923547946,0.2440048261669189,-14.676583914804443,0,51,2.0
1.838344631241817,0.020328782037991027,60.30539386880164,13.842834007056346,-0.02851926959028431,0.19275681555307245,-0.005405135023608512,0.07239505764973278,0.012463699432783852,0.20320405488975574,-0.00940191953636071,0.0022245474427358613,0.2667278572794062,0.24376449798731398,-9.420305041010213,0,51,2.0
1.8435986059553482,0.020808707659328483,64.06938922638987,13.473611648951515,-0.021496821231409616,0.1840197655342739,-0.004066937959150356,0.054997884472286554,0.00868965096443015,0.16515830744879717,-0.011558855978998807,0.000647021078265389,0.2605559329049141,0.24446117503367573,-6.583768514170485,0,51,2.0
1.848338297184776,0.017690374696895026,67.36959395221635,12.215942566478272,-0.0032656296138085573,0.14137358869875488,-0.0029336657904672856,0.05877221532785139,-0.006228208477955823,0.1240242995492982,-0.013316351455108778,0.000753075323991062,0.257021629328901,0.24508965820782955,-4.868410690325198,0,51,2.0
1.8529655611982532,0.01589574471830618,68.22661919219821,12.05974935397669,-0.005423817016622599,0.13172829587257504,-0.004155578055218154,0.06424868305981062,0.0012480549185591586,0.13193388100212725,-0.013676188649275119,0.001042942594181945,0.2571985653921944,0.2457032335365667,-4.6785431718451065,0,51,2.0
1.8557788127777624,0.016984304459131884,68.9693652788798,11.571756551049125,-0.0012099190304676692,0.11891501669142089,0.0017223499861418032,0.07263275349000402,0.005224690425629709,0.12523897636169892,-0.014135961652723896,0.0013310853234347725,0.2575213611661208,0.2460762706939758,-4.651033779026292,0,51,2.0
1.858561031958636,0.014958872701926808,68.49075881640117,11.965431725831584,-0.0002584940224301581,0.11427092795957464,0.0027474934125647824,0.08590862152093146,-0.005064745999726595,0.13653096676756507,-0.014497062839651886,0.0014918500802478902,0.2575116228273964,0.24644519283495644,-4.490422338994926,0,51,2.0
1.8573470495495141,0.015808316461780915,66.66149471787845,13.304803134891014,0.005076440233810276,0.1169164440419321,0.0040641048302253084,0.07291254391193767,0.006431010058697532,0.14434134023066725,-0.013321863901200015,0.0013157603182357672,0.25738666115977665,0.24628421876583886,-4.507979621907365,0,51,2.0
1.8532946863595177,0.016416397272816706,63.07684957747366,13.639760503475365,-0.0026240694683556465,0.14286241519106735,0.002437027499956243,0.07990678427934092,0.0218697529030489,0.16040893518088598,-0.013901494729975278,0.002484189901576598,0.25798815966958116,0.2457468752860121,-4.981257389060212,0,51,2.0
1.8470800232653524,0.017602115277016685,58.815328111835555,13.217730933785157,-0.011807423413676374,0.16292816580270347,-0.0001131256713586695,0.10795710113935396,0.0148889059931332,0.1823118418511505,-0.023683371844324286,0.00932071418999002,0.25114774936172696,0.2449228109657106,-2.5415919290946887,0,51,2.0
1.8382054058944477,0.02272937599700112,56.48639846315571,11.841114520825073,-0.015143062335019018,0.19001849169156765,-0.0015918726064995223,0.14573628333693878,0.018757349300179995,0.20929730232563493,-0.04612299257098059,0.025518958457513785,0.2431039291128905,0.24374603693713376,0.26343313405701174,0,51,2.0
1.8370381593704224,0.02198602143540315,55.466900329963835,11.445285773079515,-0.01834764022964473,0.21796880128420745,0.0023995130962016537,0.1557014989487975,0.02504343479214346,0.22995022077766675,-0.08411279737548678,0.04790694592201198,0.2361489531318651,0.24359126005028575,3.055243819866238,0,51,2.0
1.8400826150295782,0.02517781611527372,57.60948257820279,11.542196759141595,-0.009520852518286192,0.22205280953949255,0.005301778296045228,0.16066802368528038,0.000808608024289795,0.24135351948913605,-0.14601644220325,0.06817824569896963,0.23138871048678125,0.243994954754311,5.1666003832839476,0,51,2.0
1.841968284518111,0.023697342442752865,58.26890163328133,11.829581380322482,-0.008805525489151478,0.22004084902898302,0.0028431389992143595,0.18236899213971736,0.021474427543580532,0.4129871322022097,-0.22418608437066653,0.07860534962866611,0.23166832706814058,0.2442449945247749,5.149201718997198,0,51,2.0
1.8485611227213168,0.016230574488411857,61.42755347607183,11.924272514320755,-0.007101958453216974,0.2046635463978202,0.0027176253497600555,0.15494347067572672,0.03356795847488969,0.40634992480454357,-0.30592804188970324,0.08371954294218036,0.22809448277183084,0.2451192047590293,6.945486790370037,0,51,2.0
1.8521415006880666,0.01985995087112669,65.07585046805588,12.178000698012044,-0.03106137704761589,0.19332870330522214,-0.019228194201109456,0.14616975854642072,0.026595548361393752,0.4069495499651042,-0.38124750446748934,0.08907014522089346,0.21741977212052802,0.24559396287138238,11.471858029999371,0,51,2.0
1.8534063708548452,0.025595543490635756,70.03160670224358,10.298976867615835,-0.021293763326955775,0.22455054785701997,-0.022939859359872108,0.14176919486962505,0.03738236051125854,0.410200134663182,-0.43836059911509545,0.10457897913182035,0.204743886727525,0.2457616848890482,16.690070374493537,0,51,2.0
1.858254041741876,0.024446543332523826,71.94749052851807,8.441551322188985,-0.03666155116961283,0.2547211765552795,-0.023461465002494117,0.0993731908163958,0.007604708566385157,0.24873062836919244,-0.46367587602815874,0.12736671406548394,0.1947903587660012,0.24640448604617898,20.94691054874086,0,51,2.0
1.846954374336729,0.03658210302102237,74.0144845083648,7.710049246893637,-0.05286470859074125,0.2803257613239639,-0.043070317912554626,0.10655364422096933,0.013437723047008701,0.23835025476255392,-0.4648868971941376,0.14416376622048782,0.16768497753632275,0.2449061500203108,31.53092418364498,1,51,2.0
1.844462131168328,0.03773945902062595,73.2154011258892,7.927054398237375,0.013724857028208528,0.32447776747315704,0.0035865333972170074,0.15059667826259143,-0.0040868690566105,0.22856839904043838,-0.4536952645008055,0.14990257987497485,0.15392038906828126,0.24457567859192803,37.06635510348687,1,51,2.0
1.8367148082630307,0.0307198757492928,73.64680622605717,7.961364196188873,0.0010119857010888118,0.3120783866587708,-0.005589399477649553,0.15133804481930638,-0.00885014794766903,0.23143362991502206,-0.42413409820330317,0.1415912482010368,0.14786909013187982,0.24354838345658797,39.2855382436824,1,51,2.0
1.8369260260871811,0.03745339244542056,72.86251769346349,8.223418887753065,0.03801113242904345,0.284490831275952,0.0015581709643205006,0.15932683733096678,0.011985406863923166,0.2209184226816647,-0.3882465866383053,0.1289590125091478,0.15023382540488295,0.24357639094183836,38.32168018256085,1,51,2.0
1.8391938063443876,0.03954212006631441,72.14166194317387,7.949113690782047,0.025299686883740565,0.2795946453483658,0.00284516815023095,0.1467302967474443,-0.00477634633288664,0.25513710433847575,-0.3483584238331076,0.11499868798278562,0.1679810278018869,0.2438770988467471,31.120622397002297,1,51,2.0
1.8225383583237142,0.043678234603598244,73.81577819468929,7.90048142864838,-0.012203154665436231,0.2183797531164751,-0.01595918355765296,0.12192431903709909,-0.013467718299259157,0.23793526104264673,-0.2964234949892311,0.10114460056523518,0.16684259172976085,0.24166858643270245,30.962234607094217,1,51,2.0
1.8178470643127667,0.04588632958469299,74.55017355376599,7.914015133858512,0.0263549908082567,0.21972856728476106,0.004782546969021068,0.10901779179812811,0.00043221119352999856,0.23348851807694632,-0.24744000591077397,0.08870257576833282,0.17006650085178646,0.24104652072787708,29.44660626577622,0,51,2.0
1.820793512989493,0.04599630570005074,74.54135849429112,8.147613318707377,0.019948246414024456,0.22077094803029998,0.003252033071190703,0.0916252920053952,-0.023274627842885608,0.24522664985515827,-0.1971752605188954,0.0715179241462078,0.17677935483082027,0.24143721981842822,26.780404875533936,0,51,2.0
1.8274308238543717,0.041711546220944536,72.5899058229783,11.988181628137339,0.05817820372826913,0.206906270726519,0.01938248275980061,0.08390851127843733,-0.02084050020750831,0.22204975540328772,-0.1398562461056379,0.050130572628297794,0.19770535416779164,0.2423173271205261,18.410558371067253,0,51,2.0
1.8403388536443896,0.03266288805053157,67.98272674223956,14.626290038937,0.054606750826625264,0.20395811039755743,0.004146267130386596,0.09289297986363831,-0.042663565252487566,0.24661229285930822,-0.07701115912120683,0.030102323538438287,0.2226492385215934,0.24402893187118405,8.761130569909792,0,51,2.0
1.8469424645105998,0.032784926953969715,65.88118592430564,14.15694808346832,0.049689964373029916,0.21065517282766158,-0.00688681393569591,0.11288472157187061,-0.021316160484417982,0.2434495088041244,-0.0067345130386615515,0.009164405735193877,0.24606850229737737,0.2449045707916594,-0.47525920073909766,0,51,2.0
1.841562260015338,0.026602293109909095,68.73551587964974,14.572742718560757,0.04124774013225939,0.19908538028143363,-0.004108785852497699,0.13373406433059337,-0.027017889215665704,0.2641205127994528,0.055621666789750425,-0.007092593951671765,0.26254751003253984,0.24419115579717698,-7.517206827346978,0,51,2.0
1.8478595465421677,0.02403710865680513,69.34215071622063,12.930574927735503,0.03616996379751785,0.18409847358617784,-0.01643764892337369,0.14493603363481378,-0.00605516084561161,0.3224012715089726,0.09596152721026262,-0.020438019438354747,0.2786194742044864,0.2450261759912868,-13.7100854948633,0,51,2.0
