feat_w_vel_mean,feat_w_vel_std,feat_curr_mean,feat_curr_std,feat_acc_x_mean,feat_acc_x_std,feat_acc_y_mean,feat_acc_y_std,feat_acc_z_mean,feat_acc_z_std,feat_pitch_mean,feat_roll_mean,total_dist_actual,total_dist_cmd,slip_percentage,slip_class,n_samples,win_duration_s
2.716445867808169,0.7722538424943121,73.26526362084329,17.853086316392783,0.1812451434559486,0.5999268637087971,0.1972147753695026,0.4370324027125029,-0.048742651909669026,0.3411890826927466,-0.21998451875863964,-0.5597938368509953,0.22348813616007204,0.33194968497124333,32.674093009176154,1,47,1.84
2.9909169673919678,0.03354166182897054,78.19705243204154,3.903545091218496,0.06428115771097295,0.4402094339182636,0.07457807397141177,0.4844719313557733,-0.09375789363448526,0.35934402795084963,-0.09685077131795751,-0.6267458104595317,0.31722612300158304,0.3965955900646239,20.01269531265032,0,51,2.0
3.0020268629578983,0.02493386759586405,76.21392965316772,6.594332199320433,0.05053439166615991,0.3623611828158022,0.07263694279918484,0.4334396870412645,-0.07335196327710268,0.3234300307650663,0.04234281209590607,-0.6585448131917527,0.3619150347628897,0.39806876222535525,9.08228198071923,0,51,2.0
3.006307506093792,0.021927325851341148,76.1276681469936,6.5297509362137305,0.057034333985225824,0.33335926140939454,-0.019817984644688813,0.34120884190461725,-0.05795047068785803,0.37868894575085116,0.18579695454877276,-0.6094540024121556,0.3848154033916881,0.3986363753119284,3.4670624098028013,0,51,2.0
3.0054827180563235,0.01828966093934571,76.1347155383989,6.530122977389137,-0.004482374289164356,0.3194827504967492,-0.07644029147922993,0.2648320902099442,0.016340132163581895,0.36896115811375363,0.28767484404575444,-0.4826031303120334,0.38533724743644737,0.39852700841581845,3.3096278798773526,0,51,2.0
3.0033500591913858,0.017126090197593886,76.66967494815003,6.66781755951104,0.007119685101012389,0.29937841983054414,0.038876655164594744,0.25219994760867726,0.04657790577952184,0.40745323245496184,0.2980472968336743,-0.32862121239776365,0.3736727097184057,0.39824421765834406,6.169959750933129,0,51,2.0
3.006924249377905,0.022246400188463116,75.05185029085945,15.700608075463979,-0.023300334099022782,0.2964551623092378,0.006736920269973138,0.21930537179083093,-0.06481410354814109,0.7473861872016133,0.22742410845521724,-0.16848509774260115,0.37578587800992713,0.39871815526738374,5.751500641368601,0,51,2.0
3.006344210283429,0.08530387672941452,64.31662525850184,28.577075576221393,-0.06715818262640752,0.8185650386210853,0.0173399786227474,0.35258484731536865,-0.11404844745993614,2.5371050111508775,0.09909753597077195,-0.04058461118231028,0.38820775501164634,0.3986412424895597,2.617262431943823,0,51,2.0
2.9881380574375975,0.1410246968467786,55.01909614076801,34.40259553760788,-0.061846979163294916,1.2036759699004709,0.03804575097655841,0.49317875464003846,-0.007998720724500861,3.5051453725938937,-0.03549910450504273,0.031295569024835754,0.37325662759715544,0.3962271065745469,5.797301243717346,0,51,2.0
2.976865382755504,0.1572953771332356,48.653746894761625,36.83340188771363,-0.02222318750093965,1.3079420336983842,0.024116942522061223,0.5112022143467375,0.18690178335151253,4.30676094757759,-0.10055428918100169,0.08824024466091633,0.3641998364696007,0.39473234973647825,7.734991390308132,0,51,2.0
2.96178515401541,0.16463287868617896,48.6959485353208,36.86265252498007,-0.026893356413233514,1.3285371749363015,0.06288561419419506,0.5156733772495482,0.24305577510420015,4.444338327620619,-0.10868500910783375,0.10487543526216893,0.32238280217076337,0.39273271141613875,17.912923268271573,0,51,2.0
2.9525058438964917,0.17517619712183527,51.34241335064757,36.03485170139561,0.01332384596268336,1.2544575818327186,0.07085977645371766,0.44857674301845607,0.1933042914697937,4.204417227235993,-0.09550303401312772,0.09786320308841354,0.29524400522685496,0.39150227465578546,24.586899147281372,0,51,2.0
2.9699073270255445,0.1507583247120468,50.97820879431332,35.83527495565541,-0.018345944930379297,1.116373780557716,0.02742400186538112,0.3654938626554789,-0.2665851642103756,3.7653316120640494,-0.08935996398458561,0.09716995801112209,0.29365251425906297,0.39380971137569243,25.43289162848501,0,51,2.0
2.9568286473844565,0.15284806953464336,53.71109716565001,35.47320801701433,0.04629170925666889,1.2277093096286533,0.003711380557540585,0.4717544698338913,0.03038709187040142,3.939319964498358,-0.09119109585539738,0.09232534994357679,0.2815968556821173,0.3920754787966135,28.177896626839605,0,51,2.0
2.9607858546808656,0.1614223436753561,52.46152906791836,36.2414576280943,0.08166072236410543,1.3346359394395115,0.03418215756834138,0.48799723630676095,0.13429551615434535,4.271340808368687,-0.07603983226788145,0.09046791272053262,0.3192076594357871,0.3926002044489797,18.693965051852214,0,51,2.0
2.9673362263277467,0.13540011689972536,57.02250121621525,35.15866178553625,0.043981271887234615,1.227844796334944,0.05368696366820265,0.4742433299786811,0.16454398383696875,4.072024454396727,-0.06689759528865402,0.08881573873200328,0.321296967995161,0.3934687835706157,18.342450173687553,0,51,2.0
2.97902974486351,0.13749545204812189,53.32020595961926,36.5490435226858,0.03536681759664241,1.0435387115778234,0.018986439368888445,0.4457781866210087,-0.16130675419288523,3.909780734309087,-0.050302866397652024,0.08815642554292817,0.338012951301577,0.3950193441196707,14.431291446026929,0,51,2.0
2.9849551109706653,0.1382770915558506,48.57732197817634,37.98163397556858,0.04986908478552804,0.9219050307218588,0.05763673997831111,0.38662936704685574,-0.1710440874391911,4.086885129645756,-0.03224411410389722,0.09151680967910228,0.3639038121075907,0.39580504748265627,8.059835410882032,0,51,2.0
2.9774230835484525,0.11530704621498077,54.9531413527096,36.06511071953937,0.0327750253034573,0.692902574272204,0.03334377574570039,0.3524333101810973,-0.09183741857608159,3.497584307618484,-0.03005600119753912,0.09918773775738786,0.3517272492328938,0.3948063006762575,10.911439703361946,0,51,2.0
2.9780654241057003,0.11455708471669555,54.03816995433733,36.91368844300519,0.06380945911594466,0.8069275351931824,0.03862001410886353,0.42327149337609127,0.10346792587170414,3.7887277353371847,-0.02476884398151372,0.11164165878247388,0.3692881652681131,0.39489147538781355,6.483632014227725,0,51,2.0
2.979550353452271,0.10005282125154435,58.39728420855952,34.539759255902965,0.056632927965884115,0.8718460413495025,0.06968407478987002,0.5171168469490333,0.12825038831900148,3.5803513256295365,-0.027017643093748493,0.12764362229865361,0.3618515654990231,0.39508837703900623,8.412500461055517,0,51,2.0
2.9887322023803113,0.09364145408228645,59.36960464365342,32.56591677265023,-0.013450942495289971,0.9438410307724076,-0.029537478060114617,0.524107779318095,-0.2298293320425585,2.9757020238888217,-0.03308560249119447,0.14755573380217277,0.35160264325754903,0.3963058899889696,11.279985450800334,0,51,2.0
2.996764032279744,0.11834763620049084,49.63461141960293,35.14966309721589,0.05484391427507587,1.2154923281687935,-0.016286185120835024,0.8216559329006949,-0.16109606594431633,3.993272621125608,-0.03205734406377716,0.15999049757024422,0.38570835375167645,0.39737091062729796,2.9349297001158847,0,51,2.0
2.9910961144110737,0.12056084156687491,49.48987811219458,35.04046874669121,0.0037586819380521774,1.251244835433735,0.04916683102355284,0.8839100404828565,0.04175387410556569,4.158667387087667,-0.043214999167251154,0.1702174586573136,0.37858316902358163,0.39661934453805603,4.547477515369602,0,51,2.0
2.987396756807963,0.12109153686294882,50.507757055993174,35.50046569445534,-0.004853417001226369,1.304310980288535,0.02437525695445491,0.8619534200587766,0.03614118695259094,4.236483875104253,-0.0575153817441627,0.17631310828346167,0.3739445036925676,0.396128809737907,5.600275844621683,0,51,2.0
2.975774675023322,0.11779085780316235,56.83865247053259,32.870254095066954,0.02358322316671119,1.2865746175328934,0.09534612604800392,0.8459424186849368,0.2320678199038786,4.21609116994658,-0.07672020399285774,0.18284729450272544,0.35825865011351554,0.3945877219267613,9.206842938713821,0,51,2.0
2.977348906152389,0.09853322608457644,59.70778928083532,32.452788395323516,-0.07860587949992395,1.0994770146269117,0.03151185971264746,0.5141218897381145,-0.15856291061522915,3.1046630785512668,-0.10324286472197694,0.18894079761721425,0.3241646105748111,0.3947964651564074,17.890700858634556,0,51,2.0
2.9689599427522397,0.09291789371700855,63.062477626052555,29.29891085772493,0.03212595563016686,1.0398788613689576,0.012749198312852896,0.4592278846601739,-0.08759102663573097,2.802580825337966,-0.12583150911175234,0.19327635437151283,0.3116626917106714,0.3936840886236442,20.83431850134638,0,51,2.0
2.9637531673207,0.07410081738615126,68.806518573387,23.318136168021734,0.0403954689847488,0.8130020875732358,0.017527033300960764,0.3407925960703932,-0.01866955317410768,2.099362198304176,-0.14964133710347288,0.2004083972999439,0.3080100361113382,0.39299366999359214,21.62468262749362,0,51,2.0
2.963253717796475,0.06120367954997538,72.47823112151202,20.532625542607935,0.05674571182816198,0.6798547255402907,0.027743669518945264,0.25417795624989536,0.053821523874705915,1.718927368607465,-0.16257842365576466,0.19569469855141608,0.3168470351955054,0.392927442968223,19.362457149339505,0,51,2.0
2.967017707871456,0.05256971832488366,77.77465951208974,8.909127297895273,0.08430472860459749,0.6267949386223655,0.048938487199883834,0.20682518202137737,0.07066981026939317,1.2739297558842542,-0.1578048171368621,0.18433746086328007,0.3314248387247432,0.3934265478477476,15.75941162643617,0,51,2.0
2.9822291182536707,0.05280348803591382,76.5152231945711,10.227646103845984,0.058310812270707064,0.54761410866301,0.0219771527119127,0.32383828964134354,-0.009932366364142475,1.5912049219810338,-0.12443771529346644,0.16306303875657618,0.35635014722290614,0.39544358088351006,9.885969971559627,0,51,2.0
3.000408359602386,0.060900693923695556,75.42089991476021,9.866402743783341,0.06849727907911966,0.7552890048925787,0.04969345577353356,0.3635693541850446,-0.010536394355928196,1.6856925147560227,-0.05857470417929019,0.13107103650947402,0.39419636914975653,0.39785414867482005,0.9193769971349908,0,51,2.0
3.0287599353229298,0.06692473069996933,71.34129750494863,11.509630865085951,0.12053807079792023,0.8011987251591489,0.07626711445696213,0.37460958089939755,-0.08006120633845236,1.757413889811849,0.04184692080094036,0.09886764131511691,0.4434999859902545,0.4016135676167668,-10.42953270280378,0,51,2.0
3.0573779812046125,0.06470421578396812,69.1867319275351,11.07706746159834,0.1282554904327673,0.7575293571238169,0.06985669955611229,0.36586015838102487,-0.02544493885601268,1.7005093677264138,0.1600211472459276,0.07468468596700337,0.49965789357784435,0.405408320321015,-23.248060913549985,0,51,2.0
3.0859273052683065,0.04051912104653627,69.85811473809036,8.732034652041111,0.09170358854473806,0.6193941500139917,0.09259205348059243,0.1983992292372751,-0.10803552702361462,0.8721048033556543,0.258370654587209,0.055945381810296395,0.5504525187437594,0.40919396067869995,-34.52117373158789,1,51,2.0
3.097850260781307,0.018115272051200025,70.0989268059824,7.762119807779735,0.04148646000334445,0.3214367865537163,0.07463591898261916,0.0938897955567264,-0.0322367633674659,0.5102474477581395,0.3068247431036798,0.04795786521938631,0.5730495185881083,0.41077494437975043,-39.50449666626681,1,51,2.0
3.0906145829780427,0.024390557893007956,69.59943232816808,7.819410176883417,-0.028952428504970727,0.13967577785684335,0.0568044110584785,0.05749837781336093,0.03698068141352897,0.21292762800088416,0.28410661816549976,0.049572102645488066,0.5617318127211499,0.40981549350260493,-37.06944262164147,1,51,2.0
3.0703126694641862,0.032481509255834484,69.70101149876912,8.450995093175118,-0.08369686452708408,0.09865276881956436,0.06351708894705071,0.06011099643459786,0.06114053689673835,0.1705229534905892,0.21394357314774368,0.06560740177947692,0.5248179201080216,0.407123460171825,-28.908788475742497,0,51,2.0
3.0501324499354645,0.036985597141101535,67.4965887443692,16.984520654298542,-0.058615508160608655,0.3249798783343683,0.056818981965382896,0.22189457189853862,0.0265718525111237,1.2450418092494755,0.1342073624736463,0.09767908177693027,0.4909289539217833,0.4044475630675757,-21.38259659627575,0,51,2.0
3.0388673415371015,0.03473957397013531,62.129349615059645,26.70881927640692,-0.0444256002266033,0.5334113257042512,0.01045273483603024,0.5074603864340649,-0.13850356341686612,2.5637498144454547,0.07410236914371172,0.13822597160746844,0.47209836059645316,0.4029538095006736,-17.159423602784905,0,51,2.0
3.0304375267496297,0.04377126105293683,64.73135246950038,27.41189162143479,-0.024503457013006304,0.668259403652151,0.07395079569416303,0.6072262179332413,0.07667411882978152,2.9690398491765815,0.032889612786593136,0.18745546353330808,0.4634510667594484,0.40183601604252167,-15.333381841613413,0,51,2.0
3.027341722273359,0.04717065113252134,65.92125667310229,27.53885449217728,0.0053452003893314625,0.6748762751712922,0.049730767295056696,0.6111479822276595,0.015383773328115543,3.014960994721245,-0.0002650565891201711,0.22598272809880843,0.45390137049375795,0.40142551217086814,-13.072377497659705,0,51,2.0
3.0175919895078622,0.04111004509881716,71.74523635939056,21.631115862179332,-0.006599675316144438,0.6094961122295026,0.06701509406169255,0.5695030291544796,0.11531313253091831,2.724957368473873,-0.028652442833121804,0.2465145517760301,0.43401651719530854,0.40013269759677694,-8.46814564319287,0,51,2.0
3.0061584407208013,0.03615001424768383,78.65597740809123,3.5097664349869695,-0.002861132772237647,0.4426829024823076,0.060813833119384215,0.2792602104505153,0.16847321332669726,1.6021368599936376,-0.05625757562116947,0.24013071980265216,0.4066125371452159,0.39861660941561355,-2.005919357280339,0,51,2.0
3.0076536664775775,0.024920857132873887,79.38300901300767,2.4480175287941037,-0.00831951522359661,0.2265829976164784,0.0337149574804832,0.11252947496162603,-0.0040333621094332025,0.5960289382418162,-0.07875201949636124,0.20787833065839537,0.39298344647664135,0.39881487636833735,1.4621896617292185,0,51,2.0
3.0105932518547656,0.020725892507005378,79.21982589422488,2.8277921439430487,-0.033197017130898496,0.2119076290672856,0.041311470189077014,0.10344043195814179,0.03102525044232607,0.3720512446376359,-0.11181639134758031,0.16267763012885478,0.37593347413711975,0.3992046651981363,5.829388554231052,0,51,2.0
3.0222914440959108,0.02491077743405201,78.22601751252716,4.524401396881312,-0.0015453348557154338,0.3261842781232413,0.08015668613142242,0.19925919532168793,0.0413438345981287,0.3892924872975561,-0.16618316313491655,0.11445881732371248,0.36286958782010603,0.40075584549334414,9.453700575870283,0,51,2.0
3.0348403103211345,0.024753714929871565,76.09952540491142,6.840136918044173,-0.050561182493088296,0.36412536499615655,0.08595523698364987,0.2747400628284029,0.014805781070654299,0.4048147614072294,-0.23796450999874438,0.06754248268146161,0.3616005969154098,0.40241982494282674,10.143443612206804,0,51,2.0
3.0341967145601907,0.039579118472700195,76.35044343798768,6.626192413466586,-0.09225028621799805,0.4227211050938426,0.11252642163605082,0.30397557180630647,0.037665066729281466,0.43698965180280264,-0.31447951239869104,0.020358326814962274,0.3429340478633432,0.4023344841482077,14.763943590523354,0,51,2.0
3.038697885532005,0.03934332661681624,76.18162207509957,7.012600212607745,-0.07461559874754325,0.44925282271516304,0.11612124678989251,0.29229382269474463,0.004167432988099023,0.4393546418024256,-0.3804714817587494,-0.02982812509116707,0.3248123203940087,0.4029313396144504,19.387675154578645,0,51,2.0
3.0315880635205437,0.040067425023526504,75.16571000043083,7.847740969088533,-0.07450587727932953,0.4827872401806996,0.07717012011391275,0.3811925499244052,0.022924343397950426,0.37141482955076793,-0.41738544326644567,-0.08023665461199118,0.30895821570954574,0.40198857741223665,23.14253860185905,0,51,2.0
3.0253057211053136,0.0376519792416433,76.57499438641118,6.513233718466165,-0.08776385762600922,0.4645437575498082,0.11439032549513321,0.34333275976753425,0.006863894689755112,0.36013409309809497,-0.4353224389133479,-0.12321213841873253,0.28555875092509114,0.4011555388160283,28.815952094818353,0,51,2.0
3.0247048899239184,0.023585471195935886,76.6723762774,6.545066773732969,-0.044647357791808305,0.4537231796994205,0.07465410962993023,0.32958083059874455,0.026344215734770485,0.3707599752328213,-0.43477331420649307,-0.15936589988281138,0.27610209277273273,0.4010758684094956,31.159634742513486,1,51,2.0
3.0273365869241604,0.02570403434913546,75.7117637465982,6.846750427168759,0.013470381333985749,0.49899171868736386,0.08009967719222985,0.34816768690118977,0.03265381829046151,0.3710200100365199,-0.42449962957350895,-0.18830053931796129,0.28401647715810274,0.40142483142894253,29.247905231199578,0,51,2.0
3.0295384771683636,0.028920721575381635,77.14984453425689,5.173292991623122,0.0019008734208696028,0.41953752684267764,0.09941193958123525,0.2235291302757311,0.006627223655289295,0.3775738921838929,-0.4187954583398787,-0.2104839321692815,0.29616276937924835,0.4017168018781285,26.275732557211484,0,51,2.0
3.0324129205124053,0.029990637822348676,77.00685257070205,5.219754807059296,0.010211946625335543,0.3991976608425783,0.07798787684855508,0.19633402613731804,0.023670378488068487,0.3324109039837059,-0.4124644478082283,-0.23206280824567246,0.31313619002726534,0.4020979530740426,22.124400874628623,0,51,2.0
3.0435625899071788,0.031585707656252834,74.24131682339836,8.755809867961561,0.020223976715522653,0.40047922299721167,0.0883936607004965,0.19322864423693356,0.02244314339523222,0.35897116219767766,-0.40955885402812703,-0.2542380590843309,0.333620857723118,0.4035763996289036,17.333903065221634,0,51,2.0
3.0409685197998497,0.030362717690728135,75.02211110732135,8.67651237512123,-0.08199407079932737,0.37782189125788196,0.09571886146623715,0.21967102036393857,0.030673983488597123,0.3508233607732267,-0.40472461365134016,-0.27669650536444906,0.32318809929603953,0.40323242592229214,19.850667129056266,0,51,2.0
3.041913669483334,0.02759745548951663,75.61205874237359,8.596329252237615,-0.0825387007903819,0.3935691502047899,0.0809381228743815,0.22282002752246363,0.012574703889150246,0.3535764657992894,-0.39698092386127415,-0.30371895006957766,0.3034560309319896,0.40335775257980794,24.767522381524554,0,51,2.0
3.0361053628080032,0.03197980718571931,75.90207811430389,8.730208659207122,-0.07674773862841082,0.3732675341218351,0.06623022824379743,0.240484326849234,0.016377006529593,0.35676062363662253,-0.385874883107966,-0.32604601804029204,0.27856685682427207,0.40258757109814214,30.805897443772924,1,51,2.0
3.008240952211268,0.04301115965501057,78.92606932509179,3.719649266032672,-0.07777800776210486,0.38448084181136466,0.044612893542530487,0.25133763013632443,0.037849606471318825,0.30337413812035424,-0.3703406052901904,-0.3408385032770797,0.24646962895182684,0.39889275004052116,38.211554627957156,1,51,2.0
2.9898425749703947,0.045133788860623095,79.51510107750987,2.5310639304405993,0.04550014973125037,0.3716910842643602,0.008290748349299618,0.1938543805578084,0.025314739229632358,0.3456145572225673,-0.3467123029916351,-0.34582836470998995,0.2462520862518691,0.39645312522562476,37.88620379478028,1,51,2.0
2.971394987667308,0.03814938224252638,79.54105751187194,2.5291150264224656,0.05432264649254434,0.33500152987020876,-0.005779608244112893,0.2044763307181631,0.020394442602992058,0.39631441682398766,-0.32433495832655684,-0.34048128268969663,0.2621008452445943,0.3940069755382118,33.47812056206221,1,51,2.0
2.9577115774154663,0.022851617432649785,80.0,0.0,0.061866918213519397,0.32031655865397335,-0.003309530078196058,0.1871224306676655,0.006520693391269329,0.39427709687318174,-0.3066926773336571,-0.32870697634822554,0.2868047433528866,0.39219255534835346,26.871446323569113,0,51,2.0
2.9596052660661587,0.017307431651950932,80.0,0.0,0.08416997546366617,0.2546047472170493,-0.017637766313319113,0.15450994821302844,-0.011284087985461834,0.38317623484430385,-0.29624141276887367,-0.31192386994130183,0.3188288900232725,0.3924436582834742,18.758047609225848,0,51,2.0
2.9646406991809022,0.022675241594015617,79.35031918918385,2.7664723366052995,-0.0013558988039400063,0.3242051849475662,0.009839258138455596,0.2654765458885902,-0.03725392908296164,0.5090248127527083,-0.2977448591313434,-0.29017636960223325,0.3346176321940661,0.39311135671699454,14.879683205143001,0,51,2.0
2.9633860728319954,0.028509576471297544,79.35031918918385,2.7664723366052995,-0.01396310424395636,0.37286193475533574,-0.0034689137018194386,0.35838167859279285,-0.0007053011772679348,0.6644920402187848,-0.30124453500072396,-0.2601011321012446,0.3308138069884018,0.39294499307232833,15.811675216457132,0,51,2.0
2.9612073349017725,0.03285059020118249,79.33649988735424,2.76495236377051,0.00994658053797834,0.3952911487003692,-0.051727708283008315,0.4570488151079148,0.03824012522019592,0.8150354558769207,-0.2943007544450891,-0.22281984408292774,0.3218546888040559,0.3926560924331363,18.031403305205785,0,51,2.0
2.964263381911259,0.03408293004022135,79.08662360322242,3.0269576129064224,0.008560806613269389,0.41754592959761677,-0.04405642669720977,0.47847926980925237,-0.014070453615311314,0.8475843364348553,-0.27404742080460176,-0.1809489629054125,0.31758651722706915,0.3930613246538583,19.201789311948847,0,51,2.0
2.96505412868425,0.03189798904466199,79.73630441403857,1.360786215877384,0.04028333441409118,0.3447108230073914,-0.08250266273378157,0.43373595279983207,-0.007389063654723121,0.7705582143653728,-0.23388777863217108,-0.1347996605487618,0.32437064798103243,0.39316617767469103,17.497824991085732,0,51,2.0
2.973427033891865,0.027633444287596086,79.73630441403857,1.360786215877384,0.07024848142492712,0.2584680760189125,-0.07587000000856671,0.3490157822759004,-0.029005940747903844,0.5937363651379182,-0.17328377633599412,-0.09102675479768163,0.3489833567717908,0.39427642471028157,11.487642958052223,0,51,2.0
2.989483241941415,0.02596089048679171,78.0206187098634,5.160335207602278,0.080727688959051,0.2918406959228188,-0.04374186650795095,0.2536168161991367,-0.10276853724145422,0.4877321000536976,-0.09985104327415077,-0.05855534296213261,0.38359231411871286,0.39640547788817043,3.2323377158456568,0,51,2.0
3.0029036835128187,0.029933829087456194,76.92747349832572,5.818923031730778,0.04029936266734319,0.35799152577930626,-0.08070165981702945,0.4667348691662096,0.020078332948626255,0.9677673018668865,-0.02430572205347421,-0.038619844236265057,0.4166056355859614,0.39818502824310276,-4.626142631262464,0,51,2.0
3.019865064059987,0.03552912317589934,76.5577151261124,6.198688824631914,0.03034412185204964,0.8650959305541966,-0.0596333797290629,0.6917845172147545,0.013322904103380792,1.3563806012081419,0.03679693905329939,-0.03543178935319381,0.44882323781802186,0.4004341073124468,-12.084168062092292,0,51,2.0
3.031280765346452,0.03960028334501053,75.4002662266002,7.795309570771839,0.017365395986274176,0.9606228574209751,-0.03596977243090377,0.811895725418631,-0.010175903912122343,1.576809386886546,0.06999520979970586,-0.04531323052970861,0.4666076730111208,0.4019478294877165,-16.08662587028109,0,51,2.0
3.036749800046285,0.046872131428894556,74.20675412346336,11.246603235397151,-0.0086335081095789,0.9554027444530728,-0.0337851326547417,0.8814810546282571,-0.0034175089870889983,1.9452674913824257,0.08268801115228819,-0.058824974515784056,0.47008683572003507,0.40267302368549024,-16.741576432792947,0,51,2.0
3.038526869287678,0.05035158873834072,65.51383579478545,24.940576696387833,0.007428174655811459,1.0913737073061058,0.03461982455908084,0.8865108305399029,-0.12727928190839058,2.643248685760734,0.07326188005944867,-0.08030169428135543,0.4713612386150478,0.40290866306377043,-16.98960132322671,0,51,2.0
3.0259472423908758,0.061137542174163784,58.447516544192446,29.81145327181747,-0.027494204102777968,0.855573542124614,-0.03577532867590586,0.8366603576534037,0.06956720907314151,3.0418162924246492,0.050589990518182505,-0.09961744846721256,0.459500821937211,0.40124060433743447,-14.52002039922684,0,51,2.0
3.0150945420358695,0.06545197079341072,55.02466268165439,32.619573778198074,-0.032156536392137114,0.8604182650710785,-0.026942058082889107,0.7674283537005152,0.0918290968619141,3.1382004439525724,0.02434462803065151,-0.1159307836247656,0.43512196937537667,0.3998015362814772,-8.834491588604699,0,51,2.0
2.9972119553416383,0.08131319569576889,54.30187931247786,32.90506927109639,-0.03307244524944062,1.0834273970968857,-0.03187121173330382,0.7773475254565672,0.10549045134993161,3.1553420236319774,-0.01247566248745675,-0.13059984173271053,0.4097043346649463,0.3974303050941512,-3.088347670892233,0,51,2.0
2.985226288730023,0.07878251814071197,62.911791810802384,26.64071063981223,-0.06859681375470816,0.9881735549379098,-0.06284514175472307,0.8150798693613304,0.17833390474027278,2.5417262530517912,-0.04793199990622757,-0.13091474222546226,0.3692782298072431,0.39584100569402847,6.710465945844291,0,51,2.0
2.987859699071622,0.09173018432924329,60.93321214937696,28.243425775897347,-0.07792652084254752,1.0412421392571467,0.03921956243906535,0.8829111566897323,-0.2843427074452241,2.456999222958525,-0.07138164079159645,-0.13689174325707265,0.3516849247147511,0.39619019625502017,11.23330964798075,0,51,2.0
2.9832165311364567,0.09428848400390959,64.96562789468204,23.855734957333674,-0.11380534860141137,1.1128401568013615,0.0013867474581096687,0.9027789199113319,-0.1835641794491048,2.413293310523981,-0.08501113158122482,-0.14650693502902754,0.3444715897964254,0.39557451218836703,12.918659018053003,0,51,2.0
2.982758409836713,0.08967181115913612,67.51201378130445,22.48734659846957,-0.06728432064547259,1.0980439861705071,0.028129012890013995,0.8872130515182496,-0.1941074297270354,2.203789994211461,-0.09275448115108377,-0.1533706719348071,0.34231184648393825,0.3955137651365236,13.451344388537546,0,51,2.0
2.984423200289408,0.09022573133877312,70.22944163341148,21.880241210456102,-0.053398062237629704,1.0964775269314124,0.014772300115403007,0.869361114524561,-0.11362096711116679,2.1482937402474134,-0.10139719226753496,-0.16669493289692552,0.35345625023503435,0.39573451636132717,10.68349218436394,0,51,2.0
2.985140432329739,0.07405458822206425,77.19660068960751,4.148529106284398,0.01013942541298913,1.1568980339894055,0.020391474678820253,0.9099945340884308,-0.03834668342389312,1.459551255068079,-0.11968796128196513,-0.17394374585358693,0.35297015715972807,0.39582962117226306,10.82775561000342,0,51,2.0
2.9810315884795844,0.0723321514633486,76.90867095835068,3.865137529194903,0.045768928841925134,1.0538191659170892,0.02223923780462321,0.9516924126816131,-0.008103840053081512,1.4700222052235912,-0.14053957313723797,-0.1833729008894195,0.35524613592953636,0.3952847884976416,10.12906484974544,0,51,2.0
2.9808352449361015,0.0684448197226536,76.91049062504487,3.5546964233162366,0.004641425923681727,0.9590530710091019,0.02476709810834305,0.9528593341451942,0.029365378705894247,1.4215782056331814,-0.16120233161086303,-0.197847018889409,0.3534496262938572,0.3952587536843772,10.577660077303563,0,51,2.0
2.974384596534804,0.06755523478303724,77.16699511397118,3.488044132040611,0.004673680181012434,0.9770819145732625,0.008753925781039631,0.8933723145463327,0.02440681790604311,1.384156791380534,-0.18038411318414907,-0.21392224609966753,0.34372673281949584,0.39440339770500404,12.848942270880759,0,51,2.0
2.9688603597528793,0.06615815903125603,77.7586973695194,3.2957674309458285,0.061398275561776815,0.7893696600587006,0.0026214230148231283,0.7819422600271919,0.03430662165377654,1.3243199034580726,-0.1940422521242367,-0.23295783059080982,0.338928323207851,0.3936708836950863,13.905666574426057,0,51,2.0
2.9700826499976363,0.06386202988721924,78.67841058618882,2.1889495413117825,0.022786839992976655,0.8096758886124499,0.023334511573992522,0.7868474937545918,0.036739243011848596,1.2744167456698319,-0.2078247060500461,-0.25302029260625836,0.3345016054314588,0.3938329593636133,15.065106289739393,0,51,2.0
2.975558436384388,0.06087967957100734,78.4426827804715,3.4149938102162154,0.031941019948206695,0.7153409525796289,0.024758634833144208,0.9018848383638152,-0.0028155697327034144,1.4698448895618228,-0.2167173377465629,-0.2710761990503364,0.3327618697479241,0.3945590484737162,15.662339760003952,0,51,2.0
2.9746539849860993,0.057590449937407535,78.59963343190212,3.3303809337775077,0.04039826981869398,0.6395275905780055,0.01689027848781324,0.8992739774192208,0.011295597342883839,1.4146766644883169,-0.22083154121173362,-0.2880726124812776,0.3308588701693393,0.3944391182199154,16.11915378411519,0,51,2.0
2.974345764693092,0.05246416167847282,78.5877584663092,3.3328189257626084,-0.01402137698788269,0.5527474173860987,0.0023416895784583746,0.8310663205067527,0.05461570905411944,1.3342634586546784,-0.219964812074697,-0.3012258093658718,0.3300016404997502,0.3943982486084379,16.327812898738614,0,51,2.0
2.9732503072888243,0.04895040664712278,78.7284846866832,3.074916105931838,0.012412816359131945,0.47470678764848906,0.025114133278382758,0.7561882862514543,-0.0035157281101918687,1.1606617939409516,-0.21625481824665121,-0.31191933683532447,0.3303611528013308,0.3942529909667516,16.20579669129484,0,51,2.0
2.9694499957795237,0.03661567341779052,79.33897411122041,1.7601964251994429,0.0015138491038598266,0.3752232819550284,0.005614929978607916,0.521584616437123,0.035173182540080124,0.6935938071120092,-0.21279366978256972,-0.32131151075921593,0.3349976985375833,0.3937490694509187,14.921018351932592,0,51,2.0
2.9714934592153512,0.036124899413841706,79.4663060132195,1.5620692992542582,0.0019474121942824009,0.3514140476079199,0.028817953414046298,0.4883233822817212,0.0024616876799686284,0.6643311244782466,-0.20800082255005053,-0.331074776339959,0.34175892445916534,0.394020032705948,13.263566293286521,0,51,2.0
2.972377858909906,0.03711300480494159,79.56579163495232,1.5311701800664526,0.00975970032752729,0.3737043345798706,0.03177390348020138,0.4990960238804591,-0.0068884123043686735,0.6715365480850835,-0.20574712855375246,-0.34124956743699075,0.3483584369060477,0.3941373039148932,11.614954117291742,0,51,2.0
2.972978297401877,0.032331588840392625,79.59131057589661,1.4725909583127033,-0.0032918794610190625,0.32022068063880926,0.012134438051896937,0.44178295927063704,0.013667998945011813,0.590096545235125,-0.20628453342514352,-0.3486929281944857,0.3508651534719085,0.3942169220500456,10.996932438286766,0,51,2.0
2.97250188331978,0.0347348393196967,79.78820456710517,0.7448174872607999,0.004876318086376961,0.32587392207254806,0.010264495205061109,0.46897863722585487,0.011287074536085129,0.6225472675475522,-0.20692938661447174,-0.35415581500800586,0.3512215874388605,0.39415374973111106,10.89223743819222,0,51,2.0
2.970267537762137,0.03177126301076317,79.65364415037865,1.17137243737413,-0.006742530548032008,0.27122564178171427,0.006534291951752761,0.42752310371888097,0.02618047288235496,0.5573204379811136,-0.21068701835447134,-0.3572429735102998,0.3502086556348454,0.39385747569953156,11.082389635276401,0,51,2.0
2.969929041815739,0.0253304711020233,79.65812537249397,1.1722514029594333,-0.02096976558038709,0.19850364310314172,0.005564532019015329,0.3436771183873146,0.020681159242111093,0.44160869689350424,-0.21684080347968768,-0.3559848527500734,0.3460146326506194,0.3938125911341061,12.137234704923372,0,51,2.0
2.9667753612293915,0.025562951552003457,79.54099561653885,1.6037004658303775,-0.016057092659905844,0.21244643077210715,0.008065339702857183,0.3353128764334331,0.016309501712813097,0.4379304269516054,-0.22879688517161456,-0.35184210621664364,0.33990861552183765,0.39339441290014165,13.59597280093572,0,51,2.0
2.965035214143641,0.03806901050051305,78.69461866453582,3.2799392662719664,-0.014554486372599415,0.4105575190939694,0.020612378737103997,0.4285420370693214,0.000912146168012245,0.5955444189785447,-0.2436491227470911,-0.345008730232806,0.3326824428652057,0.3931636693879948,15.3832185504157,0,51,2.0
2.961702496397729,0.04593104921177034,78.33997844247257,3.662910074093665,0.0070467857169170004,0.5160569999508833,-0.017329287692429682,0.4583055481851418,0.025002717971801758,0.6890101270938834,-0.2620603221767189,-0.3342970264236802,0.33073352060046163,0.3927217508106642,15.784262033423202,0,51,2.0
2.9606102202452864,0.06054587110894759,77.04796062731275,4.581632459826516,-0.002410983265030618,0.6926010059197943,0.02453651498345768,0.5998264039002813,-0.01515583248407233,0.953223578224395,-0.2825340105748305,-0.3240330664482967,0.33009813014873535,0.3925769150068953,15.91504300681118,0,51,2.0
2.95691665948606,0.0634633481181618,76.81585976656746,4.711039721026729,0.022129358687237196,0.7331782598402076,-0.015898228202964746,0.6375913643818278,0.017767034909304452,1.0055767004594482,-0.3017104208198488,-0.31124329162903713,0.329643811395352,0.392087149236524,15.925882284783444,0,51,2.0
2.9520830874349557,0.05554803548362426,77.61014614853204,4.196156759729184,0.015669189831789804,0.6505634349754946,-0.03758733474886885,0.5717532910745289,0.04429881464616925,0.9005801388816393,-0.3265024335847586,-0.29903329674833984,0.3259805203443499,0.3914462175871955,16.7240592197734,0,51,2.0
2.9512816457187427,0.05059438780796437,78.13157922146367,3.881131831313817,-0.0012370826420830745,0.5952343625766052,-0.0006332231283772225,0.5561360713354575,0.002453593208509333,0.8633392400328983,-0.3495755174116544,-0.28969172847720287,0.32068953295223107,0.39133994623374224,18.053463225886123,0,51,2.0
2.9450760752547023,0.03118078693595123,79.42359703662349,2.16532432883284,0.017271488539728465,0.3752482906633639,-0.04129534954314723,0.39708283650362813,0.040581625384077724,0.5603432385497317,-0.37236187079290883,-0.27984041120888853,0.3151266110509266,0.39051708756895337,19.30529518883476,0,51,2.0
2.9444986266248367,0.024569247572227722,79.81802040922875,1.0085747065341957,-0.007795605954586291,0.27704162882893457,-0.004163167220266426,0.33107932006496193,0.01619640919471196,0.4447035038035608,-0.3909624079918887,-0.2743019324507473,0.30994709700308865,0.3904405176869382,20.616052135344866,0,51,2.0
2.9440214844310986,0.020648413583019238,79.61118644826553,2.4389285611672262,-0.022419050628063725,0.25003790417679855,0.010055248296874411,0.28238148419793857,0.002123521170670203,0.38905125133489454,-0.4037088203500869,-0.2715482777916387,0.30407083373753985,0.3903772486424499,22.108464364929958,0,51,2.0
2.941884871791391,0.0185364912094716,79.51354003420063,2.60921026052941,-0.02480360514977399,0.2391788170341183,0.020419106563078424,0.21080666677887785,0.015790083687569872,0.3237479547290358,-0.41446805373897155,-0.2736963032811095,0.2950755371658911,0.39009393418600463,24.357824793760287,0,51,2.0
2.94308409503862,0.02157536259544729,79.24531992743997,3.184983952748267,-0.03230405613487842,0.26827865620816355,0.0260294653913554,0.22031868514342035,0.0032870383230129293,0.40279723888660957,-0.42197589765126586,-0.28091385057891555,0.28652258211235787,0.39025295119368775,26.580290748358003,0,51,2.0
2.9435293475786843,0.023759405662976095,79.08798782498229,3.3383111744494607,-0.016052557630281822,0.3174563527789736,0.02242473198794851,0.24964819107081426,0.02452856157541129,0.4837102156807129,-0.42387822151386784,-0.2916788785002409,0.2785548129956488,0.3903119914912627,28.632781193481627,0,51,2.0
2.9443867931178973,0.024143721372750386,79.43073711208268,2.3792218696614413,-0.005207634220520656,0.31665891727410417,0.023546078333667682,0.2602335143264293,-0.002736226454669354,0.49141265660028705,-0.42754770785051566,-0.3038634599938454,0.2761674065577172,0.3904256887723048,29.265052351927267,0,51,2.0
2.947355209612379,0.023079321773520685,79.44486691905003,2.3408641147122027,-0.006762872504837373,0.2914204813867232,0.018641761266717724,0.2449543361355206,-0.0004325964141125772,0.4715930461000119,-0.429593379880504,-0.31516841977336385,0.27962084935950027,0.39081930060860415,28.45265089926211,0,51,2.0
2.952000183217666,0.021177296265068556,79.7130870258107,1.42704420994883,-0.03822120636993764,0.27096769082365774,0.02525372671730378,0.23872637257502258,-0.01301787391889329,0.5036311595854616,-0.4318348910703777,-0.3243808313697359,0.27537428175716006,0.391435224109138,29.6501017802165,0,51,2.0
2.958583577006471,0.021268004444434118,79.87041912826837,0.9162751311349779,-0.07546012311735574,0.29915508036612937,0.020333524866431366,0.24649117222580344,-0.023667589779578002,0.5231707433248092,-0.4470501735646691,-0.32749246384881353,0.2655650154139187,0.39230818250480104,32.30704143911943,1,51,2.0
2.969244201978048,0.027874672087453253,79.87041912826837,0.9162751311349779,-0.037277257508214784,0.330091523142194,0.0018178802348819433,0.24010596814994306,0.01975149580953168,0.5101161015202946,-0.46232910630950597,-0.32365950026668794,0.24791260341880703,0.3937217813688913,37.033556396888976,1,51,2.0
2.967390994230906,0.02610627126929454,80.0,0.0,-0.06721897003259145,0.3369833321653418,-0.017154693530470718,0.22940875784970594,0.02674017371792419,0.4470748473349805,-0.4783773005599316,-0.3137106733611949,0.22088760715507763,0.393476045832146,43.86250205195296,1,51,2.0
2.9730072874648896,0.028138424162142715,80.0,0.0,-0.04426496976292601,0.37393752653966916,-0.041298316828176085,0.2445099365648263,0.040688457661399655,0.3696794879498549,-0.49917909631467466,-0.2952096198181354,0.19135254186424674,0.39422076632182484,51.46056265639878,1,51,2.0
2.978239923131232,0.029250924541079134,80.0,0.0,-0.050805345323740266,0.3762708397282835,-0.02922341906849076,0.21158967904618642,-0.020407708142610156,0.2797714556691196,-0.5105407307203534,-0.2808007155239063,0.16490378997507427,0.39491461362090713,58.24317857901015,1,51,2.0
2.9852248699057338,0.049608979949682684,79.48411250581928,2.247064595931171,-0.03313335191969778,0.492999016121256,-0.03260247051423671,0.2098494196954755,-0.007519940352615188,0.30966679704313455,-0.5190380003962806,-0.27498768779779637,0.13844695990980693,0.39584081757528,65.02458721718929,2,51,2.0
3.004435081107944,0.049784632261946585,78.76929743149701,3.6086923823183246,0.003557362027612387,0.5251966067947559,-0.029763909750709347,0.2285074371368461,0.0023288738859050416,0.3143274342753217,-0.5263094060005271,-0.273678099899509,0.12319387331541688,0.39838809178236556,69.07691874918889,2,51,2.0
3.0084187435168848,0.05005076935781939,78.23823996151195,4.079951658157341,-0.013654018953150394,0.5473643915530862,-0.014209362294744043,0.2790339396725666,-0.01410865940737958,0.3868460223002394,-0.525183859285994,-0.2800369522747326,0.12243785603425326,0.3989163256032227,69.30738398607566,2,51,2.0
3.018057355109383,0.0590303924500103,77.78928417318008,4.582052570237452,0.03864678952331636,0.5841806757121063,0.0011988794248478085,0.293396654022286,0.0072249028028226366,0.4121673519131605,-0.5243163091983675,-0.2841526478908928,0.12111237000543429,0.40019440548125984,69.73661591800895,2,51,2.0
3.0160342916554095,0.06212320321958521,78.60083912868126,3.7617812592885853,0.032412627529279855,0.563985773249363,0.027798934090955584,0.2926781404006308,-0.0002909881227156695,0.4378879107872159,-0.5211069436679795,-0.2870486588129833,0.13576643776467184,0.3999261470478706,66.05212268143579,2,51,2.0
3.0146826645907234,0.07134823656132061,78.76244872224098,3.632666367880829,-0.020101359734932583,0.5900583535091647,0.03723158541263318,0.3059762812998988,-0.019061454809179493,0.4218126839737401,-0.5117251463639167,-0.29609106707459626,0.1527922095067694,0.3997469212790368,61.77776453714942,2,51,2.0
3.0149699379416073,0.06967587812927988,79.11154335620357,3.2271601466425137,0.043206812192996345,0.6977171376166807,0.016497349841337577,0.34467880442241083,0.023933437817236957,0.37574997023189005,-0.4964334661507839,-0.31022422521455006,0.16564059231623418,0.39978501353703805,58.56758339919903,1,51,2.0
2.9949444070750593,0.06328290892932063,79.51744512483185,2.212847961054043,-0.05454778824658955,0.6413263337287513,0.014008670095719543,0.3465308243978979,-0.0031169160616164116,0.33143494966995657,-0.4755552041877381,-0.32681019470093464,0.1782732535526103,0.39712962815851516,55.109555945432476,1,51,2.0
2.9866530386840595,0.0586569843535831,79.17763011595783,3.071283976331764,-0.004133114408628613,1.0639565719560218,0.0005109402917179407,0.6681982337634114,0.03185570860902468,0.3382722192310612,-0.45028551540459594,-0.340498297439581,0.17589637238445543,0.3960301931211311,55.585110569926876,1,51,2.0
2.969495565283532,0.04297182860828795,79.4351681353999,2.5312892070678723,0.045736055894225254,1.041193927431646,0.009913053509651446,0.6602461062257533,-0.0017540446829562093,0.38062544700445133,-0.4186237202089276,-0.34909062392797674,0.18372560917067843,0.3937551121595764,53.3401336269584,1,51,2.0
2.9608029980285493,0.03753529557585525,79.61713097142238,2.2116141692622553,0.08224972085479428,0.9411797977236012,0.026900792019624337,0.6069093533930167,-0.006025877689906195,0.370635641431528,-0.3811482432582397,-0.3547667936488453,0.20968413206104544,0.3926024775484251,46.591235651287455,1,51,2.0
2.961094379425049,0.02577420276992799,79.97133797290279,0.2026711372299389,0.0225063338510546,0.41246816850686435,0.11185379421301916,0.26801952889722075,-0.043765771951453356,0.5194030014580864,-0.3383078326302266,-0.36076607167806557,0.25267178705541554,0.3926411147086584,35.64815868992751,1,51,2.0
2.9700483492776457,0.023164733532616586,79.7082711201088,2.062834692390162,0.10021451827796067,0.2581594129822127,0.034519834626539084,0.24734475226256816,-0.019471595209895397,0.5773645598153546,-0.29019411160284797,-0.36634926150023833,0.3057464099735619,0.3938284109242444,22.36557813184933,0,51,2.0
2.9830049428285337,0.0222215323163133,79.7082711201088,2.0628346923901617,0.07057509984017588,0.23528611764365268,0.022119707336612775,0.284057485033278,0.0018824343660882876,0.6040907541538254,-0.24245416853391158,-0.3649355770475783,0.3460889868238673,0.39554645522739246,12.503580236888478,0,51,2.0
2.9948054259898615,0.021207924047638993,79.7082711201088,2.062834692390162,0.024407171662531646,0.20615330995538303,0.04245884497376049,0.28999536041022284,-0.016276836614398396,0.6139124854328033,-0.2017530091342487,-0.36132482305361546,0.37308557055453295,0.39711119968032954,6.050101116547957,0,51,2.0
3.0057208865296605,0.020158311770755548,78.82492683448044,5.628087422270508,0.005448271027382682,0.16620692697049674,0.037917487177194335,0.31865030530678107,0.017622989693693088,0.5865472839300963,-0.163938510382349,-0.35312297772565143,0.39060053867984196,0.3985585897475614,1.9967079552243305,0,51,2.0
3.0146513090414158,0.020130061338439167,77.70456294452443,7.408849497883542,0.00992767257141132,0.2370344130204239,0.011664243597610324,0.5434754997795872,0.006940500774219924,0.549303954828276,-0.12804247938651941,-0.3437484075880481,0.39484840432070417,0.3997427635707055,1.2243771985469887,0,51,2.0
3.0200584893133127,0.018828629662624843,77.43250011930279,7.409898202531521,0.013327596088250479,0.3383531548111821,0.05207798052944389,0.5909278697058894,-0.04709873333865521,0.6231820160624622,-0.09707436394424147,-0.33520617733218594,0.39475297187829683,0.4004597556766658,1.4250580033257298,0,51,2.0
3.0244513691640367,0.01779204075480657,76.41412871491676,7.9625447209202935,-0.0026240337128732717,0.34863104504317677,0.02286285264234917,0.6104423216665846,-0.03561101247574769,0.6247561617504263,-0.05894120971100197,-0.33150917453788065,0.4021904067266926,0.4010422513490059,-0.2862928715926083,0,51,2.0
3.0304403229087007,0.021214956613680863,75.28617401684032,7.428062290697864,0.024569418116965714,0.3893736384010634,0.0049863462062443,0.6012454085852683,-0.010083012721117805,0.6115489632524909,-0.025926968051882736,-0.3326056720177085,0.4031912292188209,0.40183638661619886,-0.3371627477618322,0,51,2.0
3.0397236429008783,0.022410503862321306,71.80737546845978,10.42767353878176,0.022934236855921792,0.3711057821760332,0.02937793658644545,0.40288629759255223,-0.03451377043829245,0.5816133760004965,0.009252836857861463,-0.33661556797054715,0.42589816811523457,0.4030673552525675,-5.66426741465107,0,51,2.0
3.049986178968467,0.01970250611702609,67.06553806978114,12.051552104299434,0.012751661003658585,0.28020956115810236,0.024195885906616848,0.2799874413564013,-0.01145951391435137,0.43984138978967463,0.04121498153054388,-0.3472320060860145,0.4468691090073395,0.4044281675408185,-10.494061708062773,0,51,2.0
3.0597769016144323,0.016952000440895867,63.556514309901814,11.074391951844103,0.024327785269740748,0.26650187771762185,0.04247288953732042,0.2781889918142053,0.004553975720031589,0.42739626898172106,0.06343595935949252,-0.3505657336228687,0.46161292103187795,0.4057264171657802,-13.774430626552592,0,51,2.0
3.060594409119849,0.017354369323590395,60.92918937346514,11.29566110600443,-0.033683268024640924,0.2649814087549667,0.06653286334054143,0.3486574741241975,-0.004916169845006045,0.30795336133518214,0.08435271892394154,-0.3513176320539566,0.4722120495795801,0.40583481865874327,-16.355725992217486,0,51,2.0
3.057348170701195,0.02397449820136681,56.33751866396736,13.810518707158892,-0.10492707876598134,0.9393809068046952,0.004630682588207955,0.5623641713940741,0.006419871367660223,0.5309277846303984,0.09645446893374189,-0.33663906922720505,0.429306379538914,0.4054043672284698,-5.895844801537131,0,51,2.0
3.0594301702929476,0.02417654327223998,54.58082613290525,15.984633251216719,-0.09345152360551498,0.9712028230773919,0.0343555632759543,0.6275863128914889,-0.004008931126080307,0.5739191983746627,0.09162181241714265,-0.2933151911170181,0.379444356196386,0.4056804403695312,6.467179967870019,0,51,2.0
3.0642242560199664,0.030223901096107626,52.79520855697931,17.182190540782738,-0.045962106071266474,1.0137210414467746,0.023406485570412056,0.6269238719194017,-0.02201141409722029,0.5877545829999425,0.07497615676587772,-0.22970529633869527,0.3437842053241824,0.4063161363434379,15.389969884533572,0,51,2.0
3.0751800694886375,0.06182355886405691,46.71365866941564,18.508729024429083,-0.04480003507113924,1.0482091998396836,0.0022484105007321226,0.5786476182760468,-0.057302273590775096,0.6001412651349811,0.06609796215696427,-0.15793962106682483,0.33910801558586745,0.4077688773982432,16.838181042767232,0,51,2.0
3.0870579276599135,0.060469432897443366,49.94520361750734,18.489466826987936,0.06326316034092623,0.5883744898619877,0.07644745342287362,0.43591765220998363,-0.021515488241086986,0.6628607159095211,0.11199461871132269,-0.0992307936275034,0.3659461540653184,0.40934388140557515,10.601777456949113,0,51,2.0
3.087517439734702,0.05996104848895802,47.430109608407115,17.280383031937752,0.007839670514359194,0.5658152701734812,0.11683147283745747,0.3976928069534569,-0.03459841646619287,0.6328295585931464,0.19819714486148413,-0.04442029949903417,0.3955876266910278,0.409404812505231,3.3749446494419577,0,51,2.0
3.087921627596313,0.07024194191087561,48.26607059497459,16.667611427981264,0.014372602543410133,0.5676209903828072,0.1081140814166443,0.43596982393974626,-0.01846249092954631,0.63312604378704,0.3017434752083158,0.0007133997551057447,0.4250566143954943,0.4094584078157468,-3.8094727772122194,0,51,2.0
3.0857086339417625,0.09614143760604935,50.13276088471506,15.127073241241435,0.04670241599281629,0.6832301800134196,0.13936885563181897,0.5081014291524035,-0.01874880008764711,0.5997165109794541,0.38787946551694896,0.031558739739356044,0.4372427405433538,0.4091649646207464,-6.86221410687804,0,51,2.0
3.072298894325892,0.10184555446239701,49.51669858951195,17.170256048387134,0.0071762736667605005,1.0288913222109366,0.17568693207759484,0.7370049987915498,-0.04357208085118556,0.6627260776069964,0.39152570843803036,0.03826468671435082,0.4619301857586351,0.40738683314497764,-13.38858995333485,0,51,2.0
3.0675333329275545,0.10308749983965496,52.85434731315164,17.694395101087284,0.05490614820783045,1.0395698016546409,0.11641733098190789,0.7431127702492497,0.02180949678900195,0.6848859990208516,0.36071657401313334,0.010798737010383284,0.4943816820850218,0.4067549201042712,-21.542889255841715,0,51,2.0
3.056687341601241,0.09763949511495024,52.354094070546765,17.358816637144237,-0.03500139278670152,1.6389338035086987,0.1264997430182263,0.9046970279816052,-0.004473701995961806,0.8443929841465522,0.3293987929410852,-0.024096661711474197,0.4980797842289335,0.40531674164916837,-22.886555882771418,0,51,2.0
3.049005299806595,0.04644037876200163,52.04543440949683,16.63299288355546,0.026387811620153634,1.5713336316370956,0.15219734925046272,0.8623623591876795,0.0379748877831826,0.8730707409219335,0.2892485298402523,-0.052147465999801856,0.5048287496994357,0.4042981027488409,-24.865475812793193,0,51,2.0
3.04934003423242,0.03676549042090504,55.20816019469616,14.908457721786622,0.005573406596394146,1.357736090615999,0.10948408097393957,0.6784457086381407,0.02697727743390144,0.6744752870254285,0.25862577296097394,-0.057205791325242596,0.519721726707947,0.40434248854264454,-28.535026972099644,0,51,2.0
3.055722364607979,0.03711252738953891,58.2619744609384,13.984870907804641,-0.014067587002143995,1.3586035296094896,0.1198055294579735,0.6787829970318037,0.02396867566687219,0.6523938278342036,0.2171388782333817,-0.04844168448338409,0.5177470336491903,0.4051887853423362,-27.7792111673959,0,51,2.0
3.0675507041753507,0.03290305735789713,60.81666591120701,14.112703640606899,0.016438711783848703,0.43884150037223674,0.16034608115168178,0.41317827121529543,0.08770675281537514,0.40513069528613826,0.15897043312974332,-0.04617900693741696,0.5305594293049074,0.40675722316188895,-30.436387873005355,1,51,2.0
3.080829670616225,0.035479476528889824,67.7677843430463,9.75321633313531,-0.047805571761986645,0.3709379576536584,0.13462499697126595,0.3163928150913555,0.07602088907550947,0.2978397637159581,0.10505851154220314,-0.04524286000948548,0.5302337000426817,0.40851801451926173,-29.794447539027935,0,51,2.0
3.0952039144787133,0.025949074422328536,68.34346909616508,9.580305088814063,-0.02742883984647764,0.2940635948333134,0.13481139800712175,0.2877568571562241,0.05234537253558051,0.3618809680194994,0.058832327670716555,-0.05348644627076592,0.5233978720338105,0.41042403924575793,-27.52612468696185,0,51,2.0
3.0894891981985055,0.03321851127495522,66.84352276371975,10.601175755578787,-0.0644231922559294,0.305455662107773,0.09276486955144826,0.22747966878095122,0.033210179677196576,0.38353898198248915,0.026828691067237308,-0.0700616550086762,0.5002294498339289,0.4096662676747874,-22.10657535294922,0,51,2.0
3.0750229808629728,0.038225521528823955,69.54739954892327,10.245741650045069,-0.04284149176422872,0.2916906318762678,0.0849834425173992,0.20355495912760055,0.010163660266199241,0.4198976342282442,0.002573897768014075,-0.0906121692590881,0.47708910325105425,0.4077480472564406,-17.005858510219607,0,51,2.0
3.0580974659499,0.03414553393011752,67.74208136165844,12.479095147196158,-0.014009157798307784,0.31732328737503535,0.05298422590153767,0.17839043767510865,-0.01389426035423051,0.42172510212877634,-0.015189807121221106,-0.11323774853325906,0.4586647691445466,0.40550372377966476,-13.109878466558179,0,51,2.0
3.0420403609088824,0.016242025601538077,69.71868770262775,12.445756008870594,-0.028225660104961955,0.29914631422943483,0.01348648387390901,0.13355321095791328,0.01061765902091329,0.3961831345535453,-0.02798342172391207,-0.1319565333168111,0.44326589315094006,0.40337455166014813,-9.889404605871444,0,51,2.0
3.0416985458018733,0.014417446928040055,71.58358365414189,11.48569886297278,0.017277697429937476,0.25834948979182576,0.035387822326418815,0.1204109670389562,0.020213402821408474,0.37180701026331275,-0.03033777421790015,-0.14860172634721178,0.4470731251841411,0.40332922737021915,-10.845704909396293,0,51,2.0
3.039731657972523,0.015053295108134652,72.29721755607456,11.5205554188943,0.006895133732434581,0.2571403169454393,0.030990791634893884,0.12427135354911738,0.021723459237346462,0.3233210794651865,-0.02787720825666719,-0.1569788154218227,0.4498522513460294,0.4030684180440695,-11.60692111006445,0,51,2.0
3.033394318000943,0.017184199659322406,75.54996232425465,7.491840609967941,-0.01893058264007171,0.26738074142886203,0.04588305176345303,0.16841542622251868,0.004631786223720102,0.47375369604285367,-0.02626988365415233,-0.15949025422179552,0.4512224299471184,0.4022280865625398,-12.180736507807444,0,51,2.0
3.0280765423587725,0.021745909415076887,76.21128676919376,6.843987868276512,-0.005768152209473592,0.31911186863339364,0.038494344001782,0.247164042670194,0.007189404328956324,0.6398828315109922,-0.028359337119241348,-0.15734657214534103,0.4482303927285845,0.4015229495086344,-11.632571258282653,0,51,2.0
3.0210225395127837,0.024234032173031717,77.97334061416925,4.304455911218763,-0.0216813378182112,0.4578197321438209,0.02526974075875592,0.30054477587097284,0.018973904460960745,0.7406509197400571,-0.040286944220132764,-0.15151335424238332,0.4415145443221718,0.40058758852890824,-10.21673086366981,0,51,2.0
3.0163897416170906,0.023937331158119877,77.67216264500337,4.673647272862951,-0.017433474753417222,0.45427706412612917,0.02855000119455451,0.3026080917176706,-0.014939127754712221,0.7509193767762345,-0.052607149863111734,-0.14579017610377004,0.4330656609024053,0.3999732795273761,-8.273648033221725,0,51,2.0
3.0141003482482014,0.03455417027695185,78.54669983246747,3.8079335969569934,-0.009783058664670177,0.615006323068647,0.018021244555711746,0.41438208792915304,0.0047740111145756995,1.0427626064375783,-0.056989983329720384,-0.14124300893020467,0.422719701360282,0.3996697061783557,-5.767261022190162,0,51,2.0
3.0129748232224407,0.042686285548230216,78.49706861084583,4.568714074918829,-0.03587859843437578,0.6771085771858524,-0.009411831039424036,0.5157462276614271,0.07988660723226619,1.4813509294495664,-0.05975262344551458,-0.13468452161422417,0.41718660511102923,0.39952046177365436,-4.421836933944956,0,51,2.0
3.0139583758279387,0.049487772111552815,78.21658944148643,4.744198454306265,0.0023839621640303556,0.6347425915200735,0.035919203989061656,0.6184559071162439,-0.0006908420929867847,1.8205150626647737,-0.05739869234967321,-0.12980024540081433,0.4123031971066177,0.3996508808684436,-3.165842199742075,0,51,2.0
3.0132545115900973,0.0553712213217314,77.50634403789745,5.359974554281274,0.020001254537526297,0.8618819890651652,0.03805877418056423,0.6974772205259179,-0.019710856325486126,2.0364743336415545,-0.056661877695972494,-0.12502190372511549,0.4115200698985694,0.3995575482631746,-2.9939420960495733,0,51,2.0
3.011245710008285,0.0580889027353698,77.31122300204109,5.432045547598152,0.003116682902270672,0.8534858317591573,0.015517591955322846,0.7160230090245668,0.002939876972460279,2.095545718256085,-0.06521038220557603,-0.11177667057259388,0.4088268734825664,0.3992911811458506,-2.3881550074186686,0,51,2.0
3.0006430488006743,0.0707395710110413,77.8342846141142,4.546783846025628,0.1280619325298889,0.9415888345035703,-0.008796262500040671,0.7384815870653912,0.013641552597868676,2.0190365345099917,-0.0673199129178463,-0.10051341515326631,0.40209193871922644,0.39788526806735175,-1.057257201883277,0,51,2.0
3.0015578936128056,0.06501324590854989,77.20792556276508,5.400405740063253,0.10230745886470757,1.0554633205885622,-0.038208117270294356,0.7671213864632468,0.024350537973291734,1.798449271350782,-0.07437036067389928,-0.08625070618856506,0.3988069522625014,0.3980065764774502,-0.20109612060557058,0,51,2.0
2.999160479096805,0.06677751405581442,76.14246224422081,6.825062208672716,0.12291366108419265,0.9405992950630941,-0.03267640271680612,0.7985173368416519,0.01565064226879793,1.7384010551839073,-0.07497488272436248,-0.07527626732815769,0.39485264968464306,0.39768867972022615,0.713128177945177,0,51,2.0
3.008466181801815,0.054933971701340546,75.56298237220913,7.192780045519735,0.11341749831084527,0.8361196313501499,0.0005090048299262337,0.7872371698722525,-0.07309397492630809,1.8213094165480466,-0.06160563605556815,-0.07336301941126548,0.4016065962582885,0.3989226158958455,-0.6728072702560928,0,51,2.0
3.008842449562222,0.057540363695243735,75.09803265216304,7.146688755271115,-0.004421530200131968,0.7877238318150722,-0.033754025229855496,0.8735684997290687,0.04753480274595466,2.2504407636441788,-0.058962252512004557,-0.06598424689229573,0.40338615568948993,0.3989725088276023,-1.106253379426403,0,51,2.0
3.0037090965345796,0.0646585814822619,67.95471772025613,23.76188000733784,-0.007982258356231101,0.6179805170276682,-0.01222193974307647,0.7815647318950222,-0.027134181456822976,2.503872700117604,-0.03864447733059354,-0.06960148596248379,0.39868015090129516,0.3982918262214448,-0.09749752675929368,0,51,2.0
3.0022542289659087,0.08305030028166706,62.474786459230906,27.934504005752196,0.03227270781701686,0.7528310001418025,0.02018595434834852,0.6194909815718116,-0.0540281279268218,2.96938292987834,-0.02690141194492348,-0.07042334481688992,0.406234283714413,0.39809891060716307,-2.0435557321275333,0,51,2.0
2.9925937173413297,0.08657653673031032,60.583769592584346,27.78288167793668,-0.025786962944502924,0.7929215890468119,0.025050382805513402,0.52695876516223,-0.11660742131518383,2.883301783577485,-0.030107992067955475,-0.06667068591356103,0.3866149242964415,0.3968179267886857,2.571205029675372,0,51,2.0
2.9823937918625627,0.09156750854414546,59.36251289704267,27.538321796659353,0.006029135164092569,0.8275228366631097,-0.007541448352675812,0.4478633698351499,0.12997557062144374,2.9897065489997554,-0.03050453616380352,-0.06861781529262317,0.3822305235539599,0.3954654170503513,3.346662672834,0,51,2.0
2.977493235877916,0.087994032488339,63.968266879811004,20.260649075428827,-0.023093222330013912,0.8514840227376457,-0.03263934095408402,0.525561862437074,0.18568610977016242,2.821042320803941,-0.03102656382981582,-0.06375886274455263,0.3604332029601874,0.394815603317849,8.708470503376187,0,51,2.0
2.9789517591981327,0.062041867170937404,69.14381789226158,16.493919657881936,-0.006946892167131106,0.64464047360909,-0.025337005691493258,0.5141898808219214,-0.06360660895120863,1.9455390717316627,-0.028057379952118103,-0.0567010840632697,0.33520985733673825,0.3950090032985223,15.138679235772178,0,51,2.0
2.980528919135823,0.05237334639412237,70.34738018933464,15.878678319937054,-0.013719377674016297,0.5965654737494528,-0.02404997720583981,0.5930130284532522,0.03330208726373373,1.8511524897223217,-0.024315361738375483,-0.05961798592855598,0.33910631631636357,0.39521813469717965,14.19768311588474,0,51,2.0
2.98340286694321,0.06392922971102977,64.0168470588385,24.582639001299967,-0.033739322139059794,0.5804440059358907,0.01216608223815759,0.7154751906868805,-0.04416340867093965,2.441892547148433,-0.020308621332625565,-0.07645903985579147,0.3430452777536067,0.3955992199978477,13.284642534059321,0,51,2.0
2.9833333609150907,0.0693226102164959,61.1216087995791,29.665334921528185,-0.0315967810285442,0.7201908467458893,0.004199916935142349,0.8039639963151155,-0.0027362794122275185,2.834620830291234,-0.031867045180116654,-0.09153291092202458,0.3439303193659236,0.395590003496736,13.05889523854933,0,51,2.0
2.9815607748779596,0.08898115668810276,53.45656353819604,33.16330438309089,-0.06697902171050801,0.8773384981244896,0.04656968667518859,0.826643433256656,0.008661360397715779,3.3055450790439376,-0.05102029107551516,-0.11188507401710901,0.3319158986470622,0.39535495897542533,16.046102088302472,0,51,2.0
2.9849529827342316,0.09408713656165059,44.061818029366286,33.77405118945965,-0.07091883109772906,1.1816482370005683,0.06104770397730902,0.9061801906184505,-0.07475395437658709,3.83677894007529,-0.05503726337543342,-0.12581095980478957,0.3243171068693792,0.395804765720915,18.06134363271975,0,51,2.0
2.9797611236572266,0.09140084967525183,46.99206445731369,33.318459038297775,-0.018790987046325907,1.4641925187762648,0.03168181176571285,1.0855624536025756,-0.06240427168086171,3.696211401904552,-0.05780516244119537,-0.11721470372413924,0.31188288052530977,0.39511632499618676,21.065554421645395,0,51,2.0
2.982085785445045,0.11083650569591703,42.79030299654194,31.163306947534338,-0.05039643963762358,1.470652126106518,0.0832955258734086,1.0843412461426536,-0.1382533371284166,3.8860470673173406,-0.05043269600141345,-0.11063180273823509,0.32175762694109195,0.3954245751343604,18.62983558071406,0,51,2.0
2.9770149647020827,0.10297048435932804,48.20892065646601,29.053059699638386,-0.0714975239015093,1.629007039178363,0.005530727114163193,1.2624186026957909,0.09431382779981576,3.890451646176507,-0.04003212842475247,-0.09339515040025519,0.31315279229102805,0.39475218408756835,20.67104251371007,0,51,2.0
2.9729249348827436,0.10461363507351931,53.650683449763875,30.023274641239258,0.0021365806825605093,1.5163450033950512,0.02689061620656182,1.2077726341102148,0.0760702083215994,3.530512935657377,-0.03804798009471252,-0.07397828458343383,0.2851944245549278,0.394209846121239,27.654159995989446,0,51,2.0
2.9613861827289356,0.0979778030595265,60.59684170928656,27.51977796667704,-0.015528516296078177,1.207216945130268,-0.0037733345639471916,0.956916278356338,0.2174828156244521,3.170227985772993,-0.03684205396282588,-0.07262031666906073,0.26414022678423477,0.39267980777459865,32.73394211910856,1,51,2.0
2.9613209822598625,0.09682528935815947,61.43635985430549,28.545368720278773,0.05240153842696957,1.1846891377326976,0.02646779685336001,0.8415434779012181,0.10438016918944377,3.0174158418954273,-0.03903334780255422,-0.07641877493193044,0.260604643020051,0.3926711623943047,33.63285415943985,1,51,2.0
2.9621028140479444,0.1121700050970923,58.73802329979691,31.67654267681285,0.0015390877630196366,1.131840055036109,0.05771345988500352,0.5441470981625064,-0.08992907419508579,3.1066332656610993,-0.03443805708508324,-0.07978550016069148,0.2782736392729912,0.39277483331689694,29.151866242795744,0,51,2.0
2.950328691332948,0.11171427670870666,62.59478299758013,27.833166025955776,0.004861338867568502,1.1727179689105582,-0.012886571825719347,0.5225446083459799,0.12467656094653934,2.915567711764725,-0.0430060948830407,-0.07885321093266712,0.2729140672232903,0.3912135844435454,30.239112833600103,1,51,2.0
2.945643469399097,0.10563027382134269,65.70473079120411,25.03273503718832,0.0433972666368765,1.136531364828546,0.0066957306482043925,0.4781006516003551,0.06725166378287124,2.6827912823664515,-0.05402567012376332,-0.07320946787160659,0.2640507090095155,0.39059232401353416,32.39736349750538,1,51,2.0
2.940765203214159,0.08146322252826335,73.69001769084556,15.68843364627543,0.07813684253350776,1.0201435357880713,-0.011795970976498782,0.43896649914920344,0.13369867974417468,2.105619514330393,-0.06108798608831068,-0.06636476128424457,0.25914841538644756,0.38994546574402067,33.542395500871066,1,51,2.0
2.945976306410397,0.060075463700702006,72.05874612284642,21.227307631079466,0.023666517389025175,0.6695300228095079,0.004021139760666034,0.3346225661467188,0.12212907079168979,1.697709489085821,-0.06344160234764082,-0.06477142978450749,0.27028208188298164,0.3906364580187049,30.809816560941762,1,51,2.0
2.9500913257692374,0.06020583658442367,67.00421754986633,27.638237603602676,-0.03418691005265596,0.41397727546909,0.02564652123506747,0.20913157834221927,-0.05215107479735332,1.8133463253153503,-0.0542237699523293,-0.06604859280792981,0.26398378191444744,0.3911821099905378,32.516397050766756,1,51,2.0
2.946585004236184,0.06468837570466994,66.42065460541669,27.671858434082072,-0.006558276037229043,0.4229392090193077,0.013217949198887628,0.22702858836063608,0.031887310630112305,1.8719154156971038,-0.043127619783114475,-0.06705275751943163,0.2574819677921513,0.3907171717588563,34.10016595045773,1,51,2.0
2.955223235429502,0.07618416243964134,59.56407197316488,32.41289281515821,-0.027275574156174473,0.457677198955306,0.03324128906516468,0.273320460995674,-0.08550981510722754,2.164838710987509,-0.03778426980017354,-0.07024614802776162,0.25922516007649943,0.39186260102573356,33.84794583663876,1,51,2.0
2.9482516693133936,0.089702043293455,61.16116835089291,31.37570527098735,0.02300020559307407,0.589676451380043,-0.01264622529932097,0.31821666880687055,-0.07909520005113353,2.025822624507197,-0.05406345857889507,-0.06331662615882108,0.2506681055917553,0.3909381713488194,35.880370871205216,1,51,2.0
2.9540611891185535,0.09617815044394591,65.26813077926636,27.733353789546925,0.001518073363923559,0.8485356318432387,-0.0010679692176042818,0.41144986180388204,0.04633908508820277,2.1889547726829637,-0.06329077059175667,-0.044197356633324,0.25924537761241223,0.39170851346318214,33.81676203042764,1,51,2.0
2.961633757048962,0.10660566944415584,62.035071494532566,27.58800827264554,0.03320853740853422,1.4149649990631108,0.007737545953953967,0.49878420032970694,0.08748624561464086,2.5235487121316633,-0.07402686338462612,-0.015815450642423328,0.25565926821915663,0.39271263595488454,34.8991489419436,1,51,2.0
2.9425567739150105,0.12649847142298842,64.85293444465188,20.502404534796803,0.08607390420693978,1.5013911128537258,-0.041860531358157885,0.5077408302132581,0.36758463683665965,2.608820728333567,-0.085083972185055,0.009983474930069338,0.22112803945673612,0.39018302841672303,43.32709950147624,1,51,2.0
2.9446766318059434,0.12522690765200295,63.81441380930882,22.38990870532042,0.11468053894007907,1.5420621864877804,0.0016691848343493893,0.4715205450447506,0.13902651763283738,2.5797402761543102,-0.07881533953593337,0.021306288197803315,0.2245151151852188,0.39046412155138815,42.50044939002908,1,51,2.0
2.9415179818284276,0.13780837377788652,60.31275673473583,27.8732623894365,0.13595973057489769,1.6097459298932855,-0.006940980314039716,0.37318449984549557,0.14163942967413687,3.0679330088372,-0.0706738573633328,0.019264570842622526,0.25183058552131715,0.39004528441380754,35.43555182322251,1,51,2.0
2.9494958952361463,0.15169518452390188,53.41325080161001,34.54828707720516,0.07043173879969354,1.7049938718806448,-0.009851512955684288,0.2360055252943862,0.01810244116566929,3.769127611132211,-0.05549694873086887,0.016238210399777523,0.29246770460006155,0.39110315575067917,25.219804468541763,0,51,2.0
2.9679139981082843,0.1460863359594942,50.47715098250146,37.463235807975295,-0.02510949034316867,1.8550360862886377,0.0262063667178154,0.18858380049143864,-0.16805794327428528,4.089515654465816,-0.03905334086908076,0.023195194106555045,0.3263167897127029,0.3935453959460435,17.08280847034934,0,51,2.0
2.9810553274902643,0.15536620998208744,43.6304097736583,38.31565189409536,0.005835562287008061,2.0869623078604618,0.017392458722871894,0.2585158376838296,-0.1434719577139499,4.686960209782747,-0.027276587413385383,0.03380625755842239,0.3472902736315428,0.3952879362363991,12.142455715155354,0,51,2.0
2.9848565260569253,0.13728467477322442,45.14819212520824,38.19321631589013,-0.095626895626386,1.964101527464009,0.016883334911921444,0.2687175667635946,-0.22151370171238394,4.437370805488756,-0.024918377714294993,0.049494138013408503,0.34095656231347254,0.39579197552762835,13.854604591478893,0,51,2.0
2.9720795072761237,0.13173576169167991,51.34972714442833,36.90569622180213,-0.048441178366249685,1.6162873038221892,0.03658529005798639,0.3315338504783038,-0.09127800371132645,3.9561793619890526,-0.033410761541584656,0.061959432527824515,0.33503974799261194,0.3940977428266847,14.985621183840458,0,51,2.0
2.9668395040082,0.13513253685963184,50.34684312109854,38.484348518580724,0.047465255301372675,1.4339345585978376,0.017228518703988956,0.3897882736825213,0.22888728399194924,4.268996204062744,-0.032845047277353545,0.07449044245873268,0.3423242792701385,0.39340291821530604,12.983797674122144,0,51,2.0
2.9625786858446457,0.1138633902295469,59.04006109050676,33.51026079156712,-0.020007396883824292,1.0200400793540243,0.00931847657935292,0.4327186134516734,0.04794894560587173,3.469214857036431,-0.040487565198317074,0.08559998369038006,0.3242662801718921,0.39283793375755743,17.45545623096185,0,51,2.0
2.9785997926020156,0.10841041355874274,56.41387166228949,33.30812268879601,0.007884738053761277,0.8946333368359248,0.021947263429562252,0.5152314418483416,0.023086760777468775,3.4548224762083026,-0.04101270931729407,0.09606202068652209,0.333692780403746,0.39496233232827543,15.512758283391149,0,51,2.0
2.9851745857911953,0.09404486463711355,58.892165333616965,29.50043543999187,0.004205513380321802,0.8331740956992557,0.006797816823510563,0.5177047182092906,-0.03555708546556678,2.7165762547079217,-0.0339705748359879,0.11100765056966212,0.32188672212531316,0.39583414993913923,18.68141690786298,0,51,2.0
2.980410588722603,0.09351283596005333,60.462715326570994,28.430907260840595,0.007203955714609109,0.8678028699849022,0.0064238326660558285,0.5118096643999739,-0.09236379099242828,2.4326349241142697,-0.03620243147020246,0.11875694445950596,0.31190550289805846,0.39520244410428973,21.07703088603624,0,51,2.0
2.9885144689503838,0.11149014856850213,51.69123996472826,34.62863075157633,0.03759299540052227,0.9297026496608516,-0.0036062498156930888,0.4757442528977579,-0.17772714384630614,3.01077056330348,-0.023568531790227013,0.1212288793863595,0.3452134719255276,0.39627701882346467,12.885820896085098,0,51,2.0
2.980453950517318,0.11486422752634982,55.86496731814216,34.53141776834301,0.015594269422923817,0.9611000672865261,-0.0021594891726386314,0.4521265226150681,-0.025274653937302383,3.347097353731593,-0.012032049050496712,0.12559088683639433,0.368295865441432,0.39520819405288476,6.809658558813048,0,51,2.0
2.9879147796069874,0.1244637214294779,49.712227073370244,36.70032055753299,0.0306525306374419,1.147187603864129,0.029190158690599835,0.49529901726785,-0.1426837082002677,3.887703900310292,-0.009080530254298535,0.12811966512094175,0.39573262562797673,0.39619749977334057,0.11733394219544113,0,51,2.0
2.991130943391837,0.11603880758832479,54.40530027127733,35.138957632703914,0.00724959008249582,1.1712659923393138,0.009009002726159844,0.477205212159844,-0.14174232916796908,3.826621621180568,-0.013268253574419683,0.1399859273392284,0.39537062694254693,0.39662396310465303,0.3160011191193246,0,51,2.0
2.978838692693149,0.10887943230066059,60.67580137065813,31.860488241773705,0.00846322494394639,1.1732202081729417,0.06262619599846064,0.5068033192724525,0.2640857161114029,3.687541473599585,-0.02907615369851018,0.15156164871786973,0.3820267968717463,0.3949940104754053,3.282888666603312,0,51,2.0
2.9861898270307803,0.10968234589142484,56.931809425354004,33.39245637546736,0.0384427740001211,1.2058327171522656,0.06620783285767425,0.5111963998696651,0.20657277085325298,3.6840384254541183,-0.04003672436933759,0.15734768580640965,0.3900297290805902,0.39596877089703053,1.499876316757498,0,51,2.0
2.98714960790148,0.09621570023571041,60.57257937450035,33.70021091272456,-0.037478022076481696,1.0003898972921905,0.0676737700899442,0.5004841720561853,0.028474397299920812,3.374538276546954,-0.0562212795156395,0.16345900179041958,0.37871547892632235,0.3960960382293283,4.387965954090944,0,51,2.0
2.983181675275167,0.09431588969020209,60.57214694864609,33.70098777349685,-0.025762367573584997,0.9378321392772518,0.04931322452338303,0.48635625524892473,0.05700927403043298,3.2813519004019756,-0.07372916221629558,0.17039289348218387,0.3733572650910285,0.3955698903444727,5.615347829962703,0,51,2.0
2.98611336479,0.08313203127476279,62.2838664522358,30.61685251108276,0.012879861683091697,0.841528809282228,0.02671871042134715,0.4371352120287079,-0.1494444829283976,2.9403061998408764,-0.09670684985508739,0.18146715880659056,0.3583857552220848,0.39595863217540705,9.489091511124748,0,51,2.0
2.976615073634129,0.07513445940837284,65.6356038018769,25.568394240440025,0.00010942220322641672,0.9093297888532272,0.017461502230634876,0.42149590579792634,0.015336893791077184,2.6355622241258905,-0.1353568555018411,0.19302214183373734,0.3401629484899425,0.39469915879141276,13.817158989763922,0,51,2.0
2.973154198889639,0.08011486746993912,66.34885172750435,21.442258169727744,0.02445677280718205,0.8871792294949329,0.0005282769892729965,0.42239740418701444,-0.03701725777457742,2.1628189573770995,-0.17676694083473785,0.19260291241925484,0.3284130829991766,0.3942402465808803,16.69722057872114,0,51,2.0
2.976731420732012,0.07943715260297368,67.25384148429421,17.824406026645192,0.003176321951197643,0.9652639362496124,0.03164704819666404,0.4282493372057837,-0.022077956328205035,2.2200819108621306,-0.21248848404320586,0.18539085037211483,0.327135484210212,0.3947145861863382,17.1210044779605,0,51,2.0
2.973548826049356,0.07550481299623776,70.24753684623569,16.450309436663535,0.03291945999451712,0.9643591229700408,0.02361658420048508,0.40554908754959096,0.0334439102341147,2.0926952486358923,-0.2365501247695013,0.17136852544983947,0.3284666522666768,0.3942925745062996,16.694689805417852,0,51,2.0
2.97347520496331,0.06862677246378682,73.7604630133685,13.583681997076813,0.05417505805106724,0.8062422175053191,0.03710344433784485,0.3775061513914831,-0.0422491926480742,1.6925368311789464,-0.23220289530775942,0.15408061416661872,0.3342907561911217,0.3942828123276282,15.2154885429437,0,51,2.0
2.9797848089068544,0.04688501142756224,76.93414369283938,9.26213327512018,0.046283313164524005,0.6931755877954844,0.05882567627465024,0.26144052082007774,-0.031645756799216364,1.459376522189935,-0.19836644110128093,0.13510432448893026,0.350420421100915,0.39511946562182215,11.31279230967822,0,51,2.0
2.9968044816278945,0.03926400182381381,78.84251338360356,3.262815860663755,0.053056875134215635,0.48269086074891426,0.07071592373883023,0.2710777249400422,-0.11699397405426876,1.0448345174809865,-0.13125443899542624,0.1054285388576872,0.3794011530401408,0.3973762742539361,4.523451040841109,0,51,2.0
3.018007421026043,0.041623549534879206,74.06035091362747,13.893082618143985,0.0677560410078834,0.4770173493923625,0.07059071702407856,0.29294040334665483,-0.14575214519658508,0.9607468571178396,-0.03609436261389217,0.06706513258440795,0.4171755093095233,0.40018778381917053,-4.244938545657573,0,51,2.0
3.048564029674904,0.04399628493179474,70.19887084586948,17.19579231774099,0.12143463458792836,0.35781756006598,0.06490285278243177,0.2892978310637442,-0.11149051613813522,0.8651693407181299,0.07651615364816701,0.02336873509993676,0.47066773588446903,0.40423959013387173,-16.432864907813304,0,51,2.0
3.0787651725843843,0.03676196534327587,69.49765461566402,17.01851453028992,0.07452827713945333,0.4499542260448043,0.04781947883905149,0.30974547993084833,-0.028839932316366362,0.9098624512202768,0.1868755086371859,-0.021600204533532084,0.5246576916312338,0.4082442620845358,-28.51563153693317,0,51,2.0
3.0930642158377406,0.02347887227240877,65.67052240932689,16.66964276544181,0.023981125696617013,0.41805712598659694,0.0524874156450524,0.25575044000273434,-0.02338491957269463,0.7365066308720307,0.2626946382507617,-0.048145185567077455,0.5541723521310428,0.4101403152184162,-35.11774667553071,1,51,2.0
3.0987380240477767,0.017407178594293606,66.48296364615945,11.470865065782439,-0.0076650388392747616,0.43778393883886985,0.07275143696689139,0.21338996501644875,0.012787338784512351,0.7720748924968326,0.28388655453065376,-0.05184613182924174,0.5655202879756581,0.41089266198857316,-37.63212154696136,1,51,2.0
3.0882169767922045,0.02193510218733477,67.00692087061265,10.151006781560195,-0.03882412882704361,0.40340236753376113,0.06601325356784989,0.18761868938852005,0.04999335227059383,0.7540605961820166,0.24937386893500058,-0.036421520850277424,0.5501117012367152,0.4094975711193852,-34.338208583985775,1,51,2.0
3.070598702804715,0.0244836763432862,67.10245694366156,10.165241245740292,-0.04079639403989502,0.39986274791797644,0.05190809637162031,0.1268598105351476,0.022090612527202156,0.7391366920032613,0.18878340929488405,0.002632111138735184,0.5172320814568058,0.40716138778949346,-27.033676809309814,0,51,2.0
3.0590446918618444,0.03164655994450522,67.6533919502707,11.785774163387117,-0.10642754611577473,0.783178118602555,0.027226410842701502,0.21531365625387078,0.13948449711589253,1.4000740376342558,0.1352674745023447,0.047076538464598666,0.48864026759875406,0.40562932595100387,-20.46472883910202,0,51,2.0
3.052560292038263,0.0280932065465801,70.52454908221375,11.71763024722926,-0.025340927983908093,0.7877789686509413,0.03534277108516179,0.2693786452256527,0.02610822712235591,1.3499043022149875,0.10756048575413704,0.07739756843684914,0.45792385117684914,0.40476949473309626,-13.132006521094851,0,51,2.0
3.0389341805495467,0.03490844515062134,72.93485898597568,11.14419336551484,-0.011133700280505069,0.777055265418529,0.0023304902966700346,0.27340520598863377,0.027583487514479487,1.3445545007382667,0.08331345413983185,0.11035919863895446,0.43953667162395,0.40296267254261114,-9.076274695758912,0,51,2.0
3.032877947769913,0.03765453072447302,72.8302786210004,10.894890087849458,-0.009472892272706125,0.7652609314122211,-0.0008080906289465287,0.27289953416000884,0.044234377532905225,1.3396486504126326,0.047176933162027666,0.1339985933588656,0.4260444520699103,0.40215961608337264,-5.939143323029739,0,51,2.0
3.025681952635447,0.034457770711293474,76.3868548449348,6.945777217759145,0.02729985307829053,0.39673256546443464,0.004093654526799333,0.22669112742395614,-0.013904489065502203,0.6882390588430266,0.0036099117900005827,0.13724564206171774,0.42070705119690777,0.4012054269182053,-4.860757848791075,0,51,2.0
3.013566080261679,0.03021183093643305,76.10861406139298,6.1690715168174375,-0.013058067390731736,0.3769704382939568,-0.009182424448868808,0.17402299369227955,0.07665487240050353,0.6683445680661437,-0.05294012330299703,0.13081446914608139,0.4130417128071474,0.3995988622424106,-3.3640862962672546,0,51,2.0
3.01639630280289,0.028922877215145706,74.74776879478904,6.731710229346802,-0.007797982397617078,0.373829757019517,0.02377265589494331,0.16851059824813827,0.03651923868878215,0.6296396895063835,-0.10704614211668091,0.10168446341448804,0.40455295098208494,0.39997414955391736,-1.1447743393602439,0,51,2.0
3.024251579069624,0.03728951798150248,74.92531226663029,6.963602238388654,-0.04115501250706467,0.31608224463194284,0.0590100967708756,0.187144179051789,0.0802133479794743,0.5348348100380457,-0.16641371802419852,0.05870955957881724,0.3902277078529054,0.40101575919449584,2.6901813941826003,0,51,2.0
3.0349382115345374,0.036027148859637356,70.29880396525066,12.043751001171527,-0.013753448192979776,0.3500912190962282,0.05426889263531741,0.18318311106795748,0.05428726724622881,0.483580722943311,-0.24096111594125527,0.01395955154725712,0.37895365785252944,0.4024328070567489,5.834302967478633,0,51,2.0
3.049804052885841,0.0323923597823175,69.43726186191334,12.285931611528675,-0.05619629545539033,0.3910455010098493,0.07094037854203991,0.273967601595287,0.032978481540054665,0.5013749626448517,-0.31524547355389665,-0.021010291682976478,0.3605058912225486,0.40440401762541267,10.855017381040355,0,51,2.0
3.056467258462719,0.037931185513587935,66.65657104230395,12.55411814386855,-0.02693789912497296,0.43222548258100835,0.05790583219598321,0.3286906015271093,0.033206043764948845,0.519776945245305,-0.37167460830322124,-0.04992110758587349,0.34254522712496704,0.40528755850071774,15.480941879354425,0,51,2.0
3.0540521530544056,0.05889935372510413,59.823005227481616,14.998631758437128,-0.027963428666778638,0.6550051019116462,0.013004949718129401,0.3416772421091602,-0.00403114680346905,0.5700787238396761,-0.40952870024635946,-0.06988088411673991,0.3272590163891923,0.40496731554335097,19.188782939160465,0,51,2.0
3.0598396471902434,0.06131251243799678,57.88442653768203,14.625494691700503,-0.01018661041470135,0.6612423926773608,0.018573310153157104,0.3434842762040127,0.00048378747248766467,0.5212333721786614,-0.4111208069750302,-0.07000025742957977,0.3203682257814689,0.4057347370739175,21.039980926478176,0,51,2.0
3.0601834806741453,0.06215536507728215,53.21064459108839,14.199232588825257,0.030420250460213304,0.6628245083676025,0.006581013109169754,0.30535976117588304,-0.027786464941706144,0.5065818848900602,-0.3880633125428989,-0.058215025408731115,0.33022061923897095,0.40578032940031983,18.620841052846092,0,51,2.0
3.061510361877142,0.05895021685872897,49.5615244472728,18.140777602505402,0.03343100056928747,0.6609467397959016,0.013861656408099568,0.22670920733431446,-0.03734678585155338,0.5331690880116615,-0.3393192750396111,-0.03370044540206796,0.3379616080887183,0.4059562742373601,16.749258593521766,0,51,2.0
3.068927272862079,0.03446636632343498,49.35688419903026,19.379676011028643,0.030059505034895503,0.5824889799076328,0.021395674011870928,0.257829204560624,-0.04372131283961091,0.4460111105932621,-0.26180435735994684,0.000636867374572195,0.35252215792750624,0.40693975660449566,13.372396723055457,0,51,2.0
3.05895967577018,0.04505130085103212,46.83640378129248,21.902378819665852,0.049060134034530786,0.5715272534017591,0.013138366023115083,0.26120853980005476,-0.051411719591009854,0.4109808390287787,-0.16710640127594004,0.03377617365734617,0.364867742131546,0.4056180530150134,10.046473666683442,0,51,2.0
3.062297891168033,0.04874954551138767,44.895755730423275,23.57431739895926,0.03705652803182602,0.5674952848527074,0.019666317850351334,0.2556750188195638,-0.06946338351596804,0.4003144535383087,-0.06402953304850233,0.06837819749098271,0.38158976255244065,0.40606070037740316,6.026423586970764,0,51,2.0
3.0615425764345656,0.045487557171278184,42.948126905104694,21.63141274519326,0.043663927737404316,0.5467363976236748,0.0201240470815523,0.29091973500723045,-0.048312197695029716,0.31724205449307247,0.027545938263581857,0.10153017008260236,0.4062471768567213,0.40596054543303844,-0.07060573420432092,0,51,2.0
3.0680170129327213,0.045557648109814594,43.15343808192833,21.830637935571705,0.026510133754973318,0.44293634493166184,0.021942649365347976,0.2710473418102146,-0.04022870371666025,0.2965404565394608,0.08971097967855393,0.12983418079606804,0.4231432450211063,0.40681905570926613,-4.01264126710581,0,51,2.0
3.0757383038015926,0.03374272811895872,41.36758250816196,21.00320696333575,0.00203040855772355,0.3846441624123877,0.03257141346294506,0.2604740811146801,-0.017219060758019194,0.28202595007111125,0.11290125270408549,0.15207620534375624,0.43016338636216095,0.4078428992920844,-5.472814926732683,0,51,2.0
3.0740077261831247,0.02689992515658761,38.92064789229748,20.51962151876607,-0.020017081469881768,0.3410074952411701,0.047862716420900585,0.24247410484750062,0.003835301316690211,0.284521716795267,0.1036235275026599,0.1656481969086901,0.4246202157813677,0.40761342470705875,-4.172284336937948,0,51,2.0
3.0733121575093736,0.0279370122989818,41.26100123162363,20.782212978214716,-0.022537825775204922,0.28288114828062,0.0599122211775359,0.2139113964308934,0.01505479501450763,0.26984029629890194,0.07514132064077045,0.17312832355077512,0.4115537564719648,0.40752119210770693,-0.9895348861248987,0,51,2.0
3.0714008773074433,0.026280197490071593,41.868502214843154,20.508446610486843,-0.015405541431962275,0.23660271063758864,0.05457472311807614,0.20289546695609442,0.014153481990683312,0.26993077594784776,0.041331201569377925,0.17719352915425993,0.3999623301661764,0.40726775635092566,1.7937649300315606,0,51,2.0
3.072199144784142,0.023309585741996416,45.22700247110105,20.620952972979612,-0.0262034259663493,0.2724258380230983,0.05031818144169508,0.18911522649575632,0.016072571825455215,0.22253003134638577,0.008521530201606028,0.18056259054564636,0.3900549437438171,0.4073736064051498,4.2512971849503085,0,51,2.0
3.0738074195151235,0.01734558677647218,49.82175882189882,17.706800529169257,-0.01708044604781796,0.26007278174621845,0.04729735639457609,0.18510320459537458,0.016460789002332034,0.18555190435039903,-0.020206981266137097,0.1852961580306505,0.37788588621580244,0.4075868636213589,7.2870300925959475,0,51,2.0
3.073278997458664,0.016605946713935435,46.189071627224195,19.852526979563898,-0.011144491606483273,0.2773648343566325,0.03964173936230295,0.17941400769416063,0.010693222466929286,0.2316730941099641,-0.04590593041894616,0.19011850121361723,0.3683708258878517,0.40751679504609956,9.605976890797729,0,51,2.0
3.069777550650578,0.02294625700386104,46.28379200954063,19.349231564234724,-0.003361854702234268,0.339495446283537,0.039026771872943525,0.20131758433025843,0.01080169181759451,0.25506359987233596,-0.07343261236891356,0.19248442804611168,0.36185725442712846,0.4070525034038907,11.10305147341596,0,51,2.0
3.068809899629331,0.021753535391818058,44.5726793794071,18.546659742404916,0.003215401415147033,0.3344215364832854,0.05087124779089993,0.2169135917511589,0.01685080385091258,0.24811465791589413,-0.1028213484199313,0.1923975391401125,0.35757367209146423,0.406924192890457,12.127693968856212,0,51,2.0
3.0733864284029195,0.025877329060200953,45.49066610897289,19.18935462130857,-0.008375568680611312,0.3245689297959656,0.03910026377906986,0.20280910882765255,0.011777295055342656,0.2680403870428667,-0.13135955710199082,0.1902226299455546,0.3535920272769508,0.40753104041230076,13.235559451073865,0,51,2.0
3.073731526440265,0.02797267955160117,45.11569605621637,20.069705272492634,0.008803204322854677,0.36442944083733886,0.04730394146606034,0.21734919975830483,0.01553218632790388,0.2645374167223712,-0.1564030813356216,0.18482456669547723,0.3491750013238267,0.40757680041852995,14.329029285948558,0,51,2.0
3.073802725941527,0.02466754722584456,45.78817906099207,18.773176626515667,-0.0091500579945597,0.347146785634947,0.03633618953765607,0.20810271355115645,0.0012013985611060087,0.3100308396999592,-0.1749170529820515,0.1776585458611487,0.343112707965278,0.407586241273522,15.818378242306085,0,51,2.0
3.0717097520828247,0.025042115861953623,45.226474425371954,19.481467216414263,-0.011088596729963434,0.3790171296747705,0.021964216294387977,0.1800165811198929,-0.007708142968077285,0.34897337700352865,-0.18831123056707982,0.1691731456837313,0.3385927834924804,0.4073087129419819,16.870724162311145,0,51,2.0
3.0707545222020616,0.027039880983956696,41.49837650972254,21.07956881042585,-0.010145866969490753,0.40630032160294244,0.02215423674194836,0.18303465296496496,0.005393440561259494,0.3636998061989178,-0.19960146376359592,0.1611492852584835,0.3366143491744485,0.40718204985371775,17.33074940425814,0,51,2.0
3.072988012257744,0.030121690284519127,44.371699707180845,20.471128959510406,-0.014998010688406579,0.41106704580465275,0.03158912316476013,0.12430416833779286,-0.0030015415566809036,0.3710881349525838,-0.20943083816162456,0.15445920460180948,0.3342745061654039,0.40747821062398343,17.96505986086484,0,51,2.0
3.076200406925351,0.028411078424287934,41.51051873786777,20.11006354660048,0.010881914391967595,0.40480191484757433,0.031836137230343675,0.11460039129003691,-0.004814433116538852,0.34461624341662744,-0.2177888228475148,0.14825986945883657,0.3360397741947359,0.4079041739539948,17.617961361524117,0,51,2.0
3.0755038769806133,0.0301671933677405,40.223934108135744,19.818191169745365,-0.03715125316133102,0.36851134976759403,0.028614689358601383,0.1441810108964523,-0.008986206615672392,0.31168570408091834,-0.22511253296286882,0.14024133987059123,0.3247237794674554,0.40781181408239886,20.37411172157838,0,51,2.0
3.0731213630414476,0.025387952594707778,40.74407520013697,19.42647184608083,-0.05028824654279971,0.3568721119741758,0.02442377553704907,0.1366702933680785,-0.008312583627069698,0.3134042070111959,-0.23076416130357666,0.12946608689484707,0.30172754898425813,0.40749589254246826,25.95568335628983,0,51,2.0
3.067488676777073,0.041369243802131715,35.83177219185175,19.957332639894197,-0.04641374215191486,0.3277791740011586,0.02486129039350678,0.14844225474090514,0.001713766880771693,0.2824000156770349,-0.23452035077477976,0.11715313890271403,0.2794994703528088,0.40674899836113565,31.28453383315949,1,51,2.0
3.0672990498589536,0.04241873699359646,31.107881714315976,21.865207957269195,-0.057608801506313624,0.3126710458286477,0.018790632486343384,0.16115610315765402,0.004396272567557353,0.3185806849698925,-0.23577004449886443,0.1034204830638053,0.25019047374363396,0.4067238542364604,38.48640271829774,1,51,2.0
3.0626547950155594,0.05113145530443704,28.171024046692192,23.452015046545238,-0.0013447330862868066,0.6193207505593972,0.03139936748672934,0.21779177738900324,-0.002285487949848175,0.36382414333171376,-0.2334305727688345,0.08877987638454311,0.25212692071209736,0.40610802605693846,37.91629208609931,1,51,2.0
3.0538608548687955,0.07760889065908318,26.639257215986063,21.841902463242306,0.01404571167978586,0.6945859802821017,0.026837362159116595,0.254497007174133,-0.012088948532062419,0.40228975107166953,-0.2259345633216054,0.07591579261254794,0.25976531748281245,0.4049419493903184,35.8512206814049,1,51,2.0
3.0547853474523508,0.07366838583115447,27.931807078567207,24.211162042859844,0.031903685965374406,0.8772775836970725,0.03345586396023339,0.29523325341768714,-0.004189221407560741,0.4822669526574642,-0.2137553200986743,0.065447403333895,0.2720264038538429,0.40506453709145873,32.84368811767331,1,51,2.0
3.053798084749895,0.07590174720104968,32.97115885510164,25.46972968484869,-0.03728904202580452,0.7721946539016148,0.021655456546474907,0.27772082744244836,-0.024169788915006554,0.46022835213011165,-0.1956038024480915,0.06188876158614425,0.2776900035669918,0.40493362585325704,31.4233282104304,1,51,2.0
3.0551317608823965,0.07747353132042531,35.6321843511918,24.496048072442502,0.052147841994084565,0.8929849817610358,0.0422396564892694,0.2983853342811417,0.0005375393209796326,0.5745775867948255,-0.1749877371103043,0.06654670393231209,0.2823245736294109,0.4051104713081325,30.30923818933552,1,51,2.0
3.057986270563275,0.061235252782330336,36.19855462336073,26.415465116852197,0.05770778575656461,0.8707219249249867,0.03192309684613172,0.3137602753090953,0.004339928154413607,0.5577101889778562,-0.15818885497854823,0.07853077945058967,0.28923751549935756,0.40548897966908193,28.66945095883907,0,51,2.0
3.0589514339671418,0.06336149111821938,38.828095062106264,25.504038659677438,0.03951006178178039,0.7638035054302527,0.011790029850660586,0.3167173030489187,0.007794518991574353,0.5430867649471871,-0.15321380677332594,0.09741996813839972,0.29215432998202207,0.40561696035662903,27.97285159744002,0,51,2.0
3.059130818820467,0.06053545010355714,37.83327946475908,24.892675050893313,0.07375255840666153,0.7590475869332787,0.0189581259208567,0.3066465966966537,0.03477258856097857,0.5417779206189346,-0.17256423997151676,0.11901568273113652,0.3087917837307691,0.40564074659202504,23.87555088460139,0,51,2.0
3.0598716578062843,0.05316746368888332,42.35473796900581,25.214647333232605,0.035612538749096444,0.6167975997216473,0.038708780618274916,0.299120386368288,0.036734528912633076,0.5082407257582109,-0.21051703578176945,0.13389618621528815,0.31060257582435086,0.40573898182399865,23.447686877894323,0,51,2.0
3.0614510745394465,0.04078470071766565,48.88643252148348,22.940627220403808,-0.01307115513904422,0.6033961197533588,0.07571421709715151,0.25704242137031474,0.022843179311238082,0.5474687814033597,-0.25059544837309194,0.13100258384073246,0.29767960674980615,0.4059484123141737,26.670582340047588,0,51,2.0
3.042068006945591,0.07937737753093126,50.22320158341352,21.147972364424366,0.02228403091430664,0.6132436965862694,0.06501300136248271,0.23063209743935037,0.05319665861772556,0.5264098369701741,-0.277009254325341,0.10925375353014087,0.2663032590514151,0.40337821750137726,33.9817452957767,1,51,2.0
3.041796749713374,0.07901863466006379,54.760664388245225,19.782743308688225,0.007485619070483189,0.6349291048796146,0.06368408279091704,0.33469721785573703,-0.005152033021052678,0.620220534026204,-0.27328151318089666,0.0688758025140801,0.2654172049645607,0.4033422489831464,34.195536015952754,1,51,2.0
3.0385357001248527,0.07751171283308501,55.8167724609375,20.12431090893103,0.0464897588187573,0.5730135408243341,0.04919003519941779,0.30630013478407864,-0.021803215365199483,0.5317837201050857,-0.23863729274316361,0.021957913803625197,0.2791331112270532,0.4029098340134416,30.720700349611985,1,51,2.0
3.0386284268369863,0.07949077660153019,56.46886989182117,18.730308247624357,0.1068716274172652,0.531321297386336,0.041856338580449425,0.28819682417247977,-0.033471977666896933,0.4875559133753287,-0.19151126095616613,-0.019576850489204992,0.32077155448455624,0.4029221295771258,20.388697731442086,0,51,2.0
3.059264364195805,0.02978832271947511,58.58503250982247,16.947855114331457,0.06144106446527967,0.4107727153888235,0.0406357090847165,0.23654110022467384,-0.02228573716117763,0.39679361772376287,-0.1446438303856732,-0.05196234516995303,0.37825719552217435,0.40565845470488004,6.754761022456767,0,51,2.0
3.063129048721463,0.030530221465416046,59.868702252705894,13.370621159356773,0.049203498106376795,0.3239130458393116,0.07834907416619506,0.15704579177727676,-0.03121395364367202,0.33240986391824434,-0.11639854816731365,-0.07678030697913187,0.4038361659314154,0.4061709118754447,0.5748185987147325,0,51,2.0
3.0725198376412486,0.025957566704113037,59.21050563513064,13.21572936705617,0.017177175164368806,0.2913767434118569,0.08867022932014045,0.1502485815524582,-0.018130280570510554,0.31995477320577403,-0.1024312259575722,-0.09738202581235784,0.42369565060783876,0.4074161302734474,-3.995796711206534,0,51,2.0
3.072388723784802,0.022270586267700294,61.60070153778675,12.748837647867589,-0.02894835281824949,0.22926572735075437,0.08452952707953312,0.1443280052101602,-0.015305045216033855,0.32326843411777373,-0.08873795273873496,-0.1155921054264977,0.42734242161805563,0.40739874457258607,-4.895370275721644,0,51,2.0
3.060633250311309,0.036476984986394914,65.34511020136814,13.654802531960701,0.008951050046758325,0.2654840861264208,0.06606022659323964,0.15097976158166196,-0.004905812396649637,0.4245797195075625,-0.0658749146921322,-0.13175768218080153,0.42120288428372626,0.4058399691834443,-3.785461331271134,0,51,2.0
3.0558675632757297,0.03503053849413806,68.74658822078331,10.913475242896075,0.027763566495302844,0.3434874106098221,0.06104058447275676,0.16131797326919362,0.037196112002300864,0.7240800980580261,-0.023017036161978994,-0.1424808854353047,0.435112614411777,0.40520803908974035,-7.380054795856061,0,51,2.0
3.0528398249663558,0.03239704991492156,69.48655842799766,11.076601640324405,0.0352283630008791,0.36068504027415604,0.0656956903198186,0.17826844726338162,0.006227840066832655,0.8148788334980613,0.02198130429670095,-0.14452417681863583,0.4507849412544639,0.40480656079299665,-11.358111482036692,0,51,2.0
3.0563813751819087,0.030927607162248513,68.92307408650716,11.098544284850277,0.036973102419984104,0.42085912511707185,0.048313255841825525,0.2042448422839995,0.02782583853923807,0.9540643211057243,0.06444151347586544,-0.1369385655164785,0.4736516046975075,0.4052761703470053,-16.8713187089085,0,51,2.0
3.069593187640695,0.02023911859711604,66.02394791210399,10.703484628017874,0.020801005665870273,0.4277592645735704,0.06144174356378761,0.21598600099647103,-0.0219875812968787,1.0236130159487633,0.0961558149030967,-0.12415959528175327,0.49545184767121003,0.4070280564755384,-21.724249665080684,0,51,2.0
3.0696226510347104,0.022620967465096186,63.0267120997111,12.64609101404201,0.008937219230859888,0.5228272980565963,0.06277700824042161,0.2718562713770879,-0.019109484538728117,0.9506408104237707,0.11287877303091107,-0.1074378881622487,0.49998904590457,0.4070319633169784,-22.83778448996172,0,51,2.0
3.065393179070716,0.025896033339019634,64.2886978224212,11.382184153106504,-0.005672400251177012,0.5226517874482769,0.05847785890321521,0.2700513695328154,0.005429996743652166,0.9656026743565164,0.12285691675044141,-0.08738626672484236,0.49688780724634474,0.40647113573456584,-22.244303115983843,0,51,2.0
3.0615498259955762,0.031053804604191118,64.79107573453118,11.366888385565707,0.01790994765492631,0.5078452634203589,0.0800203650130653,0.321658542987629,-0.033824789447381216,1.059732991814546,0.1233871593933569,-0.06885786195053742,0.4944556807121137,0.4059615071203776,-21.798661212846326,0,51,2.0
3.060380080166985,0.03796320621648021,65.71498281815472,11.234066413563223,-0.013532759238253622,0.49295706441224424,0.10144127991196572,0.35932393376151284,-0.06961851492158923,1.3648375531313948,0.12002880101521804,-0.045075468124679254,0.49521884093833207,0.4058063986471276,-22.033275618444303,0,51,2.0
3.0545400404462626,0.045531501440054634,68.16501952152626,8.440941386457034,0.008275931573235522,0.5893970189001156,0.07386319662499077,0.3918221649543929,-0.008631475105443421,1.664617662252641,0.1095236510020966,-0.013611237547839047,0.4920045835427548,0.40503200936359296,-21.473012544321524,0,51,2.0
3.049811407631519,0.05297071336624411,64.61076825272804,12.42970509266063,0.014682068051222493,0.6729101752244697,0.06520513576619766,0.44008651632117934,0.007103192893897786,1.8841095831074635,0.09454684299783535,0.0190368992384509,0.4889897770719177,0.404404992454486,-20.915860633681802,0,51,2.0
3.0446301126012614,0.05816977362592634,62.29803098416796,14.152468444189909,0.010673547811879246,0.6984804397754376,0.06898622002963926,0.49560497627697525,0.019498252693344566,2.1915962129379714,0.07799999913958695,0.05552094830912863,0.48438762096953464,0.4037179527423231,-19.981689612574584,0,51,2.0
3.032065882402308,0.06956392134638442,62.386165142059326,15.822314824049355,-0.06069314279867446,0.8892622453134035,0.0692886867943932,0.4705313771124708,0.05115683785840577,2.150514015798067,0.05242080582403714,0.09236730334086023,0.4632141724013265,0.4020519362065862,-15.212521240866096,0,51,2.0
3.0279584971128726,0.07658873856494841,60.21201637679455,17.87095828884901,-0.0193708399949851,0.8587103101175684,0.0629737053943031,0.45526432431297365,-0.0846881501230539,2.5072425154308235,0.025547700545071748,0.11680834836272033,0.4526281616244798,0.401507296934759,-12.732238014101993,0,51,2.0
3.027773909709033,0.08332992215978996,61.24910158269546,18.78093529985081,-0.0024107973566096204,0.808124530587477,0.04157964655143373,0.7147716108410929,-0.16776593993691838,2.9542530145987143,0.002967158660298068,0.14262981731783683,0.4480300791316675,0.4014828204413951,-11.593835731027724,0,51,2.0
3.014661008236455,0.09388376378322558,63.588148565853345,19.333527020941183,-0.018270597519243464,0.9107663291341752,0.08397351749533531,0.7081881337397846,0.053536910052393,3.281974741162351,-0.0266809723812199,0.15794930731000792,0.42760098082566156,0.3997440497340625,-6.968691869242671,0,51,2.0
2.999817754708084,0.09354461007522653,63.70098012101416,19.54568554582065,0.022503138958093,0.7074614833818235,0.06753928984935377,0.688117641998246,0.10144682900578368,3.2886823742502247,-0.05608730310118014,0.16269945674198885,0.39974252520012477,0.39777583410886536,-0.4944219639851699,0,51,2.0
2.985652402335522,0.10174832918574583,65.9770438156876,18.110874153471578,0.008832092652572137,0.8046333514467351,0.06076779092351595,0.6925828997935747,0.19977948946111343,3.1031437513992355,-0.07509784037217616,0.17601070703930374,0.36983356377541926,0.39589750835521637,6.5835081125116375,0,51,2.0
2.9828353559269623,0.0970986302161637,66.0843906028598,17.359306737052282,-0.02201453433828611,0.9559788746486513,0.05268494266213155,0.3821942152812846,0.010748841891101762,2.5864020547606494,-0.09561462565013078,0.17900006810404442,0.3363902250092045,0.39552396817328744,14.950735713233742,0,51,2.0
2.97665483343835,0.09976907779339787,67.38992517134723,16.261412635318127,0.012744066488070815,1.0602591629496338,0.025374825021215512,0.4050434157969178,-0.05109816351357628,2.609198299445537,-0.10664336262110992,0.18162900138288365,0.31985856138041147,0.3947044310488815,18.96251062334815,0,51,2.0
2.973111765057433,0.11298135266265671,67.06597126231475,15.94308186366301,0.0016916943896634906,1.1519780462312672,0.03455882512179075,0.45763586825656705,0.04698838059808694,2.816424684130872,-0.10589465109391626,0.18679003627176294,0.3220517208848011,0.39423462019950006,18.309629752498967,0,51,2.0
2.974994002604017,0.10156454767587213,66.72224955465279,16.894857291322587,0.008545762220141934,1.044849422628525,0.03760022859947354,0.46627343842322,0.05505210131991143,2.7679474197538068,-0.10243198404656609,0.19004620443315873,0.33404190903242287,0.3944842047285784,15.321854454918515,0,51,2.0
2.9750595151209365,0.08857153266395582,68.65674781799316,16.23412956827821,-0.03366550971187797,0.8515030891300981,0.031991604496450984,0.439837102578188,-0.1346751390134587,2.2025950885020342,-0.09882898685382518,0.19138428610185487,0.3281442157267981,0.3944928917071558,16.818725349710572,0,51,2.0
2.9847576092271244,0.0967391523301065,65.77459840213551,17.611079689608793,0.08214397721138655,0.9842782820254324,0.034128767054747135,0.5037857085823252,-0.03247384142641928,2.35966907610104,-0.08668520007254572,0.19709923097539175,0.34289798964714635,0.3957788588289143,13.361216245415243,0,51,2.0
2.987777662043478,0.07249321380160538,68.5343022439994,17.335184803620802,0.03336093658763988,0.88609273858528,0.03488814587905711,0.4492021478495704,-0.09914901268248465,1.908690925371925,-0.0781423092174993,0.19522256569088509,0.3407392012924338,0.39617931780757737,13.993692760627807,0,51,2.0
2.9886752635824916,0.06271236380782665,72.37644237630508,14.959785300227129,0.056394631892223566,0.8701384086650793,0.016371468958609244,0.4233464998105136,-0.05261778970723789,1.5705475911797941,-0.06258717127248585,0.19094264526599525,0.34640892758543645,0.3962983401646004,12.58885226681562,0,51,2.0
2.9945894877115884,0.05554320140598297,76.08852484646965,11.050539546598873,0.06481536175580878,0.8204120069003578,0.011524939854793689,0.3932421517109318,0.03014245349457305,1.3396336452051976,-0.040230564396398445,0.1836367231354482,0.3705534275232661,0.39708256628478533,6.681013223454569,0,51,2.0
2.9987552469851924,0.016849792927005353,79.93874321731866,0.3783821577629197,0.01141194810214288,0.25844963079215055,0.03400100535694875,0.12246034297120742,-0.07515971554790203,0.23298509116961047,-0.01629360866522771,0.17452240084672313,0.3879198514414377,0.3976349457495212,2.4432194433442023,0,51,2.0
3.0119593587576174,0.015575316318080127,77.5094693034303,6.490795024706632,0.051179051864892244,0.06672550734113801,0.03642913429796988,0.05670775890269452,-0.037040767520118284,0.2044564256078386,0.017344441845893354,0.16830337618106248,0.4199137134156653,0.3993858109728172,-5.139867736624537,0,51,2.0
3.0241482164345537,0.01389271431373955,71.15357787001366,11.678219939152411,0.033544594348937855,0.0708897855402148,0.03726554689381052,0.053354806213133606,-0.027607460816701252,0.2210765180425378,0.04747178356461469,0.15967599055367265,0.44218605352050366,0.4010020533010924,-10.270271655813268,0,51,2.0
3.0315346589275434,0.02493783031810762,65.02660839230407,12.587067897917729,0.018487077827254932,0.3359967629473289,0.027957216635638594,0.2343176869016898,0.02424826241080083,0.8174228063216331,0.07410815459655731,0.1492994824802482,0.45564944213900077,0.40198149558168855,-13.35085001354399,0,51,2.0
3.0405903610528684,0.02871735711065122,57.02187055699966,11.303131357256305,0.0270132659843155,0.36681838639776293,0.05544836572645342,0.2627476195784463,-0.020190685941819466,0.9136013176217304,0.09293004719032069,0.13206732604836993,0.46858860287345155,0.40318228208442825,-16.222518621323466,0,51,2.0
3.04892415042017,0.032491981270113664,53.92475180532418,8.328753895059402,0.033942402267426834,0.4251708270859848,0.07126502248038556,0.30483877043968627,-0.01609580166747465,1.0686913574856594,0.10923347828242684,0.10650652251261694,0.48053081884350546,0.4042873425554588,-18.858734435295332,0,51,2.0
3.0543709590154537,0.033654021708974954,58.92943915198831,13.427836298168287,0.02855274468368175,0.43596025244783193,0.080698408935146,0.3144038516658263,-0.03316361768463371,1.0931000094416212,0.12525013765629725,0.06447822012158946,0.4854765701414914,0.4050095891799801,-19.86791994837265,0,51,2.0
3.060274636044222,0.026941823165455035,64.5460709403543,15.297104965690933,0.0236827879961507,0.3271114651401472,0.13169950588295856,0.3026895605514965,-0.04158950696571493,0.8845490628548156,0.14790062927020906,0.01338049173061116,0.4976029753599927,0.40579241675104605,-22.625005992971147,0,51,2.0
3.067510337221856,0.029389140279281644,70.29104526370179,12.859408493429376,0.03779936558110457,0.37953662532833055,0.1330181850923919,0.43050111878254255,0.01427044500322903,1.062201748036459,0.1748029641869013,-0.04840493953757746,0.5147351657956292,0.40675187051244116,-26.547707118629017,0,51,2.0
3.071439137061437,0.025817459809279582,76.24351180768481,8.659246471520962,0.0236032297834754,0.36635435511859715,0.16045662567165553,0.4140546562494448,-0.005158933208269232,0.9371799038225888,0.19763573353356767,-0.1160219787556463,0.5262523835634553,0.40727282936844006,-29.213722501330963,0,51,2.0
3.075131156280929,0.0254986551900101,76.381693092047,8.239162402095825,-0.0015936378280029578,0.3733145469464938,0.173350959322324,0.4336396117104683,0.036141244585023206,0.9623989285941654,0.21641292959238356,-0.175905495485991,0.5418577561855242,0.407762391514328,-32.88566269517879,1,51,2.0
3.07478405622875,0.022355338302376775,74.79310469533883,7.628138485829157,-0.00542504325801251,0.35648534443636193,0.1383987750273709,0.3942164151609416,0.07848926136891048,0.8643811895307894,0.22314472977103753,-0.22017393613864536,0.545134151647959,0.40771636604387135,-33.70426037528773,1,51,2.0
3.0714623220995363,0.016093539761551087,70.91390397034439,11.048847090695816,-0.022176752779998032,0.3039919290071265,0.1824028208924859,0.29412698686175276,-0.011913884065899194,0.7088089879892386,0.21992024401693017,-0.23744384496148124,0.5377990887873406,0.40727590390673635,-32.04785346458729,1,51,2.0
3.066553835190979,0.019139918181662864,67.90414669466954,11.031108421486758,-0.029858717293131585,0.28765825690181634,0.16174131025578461,0.29897761185049293,0.014545992783763829,0.8093963938339267,0.21310284818176628,-0.22055088756698538,0.5269311390696787,0.40662503854252036,-29.586495941906456,0,51,2.0
3.063804656267166,0.022166273387181627,64.76314441363017,9.288763392616422,-0.02479500279707067,0.3559435885639587,0.149730519848127,0.28972531862145146,-0.01628325832094632,0.8983437661737633,0.20162804430802672,-0.1806798039959433,0.5185171809688546,0.40626049721759316,-27.631700477916944,0,51,2.0
3.05600941882414,0.05239399350866537,61.33346100881988,11.578517613445864,-0.06805473799799003,0.6127641619383359,0.16386588640949307,0.35808739541405155,-0.0066267534286952486,1.2868904562367502,0.1882380057271954,-0.12561562187628852,0.5010651091306895,0.40522684872969533,-23.650520862925983,0,51,2.0
3.0449991968332553,0.0606596346376161,64.79589564192528,12.402511092227837,-0.03690161745922238,0.7305732245968959,0.10089201721198418,0.33770282128109347,0.06795386878737047,1.3309714148255103,0.16551382388174987,-0.07672230924167137,0.47338937239266893,0.4037668934951946,-17.243236139246008,0,51,2.0
3.0428905995453106,0.06115453432186011,62.66385183147356,13.606925670139782,-0.04253497471412023,0.7614739736117169,0.10471297851672359,0.3627353262315188,0.01802179301340206,1.2777975729906623,0.1435689192148116,-0.026418770387706642,0.4608847627247735,0.4034872936812347,-14.225347351057916,0,51,2.0
3.029806128319572,0.06773777432431956,61.81930905697393,13.516332752867042,-0.0046302670357274076,0.8591076728288927,0.1306193105730356,0.4100695345797693,0.06057303344063899,1.3217622061219532,0.11304512429220974,0.003826866978393842,0.43655091270776536,0.40175229281893593,-8.661710340135542,0,51,2.0
3.0287569065888724,0.0556856883449191,66.50551232169656,12.494311958629456,0.002611355016044542,0.7166539347991542,0.10611043695141287,0.31963950635385385,0.021386027957002323,0.9370922439812271,0.05570020751291744,0.01967278505569655,0.43363667226776065,0.40161316581784573,-7.973719284003589,0,51,2.0
3.02446689675836,0.05667813670183874,68.16854986489987,11.257808815123196,-0.017341479512990688,0.6309514245301402,0.10616844454232384,0.33788141060162047,0.05671557276418396,0.8305063481727893,-0.003818460185940634,0.03385379671993943,0.4248379219077456,0.40104431052013806,-5.932913337368673,0,51,2.0
3.011201655747844,0.06241560367285576,72.93387563555848,8.943641857214864,-0.014942751941727657,0.6699756662823785,0.09408422690980575,0.27057731973637156,-0.016112603758480035,0.827881657830018,-0.06348546284742398,0.016024237482684583,0.3900861300699727,0.39928533937519123,2.303918626116752,0,51,2.0
3.0135729044091466,0.0662924159700122,74.6783460635765,8.438398890298979,0.0012423905963991203,0.6477277592398771,0.11548822928293079,0.27218839933210476,0.04995634202279296,0.8486062800677162,-0.12081837799735641,0.0026600459926968776,0.37965040762245916,0.39959976692011157,4.9923350685138645,0,51,2.0
3.0233503112605975,0.06876965795673698,72.44467500611847,11.298044408903568,0.009513679964869631,0.6646499313862404,0.12774922844826006,0.3188857688181337,0.01869322564087662,0.7282651869730947,-0.15703087571959246,-0.019585852667055446,0.37696168954743303,0.40089625147243546,5.970263337981874,0,51,2.0
3.0401729760216734,0.05945568189307114,67.67230403657054,14.013746683830057,-0.02312817833587235,0.6395420701750354,0.13817265206107907,0.32601391163229515,0.027095114702687544,0.7081276577186907,-0.18687946106786074,-0.04421702811996555,0.38626180699135787,0.40312693680100486,4.183577992450582,0,51,2.0
3.0420526914736805,0.060749892719116926,67.5628673843309,14.037695092152173,-0.008496505372664508,0.604011164240704,0.1166200022779259,0.38816679369244095,0.05576632164564787,0.46090558251598546,-0.22566220121026315,-0.05901030590956659,0.3987993204818458,0.40337618688517995,1.1346397115496898,0,51,2.0
3.051851724292718,0.045231480516254,67.73185960451762,14.283827819133995,-0.029332592352932573,0.5773338666019937,0.11535492722018093,0.37677672295623865,0.05244055624101676,0.43799225715262197,-0.26611754222607026,-0.07792031257308674,0.3952108613707264,0.40467553864915196,2.33883108181423,0,51,2.0
3.0493477635523853,0.03798025645383613,70.30172207776238,12.485011521437956,-0.06563705045218561,0.6026537536055071,0.09081095844215038,0.3870739384689342,0.04694356491752699,0.46605980931819496,-0.29891369957169683,-0.09869995930566842,0.3760212986708848,0.40434351325475115,7.004493371462184,0,51,2.0
3.0428437491257987,0.036820920295910504,74.06769574857226,9.84907328866638,-0.03411802897850672,0.6363782414359065,0.12368930240764338,0.36378552729311014,0.025475199462151994,0.4944182078754149,-0.33849234200957223,-0.12322604878621547,0.35658195526625464,0.4034810809405202,11.623624474521343,0,51,2.0
3.0430320442891587,0.028595832046341314,73.85367999357335,9.763172618910957,-0.04288413872321447,0.6669873643587435,0.10217754082644687,0.33553993789910747,0.008901510314614164,0.5802901109770413,-0.37502414819466695,-0.1523763382814635,0.34586364622965377,0.4035060492677217,14.285387577875653,0,51,2.0
3.0297236407504364,0.032351667350630525,76.83655168495926,7.5757857326614495,-0.05450690055594725,0.6892726016147089,0.08139680851908292,0.31292917265689,0.012809590162599789,0.5610884106503741,-0.3986284165238285,-0.17919599550391582,0.3286498878923418,0.40174135496475055,18.19366270590239,0,51,2.0
3.006796631742926,0.043814261626742436,77.66384984932694,7.129005313763448,-0.05760374592215407,0.6688373127653717,0.10038935086306404,0.2586336742490031,0.028090229732733146,0.5252845617329794,-0.4100284403296063,-0.2095798916191439,0.3172584901414418,0.39870123336459073,20.427010605375763,0,51,2.0
2.9861935044036194,0.043899626437757217,79.48705766715256,2.2213754573200566,-0.07536424711054447,0.6231652745960181,0.07104453050038394,0.23810449514261967,0.015030909914012049,0.5029875561367974,-0.39632510331422777,-0.23849705066156673,0.2859118181486273,0.39596925867942634,27.79444063355956,0,51,2.0
2.970509207716175,0.03961990505404731,80.0,0.0,-0.04707066218058268,0.523169402214597,0.06493229506646886,0.21278928345702347,0.020840123661008535,0.44572215543278376,-0.364780291256848,-0.2612900043211108,0.2643235917749101,0.39388952075178046,32.89397715622895,1,51,2.0
2.9597906154744766,0.023832858067863165,80.0,0.0,-0.06494581640935411,0.3409493551904297,0.07483711385843801,0.1816067618054233,-0.009328008282418344,0.4048981304471536,-0.32250758105041544,-0.27807010345097044,0.2468175784266954,0.39246823541206216,37.11145102799072,1,51,2.0
2.959877734090768,0.03059619741071935,79.40258933048622,2.083244356215638,-0.004455258302828845,0.32781629985087846,0.06358530883695565,0.27332642287639003,-0.030618385357015273,0.6739005628665834,-0.27769038366304055,-0.2865819545225764,0.24836231168148232,0.3924797877374992,36.71971922090582,1,51,2.0
2.959482001907685,0.039652332743959025,79.22707277185776,2.215193215322662,0.043519878942592474,0.391807131767921,0.048219068815895154,0.301373675041113,0.017411605509765008,0.7346264246996681,-0.2392519371889299,-0.28838087224603237,0.2665217524693252,0.3924273136461261,32.0837915197557,1,51,2.0
2.966691612028608,0.049700967476282644,79.153029423134,2.250942383789545,0.012179347814298143,0.5540807705600336,0.07178754417919646,0.3719248054079762,0.023016050275342138,0.9858302941990106,-0.20783550423442534,-0.2923736184098141,0.2889419833031262,0.39338330777732156,26.54950589141809,0,51,2.0
2.971069611755072,0.06903695110143104,78.76601806341434,2.553649557014829,0.006319815913836162,0.7623003637848895,0.1121436245009011,0.47896481254726697,-0.01429170812023621,1.1879167969489248,-0.1850913265973915,-0.30051804906354795,0.3116011772930661,0.3939638305534432,20.9061459131092,0,51,2.0
2.973282214473276,0.06642813528931509,79.43645531523461,1.6605635623153392,0.022045151494881687,0.7290138922857221,0.09527960843315311,0.47653156369572536,0.021321750373816957,1.1040581422205693,-0.17006121608641478,-0.315295815256229,0.3379766729437849,0.3942572214742548,14.275083743556749,0,51,2.0
2.9801393817452824,0.06035967667214438,79.53894529155656,1.5253748898119117,0.021469515109179067,0.6682912184091971,0.10902143554652438,0.4515884045941909,0.020131805546435656,1.0404036573859505,-0.15185431202749428,-0.34163315503106906,0.3646382970536861,0.39516648185873515,7.725398333748945,0,51,2.0
2.9840392324269986,0.053076495576028365,79.61298864028034,1.4525697622120597,-0.014640460393446334,0.5576847851264657,0.08707780869422006,0.4178028784116308,0.01029052939631191,0.7979812269358314,-0.14337165911820557,-0.37303336163093415,0.3825125186599636,0.3956836022286702,3.3286907757918427,0,51,2.0
2.9869083189496806,0.04371934605414276,79.11697284848083,2.7252591998387627,-0.04140024433168126,0.5122971894984347,0.07336371388359397,0.5224035568870126,0.03843109035754905,0.7940027387408106,-0.15167937360553377,-0.40660885141923714,0.3830278994225535,0.3960640432657849,3.291423209171074,0,51,2.0
2.9874049875081754,0.04493964587805181,78.99259277418548,2.825047943835652,-0.036477857269346714,0.5550063719374831,0.04276729649042382,0.5682167528153801,0.01653281314408078,0.8107574248641888,-0.17581927016140214,-0.43194783592659847,0.3782039188334573,0.39612990151443794,4.525278857376868,0,51,2.0
2.981900053865769,0.04509150253477703,78.99259277418548,2.825047943835652,-0.043622730500703935,0.5529173707945715,0.010154601807395617,0.5703530180066514,0.02524161185411846,0.8100258531446233,-0.21679248552894798,-0.44082162354674886,0.3598192617691174,0.395399947119363,8.998657083660289,0,51,2.0
2.9735305624849655,0.04381887075341789,78.99259277418548,2.825047943835652,-0.015645456098604436,0.5425080246638665,-0.0025303353208537193,0.5389339402731926,0.02930306190369176,0.7803472964464634,-0.2518170814570023,-0.4350496867198744,0.3440699369973437,0.39429015256441996,12.736867821945207,0,51,2.0
2.9651760143392227,0.03774512914168125,79.44560401579913,2.2257218755154247,-0.0063468372887548275,0.4317522502332671,-0.03124096328575237,0.4064790040633176,0.05850022611226521,0.6402515998814775,-0.2701590155685316,-0.4113461047548486,0.3294942588282707,0.3931823393107082,16.198103046563507,0,51,2.0
2.9665887694732818,0.04676834294648346,78.4888233016519,4.477279702874331,-0.011529065979023775,0.514427274137082,0.021372423635101785,0.49853482470436994,-0.01073156600343246,0.9951300302506081,-0.26550756586576174,-0.3808847051844739,0.3215963697455243,0.3933696706491979,18.245763783776848,0,51,2.0
2.9642755728141936,0.05904871472381798,77.81803461149627,5.044456278282904,-0.008455517227012738,0.6164903808186258,0.0371120970550121,0.546439969034424,-0.09975204182167847,1.0570421562965104,-0.25166566280911135,-0.3463899400090882,0.31325581871464026,0.39306294117606955,20.3039040573607,0,51,2.0
2.9656257991697275,0.062182352975133984,77.73993579079124,5.040901961550235,0.022806128742648105,0.6394745744548741,0.0417628587753165,0.5769121692566778,-0.13337333949611468,1.1173667259076485,-0.2320454134505713,-0.30596462380917516,0.31580941241736304,0.39324198118700177,19.690819514210656,0,51,2.0
2.967522296251035,0.055339732907377044,78.08620877359428,4.7598716071458025,0.04087253616136663,0.5761770514966755,0.0037594157106736127,0.5445501021567347,-0.11182810804423164,1.0401814531661924,-0.19940029196646344,-0.26600144994528163,0.3287705516054244,0.3934934564991571,16.44827984423456,0,51,2.0
2.9732937649184583,0.0526120793986395,77.90021384931079,5.153050749096727,0.07582967797769051,0.5058369288192897,-0.02458522530893485,0.46070176189097234,-0.09091660148445882,0.8439258086544869,-0.14715703166454272,-0.22055928268638234,0.35139345769198754,0.3942587532421446,10.872376376595039,0,51,2.0
2.996497195140988,0.050687259571623955,76.09273357017368,8.464957488566363,0.09188108522371918,0.5175257220780526,-0.0017965659864392935,0.6050255811409367,-0.07463259558540349,1.4230928345155511,-0.06983565763477165,-0.17504881403927422,0.39577199145248493,0.39733552786809406,0.39350531375794695,0,51,2.0
3.021801444829679,0.052781622492329656,73.14903915629668,10.71373252539119,0.09726719642240628,0.5892261182593763,-0.01591821164623195,0.5886906814291779,-0.07474017875524712,1.4827165949290482,0.025478143397214287,-0.1414667406698485,0.4402106256898092,0.40069087138194515,-9.862903582396099,0,51,2.0
3.046055203559352,0.04038847346230749,69.14007027943929,12.278376099924987,0.08018352942285585,0.6236431428438234,-0.012910709332893877,0.6156999185177232,-0.0757242188441987,1.548454770372843,0.1058859078233804,-0.11012764970343536,0.47872798559974616,0.4039069201826141,-18.524333622039467,0,51,2.0
3.0600852230015922,0.02402644989710278,66.31289124021343,12.941926251500487,0.04699605133603601,0.6142174891961628,0.015066189654901916,0.6541225728168252,-0.03716219055886362,1.6578114606688668,0.15983731353691236,-0.09565473751830493,0.5065673835762808,0.405767300759477,-24.841844729266207,0,51,2.0
3.0581979623027875,0.017192742313380804,66.08584187077541,13.459055301372096,-0.007473520350222494,0.5363242325688669,-0.03604071338971456,0.5280018111241748,0.015961306425286273,1.2361292262010393,0.17185431451004218,-0.0956475872351407,0.5094661638185374,0.4055170498004502,-25.63372219965576,0,51,2.0
3.0433510483479966,0.03400267575414554,66.64259440291161,14.248946930974942,-0.04447000064686233,0.6115582982654831,-0.028317553593831903,0.6653003871435064,0.08899161124638483,1.389161137888227,0.14401848225252079,-0.09232067552106216,0.4887887327210068,0.4035483490112532,-21.122718979919952,0,51,2.0
3.0345667425323937,0.045683160153377846,61.86711912529141,21.61134199493657,-0.03592343496925691,0.5874462103020586,0.05331725393440209,0.8010829341530066,-0.08653298086103271,2.065743235081879,0.10579916313674832,-0.10089479586272677,0.47140798367545056,0.402383549873731,-17.153890566197248,0,51,2.0
3.021874164833742,0.04672751902035111,62.872764802446554,23.47604455368836,-0.013282334249393613,0.7249862958568117,-0.0685314820969806,1.0080840351919014,0.1324663766312833,2.8067357008424287,0.0654247377551396,-0.10498597101039321,0.44151383872488875,0.40070051407961205,-10.185493457382444,0,51,2.0
3.020126265638015,0.05540599153883875,62.21576119404213,22.941776996461325,-0.031317751343343775,0.7976939099939729,-0.011766755697773952,1.0245435362178403,0.01943243090428558,3.1212112190214163,0.026505834341272617,-0.10849785486434826,0.4189814400048812,0.4004687430245979,-4.622757032287583,0,51,2.0
3.017889122168223,0.054994426367229385,59.864393533444876,22.305460502247158,-0.011562184521964952,0.8519766392582303,-0.029144339701708627,1.2159727216547143,0.10469727130497203,3.5080007303724514,0.00492563665265711,-0.10942029637685309,0.408834091764464,0.4001720978025388,-2.1645671973360203,0,51,2.0
3.009188502442603,0.05739210332279171,66.51276786654603,13.470323952399303,-0.021036677792960524,0.8578041743178796,-0.04020126163959503,1.1657521185835273,0.16133621159721823,3.210237472226752,-0.01630941279052159,-0.1075812386189865,0.390554837517808,0.3990183954228268,2.121094666838663,0,51,2.0
3.001502088471955,0.06427923836073579,65.78325877470128,13.702406256025697,-0.01168609717312981,0.7259615558470088,-0.002909575607262406,1.0133821655651458,-0.04213428964801863,2.69323541628698,-0.038336896956096086,-0.10042349288464732,0.37859260952605467,0.3979991769072964,4.8760320390717755,0,51,2.0
2.9950901947769464,0.05813679216075357,65.06007995792464,13.928813561933884,-0.057611851131214815,0.9909722464493352,0.008768469387409734,1.0413779516788046,0.02986152762291478,2.4798567351419805,-0.053303516965478366,-0.08336414610876164,0.36656540306390967,0.39714895963783414,7.700777210096199,0,51,2.0
2.9865080036369025,0.05934397924315846,65.90229892730713,15.257554987356398,-0.0431991856472165,0.9109449960302427,-0.03156011069522185,0.8321259019205571,-0.03746067177431256,1.9531367245681073,-0.07078200317303023,-0.07415216929455336,0.3513291652129073,0.39601096108620737,11.282969479113314,0,51,2.0
2.978310434257283,0.04896483814084288,68.68381615246044,14.673044194494578,-0.016704513600059583,0.8924205578507967,-0.049094494066986384,0.7487816797294494,0.07087057186108009,1.7384024350120832,-0.09332575039847535,-0.06078402302047791,0.3368209780531921,0.39492396357481857,14.712448694093695,0,51,2.0
2.985336524598739,0.05545118600871948,66.08082927442065,16.00436775882452,0.010047911867207172,0.9691190223383265,0.010083462677749932,0.7653173133849881,-0.08171928542501786,2.02428957493627,-0.10541782065634865,-0.0434095184270899,0.33859034968971974,0.3958556233840028,14.466201895718045,0,51,2.0
2.9775541272817874,0.0637547482700002,69.65048901240031,14.483517532624411,0.009750763429146186,0.8157031206285487,-0.04606218343856288,0.6754191167354366,0.06826245054310444,1.9581930236483167,-0.11799191610149766,-0.0209386327692208,0.33562734546434464,0.3948236774839693,14.99310588383549,0,51,2.0
2.9756694120519303,0.07356460036155237,69.13608977373909,13.111828699827585,0.035513729879669116,0.8980865245264935,-0.03688854797213685,0.6740403978654781,0.08187567355001674,2.019831185521923,-0.13060679573007272,0.006223853746914433,0.328897045226146,0.39457376405113187,16.64497866018152,0,51,2.0
2.9824306766192117,0.07685190331543176,66.07178121454575,13.780360561199696,-0.002330958843231201,0.9987571984753129,-0.054329011881468346,0.7288859506093628,0.1622905900665358,2.43847987419644,-0.13497348734854506,0.03415766720287233,0.3306378227623091,0.3954703077163738,16.393768050106495,0,51,2.0
2.9847514161876605,0.07128210234065141,64.6516619944105,13.69716138737999,-0.03050350032600702,1.1123422376046002,-0.016956618822672787,0.7166367335566921,0.11870174051499834,2.9172346516027376,-0.14087262781291487,0.05753978498037173,0.32420985878050707,0.3957780375793904,18.082908095810456,0,51,2.0
2.9867109031069514,0.07259261543621644,59.56067017012951,13.274843310090665,-0.026763877740093305,1.063800667852951,0.0016706960604471318,0.7152007348135601,-0.03644695059925902,3.0206133513701685,-0.13877716191922265,0.07723324737708955,0.32683773797288673,0.3960378655591701,17.473108913103285,0,51,2.0
2.982443866192126,0.07473808255370462,61.75422069138172,14.322907788976446,-0.02142649246197121,1.030644848443941,0.002420164279493631,0.6672598696470842,0.04810785399932487,3.0461470370193013,-0.13296120445887158,0.10007416353606116,0.3253548518381457,0.3954720568654086,17.73000236300537,0,51,2.0
2.978741473427006,0.07643828282596989,58.48419934628057,17.792952496690912,-0.010640365235945758,0.9840189430161296,0.03194586932659149,0.6100401495555221,-0.11652034024397533,2.813874260720478,-0.122235471471787,0.12271326753609788,0.3166990295354467,0.3949811196200414,19.819197980880567,0,51,2.0
2.96401272743356,0.09028332764125908,58.81020671246099,22.694723857773873,-0.024925491973465563,0.983058009481484,0.004029507146162146,0.5583862889256483,-0.006134443423327278,2.3387251016936967,-0.11913809584063428,0.1394530958759341,0.30683386180209005,0.393028087679584,21.93080560383862,0,51,2.0
2.9676482227503085,0.09515097263706662,56.683735810074154,28.233203514282376,-0.05803127031700284,1.1725312338306375,-0.02022024010326348,0.6127918458986834,-0.1615105060970082,2.469010739859315,-0.11790677940768633,0.15159108307809407,0.2985179605761159,0.39351015435937803,24.139705857884753,0,51,2.0
2.973921841850468,0.09850075624087767,53.621102809906006,28.04248256697031,-0.04282737274964651,1.3065146923124413,-0.0573378967888215,0.7573557364309548,-0.0829142486932231,2.6479471719173846,-0.11049402770463547,0.16350158312146137,0.2928669636109431,0.39434203606233376,25.732755621150783,0,51,2.0
2.964530649138432,0.10693479850750871,57.12770628461651,27.240720517162902,-0.005551890123124216,1.3485901160015403,-0.03914017829240537,0.7731821069793233,0.0912958012492049,2.5880914182460955,-0.1102192389077139,0.17120525448532278,0.2787767824475142,0.39309676389192744,29.08189330091835,0,51,2.0
2.961904864685208,0.1138351321643663,54.804841322057385,27.890228917529313,0.06095418377834208,1.304064700411961,-0.03141227802809547,0.7412249121947018,0.16075068420054867,2.810371234905064,-0.1027546148845922,0.17499201642852458,0.2795752434321624,0.3927485852854077,28.815722345887764,0,51,2.0
2.967484787983053,0.10639519297045343,55.550177508709474,26.89988487482352,-0.03582781334133709,1.092188736364341,0.03360508893634759,0.6479430414738314,0.08656844350637175,2.7371957663312103,-0.09007120040993633,0.17763796317998246,0.28249026842688224,0.39348848310197293,28.20875818272053,0,51,2.0
2.9582730444038616,0.12000264344820011,52.832547038209206,31.336650596976963,0.021365909161520938,1.1082488074014847,0.02424258841019051,0.6821834341404162,0.1876179987893385,3.2798614423121473,-0.08427092427186525,0.1688762057556182,0.28867965842458104,0.39226700570082673,26.407356665436566,0,51,2.0
2.980590198554245,0.11679677624608403,48.07830815221749,33.84066703511516,0.004078307061218748,1.1289164651952044,0.005388670400077221,0.6712279932562228,0.05064535067946303,3.369443748148707,-0.07169554160271054,0.1624565880952879,0.3100608568287753,0.39522626035479874,21.54851842323674,0,51,2.0
2.988839382050084,0.10120254212255227,47.433386671776866,34.828784950284486,-0.11465926154279242,1.038274503817561,-0.03702784694877325,0.6571039337303032,-0.17328928337962018,3.0725683064992997,-0.06875398959123205,0.1617066189512654,0.30061668927499,0.3963201018980921,24.148008684079013,0,51,2.0
2.9878353885575835,0.1121271417677434,44.570902534559664,35.34723569038272,-0.0768125665684541,1.2501939841784024,-0.0342669124696769,0.7158333948129889,-0.07916074216950174,3.1094406043614535,-0.053482202711461,0.15931296466589442,0.2948181433575658,0.3961869723055006,25.586108588590616,0,51,2.0
2.9880627650840608,0.10978785511459854,45.1592880043329,34.9972602848029,-0.09116435584192183,1.1719367373353067,-0.040488590796788536,0.5958796744330217,-0.1563961463523846,2.700244069990691,-0.0472994509707553,0.15371486447932053,0.27547065125921716,0.39621712284279004,30.474824186606988,1,51,2.0
2.9776499832377716,0.1172221765427336,44.461593057595046,35.752000562617106,-0.1044484623799137,1.1750423354461024,-0.05662023203045714,0.6205538728430305,-0.2078861255271762,3.0108175635094616,-0.04329620923249847,0.15037430090279813,0.2566769906059782,0.39483638796486153,34.99155639403195,1,51,2.0
2.972272791114508,0.12215259341000208,51.92578500859878,34.96965541289066,-0.023798205250618504,1.2113528939708893,-0.025032293562795602,0.6334481028898514,-0.0273667386933869,3.2270463045541953,-0.019596139333498526,0.14180526279281594,0.2566958409310616,0.39412337205627385,34.86916556310952,1,51,2.0
2.975785422558878,0.12326957183491853,46.91828135883107,36.83480340376284,-0.09827069806701996,1.4318732285573645,-0.06577351601684794,0.6022416577513956,-0.2121848370514664,3.4648377798103662,-0.012647069976752722,0.1326278694367558,0.2667813468931232,0.39458914702951997,32.39009514036005,1,51,2.0
2.971847828696756,0.14452025171833885,48.540475443297744,37.23454401012222,-0.15147910208678714,1.7481048404950124,-0.014377393558913586,0.5538124840823586,-0.1006158071697927,3.9857619394461943,0.0054067310190089295,0.12843502849932883,0.28427179482116277,0.39406702193952264,27.862069395700438,0,51,2.0
2.961644873899572,0.15127292267002201,50.51750999338486,36.53100880851237,-0.029291930882369772,1.9955733237906519,0.021468260416797565,0.5559120291362327,0.2672030036063755,4.1511219417846705,0.01951896780130844,0.12475591890205283,0.29384271370600024,0.39271411014702895,25.176430865703313,0,51,2.0
2.962396825061125,0.1500548187990525,49.447268252279244,35.87552109480438,-0.06551087282451928,2.0609276917889217,0.007591474070852878,0.5226279759276417,0.12626405746913424,3.920600690883233,0.013271621389266186,0.1287004780132337,0.26377067133986737,0.3928138191144966,32.85096946577024,1,51,2.0
2.9565290785303304,0.1318257199444413,57.911346500995116,29.53985191501188,-0.11884190405116361,1.7487692392795502,0.05039285744229952,0.4431542839703308,-0.022488365424614326,2.900574308107527,0.0004843757773093574,0.14044867399367555,0.22100384427400938,0.3920357560714445,43.62661036618973,1,51,2.0
2.960007667541504,0.10659134374872369,61.06823003993315,27.303068457591518,-0.05961984191455093,1.447222242202744,0.03060629591345787,0.4156495529417487,-0.052485253004466784,2.438423455230868,-0.01308825630308759,0.15112847483783373,0.1964670709074105,0.3924970169342523,49.94431487862213,1,51,2.0
2.950561720950931,0.10275767537352959,61.258076667785645,24.140455566918224,-0.012505280913091173,1.5118068057393546,0.01389323795835177,0.45968226320135996,-0.0015872094561071956,2.154728835905692,-0.025875705347089134,0.1529620880785501,0.1756253858441431,0.3912444842125651,55.11108963040998,1,51,2.0
2.9498691032914555,0.10730236556348144,59.43064972933601,24.40294751147936,-0.01609725066844155,1.6247434222451753,0.050872227140501436,0.4899910643896672,-0.003762686661645478,2.229441217958095,-0.029858939228637894,0.1501536036877192,0.18453881776233838,0.3911526431195824,52.82178939388592,1,51,2.0
2.944867737152997,0.1190663546674682,58.37640713710411,28.294720145585327,0.039077118550445517,1.8022712759543469,0.020827875417821547,0.5372300635642124,0.10807439830957674,2.5458041597694785,-0.03420449113769045,0.13765997257118442,0.1894823526752735,0.39048946176004384,51.47568084904924,1,51,2.0
2.94991099951314,0.11648637358774429,56.19294740639481,27.442186258767777,-0.030219067326363397,1.9572858439254832,-0.007901181192959057,0.5313991335320779,0.013496201120170892,2.4946647923555743,-0.02858912404497773,0.13359916641613045,0.1859108027874192,0.39115819836106513,52.471710022600334,1,51,2.0
2.962865901928322,0.10347409483763055,60.48719779182883,26.406223040039627,-0.07019499798907954,1.8341593998557013,0.00560374002830655,0.5253522634801396,-0.050991195674036066,2.3164505742804606,-0.02554942571971459,0.13251506928179668,0.17323278660684419,0.39287601879381306,55.906500188356056,1,51,2.0
2.9539685635005726,0.10734628486169875,61.11583267473707,28.661792297665087,-0.004771256198485692,1.7282615591738986,-0.013290377370282715,0.4886118740228968,0.08037439682612232,2.3985055952902843,-0.02124959477190756,0.12624730028013229,0.17234135560162264,0.3916962317270638,56.00127301665974,1,51,2.0
2.9591841370451686,0.1093533542616706,59.953565504036696,29.79997563819554,-0.00826636365815705,1.6367491847225337,-0.018368762351718602,0.4465415460918572,-0.040271943763774985,2.5500926624889395,-0.00703565931855225,0.11950468058951995,0.18783738612286893,0.3923878165823815,52.12965892802315,1,51,2.0
2.9552201552718294,0.12975309044198483,58.853826578925634,33.36167854961462,0.033213086864527536,1.5199528720589532,-0.013979695153002646,0.39464496282890293,-0.052225538401627074,2.8909890818474415,0.0003368509805575477,0.10758968346348595,0.21760331364682733,0.39186219260737803,44.46942885739106,1,51,2.0
2.950866883876277,0.15157854041693303,52.456631342569985,35.50739796321246,0.0491257914725472,1.9714833401832255,-0.023358670081578048,0.34862360369200435,0.055235905024935215,3.501811723361358,0.016008162881239445,0.10063666829736974,0.25607386228947127,0.391284948662659,34.55565741419768,1,51,2.0
2.9530048382048513,0.15193256992768295,49.771762399112475,36.63547041734806,0.018955562921131357,2.3762392445561797,-0.002769577371723512,0.35534977864954687,0.0962653563303106,3.8530620867004672,0.03070005276688706,0.1004949680793368,0.28048264892316843,0.3915684413977166,28.36944470755195,0,51,2.0
2.957881868469949,0.15466023911023605,49.83019832536286,36.56555132765064,0.03241603631599277,2.5943343120870757,0.007576541354258855,0.37022299624815275,0.20808175907415502,4.078378145196547,0.044986591475071086,0.09673228111844757,0.3040070666461522,0.3922151360323104,22.48971579181781,0,51,2.0
2.9652720456029855,0.1470211878263052,48.351176523694804,36.84418052429396,0.0296380936953367,2.664826774722125,0.012300707326800215,0.39988368281397846,0.20687874318922267,4.262140788548627,0.05398631206148615,0.09449316536938464,0.3115208786152554,0.3931950735095406,20.77192731976165,0,51,2.0
2.978430659747591,0.13589509785489035,46.64339402142693,38.335124273503205,-0.057780654041790495,2.8344844648654837,0.005627441639993705,0.4364606846405885,-0.11489677911295611,4.363776311639593,0.054490644179721465,0.08441070848321201,0.3254636041057713,0.3949399054858123,17.591613411305907,0,51,2.0
2.9828086787579107,0.13151273134060618,44.297228747723146,35.84596323429548,-0.15446768927515722,2.6063229981202967,0.011451051442646513,0.4490170485606761,-0.15514127018989302,4.251289510244383,0.05479006509891215,0.07855844124313599,0.31311440835327614,0.39552043081484406,20.834833308559187,0,51,2.0
2.971373788281983,0.12155227939763766,50.702304288452744,33.729611119569455,-0.09768281986608225,2.4624180779873903,-0.004546069704434451,0.4623353653759145,-0.023838020568969203,3.7764326504275867,0.042638027261773834,0.09228456533611834,0.2669013194530369,0.3940041641124282,32.259264301359714,1,51,2.0
2.9637014246454427,0.10664416575166594,60.080721995409796,28.129491362614626,-0.11169600830066438,2.1970951079504073,0.010624406603621501,0.4454459211699731,0.012685856398414163,3.0533809877029308,0.031832421331917264,0.10805811983306099,0.21792334042196274,0.3929868086671295,44.5469070167824,1,51,2.0
2.9539969540109823,0.09092755908083958,68.5827229864457,19.09343927821576,-0.011491024684087903,1.6325684850129567,0.01510168758093142,0.42420810011644555,0.16226976423286923,2.102632708334676,0.014129462854089014,0.12338734865033288,0.1693216555324797,0.39169999624562946,56.77261752479046,1,51,2.0
2.9570428647247016,0.08095671140152857,73.8663985121484,11.722574793543195,-0.016553558920528375,1.3185144647145692,0.032206830440783034,0.40750839543892925,-0.043795228442725015,1.4467775154921156,-0.0033956123885066853,0.138008595686361,0.15614611270830345,0.39210388394905465,60.17736138298716,2,51,2.0
2.951838337907604,0.09585396151977779,70.57022342962377,16.827972374562684,-0.020330997877845577,1.3070790557859575,0.0247908389451457,0.40183163740959255,-0.044060974290557935,1.5013896840716647,-0.014565037760157707,0.14237683945157256,0.16641374279362778,0.39141376356342494,57.48393176606781,1,51,2.0
2.956606812921225,0.09655436327505876,67.45510514109742,17.973884200430692,0.03519968673879025,1.8600847733845642,0.009965547890055413,0.4658757082184655,0.04557429137183171,1.8915969828678467,-0.01705220839823485,0.14792670644551423,0.1857423411240418,0.3920460633790045,52.62231699939854,1,51,2.0
2.965487597619786,0.09678786741016486,65.84459665242363,16.37837947501508,0.008667775959360833,1.8904884874518963,0.02199354051959281,0.46878746397759063,-0.0468839294478005,1.9813139417335202,-0.009915501664586757,0.15729379699465904,0.20535004469707802,0.3932236552460481,47.77779974386681,1,51,2.0
2.972739278685813,0.10159534342778458,66.14968239559846,17.13581338448943,0.06964070875855054,1.8310749296554483,-0.0048040883506045625,0.4441967277265683,-0.04988037707174525,2.021184931365295,0.0286582865695942,0.18151466464477733,0.2348366465436833,0.3941852281612843,40.42479784463211,1,51,2.0
2.979396289470149,0.09369321594251899,67.25818190855138,14.510095361056168,0.17827282320050633,1.6954817079323545,0.008574669158049658,0.43764832561562117,0.08445072948348288,2.03985074349986,0.08674825929391529,0.22963839842788175,0.27739978591935516,0.3950679481343609,29.784284645381387,0,51,2.0
