feat_w_vel_mean,feat_w_vel_std,feat_curr_mean,feat_curr_std,feat_acc_x_mean,feat_acc_x_std,feat_acc_y_mean,feat_acc_y_std,feat_acc_z_mean,feat_acc_z_std,feat_pitch_mean,feat_roll_mean,total_dist_actual,total_dist_cmd,slip_percentage,slip_class,n_samples,win_duration_s
2.871717793998592,0.5047515761021018,74.31469495400138,11.882708850208306,0.20182949309642223,0.655469683291352,0.21606397959302462,0.5218372918840694,-0.021674773445778082,0.41582723528950605,-0.1382219456975637,-0.5486802469870079,0.2318574190289248,0.34344649690846524,32.49096406107207,1,46,1.8
3.0028550391103708,0.02595405462413975,77.84371802386116,5.184254395115467,0.09283778370887626,0.4406857106716151,0.11908034826902782,0.5220385744028732,-0.08337539996878773,0.31368344220181477,-0.019422658595602577,-0.6059348371408726,0.3345230749602957,0.39817857818500063,15.986671988951018,0,51,2.0
3.009422283546597,0.02051657338460529,78.58724505293603,3.6287259672114454,0.03267602163239145,0.2752849771772177,0.08516950846887102,0.3777120749698575,-0.11799642414438959,0.295612827338638,0.13997021094250445,-0.6242921644815955,0.38595824542562385,0.3990493947940215,3.280583691939931,0,51,2.0
3.017218615494522,0.015531779101262898,78.2504110990786,3.843264269243009,0.03773993128618481,0.3325778533314022,0.017159188312350537,0.36274577350381176,-0.06557516848631934,0.3436691447294347,0.30896861613014986,-0.5465099550740395,0.41633878228824545,0.4000831884152529,-4.063053470799827,0,51,2.0
3.0165785235517166,0.013966295236449922,78.77170545914593,2.563626114081317,-0.0429311185143888,0.37621880446162914,-0.03175515728984393,0.38180158852927204,-0.002033247703722879,0.32908087677837194,0.38770586707161636,-0.40515299873520333,0.412741449307985,0.3999983120283146,-3.1857977637586465,0,51,2.0
3.0136159179257413,0.015273132332624595,78.60350431180468,2.609636920468549,-0.009463185344037473,0.4729287059043814,0.029115390699064613,0.31261736091341574,0.04537250165024078,0.39840009826604417,0.3542401403799664,-0.23379582945307908,0.3844916693953928,0.39960547052145,3.7821807359981863,0,51,2.0
3.010693832355387,0.05907822349744231,70.90357360652848,23.51429253549371,-0.039238145666233466,0.646323226427186,0.05008958610614725,0.34744387375142183,0.10444020236586678,1.9885723595671285,0.22451983052710076,-0.0762033070307464,0.3831313239413296,0.39921800217844333,4.0295473023090995,0,51,2.0
2.996847212898965,0.10260955406110507,63.194009949179254,29.849340645522002,-0.06956268182280016,1.0882486425091091,0.05536166116522223,0.4277829884885487,0.0895856101495013,2.7841368689035666,0.05049984928568471,0.011389410662864209,0.347178775299895,0.3973819406339348,12.633479330729468,0,51,2.0
2.9787396630820107,0.12050168974041497,58.83743078568403,31.533314484139503,-0.03659585724566497,1.3225825265008677,0.02123648878734778,0.46290547764762796,0.1210800550430648,3.142539375122269,-0.07739232001752755,0.06730921416877082,0.2986596834117481,0.39498087949308675,24.386293383354662,0,51,2.0
2.9588239409175574,0.13587917035083902,55.26153321359672,31.966854994364287,-0.05877040834257416,1.4239848373301756,0.034539886302880796,0.516587738672329,0.13038613544959649,3.3656901315011494,-0.1297580177462286,0.09815838679725847,0.25713128537942614,0.39234005452818477,34.46213752285788,1,51,2.0
2.9572006820463668,0.13246499004849274,56.51556077657961,30.58801581061233,-0.057098668105169836,1.4874362843308693,0.0122268154998036,0.6029109292564993,0.040141316313369604,3.068005639204312,-0.1288244090495948,0.09613186625830615,0.21384406521665833,0.39212481040909364,45.46530606070033,1,51,2.0
2.9635975880950105,0.11208629784112187,59.136591125937066,30.16258400219428,-0.046972391706909616,1.249211528636818,0.04134297871268263,0.6910316195607815,-0.014932728427297929,2.5636074680371452,-0.12398818621832881,0.086403716905177,0.1943155143759379,0.3929730401593547,50.55245665271569,1,51,2.0
2.9616787649837195,0.11484899693816834,58.56366535261566,31.654636269056713,-0.01448640568802754,1.239270660094609,0.023432350078342008,0.7135279373012156,0.02632334872203715,2.5384701741364193,-0.11766548656604332,0.08089511132747258,0.19416082307293767,0.39271860426163147,50.559810264657955,1,51,2.0
2.9607863578141904,0.12199975748848302,58.11248159408569,32.56062411590331,-0.0567729898783214,1.1893368712601913,0.014183011855564866,0.7296594095178531,-0.07532132007912093,2.4303042368936487,-0.11030455825737809,0.07628835810997986,0.1939793367075504,0.39260027090751876,50.591135289042036,1,51,2.0
2.9465560679342233,0.1199727914665103,64.22784276102104,27.598290213153696,0.10227244509858828,1.1417820612165905,0.05343388985185062,0.6762836032126097,0.16910227271271686,2.3455035522800842,-0.10325809357436455,0.07666833603831333,0.20506990986243478,0.39071333442193573,47.51397206193698,1,51,2.0
2.94960851762809,0.13524277283278038,59.56701261856977,29.770577805641334,0.0720264852485236,1.575996897178684,0.011159107308177388,0.5620856214982247,-0.02162418675188925,3.1227991216468682,-0.0957631689885361,0.07445157430205318,0.2417308965869673,0.3911180896351156,38.19490762687953,1,51,2.0
2.956288564438913,0.13107110807080083,57.506647605522005,30.25034369340467,-0.025928424050410587,1.5502513150790016,0.0014110675775537303,0.5425186958041791,-0.10313725062445098,3.1393695411029716,-0.08993232462282816,0.08374063685851026,0.2523714914842612,0.3920038638156023,35.62015204957875,1,51,2.0
2.9611740059712353,0.12272380222727212,60.810383001963295,27.117810983658348,0.012861496641063223,1.5449416493945647,0.061467048365111444,0.5377514194724451,-0.02499324317071952,3.179850956127683,-0.08328443536656419,0.0824894399155841,0.2637359776237905,0.3926516731707266,32.83207594810962,1,51,2.0
2.96428029794319,0.1367700345725647,57.623895813437066,30.395291404884176,0.03425407917330078,1.5779578399038925,0.029527509767635195,0.5007910003052685,-0.054907910964068246,3.46243298984485,-0.07527359250658583,0.08360361890791795,0.278870490358728,0.39306356748953186,29.052063476690716,0,51,2.0
2.9655006568805846,0.1339881039381522,53.772505563848156,33.96698112021583,0.02343963565049218,1.1871563991728598,0.04229730897236104,0.5243268168756678,-0.057795553815131094,3.3702957420594215,-0.07239629928505777,0.08802970542459138,0.28920600927746026,0.3932253870845145,26.452864241112117,0,51,2.0
2.962508849653543,0.1528906983071517,54.610537080203784,34.75954364499172,0.06752378650593992,1.4253854372234631,0.031906265948040816,0.4831902121237087,0.2210213848773171,4.144135996874798,-0.06876188478782817,0.08698722102990138,0.32007042805576585,0.39282867347309114,18.521622867814724,0,51,2.0
2.973711986541748,0.1537731139050953,49.01219306945801,36.31200005318234,0.03421829670667648,1.347320192153365,0.04688630517572165,0.5434404270850363,0.06511766791343689,4.28667068390835,-0.05647238998160597,0.10056806586853162,0.34746955579200556,0.3865825582496195,10.11763247537887,0,50,1.96
2.979482577443123,0.14601318498327048,48.63277293205261,35.20803723439581,-0.015449946969747544,1.3677999676264117,0.08165195066481828,0.5523043968850697,0.04294632524251938,4.310205677883034,-0.06598422493008886,0.10915675059365829,0.33562236226224834,0.3873327352873554,13.35037509461834,0,50,1.96
2.9715396160004186,0.15222633539781114,52.03114080429077,33.885225443149636,-0.0011049043021950067,1.3918370431351414,0.046755466171923804,0.602064391820348,0.0792251670477437,4.171044040349909,-0.07893393853435962,0.11923044080147069,0.33570988060650125,0.3940261530850109,14.800101978491753,0,51,2.0
2.977994194802116,0.13941171908534963,52.219973031212305,33.10995665226747,-0.010279414262257371,1.0385057680042802,0.06635283751814973,0.5752487266129992,-0.14338531301302068,3.875289827147962,-0.09482948396770886,0.12200929793970373,0.3246449805669631,0.3948820302764363,17.786843746803036,0,51,2.0
2.975405683704451,0.15202677179506507,49.56540657492245,35.2824678772334,-0.005706573818244186,1.2657594228610798,0.02875070814408508,0.5699167713875163,-0.15706346870637408,4.022198500827335,-0.12521328966340253,0.1142656406150453,0.3116829320977974,0.3945387936835018,21.00068812299639,0,51,2.0
2.9703417128207636,0.16277485513734985,51.84718103034824,34.52732463234218,-0.005388504442046671,1.383152321060734,0.06273334531807433,0.6100956350969086,-0.03708673516909281,4.201002705167734,-0.1490929730025699,0.10607052678947004,0.32090590777142025,0.3938673111467547,18.52436120248352,0,51,2.0
2.959944248795509,0.18257725265329355,49.99717692375183,35.380480271814115,0.03343215510249138,1.540216605798652,0.06959042906761169,0.5610917491887332,0.06900353968143463,4.326504313144217,-0.17766291806694195,0.09496977884717117,0.30938322740384916,0.38479275260247825,19.597439060016075,0,50,1.96
2.951449970404307,0.17682080596063407,55.273800550722605,32.41022563840845,0.009375630494426279,1.4573941891304116,0.06743974494291287,0.4922703481625715,0.026125941352516998,3.934224363400093,-0.2025638218851474,0.08726314891887009,0.29657517836688047,0.3913622661220188,24.219782017918313,0,51,2.0
2.9388446334530327,0.1720746890089766,62.00448772954006,26.035400057336062,0.06919418742843703,1.4188576670585706,0.07731763310000009,0.44090231434425525,0.17459415644407272,3.61282241669752,-0.22762294643989697,0.07901204898428446,0.26690343327097366,0.38969079842483473,31.50892082907234,1,51,2.0
2.9453118688919964,0.1454772333325396,67.42245381486183,23.615702095512905,-0.08759030860428717,1.2449126025679245,0.030905509038883096,0.36218138924064375,-0.054254857786730226,2.841116533744856,-0.24527089577929842,0.0699423696590383,0.2390574033478539,0.3905483536448264,38.78929430457716,1,51,2.0
2.940423350708157,0.10801022671237759,74.27139565523933,13.005623102118497,-0.0877885890065455,1.0006991408073918,0.03780336539242782,0.3200297288895176,-0.07801542365375687,1.9113921807765075,-0.2625508166714784,0.06300832224357095,0.16947427368047335,0.3899001362832405,56.53392807296691,1,51,2.0
2.933379247492435,0.09042545576827918,78.09346067204194,7.382899186204015,-0.038225736615120194,0.9316438628281127,0.00711515838024663,0.3061068225286393,0.0567728686055132,1.4824663490490582,-0.27593276213408935,0.055574495016296875,0.11853831315306929,0.388966088191836,69.524769188977,2,51,2.0
2.93523963117132,0.05191302976583083,79.98026114819096,0.13957475967004404,-0.09512954665457501,0.6173317003507212,0.024304969345822054,0.26418574425182123,-0.06906662976332739,0.7814545862497578,-0.2820050888219548,0.05052018515500129,0.06724342008308112,0.38921277508907004,82.723223802792,2,51,2.0
2.92748166883693,0.025345035210558538,80.0,0.0,-0.004601134133397364,0.32969284229226825,0.0017734764362959301,0.15071022745337087,0.005102498657709243,0.33651679959572683,-0.28807947436346026,0.051172542742496975,0.029964732378090844,0.3881840692913827,92.28079286386212,2,51,2.0
2.9234512454154444,0.01659054938679608,80.0,0.0,0.029402918638844117,0.22480527616724427,-0.0015311146374134457,0.09984409948428857,-0.002442122619672149,0.16252442763992228,-0.28936993652798665,0.0530720459101516,0.035618711964431705,0.38764963514394757,90.81162247161532,2,51,2.0
2.9201299735144075,0.011700924169898966,80.0,0.0,0.054295026898091917,0.19714638622723274,0.0037999272748243575,0.06857616285219616,-0.0009840303374563947,0.11991593243633321,-0.28484274622067857,0.05573873160362738,0.05344744219417511,0.3872092346789136,86.19675425910349,2,51,2.0
2.919876789345461,0.013914505846470188,79.85820018543916,1.0026761044696073,0.0712702334036722,0.2096028196829639,0.006892503316824635,0.07196331995593226,0.004574527251808082,0.16925126615874395,-0.2772375481043412,0.05694403833064738,0.08030997083362122,0.38717566226709943,79.25748473874422,2,51,2.0
2.920459130815431,0.024650531016632397,79.8174368540446,1.0224223739729332,0.07557629110912482,0.2571338323726513,0.018538887306646098,0.07812842274745832,-0.01874616449954463,0.28633166184566017,-0.2644488697221525,0.05774157817250611,0.12573737867217868,0.387252880740581,67.530937812078,2,51,2.0
2.92113318864037,0.058765240158175365,79.79252056047028,1.0330977694262868,0.11890623897460162,0.5413259192441124,0.010694249665510714,0.2336735099866396,0.03782168757535663,0.9598339107037388,-0.24695227347894605,0.05704594143680305,0.16626084545705083,0.38734226062977695,57.07650252602736,1,51,2.0
2.931865244519477,0.06515975827136526,79.74072961246266,1.0862389250249258,0.07295293744434328,0.5906084784416268,0.032854625996311795,0.2689785588783398,-0.00630637440903514,1.0584510153862712,-0.22862326052255794,0.05879074977274624,0.21024813544250057,0.3887653314412493,45.919011177499115,1,51,2.0
2.9378283047208598,0.0643558879585367,79.8825294270235,0.4559278919892994,0.037000175492436276,0.7606099128736433,0.036506270003669405,0.2709142376091277,-0.015098355454849261,1.0566957779782107,-0.2104251762995568,0.06625264624963012,0.23143722885310383,0.38955603322725135,40.58948928713097,1,51,2.0
2.945441695989347,0.06236515862506099,79.94820905199238,0.3662173054026874,0.0562567394592014,0.7428294234567567,0.03715577290630808,0.269337073134204,-0.024810390254738284,1.043638071464037,-0.19492345176108364,0.07492146376904239,0.25173661184355045,0.3905655689130688,35.54562104792668,1,51,2.0
2.953131133434819,0.07794250071031367,79.79986519907035,0.8864797106110943,0.014146071657830593,1.0468496628915456,0.03506966906727529,0.4126584032680227,0.0005619092387895958,1.356196835769671,-0.18082129084312915,0.08315137493381457,0.2722301479626304,0.3915851883289246,30.479968069179897,1,51,2.0
2.960140893272325,0.08490123439603832,79.74219557818245,0.9744618066283952,0.03902456807155235,1.0850769314366575,0.05506424832285619,0.47196659130601326,-0.021964166203842443,1.5405448511162074,-0.16903490100907512,0.08917064360086191,0.28368915769772907,0.3925146824693476,27.72521121681021,0,51,2.0
2.9623014529546103,0.08647265657219383,79.74219557818245,0.9744618066283952,0.051990122625640796,0.9749154895948505,0.06336075987885981,0.47810287919005284,-0.002529580511298834,1.5719708206112684,-0.1659921137976214,0.09244923876122538,0.3093229830921833,0.39280117286479665,21.252021516072915,0,51,2.0
2.9688556778664683,0.06942373636448365,79.85178551019406,0.6177084946670293,-0.018751184218654446,0.8564732197336322,0.09807719122253213,0.42300203031039724,-0.031130109201459324,1.4304433734905857,-0.16665792679347075,0.09218423797852897,0.31681854159544615,0.39367026270513966,19.521850744224412,0,51,2.0
2.9628168753549162,0.04323736736542532,79.95975599101945,0.28456811652275926,0.040080647294720016,0.3490600921528379,0.08381733773093597,0.27228656720903976,-0.03924733265211769,0.8883166167782351,-0.17265324909846386,0.0859788782351335,0.3186739231657579,0.392869517654491,18.88555643911891,0,51,2.0
2.957902333315681,0.019987705164617352,80.0,0.0,0.01607408947950485,0.13309176760510202,0.06438267552385143,0.10315762383136153,0.02795583510077467,0.34486069626181226,-0.17656243293569518,0.07061441087796831,0.3204222646849351,0.3922178493934332,18.305027376885143,0,51,2.0
2.9660788412187613,0.037674769119383444,78.52081457773845,7.322894393242467,0.01854570629988231,0.2936868996152472,0.09169506281614304,0.197027411386006,-0.14773821001689807,0.5734271417065426,-0.16727431993005876,0.04590490608316818,0.3284498981360898,0.3933020543509285,16.489147589596254,0,51,2.0
2.9746906172995473,0.05753906726381883,76.33644936131496,11.124741117910746,-0.003758775800758717,0.5094409813924038,0.1276280157560227,0.3218287302617151,-0.3023668142291261,0.8855870617891591,-0.14995254670887603,0.012409372817416841,0.3416330632080688,0.3944439758380887,13.388697981205254,0,51,2.0
2.9799251848576116,0.0823853154455479,73.71267416897942,15.4941451061763,0.0043795137282680065,0.7862547170354842,0.09779762681208405,0.5783316812917465,-0.12356789643857993,2.160729004260402,-0.11997489336909006,-0.023012228216813,0.3615718891338523,0.3951380794802518,8.494800195048546,0,51,2.0
2.9859004675173293,0.09746413226456428,68.76798995335896,21.740491195616386,0.010447567949692408,0.9224550522621732,0.08314086905881471,0.6130051391173167,-0.06813025825163897,2.5911598120616626,-0.0797388631903887,-0.05591603377251904,0.3831136439148057,0.3959304021464113,3.237124040519146,0,51,2.0
2.9934623767347897,0.10389273573202847,62.47641922445858,27.903560019737153,0.047360766167734186,1.0969176757794108,0.09568959912833046,0.7131399553527652,-0.027216280207914466,2.937526966330052,-0.033356865865716935,-0.08837280093953721,0.40708999105427973,0.396933111090214,-2.558839179772354,0,51,2.0
3.0015593182806874,0.08593941204674417,63.08547935298845,27.576107142820224,-0.026208365226493162,0.9745171131326608,0.05043926995758917,0.6717554464778099,-0.0481507113824288,2.5418962005667463,0.014278089241199625,-0.1101036088190599,0.4119018004275191,0.3980067655813009,-3.491155439512217,0,51,2.0
2.9986780461143043,0.07509168423017004,66.4922885240293,26.275399926477377,0.04532911663181057,0.8435748847095516,0.023556478504164546,0.5009861067131126,-0.034390062385914376,2.082766412328601,0.036665905126534316,-0.12001536512305915,0.4150445226417225,0.39762470869445393,-4.380968678848984,0,51,2.0
3.004629208761103,0.0523135633951673,70.94110379499547,22.33042549818077,0.008409536516695631,0.687048324949639,0.02462707793193997,0.4742731025884025,-0.09011994777064697,1.5203343427113318,0.043908541039154196,-0.12229419519429065,0.41620682921166147,0.39841383306106654,-4.4659584266663055,0,51,2.0
2.999803824751985,0.0173172419648346,78.92723060121723,5.310024771120358,-0.005994400511696643,0.15510073149978193,-0.004350015957492823,0.2324427400040205,-0.010419780132817287,0.26077896135850603,0.03070644742217396,-0.11877348004363364,0.4061501296823564,0.3977739871671689,-2.105754218580258,0,51,2.0
3.0002606090377357,0.007163794302885277,80.0,0.0,0.012812316655090042,0.08219311640976289,0.010234501030223043,0.06181686989950026,0.010820383607756858,0.10235841895612226,0.009376889138621695,-0.11788276861312744,0.40980279220319504,0.3978345567590441,-3.008344861152845,0,51,2.0
3.0001197118385163,0.007267967023889401,80.0,0.0,-0.01926009240103703,0.06823793982458942,0.013748049717761722,0.05718904917124569,0.024428156871056438,0.1189311264495399,-0.008614141025087297,-0.11841197266540822,0.40547301904346583,0.397815873791546,-1.9247963081363118,0,51,2.0
2.9948452325428234,0.006350828749176706,80.0,0.0,-0.013433155028478187,0.06834776014239148,0.01728814416656307,0.04775427931521216,0.014972294196851697,0.12149326769973842,-0.030976502635642663,-0.12100525293665397,0.39530498215148685,0.3971164778359167,0.45616230640984634,0,51,2.0
2.9918629141414868,0.008604675648681765,80.0,0.0,-0.012843335083886688,0.06606111675194666,0.006203102347367972,0.04709484972015941,0.021767874348762574,0.12801425912498118,-0.05338839265198067,-0.12369261366929117,0.38869497773825823,0.3967210226088143,2.0230954280610836,0,51,2.0
2.9869945750517,0.008631277290655494,80.0,0.0,-0.01608555031228153,0.0691934521861159,0.008893115781521535,0.049495592931165254,0.011415974921820796,0.1293655421684341,-0.07682032255620108,-0.12697156233277185,0.3777591341266373,0.39607548064967524,4.624458573652168,0,51,2.0
2.982097432893865,0.006897056566598466,80.0,0.0,-0.01128443996604605,0.05825632372205764,0.013059051915108427,0.04803050607283335,0.00935619204834688,0.10632679212843699,-0.09854532383341806,-0.1332591369327611,0.36950185456315865,0.395426119599502,6.556032530830325,0,51,2.0
2.9782914647869037,0.006030300342536851,80.0,0.0,-0.019265996004619142,0.05733431634808131,0.007499445410098369,0.06209605635072489,0.020871831003722606,0.09733970844788077,-0.11588858448058756,-0.14229793780403238,0.36195399728850286,0.3949214480351498,8.347850163790715,0,51,2.0
2.974064994092081,0.006638106691820196,80.0,0.0,-0.01023377429273929,0.061964864678585335,0.013155549782894406,0.063478998593588,0.018891885575345334,0.1370826058587713,-0.13240042671591934,-0.1514244054214732,0.35343872198996884,0.3943610182149425,10.376861387113411,0,51,2.0
2.9703418974782907,0.006871453767431816,80.0,0.0,-0.02205985446697941,0.05802411744877793,0.019299967155116154,0.06569298342529029,0.014591425100304917,0.1650508274615737,-0.14955025291646123,-0.16264680072308343,0.3443788196851597,0.3938673356042602,12.564767739161864,0,51,2.0
2.9652238675192293,0.007805664382571981,80.0,0.0,-0.025405546303327177,0.06409478100632986,0.012084157566777338,0.07541868945293376,0.015178537909306731,0.1660360895931889,-0.16846895387644303,-0.17229582822076175,0.33270924170252064,0.39318868483052644,15.381786267342324,0,51,2.0
2.9613079510483087,0.006869900987892862,80.0,0.0,-0.016531117269586698,0.06672843619534981,0.01957589933447832,0.06711600661518878,0.002584566060891923,0.16381363869447096,-0.1861274564340782,-0.18073734622779283,0.322274896591972,0.3926694344986611,17.927175308810316,0,51,2.0
2.958213448524475,0.006227214229741439,80.0,0.0,-0.018047269881136863,0.06080754478270556,0.01999562541844652,0.06994668544806687,-0.011638976533111989,0.136687973578171,-0.2023098704118836,-0.18919882730768028,0.31322145260880674,0.39225910327205243,20.14934771531074,0,51,2.0
2.954512453546711,0.0057412285823829,80.0,0.0,-0.014913479715366574,0.06707237610549631,0.010062681273648552,0.07779274020721855,0.010155201022166247,0.12966284292394328,-0.21504602314186083,-0.1954265975314513,0.3063447268046058,0.3917683513381671,21.804626188353136,0,51,2.0
2.9528552983321394,0.006103982364199167,80.0,0.0,-0.013977844067210076,0.07030364704383049,0.013563889498804129,0.07367627832860515,0.009166610381547726,0.1251902770128126,-0.22480859426609542,-0.20138054811104333,0.29925496736506596,0.39154861236598704,23.57143968490244,0,51,2.0
2.950998090061487,0.005459170169968664,80.0,0.0,-0.012384091485656943,0.08036675477327135,0.008696202499171099,0.07598527606845036,0.007366480817105256,0.1280712564270317,-0.23343075763000792,-0.20699508745864847,0.29324513905837535,0.39130234674236336,25.059192335626257,0,51,2.0
2.9503159523010254,0.0049330813540931105,80.0,0.0,-0.01223476249359402,0.07982094756499539,0.016398891213112603,0.06894715254839014,0.007332417383497837,0.1155279496849004,-0.23782647437177543,-0.21260894704794492,0.2869110467553511,0.39121189527471534,26.660960410245828,0,51,2.0
2.9501553060961703,0.004474727057547451,80.0,0.0,-0.00805898193343013,0.08725637267588955,0.010275359804212464,0.06309139141637941,-0.003595162895234192,0.10075139867432921,-0.23954820714747357,-0.21854345564932806,0.28377369131557695,0.3911905935887404,27.45896860344529,0,51,2.0
2.9501669558824277,0.004567077007541533,80.0,0.0,-0.0030381632147028167,0.08707501394999842,0.00658336840569973,0.06567760427589983,0.0017896143208239593,0.10430871353418407,-0.23893592437640415,-0.226118032228765,0.2812393001419558,0.3911921383493938,28.107118581517476,0,51,2.0
2.9503069017447676,0.004783209748129906,80.0,0.0,-0.0008281632417849466,0.09299315701592772,0.008815295720363365,0.062227789190705284,0.00231848249905834,0.12117216693772018,-0.2381510776188528,-0.23530205240475974,0.28252895862476063,0.3912106951706439,27.780870484248112,0,51,2.0
2.95075652996699,0.0049219943182697646,80.0,0.0,-0.011250426463198428,0.09685294596577293,0.005280877235254236,0.05589138868858081,-0.0018010680545486656,0.12578672089379825,-0.23887627537907108,-0.24421203130038566,0.2833635160941268,0.3912703160664163,27.57858072575402,0,51,2.0
2.9514374008365705,0.005101917937729333,80.0,0.0,0.0056860150002381385,0.10047162285230134,0.011766787974492592,0.04885479344153395,-0.0006416469593258465,0.13922087378482795,-0.240375393481036,-0.2538242440627679,0.28403852594330564,0.3913605993519709,27.42280995745945,0,51,2.0
2.952600528212155,0.0054136774475213485,80.0,0.0,0.0013115948029592925,0.09618931961504357,0.012729467458876908,0.0502415702423024,-0.00034790134568716966,0.1396971503786689,-0.2411736805166316,-0.2631195433522296,0.2888876723930458,0.3915148300417732,26.21284042746923,0,51,2.0
2.953834652900696,0.005560762183893107,80.0,0.0,-0.006329574302642369,0.09335403036404498,0.020962838430468943,0.05252673414658376,-0.006042555933270384,0.1308195730577977,-0.24103172209438656,-0.2726368863845522,0.290250034038476,0.3916784747829828,25.89584245105765,0,51,2.0
2.9540800884658216,0.005786065828269882,80.0,0.0,-0.001022274578538011,0.09826495532887435,0.012246572668207627,0.059813739410532196,0.0026537629812225408,0.13660098753623295,-0.23893586817687054,-0.283622838058518,0.29290490385041945,0.39171101973007094,25.22423697646776,0,51,2.0
2.954142130613327,0.005756366363903791,80.0,0.0,-0.0046002147439867256,0.09101846690994889,0.014481111634522677,0.05879493810727543,0.012610078891739249,0.12667954316875712,-0.236580131332235,-0.29440499526912267,0.28947293770204413,0.3840384771720672,24.623975224142256,0,50,1.96
2.954276919364929,0.005932556126150368,80.0,0.0,-0.012542644031711068,0.09471777567356815,0.016896077577828194,0.05719947001828849,0.0016953191884300288,0.14869032175936905,-0.2379816395241274,-0.30318445962549445,0.2940980564301482,0.39173711950921664,24.924639054219433,0,51,2.0
2.953443857969022,0.00613091705036829,80.0,0.0,-0.009472842949132124,0.09984388759207533,0.010823414204459564,0.06791814789225277,0.009878165672953222,0.1589050649931291,-0.2429580245006849,-0.30906059009300274,0.2928517989173677,0.39162665556858234,25.22168888320653,0,51,2.0
2.954416902626262,0.0062140703439492245,80.0,0.0,-0.007906901211861302,0.0976695413269561,0.007645897202047647,0.06897961204768631,0.009184547371285804,0.1517398246344366,-0.2503825775654937,-0.31150703048253076,0.2934166261071597,0.3917556812909923,25.1021388789477,0,51,2.0
2.9551781158821258,0.005862294926298133,80.0,0.0,-0.0071270548391575905,0.0924557388975934,0.003131945279664269,0.07360923254044525,0.006076681318090242,0.14909760970224448,-0.2595050195805718,-0.3112021523825984,0.2899327094356847,0.3918566183603619,26.01051102598584,0,51,2.0
2.9539329982271383,0.0065275877748212615,80.0,0.0,-0.0022340422386632245,0.08823986578942929,0.001157364543235185,0.08290225004700925,0.009197225136791958,0.13605722129044162,-0.26918683833003304,-0.3096169476886278,0.28795077434130684,0.39169151556806076,26.48531742544926,0,51,2.0
2.9529260864444806,0.007568162130895376,80.0,0.0,-0.0033839933537677222,0.09435627178491705,-0.005653413916554521,0.07557360045205612,0.019145822992511823,0.1305973992400962,-0.2793550375249785,-0.3062407427759232,0.2841915931747701,0.39155799887163506,27.420307082543605,0,51,2.0
2.9496567179174984,0.008940218739196636,80.0,0.0,-0.004638834235568841,0.11169282047188965,0.005721306985280677,0.08491864166810328,0.014574051670291844,0.14680645975747678,-0.2914052819419203,-0.30060096658418456,0.27823865092040895,0.3911244807960461,28.86186761971109,0,51,2.0
2.9463811037587186,0.009971730038688316,80.0,0.0,-0.009290644241606487,0.1373598194059508,-0.0028470212630197114,0.1047217349707152,0.00714779195978361,0.17167438854077222,-0.3076097956554986,-0.2924601019868686,0.27360828183564345,0.3906901345517453,29.96795730468972,0,51,2.0
2.944120622148701,0.010854542115717953,80.0,0.0,-0.013994375426395266,0.17554659980813658,-0.006053138779951077,0.1127641553595491,0.005734814148323208,0.20343638891743887,-0.32699925271111135,-0.28292546107363453,0.2707819826992083,0.39039039430631167,30.638154358187197,1,51,2.0
2.9426696693897245,0.012357448779843638,80.0,0.0,-0.010182500891387463,0.2035198041778378,-0.0018545706197619439,0.11698061963707898,0.0011798058450222014,0.22731882028396957,-0.3499212053173977,-0.2743694116434134,0.26761564355349815,0.38254705721606047,30.043732266289446,1,50,1.96
2.941629151503245,0.013740576680452747,80.0,0.0,-0.012484534935770081,0.2309517231464972,-0.011115365752986833,0.11744579541642303,0.007400266570495624,0.2793932324086206,-0.3755190445954879,-0.2681892270400203,0.27063952642687594,0.39006002568526577,30.615928676256775,1,51,2.0
2.940560268420799,0.019174051195519185,80.0,0.0,-0.0038153762363043486,0.3388307926804594,-0.0010768428225727642,0.15992070245048579,-0.002553980249692412,0.4181847977087245,-0.4004998490575378,-0.26210785321221464,0.2713505612542662,0.3899182915982083,30.408352954654493,1,51,2.0
2.93898365427466,0.023872751255721976,80.0,0.0,-0.010589466576336646,0.3863622613655924,-0.0022244033056731316,0.17823476249005762,0.005642053835532244,0.5318093091373829,-0.4213746742928572,-0.25475080173361386,0.2719401978654806,0.3897092323718689,30.219718888776683,1,51,2.0
2.9359670725523257,0.023307229527431042,80.0,0.0,0.017470943029312527,0.38315041999859517,-0.005345705275734265,0.18396973045211357,0.02409034675242854,0.5390298233970917,-0.43870698368191435,-0.24747067938330872,0.26945512005795846,0.3893092338228906,30.78635268627039,1,51,2.0
2.9360950530744065,0.022346906636315656,80.0,0.0,0.009316917143616021,0.361653185224746,0.005212619097209444,0.1864690618310253,0.009724404151533163,0.5303803258447412,-0.44944531040017976,-0.24257061290781673,0.27455709850612514,0.38932620422719627,29.47890598550519,0,51,2.0
2.9370571059339188,0.016364821094478975,80.0,0.0,-0.014776179530456955,0.24875299226322745,0.018725961519806992,0.14885364386184813,0.012720663283093302,0.4037904747132229,-0.4583327740076784,-0.24222828605212351,0.27585960465533954,0.3894537720540901,29.167561222894967,0,51,2.0
2.9382306886654272,0.015576418953663414,80.0,0.0,0.0057050165738545214,0.2560187752388932,0.003870595246553421,0.14857020026414428,0.04810099416941989,0.4260123742689002,-0.46572653948866355,-0.24467522407140266,0.27129255638806815,0.38960938912281723,30.368065051289584,1,51,2.0
2.941365513147092,0.020553539212324123,80.0,0.0,-0.04141677948920166,0.27781667824490247,0.02033144695793881,0.16129779206978018,-0.008378684411154073,0.5444808775088594,-0.4737591903649103,-0.25095009174428806,0.26189956945888027,0.3900250672323676,32.85058026723016,1,51,2.0
2.9441382230496873,0.022707960857759907,80.0,0.0,-0.04959230880965205,0.31827102937342944,0.019570969629521463,0.1763335623548184,-0.018806181592391988,0.5924377078363428,-0.47869113404217156,-0.2590288885692588,0.2531256547927501,0.39039272856944723,35.16127830548938,1,51,2.0
2.945507674824958,0.0241076234468047,80.0,0.0,-0.04214577541193541,0.36348204385361377,0.028516243193663804,0.17674182333888874,0.022633099818930906,0.6516116029078808,-0.4815006549067027,-0.27133128483310515,0.24204211935599823,0.39057431749038807,38.02917690256098,1,51,2.0
2.9485962496084324,0.0256042215698662,80.0,0.0,-0.06866073444047395,0.40677881438936525,0.05322805426868738,0.1870632256329385,-0.035886511790986154,0.7161936865388767,-0.4794719030632795,-0.29031090444774693,0.23646181306385927,0.3909838626980325,39.521336908350825,1,51,2.0
2.9524651193151286,0.022181776967782754,80.0,0.0,-0.060210895523721095,0.4236270416203028,0.054847576600663805,0.20665048775293732,0.01633967488419776,0.7016129908665242,-0.4706476382164299,-0.31421106935387266,0.23939400800347932,0.3914968750128542,38.851617143656846,1,51,2.0
2.9564086806540395,0.021680636118220575,80.0,0.0,-0.06504224511046036,0.41415425628838154,0.06959961829524414,0.18479094705506527,-0.0035829628982088145,0.6817362166481552,-0.45942341300570283,-0.3360277462110058,0.24306273434432268,0.3920197908644604,37.99733074487537,1,51,2.0
2.9592922061097386,0.020946602126502324,80.0,0.0,-0.06605635912102811,0.36063284859068007,0.019709543562402912,0.1964673000384278,0.009980003020780929,0.6183021816365485,-0.4469856805860481,-0.3534091214859737,0.24493096328812325,0.3924021463378156,37.58164536713204,1,51,2.0
2.9777876267246173,0.032992871207132186,77.96127784018422,6.575244680672193,-0.07152732509170093,0.6624771133575466,-0.025024317058862423,0.5935305574222921,-0.014942994322993007,0.5835572162815027,-0.4373227727703886,-0.3629851487546169,0.22311747834182574,0.3948546395104849,43.49376808173451,1,51,2.0
2.9840953315005585,0.03915099043902229,77.03446625728233,7.060135700749363,0.03588669728852954,1.0635539419171258,-0.09585665838391173,0.7486652510791216,-0.013667357482892625,0.5535757498468561,-0.4347087545959166,-0.36019115284858677,0.20126340206695786,0.3956910411492102,49.13622469631201,1,51,2.0
2.999854018875197,0.05370718080862517,74.36841185887654,8.786128213479131,0.06383941538047556,1.3215044193692373,-0.09551740634967298,0.8078267441869978,0.06701443475835464,0.6607458772757168,-0.4418232238103834,-0.34977277789954825,0.16810830992608455,0.39778064268594765,57.7384387558527,1,51,2.0
3.0077473719914756,0.04925971298423018,69.66097482045491,10.234902441238546,-0.07845782725980469,1.2625240818135024,0.009227196813798418,0.6405779548909049,-0.030425757461903142,0.701652002339714,-0.4522513552026812,-0.32802083890387296,0.13981334125764663,0.39882730149947715,64.94388906376562,2,51,2.0
3.0085718187631345,0.054152670774618376,69.89234017390831,9.414010150280157,-0.06570283630314995,1.1832176747037035,-0.008762486571190404,0.598372698084295,-0.0258960367417803,0.632972870158313,-0.4667121933398175,-0.30663516269729074,0.1328396828784386,0.3989366233289766,66.70155731255225,2,51,2.0
3.0272334276461135,0.051078262086580214,68.51028695760989,9.187362827754992,-0.07478189935871199,0.9352057481051627,0.024842290025131376,0.3827919172796237,-0.037613641251535976,0.6126126259722358,-0.4794496520646831,-0.2908682581485293,0.11741283769746792,0.40141115248245285,70.74998116735173,2,51,2.0
3.0374261339505515,0.042663031432026266,68.45185415417541,8.341669177170742,-0.0713574059453665,0.5598023646001853,-0.01798618603132519,0.2660724508910554,-0.03713280576116899,0.45639305927429796,-0.48610934958048696,-0.280843573682673,0.10357724656193432,0.4027627051572119,74.28330745730179,2,51,2.0
3.038137645113702,0.04512546494877065,71.17555723938287,7.841775861176354,-0.007771191059374342,0.9275993366283031,0.013639050481073996,0.3360804405494552,0.013825162076482586,0.4734524354930808,-0.4915068285243628,-0.2762816854128122,0.10428726840246465,0.4028570517265484,74.11308354774616,2,51,2.0
3.0454421323888443,0.04077819980287709,69.735251604342,8.600837653925952,0.01098792795457092,1.1267597557795732,-0.008568429369844642,0.32529240541864207,0.020015223353516822,0.48079059166139004,-0.49361567775457993,-0.27407584324569134,0.09658497042459858,0.40382562694774343,76.08250591855156,2,51,2.0
3.036918120056975,0.050586810645412345,70.14958911783555,8.77415013598358,-0.008569344147747638,1.2608729645271717,-0.001816329747146251,0.3910071042110132,0.011294368727534426,0.47730138498156555,-0.4942429099250396,-0.2715125754785108,0.09515076161176826,0.4026953425111537,76.37152666866695,2,51,2.0
3.0308568208825353,0.06349491409458477,72.7177809453478,8.595569936329806,0.08015558437681665,1.4093121158744404,0.02189641606573965,0.41517484373485664,0.01592317501119539,0.49690018594447594,-0.49582733767827275,-0.27257175061656963,0.10812666535699902,0.40189161446449445,73.09556570343629,2,51,2.0
3.03519799896315,0.061328369491985134,71.97597110972686,8.580735639174229,0.027297938169509758,1.297665921797934,-0.03796195370309493,0.36623698535242116,-0.004779978125703101,0.4209607940225105,-0.5015379745731314,-0.2722716478468504,0.10471890757535567,0.4024672548753038,73.9807633274909,2,51,2.0
3.009846246417831,0.12468080548144515,74.64079176210889,6.873538407197483,0.007250125538192543,1.1728941494819038,0.023692409489669053,0.34199956944639026,-0.005370423051656461,0.3974922682370402,-0.5048203281334229,-0.26432009354317726,0.10716660002786818,0.399105612294731,73.14831044051368,2,51,2.0
2.994397687853551,0.14699830881630535,73.21792025659599,8.063483806992398,0.08505101140369387,1.0866954860675926,-0.01783329438345105,0.3210907456699502,0.027000664495954327,0.37200349621442785,-0.5056394046787949,-0.2549244159262685,0.10566893853460745,0.397057133242931,73.38696885469223,2,51,2.0
2.9914879644033956,0.16020532781822985,70.22089637494555,9.749068118621166,-0.025475652523192706,0.8912933945270831,-0.03060121016175139,0.3041581654897695,-0.013055948686658167,0.3653863572150805,-0.5070174784821545,-0.23952278951782732,0.0913602256395109,0.3966713041327096,76.9682796089163,2,51,2.0
2.9901374949544084,0.16035934383606207,70.93251659355911,10.392000329715447,0.034449483541881334,1.412905577536054,-0.03176661624627955,0.3696625329059778,0.0009138456673598757,0.47783342934000056,-0.5044016006466274,-0.21959523858841584,0.1064149401277433,0.3964922320824713,73.16090164772541,2,51,2.0
2.997715914950651,0.12476060442472131,69.29070906545601,10.852846864926159,0.016234213522836275,1.4206584937226703,-0.04329923686443591,0.4166121866671164,0.013627116550125327,0.6424951779235798,-0.5015204035913783,-0.18295217127129312,0.10059369046203794,0.39749713018790267,74.69322849840808,2,51,2.0
3.010622053754096,0.0905462332776263,69.00150037279316,10.933009156873872,0.07286101579666138,1.360936941827403,-0.0459136981151852,0.369687080373399,-0.008465540065777068,0.6507806537352421,-0.5001609894265809,-0.14061602427206601,0.11066910525238348,0.39920848417955135,72.27786742062125,2,51,2.0
3.010925014813741,0.0465614150925606,72.98932552337646,9.38337440527268,0.0875235221111307,1.3220274720039853,-0.026178875865012993,0.3563732730959385,-0.0014123005025527056,0.6500816647749982,-0.4939670701419254,-0.10509242311856082,0.1473884124628947,0.39924865717262736,63.08355461815196,2,51,2.0
3.004823081633624,0.05463441411471265,72.88246374504239,8.818973838414268,0.05581609013618207,0.5368556929467837,-0.004596195640225036,0.2771988900225794,0.03717499343203563,0.5220731769005067,-0.48785699235070745,-0.08975899476058116,0.15017231499906394,0.3984395408293731,62.30988654226629,2,51,2.0
3.0094211300214133,0.061102386467032865,72.68320198620067,9.567155161503303,0.0632910253662689,0.7686837569111701,-0.02701518922021576,0.19107823264898274,-0.007152341598389195,0.4121640443255263,-0.48340833850157383,-0.09143614111741451,0.16896574094393632,0.3990492416383108,57.6579220523659,1,51,2.0
3.015444209762648,0.06361583748945861,72.00808746674481,9.892246046168529,0.058612387189093756,0.7816977152587691,-0.006908850853934008,0.1854686113305163,-0.007159056178494996,0.43130380549773434,-0.47079455160614186,-0.09768781135077466,0.19446651029941864,0.3998479022195458,51.36487919032715,1,51,2.0
3.027509890350641,0.06843340909281805,65.60365761962592,13.004980710661288,0.019098060315146166,0.8019970320188742,-0.027719423357470362,0.17223694472812248,-0.037027450680148365,0.48091939752801915,-0.4567115010041237,-0.09538071886667783,0.2195622660022707,0.40144781165974003,45.30739497756492,1,51,2.0
3.0464534537464965,0.058531813004018295,62.84056607414694,13.100349311683397,0.09327296748319093,0.7368329562834572,-0.016240430265372873,0.16255999440817592,-0.035764058430989586,0.4691645514105757,-0.43591286217453434,-0.07952785651509295,0.2667567303788213,0.40395972777960837,33.964523680351135,1,51,2.0
3.0621248799211838,0.024867069513834245,58.56072020063213,16.759515570478808,0.034759002755962165,0.4639325872846056,-0.009435651969968104,0.15398494612894167,-0.04912168941661423,0.4272791322190603,-0.40837658128950377,-0.06476053974433857,0.30532723265128875,0.4060377588799363,24.803241576955713,0,51,2.0
3.0618030078270855,0.03102113735791343,52.258190884309656,18.93895055253133,-0.013999860405045398,0.4707033947790622,-0.00815665407800207,0.16148664795330944,-0.0366912976491685,0.4276006441913298,-0.37846002447841043,-0.048594957038695936,0.31944722626973476,0.4059950790414144,21.31746349636202,0,51,2.0
3.062052674153272,0.03019923182228799,48.056416941624065,20.848071129488634,-0.022069895932195233,0.4552807872853456,-0.0025771010813175465,0.15175654347546846,-0.030687517285639166,0.4070365267496579,-0.3451188814920042,-0.0358978194232292,0.3210028539545343,0.40602818480571684,20.94074599571625,0,51,2.0
3.0629893062161466,0.03280280650688553,43.19964953964832,21.480323729198886,0.0282004214823246,0.5652462938576558,-0.0373167532550938,0.20837749882284665,-0.045782115200863165,0.5614642253588935,-0.31056911252191133,-0.029746167651586584,0.3177881712542081,0.4061523818118852,21.75641816095618,0,51,2.0
3.0648358522676955,0.04447885814423467,41.99819200646643,20.25443247543494,-0.008149431178382798,0.7141031511433302,-0.024472572968578805,0.2926357952409128,-0.01734043756390319,0.5709454849778064,-0.2747359356050257,-0.02247416627035125,0.3243310733029565,0.4063972340264363,20.19358249818731,0,51,2.0
3.072610817119187,0.03729911598671691,42.4643904134339,19.852302707375962,-0.011891346132638408,0.7058834377898499,-0.023264984034147916,0.3008353145274893,-0.012105067242302146,0.5491624505841346,-0.24194521273871208,-0.02057695121364018,0.31472516758801267,0.40742819455929985,22.753218409825728,0,51,2.0
3.0710828894493627,0.04554674719153016,42.8081888217552,20.057178208592866,-0.008910033559682323,0.7159883036272828,-0.027663045690632333,0.3080284213106978,-0.0278116584408517,0.5236423864560344,-0.21042002724278822,-0.024916824603511748,0.30523811548009583,0.40722559115615276,25.044466234674655,0,51,2.0
3.065227578668033,0.03953316548336698,40.54713417969498,21.878101305476388,-0.10389859952470835,0.8209992519430743,-0.010252613610788887,0.2962416547135067,-0.0026869141295844433,0.36785291455720875,-0.18218607654003882,-0.03180825909314816,0.28404999752096866,0.40644917673858466,30.114264272784908,1,51,2.0
3.0593060091430067,0.052457094021181226,31.67821104853761,23.034336909396686,-0.07947683443917948,0.7482331659148335,-0.05551812063683482,0.23457752333078308,-0.007186650280274597,0.3214161769983743,-0.16758056112664624,-0.041077076906888686,0.22532758372273157,0.40566397682473926,44.454623384003156,1,51,2.0
3.055536972541435,0.055466893985805885,27.073623657226562,23.31039211779971,-0.04033184738135805,0.7855299999107248,-0.023064290301180353,0.2390496963250326,-0.014661241614935445,0.32527859570693424,-0.15648981018500288,-0.05163341010268784,0.19975855226138933,0.40516420276189963,50.69689007575523,1,51,2.0
3.0562040057836795,0.05201405750200664,30.029201605740717,25.633158120067954,0.027866267033067403,0.8930136195016765,-0.006383168858055975,0.2505719082658794,0.016844380756511408,0.3948959838266939,-0.14689160817947655,-0.06656737833503878,0.18980099071621878,0.40525265096884494,53.16477504528149,1,51,2.0
3.055948640201606,0.052680791823849035,29.774012458090688,23.649255424163737,0.17137578180899807,0.6680227544340954,0.014345141602497474,0.2203786990825764,0.008908435154487105,0.41190918115017683,-0.14858673802233316,-0.07692189569107129,0.21493778386837592,0.4052187896962594,46.95759689981621,1,51,2.0
3.059340554709528,0.056572026534851994,39.666005167306636,23.45056476612486,0.15890899074136042,0.7043224898444134,0.0025036384661992392,0.2626564383448808,0.007215914809528519,0.43226671229258773,-0.1534761851894371,-0.0894991073256373,0.28575446098641705,0.40566855775766153,29.559623115498844,0,51,2.0
3.057261677349315,0.06884150927728605,39.42353563215218,23.085770832972447,0.15224284138165267,0.7090751254974473,-0.023559826590559062,0.27909986428522815,0.028579603551941758,0.44052042376691986,-0.16405883210724986,-0.09599554380026985,0.33162768308909224,0.4053928984111352,18.195981136115723,0,51,2.0
3.0600316261543945,0.06829346091779466,35.367086527394314,24.891337349641585,0.053604174186201656,0.6074654302252279,-0.05566923323945672,0.28275901442067886,0.007027281338677686,0.395876593977048,-0.16404232308650565,-0.09419727624602778,0.3547423984827306,0.40576019339698255,12.573385892572709,0,51,2.0
3.0532483370865093,0.07765311419730146,31.981793674768188,25.06921058730464,-0.009584437398349537,0.6075894470726633,-0.060595936233214305,0.2600308633498289,-0.032653583396299216,0.4582014387796516,-0.13231279993808093,-0.08919304268355474,0.35701869469467595,0.4048607294431188,11.816911661017116,0,51,2.0
3.0518192748228707,0.08239994414488946,30.756577183218564,25.6184486656243,-0.004327023146199245,0.5661302514036911,-0.04184482761603944,0.25123807944429827,-0.034482774050796736,0.43450179218407126,-0.07455338618557594,-0.08084882246035997,0.34681644529382716,0.4046712360124214,14.29673907359662,0,51,2.0
3.052789519814884,0.07302712950762603,34.49641088878407,27.016171161431494,0.05319798405410028,0.5110684701575662,-0.06996607068268691,0.26131400135834865,-0.044222804407278694,0.4528254840883214,-0.0021751685639903283,-0.07336363328359967,0.3613658939868505,0.40479989011139417,10.729745038367323,0,51,2.0
3.054733887022617,0.06250559628841668,35.48709505212073,25.733581758397552,0.08418097511372145,0.5152184778614272,-0.07438499834753719,0.2778456292154067,-0.050350374889140036,0.452566910899594,0.06992974068496195,-0.060514878141785265,0.4049220017591712,0.4050577134355735,0.03350428146430273,0,51,2.0
3.0636428243973675,0.09151405408633087,37.390615047193045,26.136134751461917,0.10288130276489492,0.577064538590602,-0.10237976123451017,0.3392374231799405,-0.05255973981875999,0.4353932231961698,0.1340101675681087,-0.0376336400226354,0.4627916895841651,0.4062390387540872,-13.921028122634848,0,51,2.0
3.0766088348977707,0.0892039789651723,36.39197431358637,25.501803705251902,0.03982097469270229,0.7394223892252725,-0.11506233221906073,0.40860185348974093,-0.04316937704296673,0.4937031296240584,0.19520563709407218,-0.006190842302513643,0.5064997342482445,0.40795833149958916,-24.154771490125704,0,51,2.0
3.080184156988181,0.09119847826634758,36.718437489341284,25.340856723779403,-0.00034175667108273975,0.8529852316333453,-0.05782754178725037,0.6392689193460782,-0.03598929444948832,0.5340926774110241,0.25674506140668485,0.025373194102958605,0.5115264415038416,0.4084324190060489,-25.241390668419484,0,51,2.0
3.0770464989484525,0.09154361992703423,38.01796222668068,24.691497054787412,-0.010640249386721966,0.8416593168614996,-0.09903478695481431,0.6576451612504838,-0.01736812980151644,0.5711137365548342,0.2931230244009546,0.04544695280981826,0.4990752418550167,0.4080163657510554,-22.31745678542696,0,51,2.0
3.071146556559731,0.06363436717689819,36.872219408259674,23.63639769648815,-0.027511479369565554,0.7582851916615798,-0.09713463737245868,0.6363227331847863,0.03848178779669836,0.5214285072056414,0.2917427444594635,0.04608408837165771,0.4727364238220419,0.40723403357030874,-16.084704335111578,0,51,2.0
3.0566466766245224,0.04134670743605119,37.14524025075576,22.248777775346973,0.05264780217526006,0.47081412681826074,-0.19333712935593783,0.3653209048858839,0.037932772043288925,0.5036098648055379,0.25424637265762046,0.030780844388083727,0.44838454185782106,0.405311349098129,-10.627186447045123,0,51,2.0
3.052616647645539,0.044789411833811854,38.419232429242605,20.897886846024242,-0.016739908386679256,0.6111392997301613,-0.2462152083057399,0.5211360169596303,0.11955521482170797,0.6797993559893835,0.18193641177561493,0.016538960778476476,0.42709580748548376,0.4047769672649579,-5.513861218767535,0,51,2.0
3.0612769331417833,0.043019446281474055,38.108173230115106,20.722744576730758,-0.058107621675612876,0.6485471126963029,-0.17071718073395245,0.4944821017056672,0.046770137752972396,0.6748783069558324,0.07958990476774293,0.023276708886208787,0.3811314151175117,0.4059253215133357,6.107996984122477,0,51,2.0
3.062723831803191,0.04353370856274127,37.404390821269914,20.542291392955768,-0.05364717082942233,0.664946456545293,-0.1358686494641006,0.5107534698140906,0.02618361344816638,0.7131507979649129,-0.020629186126685406,0.0380469621704375,0.33354564171019024,0.40611718026932314,17.869605642146414,0,51,2.0
3.066434872501037,0.03865258468459524,37.25813467362348,21.41005005516816,-0.02660419302535992,0.862092880963731,-0.08599075515224945,0.5936135660717968,-0.008300867223856496,0.8584295517816072,-0.09569913341602924,0.04476900350212067,0.30712334336012304,0.4066092638900682,24.467204602805705,0,51,2.0
3.0529584253535553,0.09325096378343632,37.169833473130765,22.632368945051933,0.07475123547163665,1.7957159611481412,-0.09319898494354942,0.6627795654364687,0.04658005744511006,1.654085872054226,-0.14547005130246254,0.05741867624745256,0.28472133785946807,0.40482228719249164,29.667573434739268,0,51,2.0
3.0450008827097275,0.09487086583702507,36.82270996710833,22.99873666079045,0.08554838838822701,1.8790207306240587,-0.12332898550027725,0.8574706597669632,0.013323985040187836,1.9781110752770439,-0.1742194795640196,0.051363088694719734,0.31349012883309824,0.40376711724007336,22.358677701160566,0,51,2.0
3.0413622341903985,0.09667828268749519,36.228612399568746,22.47310021828517,0.008532656658573222,1.9249152255968813,-0.11463889165544043,0.9333536771697128,0.05176750961325917,1.9794331461707384,-0.21830529270543286,0.050992905520984,0.31193831382856924,0.4032846322498919,22.650582520764317,0,51,2.0
3.0482622834981656,0.07854533271130305,34.3943445261787,22.650584217534366,-0.06720945921066838,1.8416308162527482,-0.0776225459561044,0.8235222615364554,-0.00855767452979789,1.8638820976054227,-0.27415498991919784,0.06319747183354874,0.2857641609840865,0.40419957863209605,29.301222442839283,0,51,2.0
3.0612612758197035,0.06288676834141739,36.01127804026884,22.473049704792135,-0.0033990470047665796,1.131257909586467,-0.04391809461601809,0.7527126309468559,-0.0005593523017916025,1.2124791078410821,-0.31679052780397243,0.054307313692549285,0.26795666908280563,0.40592324518116407,33.98834083443134,1,51,2.0
3.0595497646752525,0.07020411013973568,36.68401049632652,23.536406596430623,0.014970128835913926,1.1825334544915114,-0.07426173135857372,0.5102220227104579,-0.02019583744307359,0.5892257734034307,-0.3211102718847222,0.041710146834400025,0.24487469107640994,0.40569629901072285,39.640886132427426,1,51,2.0
3.057581298491534,0.0743170927928172,40.66836292603437,23.153800760625423,0.004129013941422397,1.4377855433777473,-0.024269455806443505,0.5672202927689755,-0.047950512200009586,0.5906674459467152,-0.27812577083775714,0.009137157790948012,0.2648456502091773,0.40543527999138695,34.676220033243375,1,51,2.0
3.05758974832647,0.06416811485231812,47.84919194614186,21.291910321501273,0.059785399421611256,1.4277667767978277,-0.04968912338874504,0.5700493335372646,-0.03686895531912645,0.6263953807133511,-0.21064778752169483,-0.03955767368057772,0.2891539581239825,0.4054364006289525,28.680809696559393,0,51,2.0
3.0430317784056946,0.059799180316612945,52.118246849845434,18.148347368501057,0.018233129444221657,1.1979242845059757,-0.051009464771578125,0.42726760892142657,-0.06767465128545083,0.5450584002725706,-0.1394575987880398,-0.0939645343494425,0.3142426175912285,0.4035060140132007,22.121949443621414,0,51,2.0
3.0454624523134792,0.04468198570853625,57.457925768459546,13.042431619033389,0.038422634825110435,0.9957850925021448,-0.012586976419769082,0.3730034797080211,-0.06134051601311155,0.5480750836185583,-0.06374611004168218,-0.15694221040474998,0.3342213868763764,0.4038283211749777,17.23676390404545,0,51,2.0
3.0414873969321157,0.031790007159487946,63.171066064460604,11.728187253410514,0.09175817423737516,0.5353788498611587,-0.017194563157710376,0.30209708791638085,-0.02589437414837234,0.524754255012392,0.00567947639511535,-0.23002794736214707,0.3612795624718434,0.40330122863267676,10.41942428573812,0,51,2.0
3.042583483691309,0.044819911272156204,65.5719876756855,11.885138312236053,0.09016411528721743,0.5760849804471176,-0.018858652525380545,0.7298471427858615,-0.038971516449807904,0.5342994673763121,0.05310638484224088,-0.3090544891641092,0.39883145110928203,0.4034465699508061,1.1439231822163665,0,51,2.0
3.0561764292857228,0.049736862208002684,66.49077710450864,11.966409962785505,0.08539522395414464,0.5503414405222293,0.005427636060060239,0.8054585347191668,-0.001823813855355861,0.6358311483686351,0.10524512984831012,-0.36506198134804835,0.4478951451291418,0.4052489947388989,-10.5234438441284,0,51,2.0
3.0694273178483926,0.05314472840248971,70.79818916320801,10.325669131935744,0.1036719253980646,0.45251076244396915,0.07119630240634375,0.8204659818066917,-0.010819968895292749,0.6135505382818413,0.15043935045261178,-0.40173742375398475,0.49804137462916664,0.40700606216025725,-22.367065489325455,0,51,2.0
3.096014488561481,0.05559490581825055,69.61911898033291,11.532596761552664,0.09538962049227134,0.41094982310969674,0.14775169721128895,0.6409627443790519,-0.040321152949450066,0.8076517370023758,0.20874657416416875,-0.40194842792827906,0.5572355143104072,0.4105315212059233,-35.73513494738372,1,51,2.0
3.1190859178702035,0.029799382523839395,71.37900294977076,10.545186799374935,0.07210655941390524,0.3669392734026482,0.13708366636259883,0.5165777509822682,-0.008788145713362039,0.7923202126072746,0.28713471034559823,-0.3627905983304077,0.6073362860508511,0.41359079291364875,-46.844730699228435,1,51,2.0
3.1321310856763054,0.030112446922913497,74.3126522326002,8.98860827452808,0.03971317304553939,0.31083177163231673,0.16118829383277425,0.43608763560906877,-0.06440504432162818,0.7256609628744278,0.3545595773225319,-0.30542321492369473,0.6432016466768401,0.41532058196621413,-54.86871457990104,1,51,2.0
3.1477169026346767,0.025360862637386856,74.89324158313228,8.09672995717659,-0.010089016829927763,0.3086174575058498,0.11596986235064619,0.4353381789447497,0.0001724629352490107,0.7171438043848452,0.4186397380875975,-0.22715427046394732,0.664742797915536,0.4173872610879192,-59.26283810935797,1,51,2.0
3.1494402873749827,0.022997936191960215,75.5567382363712,6.370442796948674,-0.026531245230751878,0.3245492853859371,0.14316090342460894,0.3320268023059043,0.0039191121856371565,0.40347692501411114,0.4510632781881328,-0.13636106114677296,0.6657990376487661,0.41761578210411715,-59.42861026329067,1,51,2.0
3.146013820872587,0.02364975011391645,72.43998895906934,8.32845262727612,-0.02182973260242565,0.3219760088577979,0.12880022714243217,0.3199656256669539,0.029415201541839863,0.4478332537620082,0.4544075145249236,-0.04239750978181583,0.6635311606744742,0.41716143284853163,-59.05860619560141,1,51,2.0
3.1318972624984442,0.02799749596111637,68.86032704746022,9.91246708622465,-0.020234793525043072,0.31503523335310835,0.11919970571191288,0.22234743848691021,0.04033585217799626,0.3919488621646376,0.42783803249079105,0.04416420424399389,0.6511959716815153,0.41528957680401435,-56.80527710158041,1,51,2.0
3.1119311913555743,0.028055206826641425,69.40770485821892,10.142020416804039,-0.013311216580298017,0.2556421188618537,0.10714003007274632,0.17534454971355615,0.0412459046141628,0.3247199607598744,0.37976952167752925,0.12467510513990615,0.6351683871182763,0.4126420757739011,-53.92719851145378,1,51,2.0
3.0906141996383667,0.02126760235195644,69.8734057744344,10.599685846617009,-0.011357253755205403,0.2201421000240112,0.10135943495540642,0.15728827134867024,0.029167967474124597,0.2792447797806472,0.3241429441003209,0.19208774204850543,0.6156293439208017,0.40981544307361517,-50.22111887819128,1,51,2.0
3.0726334061108385,0.019575075835336443,69.94930851693248,10.490490765450565,-0.024828641529322838,0.11277949252523635,0.07757008848164011,0.10469965820058605,0.023335200031379275,0.19272759557078126,0.2591084567791091,0.25522464598830796,0.5940964911194054,0.4074311898496911,-45.81517221069369,1,51,2.0
3.0529853935335196,0.023704033601427078,73.0764917532603,8.863184312999707,-0.05436088461611493,0.07264868737369831,0.08399957170089085,0.08572616724494761,0.028558530068645876,0.16898113348379132,0.17506468618977813,0.3115201633191587,0.5576416319915573,0.4048258629850271,-37.74851929659992,1,51,2.0
3.029783102227192,0.030338858695220048,73.21158897642995,8.915024629177067,-0.07258247577713109,0.07866985493466713,0.09457126749204654,0.10795558439498361,0.025871676648510436,0.17957065085899018,0.07421854068042295,0.3561856672288789,0.5057897733054199,0.40174923935433227,-25.896883866736232,0,51,2.0
3.0054206859831716,0.03174988521260669,75.21915281052684,8.24433711043193,-0.08687275232674152,0.08149222196291644,0.11860160325087753,0.11912021726158552,0.04642320906414705,0.1874883144927925,-0.029830055324379923,0.38356964478518035,0.4393551824795592,0.39851878315765316,-10.247045069830808,0,51,2.0
2.980557165893854,0.026960121036179514,79.60684493943756,1.543600558173979,-0.0643145144533585,0.09307930544593619,0.12221204379902166,0.1075015598091157,0.04302430944517255,0.15456473073564111,-0.11963717108660545,0.38864110029718707,0.36512109712643176,0.3952218801960123,7.61617323784095,0,51,2.0
2.96177481377826,0.019589513123211083,80.0,0.0,-0.03705147140677653,0.09634939886171114,0.09134038395303137,0.12383304249998241,0.03267115081532621,0.14128665808919919,-0.17139827225484375,0.3755395927700421,0.3090248941873336,0.3927313401158133,21.31392058087225,0,51,2.0
2.949980919267617,0.012325435543455601,80.0,0.0,-0.0162662919793351,0.09831361512652004,0.047957664629554045,0.11085328340658214,0.01623319509420909,0.11735422351746295,-0.18821707758801387,0.3495388844872844,0.2729398550308374,0.39116746989494977,30.224296231959947,1,51,2.0
2.9426683058925702,0.007057214871947702,80.0,0.0,-0.0025158343179260984,0.09977088004073288,0.014607785214834353,0.08372527196850105,0.005089526676445031,0.10346278685200257,-0.18566045611271595,0.3205676046719186,0.25875536995344345,0.39019781755536825,33.68610527486443,1,51,2.0
2.9399685415567136,0.005689035026127365,80.0,0.0,0.006288959109452644,0.09871723680193044,0.0011171790013345434,0.06487079921045552,-0.0008309867561740033,0.10399192804482474,-0.17562702057639207,0.289537443566648,0.2558133120382917,0.38983982842214226,34.37989312849751,1,51,2.0
2.9410072740386513,0.006609488271681409,80.0,0.0,0.01529931033591685,0.10510789814801097,0.008306251469013445,0.06445374124367109,-0.007964838807489358,0.1160970015698568,-0.16719481179345577,0.25639075739974815,0.26026393194015324,0.3899775645386688,33.26181924131012,1,51,2.0
2.9434043145647237,0.0072614288738983256,80.0,0.0,0.029228819948484135,0.10266922105648194,0.011442700752477143,0.05791066907980781,0.0028297605960830754,0.12446882613687964,-0.16015609817844287,0.2262946390014501,0.27310184781010627,0.3902954123029662,30.026887531511292,1,51,2.0
2.9474044278556226,0.007496805740004965,80.0,0.0,0.04031269640693733,0.09434580345385345,0.0024348325050417697,0.050461958905576414,-0.0015772089325622016,0.14835771333519224,-0.1505124680957097,0.20015406101553992,0.2881684842903478,0.39082582713296493,26.266775559766554,0,51,2.0
2.963552090467191,0.03789669790409686,73.72634336060169,21.50501152818829,-0.02437318660611031,0.17479052766816003,-0.05469023352306263,0.15318087529521288,-0.28211266364829213,0.8970320812764675,-0.14166653265415924,0.18275215026889255,0.31568146490906457,0.3929670069960229,19.667183430424863,0,51,2.0
2.9638677578346404,0.09223904765369069,69.04948853511436,24.30532162837301,-0.04896416966164229,0.8809319103931131,-0.039938668793469086,0.4278273886056828,0.03628570984537695,2.7788342107120685,-0.12412589579152389,0.18643289913264918,0.3280846544570416,0.39300886469186785,16.51978264809091,0,51,2.0
2.9626497965233,0.09683802753523926,66.10806306203206,24.163954147799394,-0.06625435864735468,0.924642777754364,-0.0204521933314847,0.4692188683309155,0.01074205114341834,2.832001267991759,-0.11618100190552144,0.19882450353177342,0.2960634751154704,0.392847363222979,24.636512082830087,0,51,2.0
2.962160803523718,0.10571131560451479,64.6972599029541,23.740970811203443,-0.09921408486643843,1.0450919489317827,-0.01987432254770515,0.4907737641236466,-0.039965856272508114,2.9071618043878154,-0.11273133709191745,0.21994434159623288,0.26209798557209235,0.39278252235172834,33.271474503799524,1,51,2.0
2.9405469461983325,0.10232451207351656,71.4868571618024,10.449394932741082,-0.045584987301160305,1.0590096375287348,0.031773389910585155,0.4706810178649294,0.25303936691260803,2.77267331872157,-0.11255554764669545,0.23393254389601997,0.20569357774292366,0.3899165250522232,47.24676577496319,1,51,2.0
2.941084044821122,0.07942084864464513,68.36985374899471,21.360316460226016,-0.01777557389555024,0.7528020246739642,-0.008288805505406916,0.3168643429937878,-0.04697710019992847,1.5276217401870729,-0.11888089043051846,0.2314580219503488,0.18523708768951502,0.3899877445375025,52.50181825349591,1,51,2.0
2.9511777197613434,0.10169518895586493,59.772067490746,31.257801698228906,-0.11706157839473556,1.181964563649982,-0.03249658176255431,0.40646020392772486,-0.14976614837845167,2.3957278048133994,-0.109865551214869,0.21476054858376328,0.20961046599505093,0.39132616563684436,46.43586746776036,1,51,2.0
2.9536897528405284,0.10392325874062093,56.266208816977105,31.402408802856378,-0.06095620120565096,1.7995780550353366,-0.008263539700933239,0.44360890514341134,0.06700273099191048,2.940500370931525,-0.09659475909492808,0.1979992253326542,0.2145505376994241,0.3916592610634208,45.22010353671115,1,51,2.0
2.9552752410664276,0.10225669898487263,56.9226448208678,30.216598733894834,-0.02608216181397438,1.8848881677140996,0.028092513668953496,0.45109087708123813,0.13987062148311558,2.95523676481412,-0.08666783106817194,0.19299361860159028,0.19662557491887367,0.3918694970064077,49.823710081813665,1,51,2.0
2.954920276707294,0.0981910517637411,62.036633556964354,25.308819794915255,-0.038050535043665006,1.8764818309883269,0.03681207350546531,0.41422779480686156,0.0748919064507765,2.7711743904425323,-0.0862164185905886,0.1861581263784611,0.16999135990647374,0.39182242892745794,56.61520439965779,1,51,2.0
2.9501605451107027,0.07109019374783951,71.48509601593018,9.532667425356717,-0.07943129271268845,1.1992140041887445,0.04324404560960829,0.3241750099342681,-0.03297792248427868,1.3825269944308989,-0.09755684131856195,0.18824421530240837,0.1185819762382368,0.3835208710716462,69.0806980316635,2,50,1.96
2.938793220940758,0.07691954827941616,73.08902626411587,8.661012477467567,-0.021536382097823947,1.1456365093730736,0.018205131449754917,0.30268510661254,-0.007672335514250924,1.3539831992402929,-0.10782655919347349,0.18313537375562808,0.09945435410746209,0.38968398093661344,74.47820311514435,2,51,2.0
2.9338807931133344,0.07657385409113805,74.34640142029407,8.62339424456861,0.018046678427387688,1.172195721891803,0.007796459913472919,0.31708111501813874,0.04345574003516459,1.346347285541271,-0.11295458474350702,0.16945944860683496,0.10250763162208973,0.3890325933685861,73.65063149735384,2,51,2.0
2.9359807582462536,0.06786807166220855,74.79705770342957,9.098497153525699,-0.003536555550846399,1.2877642640886797,0.02198712854627885,0.32396999500033075,0.02346713495824267,1.3855639977769247,-0.1135265208838593,0.16062163963047613,0.10345038588664028,0.38931104852881987,73.42731826451566,2,51,2.0
2.9367386815594694,0.07609855349168569,74.29745788200229,8.22714030405842,-0.06361694254127204,1.3890229488234205,0.020072321151839753,0.3477083441267117,-0.06910817210069474,1.5048572090829064,-0.1122605091014581,0.15498045869830376,0.10937748884852821,0.38941154898528557,71.91210966045047,2,51,2.0
2.9425786079144944,0.07075717001487324,74.18110448238896,8.66852940701266,-0.028909789727014655,1.4196337149691172,0.027183114204044435,0.33390705045033126,-0.04372448607475734,1.4870615278299937,-0.10929708196925936,0.15613201081983244,0.11360286790336825,0.3901859234117067,70.88493943860205,2,51,2.0
2.942026741364423,0.06933025540733727,73.71906911625581,9.65392805050375,-0.0326997719559015,1.3865297336186229,0.01259431105983608,0.33392911703940154,-0.012813760679872596,1.4692169080302568,-0.1092693734962778,0.157250573492029,0.112604996571861,0.39011274592528733,71.13526852223725,2,51,2.0
2.9453119530397305,0.07230292171796401,72.72915763480991,9.927687311277673,0.01920134880963494,1.433903701821764,-0.004253925719097548,0.3421790686418307,0.042524109284083046,1.5419836199618278,-0.11023453726658013,0.15830679421266802,0.11241146292963293,0.3905483649960543,71.21701868326382,2,51,2.0
2.9382715283655654,0.07251630945760194,72.27053096247654,10.951037795194406,0.125623274083231,1.3192499141858542,-0.01574008349402278,0.36724168166502463,0.1402569902586002,1.5229230492571137,-0.11420977336952123,0.15694245629671755,0.10849357407853563,0.3896148048478178,72.1536315538849,2,51,2.0
2.9410528563985636,0.07407007192632846,71.19451412500119,10.854054461920741,0.007238310780010971,1.231800469371488,0.010896711738086214,0.35987809127291526,0.013965035186094396,1.4698170610589147,-0.1169277985235376,0.154263328954023,0.10894511724725105,0.389983608563089,72.06418042833546,2,51,2.0
2.946540616306604,0.07681529729979795,69.41117210014194,10.677223082324153,0.01666720445249595,1.2301700491649787,0.018973323443502773,0.3767707674300449,0.005937416727344195,1.4950957603223818,-0.11851079014000651,0.15512884826707854,0.10739131380107989,0.3907112857130292,72.51389511180975,2,51,2.0
2.948030857478871,0.07712182274879888,70.18740251017552,10.275599659439306,-0.02659054071295495,1.0249580379256835,0.01907595206855559,0.3625502748352851,-0.03132489400313181,1.3252991408360948,-0.12157910530061429,0.15499696623085565,0.10045418148471096,0.3909088918846881,74.30240560648507,2,51,2.0
2.954936560462503,0.0661773528608793,70.43349370769425,9.912424495716522,-0.07321425264372546,0.951128334694457,0.029806788134224275,0.33020273470326605,-0.09322853682234007,1.1833535928116836,-0.12208120972083839,0.15621617519725847,0.09039910403357529,0.3918245877395274,76.9286801129311,2,51,2.0
2.943126939091028,0.07031832170379985,71.68672415789436,10.434210080812967,0.035171482931165135,0.9920727902359573,-0.01682191331158666,0.35741928405385537,0.07387971442521495,1.2046368509188394,-0.12157710468093837,0.15605297745076419,0.08678535135011434,0.39025863211520384,77.76209308177573,2,51,2.0
2.939134802304062,0.0670968319035642,71.50436820235907,11.773876111911568,0.025988445781609592,1.0663693287430933,-0.0010679171365850111,0.33217792047561495,0.0358718453139505,1.1881362314982709,-0.11750965626129656,0.15425246509738139,0.09236598168834166,0.3897292749631855,76.29996317390663,2,51,2.0
2.9324558564260896,0.06291634187222148,72.29531789293476,11.963929682003556,0.021738421025813793,1.0936276144697405,-0.0015002769034575013,0.31129613883581375,0.02882169947649042,1.1927605074222716,-0.11441670475684891,0.1517134506262847,0.09706331777468971,0.38884364635153207,75.0379571106737,2,51,2.0
2.9269380277278376,0.06047082278558379,73.87935409358903,11.313154851594387,-0.017264450425464734,0.9761848415135213,0.012789575127409953,0.27060544698203914,-0.04241345248495539,1.0685773760350659,-0.11607432083083889,0.14544735980224058,0.10248616630771418,0.38811198246021167,73.5936608661082,2,51,2.0
2.924007658958435,0.05646630313500038,75.68645190238952,9.26120594392354,-0.040734740775078535,0.973621701452308,0.014077533148229121,0.23810691434499343,-0.054964069840498266,0.9747992394839627,-0.11915810472677033,0.1404612433545817,0.10417694026501963,0.3801209958338359,72.59374214873439,2,50,1.96
2.9214280983980965,0.05511796485480574,77.13134206510058,6.153843547524554,0.014462889939108315,0.8788032604416455,-0.005224881766765725,0.22678726257277382,0.008230690145865083,0.9070394446133001,-0.12238350179428398,0.13980073761675652,0.10604505122835779,0.38738136565055054,72.62515427135465,2,51,2.0
2.92260566295362,0.06801535088666127,75.5083665380291,11.03019429227705,0.036167231790137054,0.985865088207175,-0.01672195737231888,0.26102355703231234,0.026404635957898756,1.0771905673751696,-0.12148341848856362,0.14167168158954166,0.11517217955648786,0.38753751110452334,70.28102409280721,2,51,2.0
2.9357294931131253,0.07602242722420628,70.29553075865203,22.11172751079291,-0.015318798449109583,1.125869280704786,-0.038529712606367526,0.32761325446499,-0.08640302522747102,1.3508817460507518,-0.11539371104962902,0.1430983952220534,0.12565674809059377,0.3892777307855692,67.7205403358121,2,51,2.0
2.9362830975476433,0.08636723003959773,69.23523744882321,22.291174067224976,0.031923218173723594,1.2332839397916697,0.009504218667964725,0.43862317124504524,0.032421067630981695,1.6248729918694553,-0.1054349216046698,0.14459373821939245,0.13466383424701764,0.3893511387126096,65.41326816398075,2,51,2.0
2.9391973077082167,0.09335452889327138,66.72665061202704,25.95230788936071,-0.032728990868610496,1.3085258925471202,0.022026337710592675,0.4470459410001388,0.004143144588406179,1.88762678193276,-0.10087976341625199,0.14150111253079015,0.14539574147882176,0.3897375631796268,62.69393683979851,2,51,2.0
2.944144582047182,0.10441903385158242,62.09668077207079,30.33915311506057,-0.0893463402548257,1.508721428298233,0.0035661680660411424,0.4643218199097633,-0.10153454072846502,2.2183048606045084,-0.09523045480710847,0.1362281644596033,0.15840954737630655,0.39039357137774805,59.423115801507876,1,51,2.0
2.9389524004038643,0.11728765246893383,62.839621048347624,29.587147834117772,0.021080434760626626,1.729209489474177,0.024067898700926817,0.45494562497625773,0.07083054560729686,2.515509146709901,-0.08607553604402285,0.13415668236900677,0.1762817900599267,0.3897050883188298,54.7653352897191,1,51,2.0
2.938858389854431,0.1144522101237663,62.98454131332098,30.04328681773545,-0.01664689654374824,1.6989516132618812,-0.004334023806686495,0.3675101028063237,0.012076417057245386,2.5029213938421657,-0.08752559219749223,0.13098247998298068,0.17816918076063132,0.38969262272716576,54.27956025603997,1,51,2.0
2.9355083785805047,0.10581101661600466,66.09072583329444,27.433972339464557,-0.0023811887219256046,1.5430265012302926,-0.009822709805459953,0.3355236025611141,0.005710243646913737,2.2562431784926895,-0.08744777002228614,0.13204180875566318,0.1700498987060766,0.38924841083415707,56.31327091569606,1,51,2.0
2.926935714833877,0.08144747598278401,74.66815833484425,17.077596762557405,0.10966908372938633,1.2137805332618135,-0.006481459459025121,0.2541700907834204,0.10908911942148253,1.7529527737951571,-0.09093980406573172,0.13457585428186492,0.15288972288938296,0.38811167580755845,60.60677057157336,2,51,2.0
2.919700329210244,0.030451009213133914,79.16673022625493,5.612748833753193,0.02953334773351968,0.44135112580934,-0.011670804681831641,0.12056821028044166,0.020891465344831495,0.6000640321057372,-0.09810711862672784,0.13766599831084525,0.13713312923925106,0.387152263852613,64.57901915008381,2,51,2.0
2.9206627712530246,0.005714955656346747,80.0,0.0,0.03017740554002789,0.12722693150584338,-0.012338070343842036,0.057225249413577976,-0.002095999011276838,0.09657576725788392,-0.09932585214543015,0.13937935944686422,0.1442188435045537,0.3872798832782998,62.76108062113883,2,51,2.0
2.9258819526317073,0.05335392647580342,75.35034469529694,18.59914857545124,-0.022923617352110643,0.39866459619217787,-0.0021611505311311167,0.1695661650038514,0.004222530036178582,1.055048047294588,-0.09564628287559646,0.14224328945193918,0.16552320750074206,0.387971946911333,57.33629484851113,1,51,2.0
2.935122451361488,0.09234633079479608,66.92804631999894,27.340768457409613,0.03920330950652486,1.1140101701599583,-0.021896916777169442,0.3131159185165193,-0.0361196871381253,1.9107440227289012,-0.0798871043722515,0.15118439022971283,0.19727465868952487,0.3891972370485182,49.31242056455499,1,51,2.0
2.9458306805760253,0.10592028319371688,61.84291214101455,31.04720695136908,-0.04243218343631894,1.1768025869483238,-0.019589213218412126,0.4468100712960874,-0.1365410416049189,2.2129048927436434,-0.07094884774544453,0.1520276177353428,0.22119123175641234,0.39061714824725885,43.37390645830036,1,51,2.0
2.9485650857289634,0.12949755808258417,57.77575436760397,31.64682347931223,-0.05413337015345985,1.4103778483945015,-0.012477728403538611,0.518213837473218,0.025640879867269713,2.6712734693373283,-0.06406369667099873,0.1562409283664872,0.23911642624642374,0.39097973053087365,38.841733324192894,1,51,2.0
2.9604347979321197,0.12544369121854893,56.46730860541849,31.160010029134366,-0.10255792035776026,1.3097929101575456,-0.030965160797624028,0.5396967355421421,-0.2636152909082525,2.546433641724825,-0.056532637731415016,0.15917457929283987,0.24107699468678317,0.3925536540033335,38.58750460523391,1,51,2.0
2.9507952624676275,0.11140817010294402,65.40359505485085,25.607592964864278,-0.08913289521839105,1.177405981257841,0.04028219422873329,0.5509471381680683,0.025471345758905597,2.484880234094243,-0.057913933139566616,0.15027922413460457,0.24045635825642814,0.3912754517596303,38.54550364070728,1,51,2.0
2.9460138643489167,0.11340637821076188,64.16880461748909,27.19207754909619,0.08567328210554871,1.32359393440154,0.028597498203025144,0.5663244137895654,0.2487818516571732,2.744070097679532,-0.05212155299946307,0.1524767664286452,0.24852972396663559,0.3906414385655652,36.37906800690772,1,51,2.0
2.964676736616621,0.10717918882635674,56.66939598906274,32.643457785168266,0.03172520445842369,1.4736831048143935,-0.0022479723043301526,0.6198619454193123,-0.11324202725846394,3.1648795157837766,-0.04253011286915782,0.14790751719224104,0.2723192023981555,0.39311613505172655,30.728052573491162,1,51,2.0
2.965411980946859,0.10107224986918893,56.420463216071035,33.88713658710778,-0.036021071467913834,1.4419567046634665,0.027681810507441267,0.5649951957626633,-0.08797530891994636,3.170508399897605,-0.03878375571352995,0.14186073215624623,0.28753645439339637,0.39321362867948434,26.87525725926132,0,51,2.0
2.9753207015056238,0.11282547726056828,48.191470342523914,37.48053904004393,-0.042735448508870365,1.4209880311603982,0.004065632747084487,0.5277741578719667,-0.25422445644496705,3.515947715346664,-0.03541935555234093,0.13602536598793577,0.3139256936627066,0.39452752519703377,20.429964042197867,0,51,2.0
2.967664185692282,0.13542417202053042,46.67784703946581,37.88984987189667,0.03985512092271272,1.4931318920330878,0.02410657923011219,0.5291454067711725,0.05409476365528855,4.104930004330284,-0.02934112734161682,0.12263672268134695,0.33518176162621477,0.3935122708554976,14.823047093924679,0,51,2.0
2.956084968996983,0.1292252177028249,52.01192491194781,37.8978429401945,0.05637922324240208,1.1282447243410292,0.054366877695143805,0.3870165961474131,0.23704351630865358,3.7812527677801,-0.02725631820634812,0.11219009292142446,0.33574386434287534,0.39197686692039896,14.34600031867268,0,51,2.0
2.9613000721323726,0.1381126436639417,51.98485154731601,37.93417816274285,0.11921352129794803,1.1511040806514403,0.03939830920631614,0.41328501302443504,0.19492739877280066,3.9876805716639994,-0.017024879716123726,0.10099668274127854,0.3499779924703875,0.3926683897867056,10.871870113992921,0,51,2.0
2.9773378798774646,0.12582585302897178,50.33315318238501,37.68538314091304,0.029037219307878438,0.8406710266945283,0.02128340473499003,0.3777597482402953,-0.07355697336150151,3.8774223514778003,0.0011493621326389856,0.09096675904433768,0.36724012998726413,0.39479500271568985,6.979539391046763,0,51,2.0
2.9836901221789565,0.12199661011317994,48.730808201958155,38.12360974062447,0.029510756406713936,0.8427584189341194,0.00445438101294213,0.3888464506346068,-0.3700668050670156,3.6509210411191297,0.008891434745351392,0.08900093666167944,0.3779080118065656,0.3956373102113089,4.481199812847314,0,51,2.0
2.9834584360029184,0.13559164207808808,46.99483273076076,38.38181343473948,0.044995175638035234,1.2321018845957448,0.04243973352918949,0.5186692668001188,0.05677709903787164,4.476885732802321,0.02458646218131622,0.08657743652050488,0.41068664556491785,0.3956065886573855,-3.8118821424868665,0,51,2.0
2.9912342341507183,0.12079806728144983,49.130548935310514,36.12881430603513,0.014025841255252268,1.1172578138794806,0.06653890393528283,0.5419972742911185,0.12814625301489643,4.274107063955845,0.042705543613211286,0.09134266825624211,0.420355220546142,0.39663765947852375,-5.979654352236929,0,51,2.0
2.987449345635433,0.11600912855753952,52.094903609331915,35.960924488708734,0.04101135797214275,1.221644175343442,0.06003566625911523,0.5500144260018026,0.28342877613270984,4.207293851238825,0.03994314605641113,0.09417681314001769,0.40860751198058926,0.3961357834648743,-3.1483468639537326,0,51,2.0
3.0034394737552192,0.10034323084873552,48.7238832174563,34.79205572504456,-0.033982624865922274,1.1656981491980032,0.0578569729228084,0.5274903091610813,-0.02705557520190875,4.021514360756149,0.05433660185291405,0.10076163022352067,0.41590596650919426,0.3982560740713543,-4.431794914615073,0,51,2.0
2.998677163147459,0.09913263874842662,49.70853788712446,34.203284633415144,0.07233951960270311,1.0140177350514286,0.04545438891349762,0.5794333723798017,-0.1298153713053348,3.7568662841014566,0.058426802378428316,0.11409466777832462,0.400843692241626,0.39762459185448495,-0.8095828208530831,0,51,2.0
2.99301316632944,0.10663803557361731,50.5612660482818,35.795987414401935,0.06359913271358784,1.0673972257034283,0.042356067428401874,0.5821737205667821,0.09442430822288289,4.042370860419417,0.061519277117623714,0.12080918365199843,0.41826715814177057,0.39687354609681785,-5.390536168347615,0,51,2.0
2.996914816837685,0.10156916961989755,51.78718009649538,33.25363371132227,0.018941539321459977,0.9823968171384104,0.09182856754198962,0.5876055076192453,0.04542871959069196,3.905879435013747,0.07297559036969739,0.13663841048782424,0.4311436120051716,0.39739090456610426,-8.493578250342848,0,51,2.0
2.992809696524751,0.0939513472312297,59.238056921491435,30.58124276549469,0.053786088876864487,0.9531800601087389,0.05438853394897545,0.5226350814670223,0.15616651142344756,3.5444220792191876,0.06723854674920055,0.15030558497662136,0.4222205454093468,0.39684656580438693,-6.393901772471722,0,51,2.0
3.006883634071724,0.07953087840554804,57.277431179495416,30.299315442480076,0.0435468646533349,0.6865586608629473,0.03305831080412164,0.43773991642506205,-0.19412205236799576,3.218435960160492,0.06747733066162337,0.1615865162768095,0.4307139436779705,0.39871277010845035,-8.02612205292943,0,51,2.0
3.010343272312015,0.07577728322718245,60.21854668037564,27.490432637235813,0.041691941300443576,0.7501159468364105,0.06326443588762891,0.4043152988314772,0.016877705560011023,3.1978688485681817,0.054238086576506694,0.17730049336232048,0.4284382610854896,0.3991715177407256,-7.331871650164601,0,51,2.0
3.0122524523267558,0.061350553749646895,66.71522746366612,24.774615219494812,0.03975421986451336,0.6246282112264713,0.05786865986153191,0.3520684461470718,0.04442369996332655,2.73053687327617,0.0367766463640114,0.1958561203976143,0.42625838860109455,0.39942467518758296,-6.718091064581722,0,51,2.0
3.0133478337643194,0.05591437197598911,70.42169184778251,22.116296889612254,0.051388614829264434,0.5926574387856258,0.07868307598811738,0.3269151160658971,0.0873548452760659,2.4462855332384605,0.011998202854479645,0.21509415312812372,0.43159014843037186,0.3995699227679893,-8.013672660986337,0,51,2.0
3.0133978373864116,0.04253632417480038,77.06891024346446,11.436349004601539,0.02137355418766246,0.5294888945561851,0.0944439289251379,0.2589810579967336,0.1482274137875613,1.8847078790648537,-0.029525454501777675,0.23605880614748026,0.42705923693448483,0.3995765532387217,-6.87795204022994,0,51,2.0
3.011918987713608,0.02363633432737724,78.93701279397105,7.006998467639897,0.014322481465105917,0.2905002106599478,0.08719426822647744,0.17577254599095174,-0.04497853023748772,0.7776443191623957,-0.0775079881420685,0.2532781788795519,0.4203757488281235,0.3993804579653875,-5.25696499265258,0,51,2.0
3.008609519285314,0.015598057475073685,79.92670463113224,0.5182765235596383,0.0068016366704421885,0.22036565679608153,0.08992531364235808,0.131717552740187,0.009019521010272643,0.39741151945811143,-0.12750560281482437,0.25986719533735325,0.40944065627938464,0.39894162205669914,-2.6317219468249275,0,51,2.0
3.0096394220987954,0.011105451312979893,80.0,0.0,-0.025492615596044297,0.15460021382452105,0.08002782731736992,0.1196528641246917,-0.008366006773476507,0.34653747810109625,-0.163078702229817,0.2570201523036491,0.39754106589036425,0.39907818737082223,0.3851680019358428,0,51,2.0
3.0045205787116407,0.014272986309300642,80.0,0.0,-0.010367633117472424,0.16793138371980107,0.05936163685777608,0.1469376263755624,-0.007918193123723362,0.378389854185688,-0.18221953004149796,0.245872487659981,0.37887905915585013,0.39839942893324937,4.89969823241635,0,51,2.0
3.004552702109019,0.014776276488643285,79.93174178927552,0.48265843674936837,0.0022730273285917206,0.18387604573803276,0.06050207758066701,0.1467479808788314,-0.024803079984278654,0.4135081466844502,-0.1826367418405441,0.2281456488767923,0.3684034395178906,0.39840368810201165,7.530113169143016,0,51,2.0
3.009500725596559,0.02581833815930429,79.57020769867242,2.193946590377767,-0.023074904931526558,0.22587244298876444,0.04770459654722728,0.22064822130603215,-0.03310970694520602,0.46724368775763175,-0.17067074934029564,0.20980585669880714,0.3604354602557667,0.39905979620713056,9.678834179355922,0,51,2.0
3.0225380659103394,0.037279329236626586,76.20060039969052,9.69928774163841,0.017084510923892845,0.25349224915400353,0.0648224809590508,0.26669960892074296,-0.03988476309414003,0.45610422803493467,-0.14363148359583686,0.18614415603899706,0.3593985077592856,0.40078854773555417,10.327151364509113,0,51,2.0
3.040854105762407,0.03909843738948701,75.4928300333958,10.121940859147855,0.04297150061557106,0.32788559417036434,0.08868568613394803,0.26218059932245297,-0.028650277723357372,0.4578187996464819,-0.10211405178984774,0.15465830664578215,0.37676102340841383,0.4032172542183109,6.561284402669198,0,51,2.0
3.0643037884843114,0.04277179430472204,72.15753467410218,11.012192131919607,0.04081276917428363,0.34071913437947987,0.09039617406533045,0.2737159331365309,-0.05173450683736626,0.4609964202873872,-0.04597013280195539,0.11147747132902745,0.40559223183000437,0.40632668235082536,0.1807537020635186,0,51,2.0
3.0840297610152003,0.03402728614172311,68.65317682191437,11.147913581439015,0.08622825375812895,0.3042506306473713,0.09397195137160666,0.21262611538445064,-0.04826732391637622,0.39815699390101145,0.02998984334179154,0.058436492217792554,0.4459461605096345,0.4089423465131374,-9.04866280345178,0,51,2.0
3.0938073665488,0.025640851407011497,70.76782478070727,9.322334903476564,0.05408863723278046,0.2948630633421427,0.09973309678482074,0.17317275602312118,-0.07905187362841531,0.4371943690147227,0.10695893119598261,0.003318795653550094,0.48286323806871073,0.410238856596537,-17.70295044079615,0,51,2.0
3.100933703721738,0.01596952617718854,69.67501028846291,9.200956882405041,-0.005683452767484328,0.8077095109600255,0.0561783288185503,0.3753278841361799,-0.027077976906416463,0.6902495478237292,0.1824339649592,-0.049058960102268824,0.4961294468446995,0.41118380911734415,-20.65879926296259,0,51,2.0
3.102537132945715,0.01825108148205891,70.33450492223103,9.109533668927954,0.015182395703067966,0.8132009173650248,0.10767843866465139,0.41246352744007886,-0.1084884616966341,0.7212336697271935,0.22657439727927536,-0.09843755025065201,0.5070128058021803,0.41139642383027475,-23.241908882356487,0,51,2.0
3.103781427822861,0.027476250253509953,71.34820488387463,10.003576361212748,-0.11349103650918194,1.0577729862941787,0.06673252042017731,0.7214568280097207,0.027661746313028476,0.992160127041557,0.25474042593244106,-0.10775962961812162,0.5016469369410602,0.411561417332434,-21.888718381942173,0,51,2.0
3.102271485562418,0.031553884334299086,69.65189466289445,11.633637777241477,-0.006261147120419671,1.1052234127605143,0.07007565773000904,0.7470497689176568,-0.023839446259479896,1.0205302350850627,0.2698295789387054,-0.11754054162779143,0.4880983187976731,0.41136119919424946,-18.654437937688794,0,51,2.0
3.0946741478115904,0.044096227440456215,67.4360959483128,12.372456294612123,0.003601872161322949,0.8500299113209472,0.08571786389631383,0.7014644351450076,0.005457119267506927,1.0590877380608579,0.2516447438207703,-0.08438260314623888,0.49980443162847693,0.4103537917922095,-21.79841922395651,0,51,2.0
3.088069977713566,0.042545336008431,66.18079102273082,13.086594345564738,-0.042368623263695664,0.8432136013461405,0.016065993437580035,0.6795319482275736,0.11793763944696561,1.0226163488199036,0.23574722210821786,-0.03171855741419648,0.4852271133461804,0.4094780790323378,-18.49892294426352,0,51,2.0
3.079677101443796,0.03651479905088227,62.78812990001604,12.661284598520535,0.060958826366592854,0.48886874099773364,0.04569194480484607,0.3284179875775927,0.0411479090541309,0.7777525884675521,0.1778991022383263,-0.00996613710978616,0.4874788523749928,0.40836518383735687,-19.37326482983064,0,51,2.0
3.0743012299724652,0.037040004583024616,63.36147392497343,11.491814052282447,-0.05717209321172798,0.40321362646386816,0.04198973392154656,0.2622653352997281,0.158117295242846,0.6983184933355491,0.08215117503575209,0.019828653263290218,0.4740860066278673,0.40765234288916014,-16.296647105685924,0,51,2.0
3.069892869276159,0.03424207942070959,67.58400272855572,12.208705555153598,-0.066791225115166,0.294903565798919,0.07158939993264628,0.16059815491680335,0.06461215263926516,0.3344183800536116,-0.020560880009473734,0.007299132230361454,0.44201075585965904,0.40706779446779007,-8.5840643418019,0,51,2.0
3.0623928834410274,0.036709017354457384,69.46664652169919,10.617695998672843,-0.026093909736065304,0.33350635953798563,0.09781736303486076,0.24511669411069784,0.06049191714355759,0.40000152503565883,-0.11159214273670007,-0.02264852894023998,0.42318748075457224,0.40607329655540725,-4.214555437242318,0,51,2.0
3.0613978037647174,0.03640136179840116,70.11570533116658,10.998404276299302,-0.05825627584229497,0.3936005070940187,0.08542126921169899,0.2643664514912026,0.05236434629734825,0.39647469367785915,-0.1674884660385488,-0.05528185440277363,0.40671267117685866,0.4059413485875701,-0.190008382238549,0,51,2.0
3.0500177530681385,0.037248295814040475,68.10434483546837,13.822752024104906,-0.0014064740754810034,0.5417904485146345,0.09416425666388344,0.29630024689119283,0.02273304420797264,0.49445421962770963,-0.19815967658491246,-0.09186365860414458,0.39357882431309343,0.40443235404190736,2.6836452673342004,0,51,2.0
3.049790278369305,0.036745191652050535,64.48529207940196,13.194917346403491,-0.008313470465295455,0.5783161859061132,0.08943818904021207,0.32110448079320625,0.04762254637099948,0.49923892569580175,-0.2080301675736648,-0.11840139534981711,0.3980346527893978,0.40440219090200435,1.5745557902156704,0,51,2.0
3.0413057313245884,0.03639731767240975,68.31229332381604,13.653977147539488,-0.06278114919276799,0.5824242138559779,0.07077659220964301,0.2671900691820287,0.016401186731516148,0.4710660010000015,-0.22953598398336714,-0.13892981615603453,0.37432735503239856,0.4032771399585826,7.178632770793126,0,51,2.0
3.038810873732847,0.0349214335719583,71.87299112245148,13.189072282739003,-0.01918996096241708,0.5353182155756571,0.09573626730079744,0.2750426297952997,0.023085623468254126,0.45005519837106833,-0.25784136915481365,-0.15353091845518171,0.36167088221818494,0.40294632204666575,10.243409002676207,0,51,2.0
3.0411270494554556,0.029606522675687745,76.14677429199219,7.200700391727297,-0.048599618980113196,0.3904914362215333,0.08786232521136601,0.23092797325462242,0.02909250082630737,0.3646155863948473,-0.28786793014187667,-0.1698785761497244,0.3512389437697188,0.40325344656170087,12.898712518263233,0,51,2.0
3.0463960275930515,0.02633985081359923,78.28103176752727,4.518729636893532,-0.009460379826087578,0.3322806892337912,0.08557021924678017,0.20598364213536838,0.043803334017010295,0.36276766202489213,-0.3176141259568236,-0.19269946473921135,0.3439894153821193,0.40395211326535596,14.84401143455516,0,51,2.0
3.046590442750968,0.024251431866122084,77.4867379805621,5.297866247431079,-0.03335130053992365,0.40313311313748523,0.09778833959032507,0.2061009087409257,0.041365581327209286,0.3598346326029209,-0.3462100364196034,-0.21870628102948267,0.33941879846728246,0.40397789291506714,15.980848353342358,0,51,2.0
3.0291151754996357,0.03682812866624745,77.31841915729,5.4147944522943305,-0.08834531822917509,0.4308762314675693,0.06729702812199499,0.1924875020489327,0.0335881483613276,0.427415312041703,-0.3718623128639922,-0.24510551916648626,0.31317154129323665,0.40166067208642386,22.03081778794298,0,51,2.0
3.0079414447148642,0.04509054171928435,77.92048875958312,4.755192861180014,-0.0711111990990592,0.40721375907665147,0.04448952861860687,0.18632999346221318,0.033416895889768414,0.40152971077836536,-0.38980536033403074,-0.26340937498802347,0.27944769930598706,0.3988530355736387,29.937176257395258,0,51,2.0
2.983668427841336,0.03344936572084651,78.70554886612237,3.9680017690268286,-0.07636746190780518,0.4125207125970884,0.04750467741898462,0.18737059280244192,0.008626922344168028,0.3943620061665216,-0.40277251258160046,-0.2717274173897618,0.2484277311433766,0.3956344337329755,37.207757980174385,1,51,2.0
2.964090645313263,0.01952655163370803,79.40541603985955,3.014914033434903,-0.03577716904235821,0.3367215086116773,0.0112416942914327,0.16686675757729197,0.012984787241793146,0.38426219010153034,-0.41023178286449724,-0.27079639399310684,0.22557104040491865,0.3930384193775611,42.60839925976033,1,51,2.0
2.958299720988554,0.013166979258802195,79.63791426490334,2.5603327865775776,-2.113357186317444e-05,0.32781311572031335,0.014168916671883827,0.16606069678822724,0.011125638752299197,0.34290361968231353,-0.40810638844718267,-0.26914800411640527,0.22270353747497226,0.3922705430029405,43.2270555494393,1,51,2.0
2.9529984336273345,0.014746170909887677,79.63791426490334,2.5603327865775776,-0.01776787521792393,0.34419919144392225,0.025756414906651367,0.18273787372789022,0.013693624961317754,0.3497828776107608,-0.3982373254488658,-0.26914764389430046,0.221531481420598,0.3915675924905616,43.42445961588667,1,51,2.0
2.9477101529345795,0.01594851632035242,79.63791426490334,2.5603327865775776,0.027637198530867987,0.32707169126775604,0.015579696014231327,0.20003408173466067,0.03353442295509226,0.36886215196973704,-0.38014798877966527,-0.2729721747667879,0.22087265767393124,0.39086636608711706,43.49151606851158,1,51,2.0
2.9490114006341672,0.017550360699895913,80.0,0.0,0.010397200783093771,0.312862732104812,0.04164021586378416,0.1914818559818585,-0.01062220261961806,0.36578563767519645,-0.3511246532945727,-0.2799465956363725,0.23750164360461218,0.39103891172405175,39.26393602173989,1,51,2.0
2.949918127527424,0.017149560078786406,80.0,0.0,0.02054979272332846,0.2520816863556717,0.051713008287490585,0.19663719633484916,0.014949193626057868,0.3373068680420611,-0.31649701295799126,-0.289080988305741,0.25399668963722155,0.39115914370776705,35.06563921026958,1,51,2.0
2.9544472834643196,0.017489208295657317,80.0,0.0,0.017740540498611974,0.2181855507872435,0.06387261162493743,0.18570404863470832,0.004368029973086189,0.3475714617173194,-0.28392685828767394,-0.3032439193396777,0.27242726015979596,0.3917597097863432,30.460623347824225,1,51,2.0
2.96003503074833,0.030470699416760106,79.58094082626641,2.046445955863111,-0.001400934787941914,0.3298235428158552,0.07320624268522449,0.26493879649380214,-0.0019075261319384856,0.6052539189893289,-0.2560574928728904,-0.3210554286093617,0.2908935285976937,0.3925006452891326,25.887120928576003,0,51,2.0
2.9602863344491697,0.0419558728740159,79.58094082626641,2.046445955863111,-0.0035505206415466233,0.4486867593141039,0.07338098400071555,0.308652910139576,0.04318966833399791,0.7257523446762203,-0.2389275247055091,-0.3387240767898614,0.3074812197194334,0.3925339677730959,21.667614789155575,0,51,2.0
2.966459287147896,0.04905095932620905,79.4475164787442,2.151059379190359,-0.010901471052099676,0.5156363397373557,0.09580229756002333,0.3742781316796382,-0.00816655991708531,0.8661255690274262,-0.23017510451574766,-0.3541179630539496,0.3203562354635798,0.39335250150428397,18.55746836782458,0,51,2.0
2.9742385885294746,0.057183762073305236,78.61133076162899,5.409084350818353,-0.011309072083117915,0.5992974595531031,0.11863618964950244,0.49293928761631384,-0.0294725918302349,1.0940322417702792,-0.22344314065335402,-0.36527998167348463,0.33314504393322647,0.3943840370447224,15.527756541665394,0,51,2.0
2.9755149729111614,0.06928212324063837,78.82767651127834,5.248278871382532,-0.020256147080776738,0.8039455287136082,0.09296129030339859,0.6764330382527916,0.08723827729038164,1.4089459888729594,-0.21067530156135755,-0.37497789383086444,0.34908580602769795,0.3945532851825867,11.523786738677854,0,51,2.0
2.9856610543587627,0.06642923709760687,77.17432943044925,7.825147200739081,-0.011804221307530123,0.7564477207239957,0.11347605631339784,0.7358414906426501,0.020910196444567514,1.459285527285738,-0.18280373952648524,-0.3873559483459957,0.3650945226417461,0.39589865577507416,7.780812762049171,0,51,2.0
2.990796692231122,0.06153118093112426,77.28460226806939,7.829594548795669,-0.013453455532298368,0.70899728381001,0.11541438161158095,0.7041213170745044,0.03567728440405107,1.3839497339739582,-0.14843930761161547,-0.3999720137033156,0.3785175144893657,0.39657964154340797,4.55447662006756,0,51,2.0
2.996151613254173,0.04564452488501485,78.12078798518462,6.236200491539242,-0.05159944040226001,0.5644604887936946,0.13666966652461127,0.5059920056332777,-0.022970156716730666,0.9965611133969501,-0.11148856703069802,-0.413943993498184,0.3878892748413434,0.3972897036995078,2.3661395627998627,0,51,2.0
2.9993792071061978,0.0223503031681119,78.6134947421504,5.840770959458281,-0.010898842311957303,0.1732924760600539,0.09460797157211631,0.3316631516235898,-0.033379761620844696,0.5979602938513136,-0.08444922772333348,-0.4268067297057856,0.3970271224779759,0.3977176828584522,0.17363079647683133,0,51,2.0
2.99993378274581,0.005356369974006266,80.0,0.0,-0.018033549006955297,0.07537535560708364,0.07887209612218772,0.09570197510301245,0.006715616622172734,0.18633515613438442,-0.07165894364054375,-0.43884166515059636,0.40136282858767863,0.3977912195917406,-0.8978601889714,0,51,2.0
2.9999149722211502,0.005683831985493634,80.0,0.0,-0.020243899385426558,0.06373251131061028,0.07621901650346961,0.08863129337038152,0.02676851869396427,0.14087675451052004,-0.05959511844538251,-0.4453561361727548,0.4056729824801224,0.3977887253162036,-1.9820212746481491,0,51,2.0
3.000558735108843,0.005600939612217556,80.0,0.0,-0.0250959576783227,0.06305634291608543,0.06860205738385226,0.08418961005642757,0.03503096609504199,0.13233747683879787,-0.044281570755104145,-0.44380373776954957,0.41266236822088,0.3978740884694592,-3.716824035540567,0,51,2.0
3.0027945205277087,0.006979008812139171,80.0,0.0,-0.02056863849215648,0.07002983253997154,0.07807027116673541,0.07939371658629737,0.030887847821063855,0.10537807753799017,-0.02441512813587844,-0.43510479137111946,0.41688616038041887,0.3981705532251326,-4.700399616117301,0,51,2.0
3.004829468680363,0.00750621441372252,80.0,0.0,-0.012421699642550712,0.07522918519508894,0.0839932110142328,0.0827273340415072,0.03372824418486333,0.12020519720504337,-0.0031054665825105536,-0.41663561566958607,0.421995948364259,0.39844038754805994,-5.911941046226854,0,51,2.0
3.0091558133854583,0.006322003759138258,80.0,0.0,-0.015384284149417105,0.07254263173619047,0.07062434588613756,0.09331975019219856,0.04530422966562066,0.14248141529029418,0.011682435886751602,-0.39745162845955445,0.42921471723567467,0.39901406105009063,-7.5688200325834565,0,51,2.0
3.0114863199346207,0.004799720502334622,80.0,0.0,-0.012304843604272487,0.07257435328410311,0.07444348118687961,0.1029788374360247,0.05527163671293095,0.1566432428425987,0.016409406783551694,-0.37757986257876264,0.4331458284891315,0.39932308582745873,-8.470019355777247,0,51,2.0
3.0131939415838205,0.005617636452320346,79.95737180522843,0.3014268559271169,-0.02091559498369986,0.07758575609699225,0.08124023553568359,0.12219699597964975,0.05491138167460175,0.17979152711881732,0.01153516356063375,-0.35584600932534344,0.4329193868688209,0.39954951665530175,-8.351873503155293,0,51,2.0
3.0156227759286467,0.006698014316384774,79.01316966262519,2.654485090584024,-0.016885732839285742,0.08032462865253825,0.09090497689869474,0.1440070879292219,0.0592795676533498,0.1924954953715271,-0.0012438321912252835,-0.33595589746172805,0.43825529233086147,0.39987158028496333,-9.599009766721721,0,51,2.0
3.0188408003133884,0.009899691204152333,78.07767368765438,4.020379186638889,-0.012794536118413889,0.09008240887001921,0.10679020954515128,0.12936763151892683,0.05254114717792939,0.19284857165665045,-0.01856121697706172,-0.3186950138282685,0.4426834998314111,0.4002982899267813,-10.588406438704112,0,51,2.0
3.025745601046319,0.012323306819498982,75.76759924608119,6.287277186730222,-0.012768491837835195,0.08906878795235608,0.13003328644360104,0.1284333123652466,0.03736655323711388,0.212451612519511,-0.031861277446871304,-0.30757445275197,0.45147381869318465,0.40121386670086834,-12.526972810186665,0,51,2.0
3.0351883219737634,0.015257168937460841,71.22568780300664,9.4864499981909,-0.012280060836643564,0.08512365764994913,0.14534693741805704,0.11119593421207498,0.028125244165387225,0.1972596058338484,-0.030179736385305377,-0.304050575521227,0.4619499477733711,0.40246597169032144,-14.77987712432489,0,51,2.0
3.024819251953387,0.09708752593761714,70.24950055515065,9.806863379877909,-0.029793328276890164,0.34344950035098903,0.1085118941560972,0.465633337500756,0.005730898256468422,0.7072396592165682,-0.005424617232768658,-0.3032829020584229,0.4587136876905953,0.4010910326136703,-14.366478029048068,0,51,2.0
3.031732288645763,0.11931898074731401,68.77071994893691,9.645643719137524,-0.14130650307325757,1.7274815032682076,0.032600047121591424,0.8924822853415975,0.0035573872463668093,0.9985857402877075,0.02375663978432853,-0.2950481427288459,0.4109016830283794,0.4020077014600354,-2.212390841280487,0,51,2.0
3.0202211077306784,0.1630738979780557,67.929252465566,10.167254554505353,-0.05545730209525894,1.9986944022940596,0.014668876524357236,0.917279245055986,-0.0297191223202675,1.2799885356885414,0.04056954587705585,-0.2753410777438425,0.3617887904051458,0.4004813188655732,9.66150645179409,0,51,2.0
3.0368070105711618,0.13645582687168772,66.76647184409347,14.214431691206473,-0.023041075716416042,2.244276697017903,0.029191417911765622,0.8487725222248171,0.058039820223462345,1.2162856555866066,0.0342826383675792,-0.24389756649932504,0.3322264601757882,0.4026806095773716,17.496285573702608,0,51,2.0
3.0458464867928448,0.1365726126084634,62.008556263119566,16.58796571165119,0.0035139230974749022,2.247426659757045,0.014819368208740271,0.8958155489825909,-0.008830323450121224,1.359431077680094,0.02130463220001627,-0.23608899995188717,0.3340733397882373,0.40387924432390554,17.28385538913332,0,51,2.0
3.046715834561516,0.12750835435750038,56.73843729729746,17.752141090494774,0.05000736966144805,1.6188942525480792,0.09227298061345138,0.5324983616041623,0.01003000556546099,1.215389418428501,0.035193074736425016,-0.22946660543289824,0.374515556810262,0.40399451945913173,7.296871920029069,0,51,2.0
3.067372862030478,0.05737293027848265,54.31470996258306,17.966846180389634,0.048757525416565875,1.2872429179975184,0.0902805723542092,0.5119960778940814,0.01773830590879216,0.9284206588240518,0.08764173737468416,-0.21455588235155817,0.4125727349368064,0.40673364150676566,-1.4356062135429726,0,51,2.0
3.068591060591679,0.049650126705154375,53.6293664820054,17.578520607972894,0.03871478403315825,0.8689145388034845,0.12107483356022368,0.77893349772618,0.003994279486291549,0.9055866349516699,0.13741227481150772,-0.21390162187972248,0.4348316912609513,0.40689517483586257,-6.8657772696267605,0,51,2.0
3.0660940981378744,0.05155117723257889,52.438842025457646,16.818944181751206,0.0005582281771828147,0.8694083109497063,0.08314403351031098,0.6868707767009361,0.0252657854819999,0.5890197137322576,0.158829895164214,-0.18358955968393578,0.4447615007293601,0.4065640772124421,-9.395179175399381,0,51,2.0
3.0669440568662156,0.019874905389659747,52.48983320535398,16.131717891074857,0.03694769681668749,0.5953070749216834,0.03782089945732379,0.6838243589705206,0.020233536540877586,0.5158826009532259,0.14274264264884182,-0.14953715203784743,0.47166450540927424,0.4066767819342025,-15.980190254772486,0,51,2.0
3.0626053062139773,0.023579427659985035,48.358524799346924,18.61597554982211,-0.0037593467562806373,0.5878980421461976,0.033563063279086466,0.69165881081018,0.043790706159437406,0.4889848016685034,0.09550442786084024,-0.11817136492404239,0.4720826179841971,0.4061014638037345,-16.247455392662836,0,51,2.0
3.058558190570158,0.028996939568314423,44.24584066166597,18.468261122628714,-0.04748424011118272,0.4316383145187375,0.023693947669337776,0.3733628192158726,0.02173854271863021,0.34786385396180053,0.06119128072257011,-0.06660333828769573,0.4590563833906904,0.4055648158746346,-13.189400416970765,0,51,2.0
3.0634990369572357,0.028275420596313862,41.03018897187476,20.224744270671764,-0.06126997882828993,0.41973078454231355,-0.0028338105070824715,0.4023841164838651,0.017178723442496036,0.3390827176784321,0.034505957780993794,-0.01137513761304624,0.43630525192502867,0.40621997230046303,-7.406154713218505,0,51,2.0
3.063881523468915,0.03189149824268945,36.171924796758915,20.413779605087935,-0.046374030192108714,0.32607751889756226,0.006776986607149535,0.33858335700946446,0.010007167490674,0.24560438239438015,0.012590321078711837,0.04054294930950226,0.4177028034329301,0.4062706902069214,-2.81391532827191,0,51,2.0
3.066180659275429,0.028500332995958316,33.4344877168244,19.55124648604749,-0.020038472817224616,0.29380688422100776,0.01882030091741506,0.2763775316743776,0.0033747672158129073,0.24933752734249223,-0.007666890176713018,0.08394459099461567,0.41009115945021485,0.40657555541126444,-0.8646865243519652,0,51,2.0
3.0665809348517774,0.02900514815158904,34.28293406729605,20.42781984800435,-0.0008561637471703922,0.24214615670658263,0.019134801611596464,0.2220223899213468,0.01519676626605146,0.25906198124347984,-0.02601490306627998,0.11465466466485591,0.4107945398805718,0.40662863195309173,-1.0244994080890635,0,51,2.0
3.067132799064412,0.02978049019869001,38.691855122061334,21.222919974408743,0.004120153393231186,0.2548465969453861,0.035940106519881415,0.18245899749336209,0.016234215422003876,0.2823811496863078,-0.039408497968090275,0.132607655686096,0.41027577070173704,0.40670180895461816,-0.8787671135039643,0,51,2.0
3.0701529325223436,0.038575864957073644,37.27597019719143,23.147875983598162,-0.006208372978018779,0.31907501623240087,0.03294262341132351,0.18316932514493312,0.008477930983930243,0.3039211534429747,-0.04928624347798063,0.13578988900469458,0.40607278367191796,0.4071022788623002,0.2528836717051286,0,51,2.0
3.0747624799317004,0.032188656983568265,38.9306152568144,24.347350415202083,-0.013207064831958097,0.29898731135302864,0.03500019817375669,0.1768431666047715,-0.003248053274172194,0.29832758289587946,-0.05740034406248871,0.1274941644969045,0.4007630467420141,0.4077135050485575,1.7047407604797615,0,51,2.0
3.0730354061313703,0.03210168976237252,41.60606933107563,25.248477466206488,-0.02429602879519556,0.299116042471619,0.02074516769133362,0.19378073875901836,0.006841640280304002,0.3165423285523642,-0.06280725015100508,0.11202065234843603,0.39489651953219934,0.40748449466488446,3.089191195615304,0,51,2.0
3.075597174027387,0.030305323724017365,33.76956670424517,26.723025634657954,-0.0446190664581224,0.32371886483006207,0.02635501105995739,0.22175617856278376,-0.018580920939498088,0.28722320966727466,-0.06531094863750278,0.09226589038190289,0.37609167971726154,0.40782418528906444,7.780927840096341,0,51,2.0
3.0719018368160023,0.018804121572945105,33.21450244211683,26.035886296993443,-0.031213683240553913,0.2693036327461697,0.03214709373081431,0.225562359336537,-0.004018647231015505,0.28292235812443,-0.06344982430477486,0.07378138919234217,0.3592968501796448,0.4073341837602313,11.793101462081722,0,51,2.0
3.07117560505867,0.018342793470218326,29.518188990798652,25.08754832580459,-0.03817169908799377,0.2941760793588201,0.028945466759158114,0.22393618640307672,-0.004574654906915099,0.32338122452022583,-0.05864476371765178,0.059894664336664995,0.34172653148442617,0.40723788503003955,16.086753210787595,0,51,2.0
3.071722676940993,0.01656145256486319,24.59566448249069,20.87505504316236,-0.004247134514883452,0.32443947002341017,0.03848924283303466,0.19076070008470655,-0.02625060573622,0.3599443103734408,-0.05349760002087928,0.0499374435919411,0.3293213387310763,0.40731042695800285,19.147334088495583,0,51,2.0
3.0666710833708444,0.02679246139432099,27.93168197893629,21.320748993045488,0.017183015451711768,0.3728556233651832,0.049222164002119324,0.17860008904563635,-0.011372253545286024,0.37946030188407176,-0.048348048125161754,0.044503622489099455,0.3324206556446052,0.40664058584670015,18.2519730654911,0,51,2.0
3.066322621761584,0.026028640001444364,28.917145154055426,21.687977564354224,0.008750116416052276,0.3740881092093587,0.045775469173403346,0.18918078953989376,-0.007257424121466922,0.39788713560455286,-0.04422897807766009,0.04365276717908486,0.34120600153757846,0.40659437944014737,16.081967978161483,0,51,2.0
3.066512669418372,0.02762309942994761,32.635235590093274,21.849270599907396,0.02238956970327041,0.38486715546259703,0.049406099553201716,0.2114341526541238,-0.0008843994206365417,0.3868671047800373,-0.0401795087255784,0.045512803125016064,0.3486889322289828,0.40661957996765236,14.246890851463201,0,51,2.0
3.0631741209357393,0.03932660345202041,29.813972702213363,22.752500720923887,0.01104341447353363,0.4445786830764953,0.06075219839226966,0.24633377415567623,-0.018962196439650712,0.3883474745802853,-0.03629210951584731,0.049388660913741625,0.3573053759346287,0.40617688844986943,12.032076148338632,0,51,2.0
3.064464811600891,0.04072400289352365,30.063581798590867,23.261249615204175,0.02539764984748235,0.4281037973348287,0.061142323885624315,0.2814163565443413,-0.0072778873510804835,0.362293613950589,-0.0317967629794437,0.05429049363032311,0.3681091603739467,0.4063480340443029,9.410374965955203,0,51,2.0
3.065316038973191,0.04037652524885479,30.795050588308595,22.287548719139185,0.004844564259709681,0.4741974747562651,0.06133518990713591,0.30456798062260515,-0.033871200812213564,0.37568710044948905,-0.020394287665039878,0.05954771811158517,0.37856970301667925,0.4064609069986771,6.861964706015044,0,51,2.0
3.0635501134629344,0.0425451985023207,31.23664721320657,22.519679889846838,-0.06246497864634091,0.4988378918756276,0.042343439369955486,0.35338649883966444,-0.03763209363701297,0.42753444673146257,0.017266587786903972,0.08436726458063361,0.3676139548223983,0.40622674487006505,9.505230892667438,0,51,2.0
3.0676447866009733,0.03029833341250628,36.119470077402454,21.061338415170262,-0.07300969668864912,0.47509444536986234,0.02979185864986742,0.3425488651890676,-0.06076380223327992,0.41692409370965183,0.08859716178873187,0.1445601147534508,0.3318430632331464,0.4067696987108302,18.41991567099216,0,51,2.0
3.072252735787747,0.023915349599273657,34.43503825804766,22.561002911619422,-0.18047160523779252,2.2984662095957273,0.011739293003783506,0.8293123301928385,-0.07348569975618054,1.3690055986094418,0.17687582591621984,0.28674664455685667,0.314347349150051,0.40738071297226497,22.83695836836237,0,51,2.0
