feat_w_vel_mean,feat_w_vel_std,feat_curr_mean,feat_curr_std,feat_acc_x_mean,feat_acc_x_std,feat_acc_y_mean,feat_acc_y_std,feat_acc_z_mean,feat_acc_z_std,feat_pitch_mean,feat_roll_mean,total_dist_actual,total_dist_cmd,slip_percentage,slip_class,n_samples,win_duration_s
1.9903046399038509,0.7323274514485003,64.42438636561657,19.964372894090527,0.16326288769933137,0.5877253751213894,0.04116743506784452,0.46162787101106595,0.028922805835076785,0.3087359969308108,-0.1343982549098656,-0.5430683182858163,0.2610378785716194,0.2431992825922248,-7.334970641876759,0,47,1.84
2.312210722881205,0.29000620625577817,67.3066790711646,13.710912685202185,0.027394786623178746,0.4336147967808514,0.042678131484517864,0.4781442502165493,0.0037918881166215035,0.3323374163470297,-0.16815245908830692,-0.5362002653870975,0.31842778528675825,0.3065991419684041,-3.8580157930034664,0,51,2.0
2.468848847875408,0.10586165734999045,70.84835839739033,12.715924657732362,-0.004442398308538923,0.45385903471362143,-0.02675336687003865,0.5282936771442673,0.021457123697972764,0.37413793269173823,-0.2168308665963409,-0.518205137253826,0.3232833322996918,0.3273693572383751,1.2481390968147488,0,51,2.0
2.4548116425673165,0.06354184442495024,72.2740580147388,13.141587002254653,-0.06489892128635855,0.40685570146557676,0.05358815076304417,0.5036210260711916,0.024280240576641233,0.36445016248082407,-0.2643609054744745,-0.4985399577150872,0.2998261986575149,0.32550802365828396,7.889767113000456,0,51,2.0
2.440727011830199,0.05856531980690021,72.11751912621891,13.14626852199717,-0.03905070105604097,0.423344537917719,0.001688317340963027,0.5521353320326462,0.02988483698344698,0.4044738272943592,-0.3114822961189579,-0.4745201375724911,0.2780967223570645,0.3236404016197833,14.072309586435406,0,51,2.0
2.4419592449478076,0.042591655171466465,77.81272812450634,5.64090679911871,-0.057646798444729225,0.34849680141039435,0.003348716333800671,0.52738806373729,0.012751315008191502,0.40852131331896885,-0.35550118935278446,-0.4454594037822137,0.2598680867446513,0.3238037958888246,19.745200629496363,0,51,2.0
2.4259225796250736,0.026794861110866826,78.29557651631973,5.475513970039627,-0.0357901287429473,0.6496339447996747,0.011288155089406407,0.7255801476960619,0.03633080890365675,0.5276815531489278,-0.39245507107855276,-0.41563496112671433,0.2369843463130187,0.3216773342130903,26.328553146976773,0,51,2.0
2.4188201871572756,0.03950712232364087,79.08727654288796,2.8330388655887058,-0.01690326170886264,0.8679610740685403,-0.0690841034931295,0.857269313681969,-0.013716806968053183,0.6184046653094206,-0.42944670480217334,-0.3798994030720161,0.21411956706631996,0.3207355569685306,33.24108836260753,1,51,2.0
2.4099615520122004,0.038083230102465726,79.21833076664046,2.622116321162357,-0.04423056930011394,0.8847878102341408,-0.028469526592422936,0.8200014654160408,9.909272193908691e-05,0.6098767971304965,-0.4570121377786443,-0.3396706746227578,0.1911792859699429,0.3195609017943831,40.174381503981834,1,51,2.0
2.4067836766149484,0.039370542325408375,79.19504486345777,2.603258745135462,0.022603860891917172,1.0608955631821932,-0.09920521124320872,0.9379121409933057,0.02516451025126027,0.6931733523019472,-0.4800165589767711,-0.2918497708206139,0.169309419049114,0.31913951551426956,46.9481493771511,1,51,2.0
2.4114197510130264,0.05463854214534767,79.00629842982573,2.8730388236243525,-0.014369099455721238,0.9207537616620807,-0.04590713671025108,0.7114948212824277,-0.023858081805063228,0.6199651484237875,-0.4900339590914208,-0.24545286345561232,0.15170336051548386,0.31975425900066856,52.556265868168886,1,51,2.0
2.4205687647941065,0.048582413462227775,78.18252369936775,4.282926328347364,0.0035514638704412125,0.7548781874249197,-0.03622510634800967,0.513686266503172,0.018188183031537953,0.5628663115619441,-0.4860883631884615,-0.20375999449178883,0.13640930991711006,0.3209674180623958,57.50057412662608,1,51,2.0
2.411661154499241,0.05330592239247851,78.60302039688709,3.964662066354151,-0.022740984956423443,0.7511237261680248,-0.02047735934748369,0.5045372161011126,-0.0054351549011235145,0.5571350565664333,-0.4731212170056653,-0.16530608554685106,0.11941037792509841,0.31978626893217915,62.659316698046474,2,51,2.0
2.4089001832055112,0.05480608720487123,78.10747282177795,4.725056827286648,-0.000499093795523924,0.4935697372465062,-0.007834544076639064,0.21867456493759668,0.018009627091826175,0.38337546296191044,-0.45361594414696765,-0.13350032366784098,0.10500366831789455,0.3194201643092006,67.1267878328901,2,51,2.0
2.4045221303023543,0.038102072930903966,78.29621925541,4.603049672674843,-0.002388782068794849,0.6005476710329286,-0.013435804814684624,0.2333925541623015,-0.005757723368850409,0.3575236053792117,-0.4324620515754221,-0.10625118559381921,0.10688889893581824,0.3188396346336914,66.4756550550496,2,51,2.0
2.4038866536290038,0.03628748448830518,79.28165617176131,2.945910629157091,0.006364933269865373,0.5598870683615256,-0.008007015740754558,0.21436038811086386,-0.02443977255447238,0.3730257152420622,-0.4057223329670594,-0.08361686582036838,0.11648187621925407,0.3187553704283648,63.45728197058518,2,51,2.0
2.4145460117096995,0.03377638374640966,79.56081629734413,1.6931705234030412,0.07378237796764747,0.5401349728232246,-0.02580393595146198,0.21544113393130007,0.003055738467796176,0.4267340109624281,-0.3703930596542464,-0.06875047461363437,0.14395846885129032,0.32016880114616014,55.036696787463725,1,51,2.0
2.405411095011468,0.0302338229681728,79.83003487306483,0.8463072204725105,0.05219861339120304,0.5014126079174547,0.005846094340085983,0.1669169262502711,-0.002913115582629746,0.4037042964267701,-0.3226165525744489,-0.056560853156571264,0.17031058456767167,0.3189575111836344,46.6039899999037,1,51,2.0
2.4094353154593824,0.0315618461516948,78.55822921266743,4.448211921206971,0.07681377042157977,0.3178832547529968,-0.014181624221451142,0.11948331924151206,-0.028155778918196175,0.4020573634657399,-0.26361371584860366,-0.04750741106264984,0.20008860565689468,0.31949112281907516,37.372718249138025,1,51,2.0
2.4079307142425987,0.028759086428936945,77.99818753261192,5.658477735926239,0.09524186218486112,0.3000772106272236,-0.02833494295676549,0.1229340249695953,-0.024192180886280303,0.3559748587009676,-0.19082779840873784,-0.03708782342018036,0.2396092949902639,0.31929161254006744,24.955969533901968,0,51,2.0
2.4162405448801376,0.02917200857115434,74.3147731107824,9.675306594578112,0.0756794192335185,0.22130741042211152,-0.01787233688667709,0.13649369751797752,-0.05000967419176709,0.31581040643742214,-0.10830136582758448,-0.02721705597185677,0.27506762431525483,0.3203934960899491,14.146938788660435,0,51,2.0
2.435274620850881,0.021493120844157877,67.70529868556004,14.394057989893811,0.07291755365098224,0.20829293287261647,-0.01936288959547585,0.13932789480433871,-0.02905122373326152,0.31653735798590443,-0.028319131340768758,-0.023377750643099365,0.31620445406398007,0.3229174147187729,2.078847516055804,0,51,2.0
2.446629285812378,0.017425971587486835,62.08315643609739,18.15861207293196,0.041444228742929065,0.1321597317890544,-0.021053474104287578,0.14927229461563016,-0.03030917274893499,0.30263675099146725,0.031287389677322974,-0.02150720236874464,0.33915085907334586,0.3244230434579589,-4.539694671009231,0,51,2.0
2.4571732317700103,0.010754158927495162,54.00293741974176,17.740429792393638,0.020661438833556922,0.1001197060868443,-0.024015342853232927,0.1587101333118865,-0.007658142413870961,0.32026858884627196,0.05483277764512961,-0.021379789995087214,0.3563271281898254,0.3258211706919317,-9.362791691254913,0,51,2.0
2.458662878064548,0.009199160834431265,52.24634107888914,16.955448522294038,-0.0005475296182375328,0.0819682753822022,-0.02309207201880567,0.14788560683652266,0.004538865906058573,0.33627148766341663,0.043864411464172456,-0.02208916513970259,0.35984916190080146,0.32601869763195307,-10.37684786626565,0,51,2.0
2.4559998418770586,0.012292207949081977,54.63579071269316,17.094857466148703,-0.006043881689216576,0.09993590957525711,-0.031201228828114623,0.14893912019334327,0.008342000637568679,0.40983324637906215,0.014404964566715172,-0.022111376814230838,0.3540866061878708,0.32566557903220034,-8.727058978763091,0,51,2.0
2.4486303750206444,0.01369238003236836,59.96143065246881,15.798832074235495,-0.013087494554472905,0.12730440674266383,-0.03487185118537323,0.16853390484501177,0.014987263536336375,0.4689493989646244,-0.0196887388978799,-0.019605822408090744,0.3430525400835212,0.3246883877280371,-5.655931363602118,0,51,2.0
2.441844922654769,0.01118115685758276,66.37505173215679,12.917397811284458,-0.013307238764622632,0.14013762051981837,-0.029390683726352805,0.16985773594970924,0.014019492064036574,0.5340142048152038,-0.04629873569336141,-0.017242571463804927,0.3336154178087666,0.323788636743364,-3.0349369774799406,0,51,2.0
2.4400163176012972,0.012048866139353217,69.90374149995692,11.132277116458164,-0.009489035562557332,0.1670983571371723,-0.042290088738880904,0.19956625925961055,-0.013992130756378174,0.5393612112134604,-0.06411790833447432,-0.01563721013529161,0.32804928595820837,0.3235461635521054,-1.3918021331684738,0,51,2.0
2.439722117255716,0.014858598855774738,68.67638808605717,11.690743901883248,-0.0011455983507866953,0.1634996309364262,-0.03051136813911737,0.2143839252225786,-0.0006416216127428354,0.5070512499903207,-0.0727550888217217,-0.012732305465941037,0.3269601528905659,0.3235071525897888,-1.067364437890972,0,51,2.0
2.4400929609934487,0.018488194916225636,68.40603086060169,11.669564982995432,-0.01560892241404337,0.19630714107365405,-0.024590922227384997,0.2049569323612163,-0.004126496941727751,0.4386119342610384,-0.07510832941682792,-0.011167499611218006,0.3255903468792254,0.3235563267857359,-0.6286448216592744,0,51,2.0
2.4385791958547105,0.019353677582288994,68.5495093570036,11.434026474720019,-0.0031162308455974447,0.18692525406699972,-0.017446839378452768,0.2005618709856377,0.0002898935995557729,0.36743881173688897,-0.07386578768586496,-0.00944150397623368,0.32378226981989133,0.32335560137028996,-0.13195022686889324,0,51,2.0
2.434686664272757,0.015494874038987938,69.43451748642266,11.549247797956296,0.0017551051306666113,0.17686394582059953,-0.0033293416467951795,0.2623869206411326,-0.008236757753526463,0.33748344484345816,-0.07048946807708477,-0.006284563687378492,0.32262334711120383,0.32283945168106565,0.06693871171461474,0,51,2.0
2.435433949909958,0.015259076066840297,69.3048531775381,12.428413644746254,-0.0039849165352244,0.18055506851825023,-0.019110445627102665,0.26839111415436684,-0.0047453497627786565,0.34638220171401657,-0.06860509307373658,-0.0033023274238367924,0.32264917277609156,0.32293854160049085,0.08960492078931015,0,51,2.0
2.4339360197385154,0.010537781872586915,68.44021610185212,13.038040920359292,0.0051054572686553,0.13524751860332276,-0.024851880967617035,0.25622991501422077,0.0029095362725795482,0.3947539467682883,-0.06541599561531283,0.0001048176867168407,0.3231367991960536,0.3227399162165914,-0.12297300690746749,0,51,2.0
2.4350824455420175,0.00934979395890269,66.76358763376872,13.843869676263953,-0.008527582620873171,0.1524988664488384,-0.03917513583220687,0.24023621021754527,0.008636522983365199,0.3989047593860524,-0.061047396606494324,0.002009960573344354,0.3244809790433677,0.32289193243708253,-0.4921295475831755,0,51,2.0
2.4365356482711493,0.009464615995012735,65.6521051864998,13.383351185719842,-0.0057501230461924685,0.19989572306377298,-0.04109379232806318,0.15998546909058195,0.011136828465204612,0.4807805776540774,-0.057313017882497694,0.0022388229009009746,0.32379353994961496,0.32308462680345995,-0.21942026557217886,0,51,2.0
2.4382577801451966,0.01514425592206061,67.81746705373128,12.161151729562068,-0.0021427587843408772,0.22209399827216839,-0.03520701657615456,0.15516390500375402,0.0343210054013659,0.5106245912125796,-0.05821045311281177,0.0005984197990747121,0.322149705034357,0.32331298164384353,0.35979891793146423,0,51,2.0
2.4399104287811353,0.014868959452504027,64.90571582551097,12.268538593022045,0.003407738299346438,0.26405979097407295,-0.038454900988761115,0.15525612424155003,0.023869479075074196,0.5986056641622799,-0.062145380699495795,-0.0010257653526008254,0.3213713019167979,0.3235321228499417,0.6678845099242325,0,51,2.0
2.439921355130626,0.017753736619175918,64.96713250291114,12.40312107005609,0.0037920927154082877,0.2886417564093324,-0.052315677826603256,0.16659085334943274,0.01479269743111788,0.6063903129182825,-0.07153193795558103,-0.001767791645675694,0.318223581557742,0.3235335716849064,1.6412485726012505,0,51,2.0
2.4381896707357145,0.018986516703696815,62.700559111202466,12.25874208803925,-0.0021149558471698386,0.26420060199701684,-0.04403796057929011,0.13681515770663794,0.01150309885212896,0.5371216213757747,-0.08209355115655795,-0.0026869082375335536,0.3163348091228359,0.32330395033170417,2.15560038833984,0,51,2.0
2.4344117740790048,0.015429699549024657,60.58163837358063,11.42624042625036,0.005847002470902368,0.24954889875237035,-0.0386371307586338,0.1171646165672567,-0.014433833542188593,0.5054271873077683,-0.08949690283316213,-0.002622427429692934,0.3141680535918609,0.32280300123868183,2.6749898897117763,0,51,2.0
2.4307471846832946,0.014616452499055008,64.35403873873692,11.194346020286982,-0.009480086063929633,0.21639765348673495,-0.03852636604478546,0.12823141487006923,0.00759218193992388,0.33865991202811613,-0.09373553646379537,-0.002095686988037847,0.31056439332918356,0.32231707684480154,3.6463111513253765,0,51,2.0
2.4282873658572925,0.011107083466754975,65.71905947199055,10.378251523721133,-0.0017951953352666368,0.176735994139685,-0.03881453678888433,0.15282905261446703,-0.005403993085172831,0.25020645141915987,-0.0930446041327022,-0.00194367715468867,0.3083016393368672,0.3219909047099309,4.2514447373586,0,51,2.0
2.427814200228336,0.009961749843612073,68.296742588866,10.330709190651667,0.009114854402986228,0.1885601578202307,-0.04863644972005311,0.1654682785938595,-0.013567062989607746,0.26408248410738505,-0.09016005643905896,-0.001429432267448749,0.30961525981814497,0.32192816294689214,3.824736244271487,0,51,2.0
2.428467471225589,0.011679098685143984,68.11726092357262,10.549058638639327,-0.004748647959501136,0.17956788876907556,-0.0500329293529777,0.18939538221122887,-0.006290495706101258,0.29518245673369453,-0.08792452961077109,-0.0008466870522141993,0.3090042289884091,0.3220147865214641,4.040360280843114,0,51,2.0
2.429870244919085,0.012031776097201321,66.59198279941783,10.951480488814067,-0.004049811585276735,0.19903733842268653,-0.048056343862531235,0.20218395058649938,-0.004235472676216387,0.3042691494227945,-0.0895277480982587,0.000422392198566169,0.31017540770892577,0.32220079447260425,3.7322647771127593,0,51,2.0
2.428961972395579,0.01151902027451246,68.21442154342053,11.184061094424724,-0.010368051518704378,0.22231051902747576,-0.03746344667731547,0.19126188693867738,0.01156067731333714,0.3614604841128315,-0.09366079611285422,0.0032226961574912793,0.3091408775836551,0.3220803575371176,4.017469445329747,0,51,2.0
2.4287026577136097,0.011032056693273,68.08939944996553,10.96725730692701,-0.0025450985002167083,0.23436837801645927,-0.03681025942604916,0.20856007644192504,0.016014399920024125,0.44489124607578884,-0.09766982670336495,0.005950941910277261,0.30808098005550033,0.32204597241385935,4.3363350436231185,0,51,2.0
2.4279311655783187,0.008177364500450368,68.76352639759288,10.43410444966474,0.00520104290369679,0.2573857804910745,-0.03819053214700783,0.21979310129999816,0.001030426764605092,0.5292706358634682,-0.09894216723945015,0.009012428318625212,0.30833834274104355,0.32194367255617534,4.22599695999859,0,51,2.0
2.426000745273104,0.007976435051803466,70.46202849406822,10.542315633355516,0.013336250558495522,0.24706346014362107,-0.03595297765351978,0.19872731077997102,0.0081001378997576,0.5319534817917712,-0.09705909329859161,0.012576540803258497,0.3084031526246563,0.3216876988254428,4.129640719645633,0,51,2.0
2.427819153841804,0.007913557893615137,70.57470384298587,10.551623319617395,0.010447626714320743,0.22340873645573833,-0.03319160200144146,0.18107834536455564,0.02365971584895662,0.48725203426469726,-0.092596481670096,0.01585573133935904,0.3134408069156431,0.32192881995916434,2.636611734419414,0,51,2.0
2.4311711735585155,0.008165682615727046,71.256583368077,9.582630444623737,0.017874135727099345,0.18551769158338466,-0.021859084310777047,0.17283820837216643,0.01497294578482123,0.4330568017900705,-0.08451606889609561,0.01832609240836355,0.3184785497989061,0.32237329761356837,1.2081483930256876,0,51,2.0
2.4323594546785543,0.008873337799423476,71.94078466938991,9.706950541721122,0.016084121759323514,0.1669305868178567,-0.022384080707150346,0.15077468826582865,0.006211095361732969,0.29704778254093617,-0.0741145936586484,0.019423925027201135,0.32209888106981566,0.3225308636931975,0.13393528248284436,0,51,2.0
2.434993711172366,0.008628706765331173,69.37004274480483,13.054153530622127,0.004234224238305115,0.16286592059129412,-0.02915633743738427,0.15565158202762078,-0.023028681292107292,0.27910301265080706,-0.05992216120140426,0.018504768939368636,0.3251504892051407,0.3228801659447953,-0.703147328267173,0,51,2.0
2.437147579941095,0.008611217401687117,65.48737303415935,13.852710557768209,0.007530587022284083,0.17296325435342266,-0.023115555536659324,0.15612558080464378,-0.01103493266318943,0.25954037515085765,-0.0470377003632745,0.016473266500377243,0.3278206566522605,0.3231657691020319,-1.4404024173608976,0,51,2.0
2.439287791065141,0.009943439633304334,59.97136426439472,16.541079367334863,0.007485637395624437,0.16807097181521274,-0.027519432279993507,0.12882288676244633,0.010767617500295826,0.3094395766531178,-0.039357009827399994,0.015295255530959366,0.33182258083093596,0.32344956109608153,-2.588663192641416,0,51,2.0
2.440531938683753,0.010095126181276093,58.871852958903595,16.335263451023078,0.0036347558922773483,0.1781174695153077,-0.0278158000232104,0.1064509986058141,-0.02970888129636353,0.3963036984527492,-0.03727324508966653,0.014705117952995153,0.33257585607152446,0.32361453506806903,-2.769134273147067,0,51,2.0
2.4412734578637516,0.00943807490840992,60.628360131207636,14.51347498024749,-0.0007532905860274446,0.16140145386790158,-0.02669433802001032,0.11105276949581364,-0.010471861809492111,0.4881421262818496,-0.037466285055718654,0.014612209360462525,0.3347997194653789,0.32371286051139436,-3.4249053115992245,0,51,2.0
2.4431020792792824,0.008227749427873209,59.97278818429685,14.109612981413429,0.006175358688422278,0.14670347307541196,-0.019181708184381325,0.12746028738713247,0.007758912758207789,0.49189949179685394,-0.034621608261820126,0.01623616556005181,0.3367565191654473,0.32395533571176127,-3.9515272763020137,0,51,2.0
2.443452416681776,0.008678894196029402,63.87448696996651,11.863827968055348,0.01085585332019072,0.1474579179194223,-0.025394542590148894,0.13341996343806856,0.003788488935313973,0.5245571712396794,-0.02769205924798765,0.019922393094275063,0.337166735125925,0.3240017906103895,-4.063232024345909,0,51,2.0
2.4449813605523576,0.007549508454244862,64.08808624510671,12.702203015440212,-0.0027990474493480196,0.1313161182414198,-0.0268559283759518,0.13462374415096276,0.009626078875918015,0.5096654178969078,-0.019777806874943064,0.023727396926416466,0.3394315701909038,0.3242045282509548,-4.696739438556619,0,51,2.0
2.446084277302611,0.00665284288141331,63.001222624498254,13.148972099473761,0.006098165195070061,0.1678010756154423,-0.019333896510229976,0.20482047181989158,0.0346929773177002,0.5676761071459929,-0.013425081676236426,0.026786072123727342,0.34079855615520166,0.3243507751701966,-5.070985563815711,0,51,2.0
2.447587334057864,0.00911589150165366,65.19941241600934,12.430840807387721,0.00935689195552293,0.21467785465771183,-0.03440781427985605,0.25932975561253613,-0.005525169419307334,0.7038381838346291,-0.010275879979431548,0.030983649173848368,0.34227911735555544,0.3245500804964314,-5.4626505813850645,0,51,2.0
2.44860433363447,0.010497186469272845,63.319080039566636,11.730168994513734,0.005842771043307057,0.20633193366025704,-0.03632750097370031,0.30324402474129875,0.017859846645710515,0.6904738578148951,-0.011085602346068093,0.03550558768771115,0.34345466997252794,0.3246849346386604,-5.780907375562805,0,51,2.0
2.4481814848441705,0.01258670702128579,63.4117804555332,10.299381955469006,0.011945602164475941,0.2083207038251668,-0.028854026842643234,0.32769091355597346,0.028470291628264914,0.6752879192773723,-0.012277288903868375,0.0407929108942955,0.3441819087463447,0.32462886489252035,-6.023199403508994,0,51,2.0
2.4473644512541153,0.013188159953086002,64.32923677855847,10.336748439237,-0.0029302356381188423,0.19655355934935864,-0.051912368549143564,0.28976010427365,0.019111469141481555,0.5933241456840505,-0.013302646049689894,0.04553007894229706,0.3439937209914477,0.32452052623851296,-6.000604947442523,0,51,2.0
2.447347860125934,0.013071607456559784,63.975817133398614,11.191238403688747,-0.0044993436530086335,0.1967382038004484,-0.05204152633600375,0.2383492009972666,0.022698010564507806,0.5789042073045864,-0.010195724572466806,0.04779335689632403,0.3436948588543289,0.32451832641464357,-5.909229426748319,0,51,2.0
2.4459823118705377,0.01599376958636185,65.42853954259087,11.311935764017253,-0.013105214555181708,0.2778540133501918,-0.05501121598496741,0.19342332232317852,-0.0018668830960842909,0.5543235075189132,-0.005099994870436394,0.04751841850719039,0.3442094328048433,0.3243372545613342,-6.127010685339296,0,51,2.0
2.450507731998668,0.01678800977074709,67.25236433627559,12.400070221120519,0.0006500939820327011,0.31554733152525605,-0.06798410231211022,0.21642951505691538,-0.035818545357780715,0.6266703170285244,0.002915448549803672,0.04652907707604694,0.34956882377228987,0.32493732526503943,-7.580384459421352,0,51,2.0
2.453442201310513,0.01671845542399551,66.72426076496349,12.842607623689226,0.005363777097241551,0.31067522624101945,-0.050919311248934736,0.24303666886331793,-0.00564752829571565,0.6921219644216524,0.013045729157265722,0.043641520813581,0.3547767114891112,0.3253264357355719,-9.052530787100487,0,51,2.0
2.4552143338848564,0.016090902160958015,64.39898635826859,16.492077111144155,-0.00524830102336173,0.2923063074563022,-0.04672012182281298,0.2505088334626175,-0.0022395536230475294,0.5934879891223572,0.023103662512134724,0.03916438000572689,0.3581533469398773,0.3255614206702971,-10.010991536551494,0,51,2.0
2.461942520211725,0.013405914971819933,63.672725247401814,16.086787079284814,0.010342095448982482,0.21612924923685137,-0.05111612872604061,0.23015244163480555,0.009509292339869574,0.5691757491496924,0.03428515619604668,0.033401354957627256,0.3635338388562096,0.3264535781738945,-11.358509497654602,0,51,2.0
2.4646748806916032,0.01369693467515566,63.39918584917106,15.82293882794515,0.016368028360838983,0.18719202704529894,-0.042323007303125715,0.1784194467583794,0.004113384504236427,0.49936932323286365,0.045831640480732974,0.028210297169182077,0.3656186057694792,0.3268158891754033,-11.872959020438056,0,51,2.0
2.4665262091393565,0.013565533005367555,64.96386434985142,14.797321150754817,0.012009469646157003,0.19316549594193413,-0.04596937875099042,0.16602884216263813,-0.010383198183833384,0.4101633922034554,0.05478503970194163,0.025111584405311794,0.3684790678117523,0.32706137532648416,-12.663584149587702,0,51,2.0
2.4693760866043615,0.01219435517315774,66.52762570100673,12.265285663587754,0.014147605673939573,0.1813076820610198,-0.04685876089349097,0.17082320389017458,-0.014538363224881537,0.4315145469383035,0.0651310105372986,0.02110389184221745,0.3718820574598335,0.32743926908095244,-13.57283398036584,0,51,2.0
2.469223785049775,0.009733963215591404,68.7780102561502,11.829509371753915,0.005423940681651526,0.1778288650752009,-0.04001849170262907,0.16959609190430588,-0.025674517010795136,0.47951502583602984,0.07657216835831196,0.016644996444708494,0.37457770490791314,0.327419074056774,-14.403140985904162,0,51,2.0
2.470517041052089,0.010444410498199455,68.30935278125838,12.15686996853094,-0.003705884019533793,0.1602988702096874,-0.04394404878657238,0.1640060897452389,0.009140043336825044,0.4762781845038956,0.08413221056907388,0.009690093794500247,0.375481516164392,0.3275905596418741,-14.619150373219814,0,51,2.0
2.47110179066658,0.01039713604672042,69.27047155417648,11.149924382761004,-0.007628944574617872,0.16627224819211478,-0.046147470599880405,0.1477549127607324,0.008318981831418533,0.4096597725166976,0.08731129594390333,-0.0010081057069185196,0.37553741656994993,0.3276680974426127,-14.60908751903165,0,51,2.0
2.4711091886548435,0.01175049241891315,71.07090664844887,10.539677242458975,-0.011690462994224885,0.2197659111876908,-0.05559150129556656,0.20595507128401902,0.00561787161574352,0.43539574256303964,0.08148732533540066,-0.011791575238445803,0.37560102971974146,0.32766907825714975,-14.628158298469485,0,51,2.0
2.4691801363346624,0.013623286073752225,72.33657995859782,10.121161532520103,0.000505779961160585,0.22738872939490892,-0.05480363070234364,0.20951752036540247,0.005421144403882471,0.3630996088712898,0.06932359712748812,-0.023119035414120196,0.371729324373607,0.3274132860806342,-13.535198532554006,0,51,2.0
2.465435159557006,0.01457747946131449,76.3961729629367,6.624277874492657,-0.021854752711221285,0.22909661384960814,-0.0757306000108228,0.2231429431148208,0.004472769422493144,0.3640124541239146,0.05291863690161205,-0.035379334539604346,0.36608283799462077,0.32691670216157775,-11.98046339452099,0,51,2.0
2.4626711460889554,0.014349063075364533,77.84480279099708,5.140532131557318,-0.012912657623197519,0.23036987285146318,-0.06946050014127703,0.2122452446380484,0.03554134522838628,0.4265190869505683,0.035521391818367366,-0.0458829734365667,0.3602113498503627,0.32655019397314694,-10.308110819858761,0,51,2.0
2.4606365234244105,0.016324005599357237,77.52998664332371,5.76186950766644,-0.0060636935865177825,0.21227274004071225,-0.07708817702151981,0.15654280077875338,0.00199496293184804,0.5095631699555201,0.019628911222801675,-0.05395750365091253,0.35486467486287826,0.3262804031656085,-8.7606461865138,0,51,2.0
2.45636266002468,0.017508129000943562,74.5320873634488,10.001544392767773,-0.014701991835061242,0.2176570217598292,-0.09205738769150247,0.18847124829396375,0.006380479161938031,0.5274479660455486,0.003534439442115482,-0.06076485969940959,0.35021146457875246,0.3257136887187169,-7.521260760149251,0,51,2.0
2.4532036185264587,0.01589953789671103,68.91862394295487,14.386976575580944,0.022603157542499842,0.21528677646700917,-0.07442429866276536,0.16739767096756586,-0.009102800934045923,0.599266532985588,-0.0057085970093876314,-0.06488080046463565,0.3482315688159537,0.3252947998154395,-7.051071524514896,0,51,2.0
2.450250918374342,0.014515402675196578,65.82755943840625,14.174997967156573,-0.00123292324589748,0.183793165786818,-0.062436752678716886,0.16072434934111002,-0.006715163040687056,0.623983651593881,-0.011756720370405666,-0.06716417635608903,0.34563570124800863,0.32490327161883314,-6.381108299056515,0,51,2.0
2.4476730823516846,0.011632097040211562,61.41908170662674,13.414628255313316,0.020569818715254467,0.20033568386998535,-0.05505045824775509,0.15310475175527402,-0.0058473706172377455,0.5779988865189315,-0.0131659348182664,-0.0692560190136656,0.3430540857289645,0.32456145072597137,-5.697729955800135,0,51,2.0
2.448241944990906,0.012369862520590318,60.69894095963123,12.801454934734211,0.026760001831194934,0.27349288030188795,-0.05232802077251322,0.16008602580211176,0.02989984237972428,0.895012270343038,-0.009597277489697988,-0.07036976590402416,0.3432777196063327,0.32463688190761547,-5.742057892245889,0,51,2.0
2.4475461367298577,0.013598822244140432,60.75946931278004,12.105974361125924,0.001068985418361776,0.28164930709015196,-0.04324209580526633,0.22579400943553657,-0.0042358663882694995,0.9893785592898464,-0.007723539692480612,-0.07041955865803202,0.34373354867768546,0.3245446177307107,-5.912570999065747,0,51,2.0
2.4485543902013815,0.013743775458772069,57.94137122116837,13.206626258530054,0.010132284360189064,0.28349863393267033,-0.03844338816170599,0.2560634496308911,0.00125451320234467,0.9815837551540839,-0.004015103004545441,-0.07022836361435156,0.346507541721724,0.3246783121385903,-6.723340847545067,0,51,2.0
2.449511061112086,0.011381891416036186,55.97253417033775,14.32976458457911,4.516673438689288e-05,0.24942901340483858,-0.031767291619497186,0.26448400769092445,-0.005458570012421,0.944426203964057,-0.0011372379938569181,-0.06888862864810825,0.34789486769618627,0.3248051666986682,-7.108785008626128,0,51,2.0
2.450843746755637,0.012367106668919008,54.891175494474524,14.121727059695363,0.00484668419641607,0.19385448191557228,-0.02245738883228863,0.22667406732641157,-0.04720995708496547,0.6582731284880762,0.002413333532403323,-0.06562588913585944,0.3502780767059074,0.3249818809744277,-7.78387879829836,0,51,2.0
2.452104178129458,0.013104873215881824,56.00133463915657,13.697518517691169,0.009137486856357725,0.22968035888264537,-0.028072452793518703,0.1645219291121601,-0.022716759338828864,0.3635730021862388,0.006025202026403247,-0.06115482353960003,0.3504148737174569,0.3251490140159261,-7.770547844962317,0,51,2.0
2.453676331276987,0.013091259519981401,56.15613457735847,13.961555493214759,0.010145649971330868,0.2217770749460064,-0.024803907920916874,0.10430342420184463,-0.001525443394248392,0.26303565146037217,0.009595194076571627,-0.0550848039937256,0.3530257694200668,0.32535748152406746,-8.50396547403587,0,51,2.0
2.4539798252722798,0.012579845178012666,55.71750042485256,13.879250275153954,0.0039251744747161865,0.21847199243423038,-0.03508311203297447,0.13422878378211878,-0.0010541552933407766,0.34026354625752736,0.011872355178229651,-0.04836828607964521,0.353391237435695,0.32539772466729655,-8.602860636785481,0,51,2.0
2.454352112377391,0.009021457222064481,56.67526713539572,14.361162049202996,0.005678941952247245,0.1718934512527168,-0.026522886081069123,0.14735136173607422,0.012167548176412489,0.39262650999019827,0.01343401050466044,-0.041586601754376534,0.35390149516551206,0.3254470899395995,-8.743173961455142,0,51,2.0
2.453670810250675,0.006247566357409446,57.80040677388509,13.750172578145236,-0.009877492326731775,0.11078675943152298,-0.029285255837820323,0.1618252751261031,-0.0007534702399782106,0.545174295377531,0.011535432418411082,-0.035133618608207476,0.3526205419923721,0.32535674959886196,-8.37966091901401,0,51,2.0
2.450694028068991,0.009915736343186649,57.01506332322663,16.16985006394838,-0.008232784914035424,0.16223877346569854,-0.018413054537685478,0.22550559613128837,0.0005507136548997141,0.6495758683036841,0.004207900317612817,-0.03064649916467027,0.3484820999732135,0.324962028281229,-7.237790770935781,0,51,2.0
2.4483076462558673,0.010288456818298502,58.279069030986115,15.101616441553938,-0.024346979225383085,0.19089773326515666,-0.01597912436095523,0.249124461107621,-0.011460664325996357,0.7325445869840804,-0.010359734964837703,-0.02610819658007962,0.3438061058434019,0.32464559373524926,-5.901978181098655,0,51,2.0
2.4480282453929676,0.01994162568035208,59.426883744258504,16.117866052675513,-0.02780130395994467,0.2375153567035314,-0.014301296195709239,0.25295313743676756,0.01960941123794399,0.800180538794814,-0.036777301245968515,-0.021632109041495026,0.33501650711938175,0.3246085453440215,-3.206311702093312,0,51,2.0
2.442617616232704,0.021274395160206135,62.07473059261547,17.123153149408783,-0.010483468060984331,0.28192256631084234,-0.02182962723514613,0.25250751366038443,-0.005992216541997942,0.771440306014586,-0.06727873991769279,-0.016997424775250323,0.32649546075184044,0.32389109607453614,-0.8040865305865008,0,51,2.0
2.4391588229759065,0.0212618701933057,67.74072289934345,13.536668094372331,-0.002178823757989734,0.26676284310270726,-0.03414648252667165,0.18956741585113582,0.03632978269574689,0.6955011274509862,-0.09390773228481585,-0.013121649441743776,0.3203479862649295,0.3234324599300086,0.953668554401299,0,51,2.0
2.4357860520774244,0.018837381980165546,71.15446424484253,11.913404224705024,0.0212420079053617,0.2531200937992174,-0.013375915659993303,0.1276954198541816,0.018203984946012497,0.581884176431449,-0.1016025495766058,-0.012382320047461275,0.31869070729792454,0.3229852303465726,1.3296344987787645,0,51,2.0
2.435368090283637,0.012889679925578303,70.59000131195667,11.610041997307103,0.03462252963115187,0.22022556724365694,-0.007777459773362852,0.11018961316698105,-0.015778195441645736,0.40149185603939896,-0.07505747101557492,-0.017973900262367073,0.3254196835698192,0.3229298087732432,-0.7710266221736095,0,51,2.0
2.4471935314290665,0.02092706210115999,68.37030119989433,11.714386915638093,0.044507160746291574,0.2324143520412908,0.010308444646059298,0.09081602484478483,-0.044795894557062316,0.4671914753884577,-0.009005681081663127,-0.031444155237035164,0.343083838595778,0.3244978624292417,-5.727611278360589,0,51,2.0
2.467003005392411,0.030716564783355917,68.77272048651004,11.823148624734452,0.07026489221436136,0.22858090579011633,0.04079171197087157,0.11384475532944018,-0.1031312966974927,0.5271293603964388,0.09253651582165616,-0.054532252422161524,0.3754972697998283,0.3271245983556915,-14.787231436365378,0,51,2.0
2.4941415284194197,0.0412602217600218,71.72557869144515,11.627496848958133,0.1404543181917831,0.29532293503940765,0.039540930559822156,0.24118839480576895,-0.1140851570914189,0.6775893790130189,0.2244860780387825,-0.08776233201951365,0.43392946357474765,0.3307231666763677,-31.20624960614673,1,51,2.0
2.5162451144526985,0.10357392196668463,73.6713035620895,9.0355878811105,0.1132523625285602,0.8766145465169073,0.0021633694277090184,0.5527545988064168,-0.13511414760175874,0.7752123526323511,0.3673757669328937,-0.11523202876107645,0.4915017027018936,0.3336541023112964,-47.30875457461834,1,51,2.0
2.5312177024635614,0.1053122239870551,77.44374163010541,5.10019242040411,0.04149065400455512,1.1168105161948148,0.04521411467416614,0.6688190243513614,-0.05709267020517705,0.8760864143427928,0.47141552458987884,-0.12076308448839886,0.5456117250090559,0.33563946731989486,-62.55886989864585,2,51,2.0
2.5180309596014956,0.11170338867035672,76.43704069361968,5.898010813143955,-0.012308251331834233,1.121803101570212,0.05290735323055118,0.691783461931854,0.030626701373679965,0.8851648560050319,0.5028084479556402,-0.09911619238969077,0.5383402936992994,0.33389090504668006,-61.23239224621466,2,51,2.0
2.494620230852389,0.11397867772049858,72.64014485303093,9.153540456412054,-0.122527416138088,1.1108465684284237,0.0522995018491558,0.6612398278187058,0.06343566056560068,0.7713963934384515,0.4466515677674209,-0.06341312951677738,0.4831650838253643,0.3307866425749798,-46.065475940687264,1,51,2.0
2.47255975709242,0.05581108055224932,69.38873274186078,12.491956789037793,-0.11131363084503249,0.7462243953060219,0.08755887825699414,0.4369549543702604,0.10501076514814414,0.6802872429407248,0.31913502319829307,-0.030107923079744487,0.43645432189874983,0.32786142394674606,-33.1215843098523,1,51,2.0
2.445693405819874,0.04263502666085416,67.19587144664689,12.2849816978439,-0.06929168842878997,0.3584173218986964,0.062064820352722615,0.23709392557617776,0.08812842187562994,0.4841509165342292,0.17760362882502037,-0.010178914066450847,0.3776366632843868,0.32429894543550436,-16.447083346896065,0,51,2.0
2.447441967679005,0.040588378670169505,64.71999832228119,12.55137387034014,-0.03666230692875152,0.3616072807475059,0.026482433336330394,0.1695871868759905,0.042711268690432985,0.4230776504278498,0.07195290435249234,-0.005857177553676174,0.361781963167602,0.32453080473857393,-11.478466107103703,0,51,2.0
2.450736826541377,0.04873327521721591,65.16280743655037,12.367486293786957,-0.02802274113192278,0.3152631668754875,0.004053065553307533,0.2027073260635916,0.047930002084695826,0.42874606362368123,0.01085246845301268,-0.0032304820537056057,0.3576696417397622,0.3249677033313376,-10.063134912542871,0,51,2.0
2.4509859546726824,0.05324730765135741,68.40532292571723,10.332171365387987,-0.029974892297211814,0.31325421044201807,0.020862275880633618,0.22853758049297804,0.02802889350363437,0.383639399883878,-0.01197384228758871,-0.0005869689750666305,0.34561385320106414,0.32500073773069743,-6.3424826707461746,0,51,2.0
2.4565789956672517,0.0459142956827973,67.58996725082397,9.954182182909681,-0.0024026099811582003,0.2648810857921898,0.011856987597603424,0.22990976447136618,-0.013048889371109944,0.3137714767099605,-0.01222053400778031,7.18315326981262e-05,0.3437809943456769,0.3257423746592216,-5.537695151061173,0,51,2.0
2.448985111479666,0.04299720554599853,69.40058213589238,8.800144188420733,0.009954569751725477,0.24571217290229427,0.008485877776847166,0.2292281296173145,-0.007059840595020968,0.28302062518152027,-0.01135533312874046,0.0007766010090721986,0.3365749903695916,0.32473542577134284,-3.6459109966602066,0,51,2.0
2.4558836443751466,0.039902410842118534,69.83017538108078,8.688118071624912,0.01352868199932809,0.30609148981375145,0.032324104478546216,0.19821283319950647,0.012640174405247557,0.2736810682720421,-0.009754045420996971,0.0009425759787132755,0.343673162965285,0.32565017141036906,-5.534464016051199,0,51,2.0
2.4599394471037623,0.03200460755075788,66.48610143100514,9.506629705787363,0.010298962905710819,0.30778423566749885,0.02605782971516544,0.21100252363044888,-0.009947350321739329,0.3232128620232948,-0.009278502953834427,0.000729327960063327,0.34785777342900265,0.32618797053240084,-6.643348269782168,0,51,2.0
2.4698969838665983,0.037398817204866965,65.21202846601898,9.97748918093177,0.004299542775341109,0.2948089207841572,0.029730748859982864,0.19810635042683128,0.0031869747408028856,0.32728163950532885,-0.009512043658339771,0.0008315958469228443,0.35322077820553766,0.327508339921315,-7.850926266610547,0,51,2.0
2.478495630563474,0.03353961180849508,63.116125097461776,11.476328655446494,-0.00795719747011568,0.29078043500178424,0.025038652523767715,0.18302404404354555,-0.0012799004415522657,0.32522231514594746,-0.01051209229846483,0.00027642414631363644,0.35649849253778,0.3286485207961203,-8.474090093025755,0,51,2.0
2.4703183092323004,0.031622705541119206,62.130083149554686,10.86191360893956,-0.011824329730634596,0.2661657055507837,0.012971361295557489,0.2429797701296256,0.008867980467353025,0.3188622557939098,-0.01062804412766322,0.00013271641500013976,0.35134405323070245,0.3275642079845103,-7.259598169320336,0,51,2.0
2.4743629208966795,0.03450853554922881,65.51762679043938,12.034731569614841,-0.035563095491014274,0.23660902577110665,0.01376793197557038,0.19971100201947437,0.04671084923985273,0.2930282074414561,-0.027315841203629197,-0.003109981774613533,0.34599698093981296,0.3281005231765491,-5.454565445369286,0,51,2.0
2.476601706415999,0.0291222083320248,66.35415333392574,11.558626973955683,-0.05188949439017212,0.2676179478552363,0.0061888344147626095,0.21665311338719745,0.05730793009713,0.29102926386186134,-0.08048608279568453,-0.007464613744542778,0.3374114722621475,0.32839738628404547,-2.7448714132899177,0,51,2.0
2.4793371493909873,0.029633824232575146,65.6453564120274,10.361866286182323,-0.049757037384837284,0.30541541741793654,0.026815651532481697,0.22416906665813718,0.04873353346963139,0.31035976178067703,-0.16797544127466585,-0.013426411587161667,0.3252641815086548,0.32876010618105517,1.0633664506955243,0,51,2.0
2.4751421943599103,0.029740491430671406,65.2513004097284,12.862759555533236,-0.07333008269322853,0.3064379280070956,0.03697203172772538,0.1557080679865565,0.036714344212383614,0.35994707364728035,-0.28591128648500547,-0.01983767350112748,0.3089434540684436,0.32820385497686316,5.868426167565078,0,51,2.0
2.4686394392275344,0.03635410306652296,65.95567724751491,12.945826052601099,-0.049560832005797646,0.4316515819362414,0.03161494528838232,0.1876010354322591,0.014953215789122908,0.37633930074810545,-0.39494834674325,-0.03240447842300165,0.28404615222415286,0.3273415894676071,13.22637838774796,0,51,2.0
2.454837490530575,0.04282317158570643,69.03400297725902,13.387806306625805,-0.057487692136098355,0.5126345566163558,0.026273134438430563,0.18719226315983473,0.021211697446072802,0.4162497636562021,-0.46262882392409627,-0.048108075232012375,0.246888860180348,0.32551145122234937,24.153556118152075,0,51,2.0
2.4383298462512446,0.04324845240301128,73.73787381602268,11.778570394418429,-0.0728551284136141,0.5144809999842379,-0.00013730127145262326,0.18766999319748545,0.027715112867892956,0.40419490205364245,-0.48784444319589654,-0.06403626695959778,0.20059914988561103,0.3233225377485918,37.956954290148396,1,51,2.0
2.424520127913531,0.04853755950068987,78.11686002506929,4.184326465635502,-0.036084272624815214,0.49696728616498126,0.01432936127279319,0.19311917972478382,0.00890783330096918,0.4055683711919318,-0.47452893715329325,-0.07977226190460097,0.1587357744779933,0.32149136877880785,50.62518316402873,1,51,2.0
2.4123937808999827,0.05050619237637526,78.92340545093312,3.4380556896118923,-0.031343566509438495,0.47497664380866794,0.018801331593125473,0.1942698533740444,0.01652219884243666,0.4139737531614004,-0.44528184239514806,-0.08691869846995208,0.14149282246342568,0.31988341535073456,55.767377840365185,1,51,2.0
2.399851455407984,0.046245234346496265,79.38805049073463,2.6096558912157817,-0.003680780164751352,0.420853727996668,0.016618765160149217,0.18281262742132667,0.0074222895188951026,0.4342841527950993,-0.40912482610661194,-0.09089099162899714,0.1332662383293029,0.318220303147526,58.121390429472044,1,51,2.0
2.3935578518054066,0.04325974008020249,79.5409122354844,2.3366414225536096,0.03794210586769908,0.531098322776362,0.0014463809921460994,0.20690682582313955,0.004013825043597642,0.4827589001135482,-0.37287446659406026,-0.08871247893997813,0.13570268527551785,0.31738577115967,57.24361404744616,1,51,2.0
2.399480901512445,0.04553726917023208,78.20380949039085,5.0279835794350864,0.040171813511965325,0.5239961913468965,0.0014998457011054544,0.20749670977820328,-0.01840978599719557,0.469509001062013,-0.33160017378779,-0.08065791814043427,0.1603145952136872,0.3181711673928829,49.61372630734697,1,51,2.0
2.398248654954574,0.03452006330375185,78.44993497343624,4.6884266866466495,0.04195201455378065,0.427739408375509,-0.009165482120771035,0.1722775159869006,-0.04919776234629692,0.43149273823725953,-0.28267229769550245,-0.06567577446997579,0.16870286764878556,0.31800777163226013,46.9500802502804,1,51,2.0
2.404108678008996,0.02847715160713688,78.4455910430235,4.687090945715774,0.0762555023618773,0.43159020061453773,-0.03653293044543734,0.19214149230243455,-0.06013418313152358,0.5186281252590412,-0.22374522417099865,-0.04411220568602323,0.20298594758459626,0.31878481085575344,36.32508806185088,1,51,2.0
2.4186481155601203,0.03702259304147455,76.5040188256432,6.318232647136048,0.08454889621512562,0.313753645399869,-0.03485195543251786,0.1849255119865169,-0.06660653806894141,0.6370540688146492,-0.14834240774955157,-0.02482993704208709,0.24802672535483297,0.32071273995130106,22.663899977127556,0,51,2.0
2.4314825657536003,0.03743713145765253,74.64376954003876,6.986296752443027,0.07963343658575825,0.32208576439463665,-0.03877574388010829,0.1734190442110466,-0.017837881338873915,0.617232672385742,-0.062135709474146525,-0.010906239722730115,0.28889267960062437,0.32241458805015927,10.397143830328105,0,51,2.0
2.450030264316821,0.0316206032432616,70.53527443549213,9.375096741866047,0.05851145841035189,0.33995179693368466,-0.038268434066398474,0.18659242053264072,-0.03155983797292791,0.5973076317467179,0.02250545583027701,-0.0037977618900965665,0.33005032292509096,0.3248740132002715,-1.5933283409862886,0,51,2.0
2.4675266514806187,0.02116882450332434,65.68380109001609,9.239521599675442,0.03030768745377952,0.2872344322466822,-0.04087810736953044,0.17475396071730212,-0.008918055780597177,0.5380583948167719,0.08049299415068187,-0.005126655023151422,0.36140233445823444,0.32719403413819265,-10.455050138717903,0,51,2.0
2.4695840080579123,0.013733265323337192,66.95280318166695,10.534838454824213,0.002270815053991243,0.2490890197619494,-0.030765073921750572,0.17913709430054012,0.009347156484556548,0.3245788887914644,0.10252941135073747,-0.010419690010105063,0.3736342506358353,0.3274668393077306,-14.098347003838075,0,51,2.0
2.4682861928846322,0.013980829423262618,65.5999432217841,12.160009128053506,-0.01120590228660434,0.22448483595324842,-0.05719019633297827,0.20410990032703544,-0.0187382305762274,0.33453774570464373,0.09124830151384132,-0.015017465737351122,0.3767153748131042,0.3272947491776545,-15.099730673841139,0,51,2.0
2.46970131817986,0.014672451960286749,64.92506087527556,12.591314402420153,-0.013234243892571506,0.20295835951120716,-0.05349549826453714,0.2075522996965905,0.02162653222844443,0.3102723701835103,0.06104347426731328,-0.01768538830846702,0.3742574744675976,0.3274823949517678,-14.283234835484503,0,51,2.0
2.4659224912232043,0.014206221792422114,66.09150440552655,14.361673307961917,-0.015068098500955338,0.1985344663999812,-0.06675634284814198,0.20962068781607443,0.007080653276038813,0.2785940540292708,0.03298753138869447,-0.017399343023708224,0.3661811801410822,0.3269813221796264,-11.988408909766868,0,51,2.0
2.460742286607331,0.014921987017611826,64.55105788567487,13.894980344067983,-0.018032360054990825,0.15471411313733185,-0.05226287705933347,0.21323252095716352,0.019764292104096682,0.32362302605767684,0.012974485451870122,-0.014700630610847944,0.35762246471343073,0.32629442704601236,-9.601156216805574,0,51,2.0
2.4559749078516866,0.016794483474570694,65.58047424578199,13.988710557166527,-0.017432316516836483,0.17155927458287126,-0.04337226562932426,0.18052029871951417,0.015769714580885337,0.3299485392420448,-0.0010248754292080608,-0.0113898563883376,0.34815840097552997,0.3256622729414721,-6.907809071915705,0,51,2.0
2.450774236052644,0.012049396565660946,65.45509729665868,13.039379102508663,-0.010691955868227809,0.14318087180791347,-0.04468909745999411,0.1666133675353788,0.004398976598738455,0.3872891824282804,-0.009686981492331562,-0.009812619985792057,0.3432139573726082,0.3249726638593512,-5.6131778275208655,0,51,2.0
2.4515899057481803,0.01665165582668896,65.35618121483746,11.500659780060683,-0.011459899080150267,0.17069942462331048,-0.04936891195236468,0.16181046238832386,0.012818891755944374,0.3898969516635605,-0.015850030252067014,-0.007996014989525868,0.34071612422771463,0.32508082134591426,-4.809666352221709,0,51,2.0
2.450524475060257,0.01792535918041051,60.9019858229394,12.635351918936916,0.0056849525255315446,0.1933656061455462,-0.044580728034762776,0.15995308520397492,0.0028820593348320793,0.4227177672659472,-0.02073561975685814,-0.005743190275726938,0.3384378364464478,0.3249395453967558,-4.154093043126039,0,51,2.0
2.4526858008375356,0.017809611337806768,59.19912280288397,11.209971885243233,-0.014032928893963495,0.18789325384574182,-0.05066875006784411,0.15209242875728404,0.006282205930819698,0.3849251740063876,-0.025696666063997994,-0.005940737291723842,0.3375417872467201,0.32522613735714606,-3.786795855232783,0,51,2.0
2.4597664808525757,0.022985565804134626,61.38682152710709,12.443484648230841,0.006322685117815055,0.2169861018575441,-0.05140404377643969,0.1620657800130269,0.021871276747654465,0.428003965439396,-0.02966690260950337,-0.004525350827374544,0.3401296771188858,0.3261650353626737,-4.281464976981475,0,51,2.0
2.4577344282000673,0.02099234481997883,64.64351997188493,13.366062027672323,-0.007966073704700843,0.20657022402988762,-0.060782663852852935,0.20959540777842867,-0.024982608489546122,0.5437855041851928,-0.033465909600421374,-0.001979555624363524,0.337519370155551,0.325895585019587,-3.5667206523418926,0,51,2.0
2.460078065886217,0.020689790053776354,69.66658061158424,10.128893676696668,-0.014464966222351673,0.20633866762998576,-0.066785471806047,0.20681637109268816,-0.010680403049085654,0.5004804616823155,-0.03623021481114187,-0.000876880056809542,0.3357826402701153,0.326206351537708,-2.9356536705265057,0,51,2.0
2.45504750048413,0.022311184276029405,69.01158521222133,11.099704020273,0.005745761169522416,0.1959543854117583,-0.05793091771649379,0.2234102284671921,0.014048361383816776,0.5252307401187315,-0.03531721222282265,0.0026675055686044644,0.33498676856856585,0.32553929872765197,-2.902098111606999,0,51,2.0
2.44924451732168,0.017239384208224108,68.06996518957848,11.154930608716736,-0.006259178487109203,0.16919655440395998,-0.08292040864334387,0.22061895037556536,-0.023516624837237245,0.5275851486224559,-0.03303083708763806,0.005195321518026049,0.32993113229228177,0.324769822843466,-1.5892207606072573,0,51,2.0
2.448883535230861,0.018637679315583005,67.1176062518475,11.1549981954741,0.006297727836770755,0.1460386452591144,-0.05373119361990807,0.18713312583633518,0.010145742930106673,0.42034582910169654,-0.03115622902144445,0.006461992148793845,0.33000997433873946,0.3247219567722349,-1.6284755176606769,0,51,2.0
2.4440835568250394,0.020367846717245692,68.49845383214016,10.610907407724495,-0.0048600737571570215,0.11387337875964484,-0.0669507829508945,0.1790773701506206,-0.00196015859461006,0.46245867769310556,-0.027010660761997124,0.009787421762550505,0.32924954103773024,0.32408547979406693,-1.5934256749005504,0,51,2.0
2.450899146935519,0.024671495627790422,71.61271265441296,8.065080293464934,0.009505896819938048,0.13924598526618676,-0.06101933816520899,0.18148815084040631,-0.006663447676806291,0.4777698310686232,-0.023600185914696228,0.010959483917046894,0.3325966427882109,0.32498922688378246,-2.3408209488583687,0,51,2.0
2.448416228972229,0.024834623222639293,71.53392276109433,8.538179711824915,-0.008068756775601822,0.15633770707337538,-0.06539403743055813,0.16673059372860577,-0.008184311885783887,0.4087059798785041,-0.01935362160193107,0.013124973408326397,0.33099926528820023,0.32465999180259614,-1.952588445039627,0,51,2.0
2.4496910981103484,0.02255233258230259,69.95438422876246,11.474078974660292,0.007566306210469966,0.20525008377476975,-0.07094607850098435,0.19423519657056165,-0.034080596843291545,0.458828411111425,-0.012578013700871747,0.014031584644289406,0.3331141828886118,0.3248290396140406,-2.550616559534058,0,51,2.0
2.460269283430249,0.022794792662146367,69.16796177041297,12.100062151277081,-0.0010870678861643753,0.2421523765826233,-0.07900539205829595,0.21288358570076196,0.018538124474135283,0.41096738866694493,-0.0087411783852545,0.01321702509492007,0.33953045620206973,0.3262317071466899,-4.076473489255306,0,51,2.0
2.4545945127805076,0.020561948748480954,68.71572772194358,12.666150089865889,-0.00732320048572386,0.2468871467019606,-0.062136476640315616,0.24331423226134838,-4.277171968829398e-05,0.3908446535822988,-0.004003118559839718,0.012518626039359151,0.3365772641934522,0.32547923223961406,-3.4097511775091904,0,51,2.0
2.4588099823278537,0.018820095610025057,67.55342135709874,12.722463455553926,0.011475619147805607,0.244276021051709,-0.05821078310848451,0.2543132799811702,0.0073526163822879975,0.4294126089324196,-0.0007797834139979185,0.011146891331376816,0.34241214542957427,0.3260382036626052,-5.022092988806093,0,51,2.0
2.4600176413853965,0.019748534524190356,68.89809628093944,9.774737842834368,-0.006029678106892342,0.2135521642631526,-0.07804827855936453,0.24795128948042128,0.012320110252510537,0.36434334365866833,0.0006351912530864235,0.009738726145604233,0.343737933396626,0.3261983394087038,-5.3769721880608135,0,51,2.0
2.4549765715412066,0.01449318310775849,71.52845802961612,8.730734202019342,0.009863359634490573,0.1950006333897606,-0.050596745127775504,0.22858622792013575,-0.004018206142491716,0.36791075421699954,0.004127535853239022,0.0083283925716435,0.34439067557277087,0.32552989338660565,-5.793871029769226,0,51,2.0
2.4558055132043126,0.014881367424671891,71.26080157710057,9.106588557373481,-0.011201915385968545,0.18520606156889036,-0.07207674736741419,0.16487125648390813,0.006892081932164729,0.35209592143260876,0.0055713112889407106,0.00720651508820352,0.3443285627566626,0.3256398108924503,-5.739086941794325,0,51,2.0
2.4600579101665345,0.017134072788939574,73.37491485651802,7.65905384142906,-0.0017154507850315056,0.2272198942764186,-0.08713933170827873,0.1756355616329627,-0.016269837166000084,0.3125147483080829,0.008557264482299971,0.005670085319822079,0.34507156095030467,0.3262036788884152,-5.7840800956581395,0,51,2.0
2.4559668910269643,0.021387096903983036,71.47063305798699,9.327551989494253,0.0074882867800838806,0.24145774606024434,-0.08407084821887753,0.19460636315338242,0.01956930335875893,0.4054864517868703,0.011552736165971793,0.0061267180931947295,0.34599609903857736,0.3256612099161797,-6.244185215559317,0,51,2.0
2.456981893263611,0.02422166528871763,68.65331429126216,12.187154227337135,0.0012322689096132915,0.2507158899316679,-0.07387355755211092,0.22592218213280052,-0.00372652688255424,0.4709874040782274,0.010402223299933304,0.00517052587716625,0.34591212353929945,0.32579579888925897,-6.174519351883423,0,51,2.0
2.4572302465345346,0.022997030276118467,68.54588252890343,12.773986339767998,0.016002171179827523,0.23649741161403695,-0.05482694663691754,0.22236963809173335,-0.0006738605009684083,0.46580574499461047,0.009059474545001119,0.005656390788032838,0.34822484875686116,0.32582873053088046,-6.873586067591453,0,51,2.0
2.4537401818761637,0.02278749284543207,68.9574666817983,12.720091125928104,0.02251726768764795,0.265308872352862,-0.08268923458515429,0.2536320874901238,-0.011091927194273939,0.5689480092038343,0.007057523338381753,0.007422881655846567,0.34648323832098804,0.3253659482803072,-6.4903196392537055,0,51,2.0
2.4591585111384298,0.02104563762965213,69.7016662756602,12.174619063914774,0.003737183616441839,0.30932401001041954,-0.05029479669881802,0.23279492749231723,-0.007219545378842775,0.5057137757971858,0.0052899209987905356,0.00698733546790846,0.34812777673443374,0.3260844187385037,-6.760015728812618,0,51,2.0
2.4592835464898277,0.01910828599600151,70.67325681798599,10.506517877071174,0.005087923331587922,0.3346946933438692,-0.05678726177589566,0.22668833200289448,-0.018580896670327467,0.4546285948718159,0.0072132928842211196,0.005725672623288191,0.34837930949129453,0.3261009981088436,-6.831721310774719,0,51,2.0
2.459442748158586,0.020622057877416444,70.57075537887275,9.905197411743615,-0.004516404633428536,0.33837337228890474,-0.06285379293794725,0.23734464665255625,0.0048095662256374076,0.4478294968980032,0.007030624765107897,0.003168977244330203,0.3463445795127303,0.32612210841004424,-6.200889354382455,0,51,2.0
2.4602600902903315,0.019217652063678196,67.24571323394775,11.654219220779968,-0.009906251056521547,0.23924293846485703,-0.032896896422493695,0.16901529728906253,0.019240119750154952,0.3703220789565793,0.0068805760679165546,-0.0004280398222887013,0.3451039847662666,0.326230488136465,-5.7853258098631954,0,51,2.0
2.460293694454081,0.020927535613118754,66.94845200987423,12.070130128686161,0.01562198806627124,0.2251833101405609,-0.04342262103569274,0.17219355303561246,0.012605269768220536,0.5642789727640874,0.006232732901664343,-0.005284793224070841,0.34437409084219506,0.3262349438868897,-5.5601483823861875,0,51,2.0
2.4580565515686486,0.021228324415333483,65.06695034924675,12.160814496463821,-0.008094017959985078,0.21951147725255918,-0.03570225221269271,0.14111323963275715,0.018098539654530732,0.5846528530448608,0.0012745243527944449,-0.008676416436248467,0.3444893087486899,0.32593829857720874,-5.691571150877417,0,51,2.0
2.4579171713660743,0.01979468285892637,63.281560692132686,12.818884880064722,-0.0015288598324153938,0.199312765753792,-0.01775628145711095,0.15507018373555637,0.016432546298293507,0.6231067598202406,-0.0005548370253218468,-0.012625950305252806,0.34629299006338676,0.32591981692089483,-6.250977106874345,0,51,2.0
2.455518539045371,0.018583597387212384,63.96357217489504,13.358443799068686,0.00384461182151355,0.20505271498340252,-0.019018277379811977,0.17332408814880434,0.017696365056669012,0.5683457812221739,-0.004952172350322052,-0.015374477933937914,0.34421477875487855,0.3256017584322365,-5.7164987106529175,0,51,2.0
2.4493798625235463,0.011230087601713023,64.76462544646918,13.261710723724157,-0.006156170229409255,0.16935214078526936,-0.017201712026315576,0.16305666783881195,-0.012708460218181797,0.40791994836981027,-0.01128646838753181,-0.015528546221934949,0.33950108402407536,0.3247877696073758,-4.530131917986302,0,51,2.0
2.4484851009705486,0.013054538070283948,62.044593820384904,12.806464191348285,-0.012254570081245666,0.1582712543664029,-0.014693564899704036,0.16158471472280098,-0.013113124058673195,0.35898854845045214,-0.017975954817312668,-0.015683986979119432,0.3391658358537764,0.3246691243836612,-4.465072401829162,0,51,2.0
2.44404220347311,0.01353123548207471,64.06819250069412,12.172039017960767,-0.005215237483236135,0.16349260481617914,-0.021129579265035836,0.13840000617385625,0.027215050186450575,0.3627350396767694,-0.02888132233705635,-0.014513589022681175,0.3332599205153941,0.3240799963354619,-2.832610554102155,0,51,2.0
2.439804548142003,0.011501311785629773,64.32692692326565,11.075811236555204,0.003404967322507325,0.1507306815707071,-0.026123591607400014,0.11959190572207877,0.014026995912632522,0.47635438518509077,-0.039215138268391715,-0.012649302428776208,0.33015428313677514,0.32351808308169683,-2.0512609347411725,0,51,2.0
2.437967280546824,0.014049224332023737,64.7783904356115,11.273108258792607,-0.014684367577965353,0.20056092881165238,-0.01959039128440268,0.13548869937921376,0.028788056863727523,0.5490596117235337,-0.04821168945387828,-0.012432907572454788,0.32510637158798705,0.32327446124134807,-0.5666733894179599,0,51,2.0
2.4367908893847,0.01305379610096134,68.2217664344638,10.418950674061927,-0.007771368825570771,0.1838841257958618,-0.024468581283501552,0.15255044805105655,0.015368237744505499,0.54607467481124,-0.058402588680980236,-0.013285506974308612,0.31885276671675605,0.3231184719362414,1.3201675515248978,0,51,2.0
2.4339691786205067,0.015024930479320693,69.40245479695938,10.821179222630066,-0.004550367221692759,0.20651312994803242,-0.018754197795893632,0.17456589853753632,0.013760190913636311,0.5111852814839548,-0.06860138133739113,-0.016363875493305598,0.3148300788681194,0.32274431324906083,2.4521684987316883,0,51,2.0
2.4320652181026983,0.015484888212714142,73.07673106474034,9.305635747794337,-0.005247724400011494,0.18770852637620214,-0.025482423640057154,0.17018305354275742,-0.019057690257243083,0.44334564714763464,-0.08035892229969961,-0.023112659296285958,0.3082490411661937,0.3224918477684183,4.416485781201008,0,51,2.0
2.438950870551315,0.02603483052769264,71.58751055773567,10.418674785672597,-0.011974276493157387,0.20288073503725004,-0.018718596785237976,0.1674753073168516,-0.02269227134392542,0.48164186754826227,-0.0995819453012474,-0.03236430946715453,0.3061339421190691,0.3234048854446437,5.340347070462181,0,51,2.0
2.433142170017841,0.02773596323682007,73.81920726626527,9.41583819963785,-0.004664070319895651,0.23246252171226042,-0.008828500304005895,0.1576216956394555,0.015348021822123258,0.5258637952423165,-0.11632915812506169,-0.042485537462376564,0.29961544681114144,0.3226346519103505,7.13475907281198,0,51,2.0
2.437401523777083,0.03065575902205188,74.61359456941193,8.68186781382142,0.004409591356913249,0.2337816788055198,-0.0336478384503839,0.14036893753184676,-0.005917133904957012,0.5520062398721984,-0.13447794783988168,-0.048565703454185254,0.2982222872516728,0.32319944206084283,7.728093418078375,0,51,2.0
2.4366728768629184,0.03136222135039202,74.30137724969902,9.08767227272789,-0.010800086327043235,0.2552139464978523,-0.017093318715399385,0.137925598771058,-0.010313836821154053,0.4880886557852777,-0.14743159511647022,-0.05056925718209586,0.2962129446375237,0.3231028233127272,8.322390500802634,0,51,2.0
2.4286263830521526,0.03233653730990424,77.68752780615115,5.344708507477205,0.013998923202355703,0.27806380316560636,-0.0040594975226650055,0.1112014155856798,0.027477482516391604,0.5184354064519208,-0.14879834547589899,-0.046732838408067065,0.29349098206386914,0.32203585838676324,8.863881328585421,0,51,2.0
2.4354380193878624,0.033986743892134234,76.44099806804283,6.641377053188393,0.01250554789222923,0.26944626032747776,-0.023480330867802397,0.11715570290191926,-0.04591326140250791,0.5339562518639398,-0.1408655122473567,-0.03309041447602107,0.29908099531067645,0.3229390815248138,7.3877977547614275,0,51,2.0
2.4322645348661087,0.03134522452572508,74.47476830201991,9.530831773462946,0.015411441177860195,0.25358366432656204,-0.015497861977885751,0.09694561550638191,-0.0007314866673493502,0.5267192742100144,-0.11846483189104658,-0.011847463717566271,0.3004745516336954,0.3225182771557807,6.834876372428922,0,51,2.0
2.4405770044700774,0.03181986636589107,70.11436044468599,13.531937702787795,0.031208285970576836,0.2572185472534767,-0.02366756815828529,0.11179912084547253,-0.01286599712044585,0.5194819245376393,-0.08268478496369025,0.024109262383271962,0.3127728366314956,0.3236205106224063,3.351973572394362,0,51,2.0
2.4488006409476784,0.02231097393712465,63.13880595973894,16.306794521701654,0.033686572411919344,0.18774001580084734,-0.04704577932316883,0.12914211948934032,-0.04549607944985231,0.4273931971378996,-0.031149987951977435,0.07578798259397436,0.3305086513592808,0.32471096514059405,-1.7854913572679765,0,51,2.0
2.4580239349720525,0.02223352247577143,59.499843653510595,16.897203921603992,0.06319757012248624,0.14386828457751036,-0.07795386590684454,0.14441350312322176,-0.040434140858112595,0.3549079054363078,0.033249932992249924,0.14295580877640476,0.35637610433111166,0.3259339739283401,-9.33996847148697,0,51,2.0
2.474356723766701,0.020080816498985812,61.169800543317606,17.15263901703341,0.06336686234263812,0.16872358486772782,-0.09278101380001388,0.20471559525655064,-0.046308266181571814,0.3381271606217767,0.10466102504376491,0.22491287628361398,0.39447908609787197,0.328099701401384,-20.23146757310885,0,51,2.0
2.486986771518109,0.07281684737405704,64.14076888327504,16.816781975955568,-0.02677618653750887,0.3928727478407302,-0.00025742779504142556,0.7842574752744652,-0.044935626580434686,0.3968424546136243,0.17062636510551846,0.31099085824069433,0.42505946391980437,0.3297744458649854,-28.89399686652194,0,51,2.0
2.4759987288830327,0.0793459752612225,69.72245014415068,13.486347919880005,-0.04244553520545071,0.4241603775407863,0.002966177859800119,0.8024102311059242,-0.05566727307935556,0.41476523639185725,0.2113450361401978,0.37697974359699205,0.4051481252792141,0.32831743157516113,-23.401344648514133,0,51,2.0
2.4625434700180504,0.08172958702463272,72.61400876325719,10.49145066544413,-0.05996780053657644,0.46298947831714027,0.03754425726319645,0.8074575841954015,-0.012288795784115791,0.4576973649724631,0.22561153420551583,0.4136548283309007,0.3786333739454032,0.3265332640913116,-15.955529063502194,0,51,2.0
2.4451687195721794,0.07937964926080592,70.78088945500991,10.234505995965465,-0.05038737989596877,0.4750140509086437,0.053350090341386845,0.798910609584308,0.01333671884939951,0.46000563442705406,0.213932415736278,0.41914235387653165,0.33994277125310113,0.32422937202390345,-4.8463836361004375,0,51,2.0
2.4277835394821916,0.017218472490570427,73.04805919235828,8.33879060978973,0.027701804140473112,0.34596321674521774,-0.05047454894976873,0.3119176967145427,0.031125227062433373,0.385406966777022,0.18266212603745846,0.40088423467059564,0.3116573747535581,0.3219240973434193,3.189174924954119,0,51,2.0
2.440428757200054,0.020347626408768495,65.81012657576916,15.29138574996133,0.003095930971789594,0.3195466883346212,-0.04004556932212675,0.2994060508259599,0.02939885292275279,0.39757647899454973,0.14913613753867655,0.3752383933664638,0.32024339880833186,0.3236008533734719,1.0375295769894488,0,51,2.0
2.4500086214028154,0.021795914569704235,60.009691518895764,18.640177582913296,0.004955116312439535,0.26639137771996024,-0.02600223905242541,0.3064427785343707,0.04046743527493056,0.3881383263710634,0.11926557391844135,0.3424058760283003,0.32528008070922804,0.32487114305061554,-0.12587687991383323,0,51,2.0
2.456559626495137,0.021833548040765944,55.76570242526484,19.323566496880048,-0.0028559666711325737,0.25994698615789624,-0.011846542376659665,0.2922083983741826,0.015096421225690375,0.3790100480873931,0.09061263715850451,0.3074127732560961,0.3264477419430293,0.3257398064910873,-0.21733157502852318,0,51,2.0
2.4629754330597673,0.016309217183289485,48.05648829890232,17.428798224142113,-0.00042115173795643975,0.2328716615134915,-0.007342915342865037,0.25010732307033834,0.020377360613030547,0.39301588423271616,0.06621008605229182,0.27083866105554766,0.3309468509842645,0.3265905425926943,-1.3338746299837334,0,51,2.0
2.460178269475114,0.018044313426194232,49.1345219892614,17.900291909530804,0.00496026190618674,0.27907534903263176,-0.013010411304147804,0.22883475101352402,0.028909761056888337,0.3539918131088013,0.03977712020693927,0.241370590288339,0.33122316135182506,0.32621963853438835,-1.5337895780634492,0,51,2.0
2.4568780549601015,0.01858413093800411,49.45263943952673,16.911203641325777,0.0022025912561837364,0.31031825038069244,-0.011214056344447183,0.21892783734681892,0.013191851951620159,0.3381977094505392,0.007987598766591069,0.22534134053121302,0.33139728840625016,0.3257820299216311,-1.7236243773083082,0,51,2.0
2.4597253127425325,0.018333832694433307,50.690354347229004,16.080147815874103,0.0055937137381703245,0.29087587018458,-0.016285630235192822,0.2151481599363077,0.015255805616285287,0.32080460504360797,-0.024891714796273695,0.22075363531358166,0.3306474040718233,0.32615957645777727,-1.3759607069599555,0,51,2.0
2.459437915507485,0.020955909055039006,55.74990452037138,16.02712358789575,0.003024957307121333,0.36861306562691787,-0.00302032560256182,0.2598612151731545,0.025843717376975453,0.3433436546652733,-0.05779963546675226,0.22884308607399043,0.3265902618204369,0.32612146774371026,-0.14374830334538125,0,51,2.0
2.46243597946915,0.019035615662242135,55.67526936998554,16.16995930881446,-0.004193373974047455,0.36632590190367315,-0.008384211198883313,0.266824437961159,0.01915129007515954,0.3670863909681349,-0.08727874372872105,0.24886087383123917,0.32513767423233225,0.3265190107070621,0.42304932620572666,0,51,2.0
2.4606235880477754,0.01979681583978033,60.40830960928225,15.7421770047088,-0.024130619587559327,0.33194926917604844,-0.016409457597297197,0.274162281583665,0.019882439179163353,0.36295840168792004,-0.1155036896778179,0.2776760680687481,0.3158778795513136,0.3262786877672209,3.187706891639719,0,51,2.0
2.4536308003406897,0.027105661866123374,61.994445997125965,15.411969866294339,-0.0021294090239440695,0.33033001005245355,-0.03225424411870977,0.3028204313070505,0.040962369528179075,0.38483938364501125,-0.14879367087493484,0.3076899108071897,0.30908111111292547,0.32535144427667406,5.0008486053968575,0,51,2.0
2.4549094590486265,0.02510052531679013,62.114512724034924,14.871821558013549,0.006278413804430587,0.2300014474546586,-0.029826116519888826,0.2679652061438309,0.04282510189302996,0.40197134299403675,-0.1864308198801072,0.33719832999502275,0.30894519877722815,0.32552099426434694,5.092081856219089,0,51,2.0
2.4535567593574523,0.024709967109818588,65.03886857509613,11.017057689152995,-0.018308211155235767,0.23594770302512647,-0.04304277922958136,0.2968013521496223,0.0493860936537385,0.43100427901788557,-0.22809644721000477,0.36807263272493324,0.2957539840464396,0.31896237887146855,7.276216996858176,0,50,1.96
2.4607144547443762,0.024863211462659077,63.34495426626766,9.572465889100055,-0.014442601770746941,0.2602576832119078,-0.08657406201111335,0.27692113614768965,0.02725354399459035,0.43958185445450776,-0.2622860250390734,0.3980840551577164,0.303357513404076,0.3262907365330661,7.028462828170445,0,51,2.0
2.4657003511400784,0.03784350468858942,64.7258334533841,9.336380891724694,-0.0707450185847633,0.33166402593832783,-0.08194258447517366,0.3611634656634138,-0.02966090963751662,0.48304759230537697,-0.278678859085736,0.43591427946616934,0.29807946397729446,0.3269518667214437,8.830780822165474,0,51,2.0
2.456259965312247,0.04226517933759323,65.27808853224212,8.606287685606699,-0.036330973254699334,0.4313025673894492,-0.07188851700401773,0.5679648471225072,0.05425769251351263,0.5736497311685965,-0.2842933784859448,0.4705869840474219,0.2822776167212949,0.3257000715559608,13.332037241264526,0,51,2.0
2.451515914178362,0.043915519392605455,65.69463306314805,9.976604664343974,-0.007361930959364947,0.4716780512385096,-0.04966324531272346,0.613606876389179,0.04604344807711302,0.6742399366580217,-0.2784229339794588,0.49821787321167554,0.2814444145237756,0.3250710100623451,13.420635549814918,0,51,2.0
2.441499345442828,0.047114252464693696,69.04993045096303,10.153547104186595,-0.02977158319132001,0.5614165548798986,-0.06137006298876276,0.7225695530758949,0.0174040302780329,0.7235850332351131,-0.26512030591964797,0.5174094035915698,0.27484783165280907,0.3237428132137252,15.103032272916328,0,51,2.0
2.4419350413715137,0.03180403320189288,68.56141034762065,10.194262028272608,-0.006378330874676798,0.5004526342506251,-0.1354480354371024,0.5179510248956739,0.05843860144708671,0.6832722241021301,-0.24907414266475927,0.5274734001326797,0.2879952909231978,0.3238005866545222,11.057822995709,0,51,2.0
2.4480777797745725,0.03206600349120599,71.33811345754886,9.481211398482882,-0.03717213313953549,0.4472701799035137,-0.10732750404699176,0.6284654410031792,0.019447813869691362,0.6043313678785989,-0.22377965756322216,0.537841560667302,0.30658970035040783,0.32461511344689514,5.552857014291835,0,51,2.0
2.4482033737734255,0.036847895400088884,72.0614322868048,8.818803289728613,-0.03389016027544059,0.42692865575893124,-0.06892227074679207,0.8916914284735562,0.030407558980525707,0.5360144726985114,-0.19630719253014667,0.5457804499761149,0.3061626615074485,0.3246317673814443,5.689247858572788,0,51,2.0
2.451384411723006,0.02942383646173508,68.47583490726994,10.714466965145364,-0.02846693393646502,0.34936001814217826,-0.04172729700803757,0.901894443747449,-0.02464478660155745,0.6491096822364067,-0.16977366073027772,0.553248515316127,0.3130444139796663,0.3250535730086964,3.694516850829632,0,51,2.0
2.4582373926452563,0.035974895775054895,65.170021833158,12.70416113081978,0.011102143894223607,0.36281772331624884,-0.03548141758815915,0.9122114658645654,0.04464407491625524,0.7967329130344842,-0.14818585140030213,0.5585551494239294,0.3210582559693645,0.3259622782708525,1.504475403565897,0,51,2.0
2.4663725699864183,0.03681532327208459,62.278442527733596,11.704874406840059,-0.011113978630187465,0.3733979101387294,-0.044473241868556716,0.8798273121431194,0.01164241931309887,0.8439896034940224,-0.12140357390316615,0.5626127621602568,0.32719931915575806,0.3270410029524531,-0.04840867104605184,0,51,2.0
2.472624843611437,0.028234476074710056,60.140258190678615,12.704767948052135,0.0016108780514960195,0.3439729865476434,-0.09096371243689574,0.581667192797594,0.06274780682196804,0.8703908598695778,-0.09392101240038812,0.5640221108380699,0.3458765518309174,0.3278700540989712,-5.491961680193813,0,51,2.0
2.470461542115492,0.03273831533159002,59.78271208089941,13.97461925789664,-0.05908546918163113,0.3054050174150593,-0.03645459788979268,0.481723172571013,0.04884930678150233,0.7459223597720303,-0.06377101564028367,0.5607182732921651,0.3476039955119151,0.3275832004720691,-6.1116672072910605,0,51,2.0
2.453193178363875,0.03468912714278669,64.23018410159092,13.764494093209812,-0.024361297049943137,0.31382401941121824,-0.03619089876027668,0.48642179602771807,0.024150948241060854,0.6654704935723442,-0.03764262907170415,0.5550891941876909,0.32202997479211126,0.32529341560810904,1.003229902424263,0,51,2.0
2.440279463926951,0.031849169308410835,65.7988619336895,13.849158857910014,-0.02358076312378341,0.31437766480326296,-0.03786000594788907,0.4695639369013253,0.05082341057120585,0.6473736638604974,-0.025391571029076684,0.5449910494439284,0.3019281498159872,0.32358105675225984,6.69164850180044,0,51,2.0
2.4306194893285338,0.027841669398696683,67.0867365809048,11.543876870548502,-0.04703469691323299,0.3046642848775445,-0.02528417855501175,0.44351755624692385,0.012310087534726835,0.5921264832198807,-0.020421127766718353,0.5353070284439055,0.2835021862706677,0.32230014428577225,12.037834516358071,0,51,2.0
2.4388616575914273,0.03161217847789126,66.89059214030995,10.526335644373026,0.05013775759760071,0.29053699558284996,-0.06297623826300397,0.4089704479961266,0.060356200179632974,0.5923519292269553,-0.02032352099301691,0.5258120914991204,0.29609470995606085,0.32339305596489815,8.441228253150967,0,51,2.0
2.4523480213155935,0.033906176767769074,62.270837451897414,10.923913155899832,0.012923646499128902,0.24621556737162875,-0.03708729403568249,0.40211499832783476,0.04494784867354468,0.512713284573029,-0.022570005590699917,0.5147094888029133,0.3177133553113129,0.3251813474720798,2.296562277886516,0,51,2.0
2.4652048150698342,0.029283357270170843,59.28344260010065,11.05324595577924,0.016019926570794162,0.19647052156839653,-0.04766117102083038,0.33698818558339916,0.03196849169976571,0.46534794362747983,-0.027611950171477325,0.5035933970783089,0.3401478280060092,0.3268861584814395,-4.05696881941322,0,51,2.0
2.479871067346311,0.017319064993753318,58.406536130344165,12.109652899922882,0.013661375305816239,0.19678394422899184,-0.08130920042886454,0.34455523605338495,0.033145497753924016,0.4932201379681664,-0.03371460155855546,0.49249717083821637,0.36137866481775766,0.3288309036895341,-9.89802380586271,0,51,2.0
2.4815923267719793,0.015158715000215744,57.308659179537905,12.231143305582972,-0.013482852017178255,0.15938870075909137,-0.06477870653365173,0.31924018906821267,0.04549614873294737,0.4964717531849857,-0.04249247761811503,0.4818455863697726,0.36442300820404716,0.3290591423672759,-10.746963473605685,0,51,2.0
2.4817803665703417,0.012113193621527546,58.79189181795307,12.589072498481794,-0.03645701874412742,0.21972528281202172,-0.07645685963478743,0.26563103805747906,0.04820403310598111,0.5564941318118687,-0.04929317835909589,0.4745806850779836,0.3644697825964693,0.32908407660534034,-10.752785840065382,0,51,2.0
2.47762318685943,0.017579024273857668,58.48639726638794,12.085861702571007,-0.02042046818407435,0.29112186531288564,-0.06296534047407262,0.31618692654465186,0.02194391556230246,0.5397746187470724,-0.05398771757498565,0.46892766007054937,0.3619479860666342,0.3285328345818932,-10.17102340083198,0,51,2.0
2.474759079662024,0.018770780579799622,59.199702309627156,11.108222760304338,-0.009813685198405794,0.27853594156554723,-0.06387997988392324,0.29372937105935293,0.026209306775354872,0.463546117278304,-0.05823550003944625,0.464581460623034,0.3577535128666743,0.32815305396266703,-9.020321019890565,0,51,2.0
2.4749270268515047,0.01848638979225259,58.94781931708841,11.205126805648971,-0.015482110290915943,0.28555427281543544,-0.06645206340095576,0.2986342719368119,0.01626040333626317,0.45798873546723806,-0.06344161259156156,0.4632455237052862,0.356410796026436,0.32817532392124726,-8.60377671538901,0,51,2.0
2.4723322344761267,0.01831274061043675,58.0139778361601,11.734588960580751,-0.01211449840818258,0.29312890093897365,-0.05807535196928417,0.30913752924260995,0.03567002655244341,0.4256920593020099,-0.06962781595739231,0.459722785174444,0.3542937491210783,0.32783125413281217,-8.071986625639283,0,51,2.0
2.4756289954278983,0.011760363268029232,55.53256534127628,14.918555876549211,-0.019150264195951762,0.22278832548113273,-0.07126087118305412,0.2510524022338143,0.033583925050847674,0.42843028911074227,-0.07765930678869234,0.4582209842067284,0.3537226210807721,0.328268404796568,-7.754086568269769,0,51,2.0
2.478256468679391,0.014104485771220948,52.13282947914273,16.003419695753895,-0.025915899478337345,0.22930217522242036,-0.06955478369605307,0.23827631021622156,0.05547274762362826,0.4152214661824478,-0.08690306918004877,0.45673679214070395,0.3553385858693033,0.3286168079096895,-8.13159196864861,0,51,2.0
2.476972707346374,0.015338685536787588,53.14716216629627,15.777855545191205,-0.016894232335628246,0.2706997112298064,-0.06594410582500346,0.2970212837402087,0.02316957854611032,0.44677288296451384,-0.09266941822287812,0.4545747058648431,0.3532821967172205,0.32844658083925626,-7.561538870188134,0,51,2.0
2.478335553524541,0.014719395123643253,51.74569841459686,15.992763875657552,-0.004931340322775,0.235455748196036,-0.048361090833649915,0.2941926819495868,0.02891420949177415,0.42770280619133827,-0.09952131437587765,0.45253924442516485,0.3535575637315751,0.328627294398896,-7.586183423467596,0,51,2.0
2.478030549544914,0.017611773853650526,52.934941245060344,13.7539319752871,-0.013690657658027667,0.2514658818427594,-0.05440641837377174,0.32777605965374756,0.027958864346146584,0.42759840354038553,-0.1061511209193045,0.4506374844370176,0.3538550245440792,0.32858685103710594,-7.689952725503257,0,51,2.0
2.4760603372957193,0.021237637012973626,53.520561956891825,13.460465031583567,-0.022492203240593273,0.2677879791085819,-0.06122930946887708,0.3244299483796996,0.002648900573452314,0.4692189739512826,-0.11504289357306462,0.44822179981953,0.3524815214160727,0.32832560056477084,-7.357306530392371,0,51,2.0
2.4811578620882595,0.028883960164994234,52.26613089617561,13.400100354872853,-0.012029725400840534,0.2574743642620701,-0.05552459208696496,0.30170505399695297,0.04535896217852246,0.4370420109165307,-0.12381476648767933,0.4473582291694984,0.35317136931710463,0.32900153250362335,-7.34642073839431,0,51,2.0
2.4844021954957176,0.03408071709602712,54.467871535058116,14.253958531464262,-0.03822972808106273,0.2574531406249184,-0.07813677717657651,0.36146462655925754,-0.002113532457573741,0.38824352492322123,-0.13267024166062105,0.4462722881017461,0.3488175539235677,0.32943173110577423,-5.884625246245356,0,51,2.0
2.481334176133661,0.04416163976585399,58.22139695111443,15.88534575424076,-0.027049848517658664,0.26410831666778983,-0.06824325485264554,0.40863340616566396,0.0285058071581172,0.3942513423505584,-0.13921542173128765,0.44515478786090634,0.3413943129328273,0.3290249117422399,-3.7594117494293755,0,51,2.0
2.477014968208238,0.04717342137161133,60.37174476361742,14.72986094175202,-0.0333555815193583,0.30748479900148923,-0.05883191598981034,0.45430937941838834,0.08731852371391713,0.34078868638943005,-0.14186740861172936,0.44493255648076896,0.33515795482456534,0.328452184942174,-2.041627423964898,0,51,2.0
2.4657192183475867,0.046051275892240534,64.218973384184,14.561701021875951,-0.027308809552706925,0.31996552218002094,-0.056231478119597715,0.478547238536976,0.03984502514860794,0.3464293425361162,-0.14744959962688187,0.44367388591056617,0.32584200231438415,0.32695436818939,0.34022052715365625,0,51,2.0
2.466013555433236,0.046039488626495456,65.81553319856232,13.100363871696901,-0.01892379247674755,0.35026940306899035,-0.05750344737487681,0.49016596434894255,0.034146843021552936,0.4072303837275576,-0.15283637769905403,0.44615504092932073,0.32397475101429285,0.32699339746146583,0.923152109677905,0,51,2.0
2.4641257226467133,0.047515749835678175,65.26156115999409,11.750170158543613,-0.023280869658086813,0.35607292593925005,-0.07484365875522296,0.4830513564730859,0.047265760911007725,0.4180762248597307,-0.1596950157759614,0.4478006206779727,0.32325571028934313,0.32674307100038624,1.0673097673856935,0,51,2.0
2.4551994864847146,0.049588007605249645,68.55645652845794,10.857246664068844,-0.004171110251370598,0.33100778135381687,-0.03896747507593211,0.4742629645438137,0.006307633009319212,0.4330262204216545,-0.16382223383432565,0.4489262494955991,0.31912065157762726,0.3255594517719661,1.97776478590731,0,51,2.0
2.45634006226764,0.04939386880383007,68.25291774787155,11.420224716639073,-0.02404265229900678,0.3150755678190483,-0.0359311545012044,0.4316796765842036,0.04121960988085644,0.39779175204542816,-0.17154885320050497,0.45137649755417525,0.31483331079586113,0.3257106922895734,3.3395837935961015,0,51,2.0
2.4483557571383083,0.0582751288936028,68.52893589057174,11.45093793907024,-0.0038086892489124745,0.3748093174709106,-0.02722048131274242,0.4239544799471825,0.0524766944421857,0.35488337039834067,-0.17972883706687598,0.45253229722996097,0.311689354552761,0.3246519735710174,3.9927738235112975,0,51,2.0
2.4490956184910795,0.05382303585083793,69.08921482983757,11.959334344652866,-0.026760043247657662,0.3822378339459086,-0.0346228271430614,0.3965831262187776,-0.004988731889455926,0.38193097241699137,-0.18799819235382853,0.45717595671461614,0.3093319886407491,0.3247500788517903,4.7476786658696035,0,51,2.0
2.453900824574863,0.05369139911060028,68.70243485768636,11.965478490646822,-0.015588366006519281,0.3709087901265958,-0.03308503388189802,0.45622923405042554,0.026221995114111434,0.3969519664202189,-0.20170925298116438,0.4624240343692654,0.30501389272865265,0.3253872493389586,6.261264586026494,0,51,2.0
2.441824813683828,0.051603407541099065,70.61257541880889,11.288377485432653,-0.01734246547315635,0.38420505983549935,-0.006522192546696055,0.5296073561286598,0.016708884899522745,0.3992846545940018,-0.2129523414497012,0.46769901953409265,0.2995456185876289,0.32378597045148816,7.486535574737363,0,51,2.0
2.432615014852262,0.03450598465823239,72.78002525778378,10.44046982918387,-0.03002961856477401,0.3026849122373427,-0.05459471910680626,0.5312413625862671,0.023783898090614992,0.39408216853064354,-0.22576391695458123,0.4700861541760657,0.2925915607199316,0.3225647508167659,9.292146777023591,0,51,2.0
2.4325541853904724,0.029772958734528312,73.95854880763035,9.14654711091704,-0.008445394243679795,0.29129248327609225,-0.032669848397228064,0.5081825584179016,0.0021999384842666925,0.3607127671026675,-0.23659382846569943,0.47239484465723225,0.29009235169027137,0.3225566849822514,10.064690891080541,0,51,2.0
2.4322386232076907,0.032223522658929776,73.92908381480797,9.54443900552805,-0.03297897830021148,0.2967711806129944,-0.05530054489260211,0.4827945241973824,0.029093638062477112,0.3467056287158224,-0.2417060434292336,0.4776507689760725,0.2892825264144104,0.32251484143986786,10.30411961108263,0,51,2.0
2.4324560293964312,0.03662919609106266,75.512143387514,8.739980130933331,-0.03567264791505009,0.3116776270437971,-0.07467801006985646,0.4967790053271828,0.021972779403714573,0.3673677566029874,-0.24352160703488793,0.4823902449587835,0.2914679862223708,0.3225436695023815,9.63456617454439,0,51,2.0
2.4444442508267423,0.0384370981850159,73.27030617583031,9.662756529484192,-0.012305117778333962,0.30365371772504457,-0.016712441163904527,0.45960455112702137,0.0006360941219563578,0.33241411969387974,-0.24004085744391487,0.48975116659194323,0.2964046920099497,0.3241333078267862,8.554694981132393,0,51,2.0
2.4405790170033774,0.03807719664181901,74.55149900212007,8.675056092675275,-0.0047176516085278754,0.3590364486212201,-0.02152447212560504,0.5651270029120791,0.03785700153778581,0.34588931495888336,-0.24003579023581592,0.4950230254230038,0.2955936321795515,0.3236207775036937,8.66049007740931,0,51,2.0
2.4466206431388855,0.038071716214133376,71.75747388016944,10.799063244623454,0.00358511872735678,0.44281119235743965,-0.03165582450581532,0.7565051614789753,0.00404703726663309,0.3821052152441065,-0.24010776766621172,0.4976789297203461,0.30103104665781105,0.32442189728873183,7.210009813272,0,51,2.0
2.4444515938852347,0.03624789709543545,70.60306440615186,10.438880387200502,-0.020061742368282055,0.4200239379457709,-0.013257154062682507,0.7415189253838678,0.030431500745608527,0.3619853432030038,-0.23952795426657175,0.49908077721370764,0.3007998523915506,0.3241342815299778,7.199000682150647,0,51,2.0
2.4385916847808686,0.041978064264954915,72.55377621744194,10.601373266043348,-0.02372852354949596,0.43968712318274195,-0.030007558856524674,0.7673079106703257,0.05093311063726159,0.3912203490591915,-0.2440079871071667,0.4974892983606308,0.29635734740444625,0.32335725724971887,8.349869761673979,0,51,2.0
2.4409681172931896,0.04023339514663606,74.04208429186951,8.318000303698847,-0.03955211497697176,0.4332441838106755,-0.04874267808946909,0.7285294934921674,0.020261736604951175,0.37046082862660734,-0.24839402989615172,0.49505482425455666,0.2904540692190044,0.32367237235408847,10.262940544936027,0,51,2.0
2.4408922674609164,0.0375379993296804,75.48124059976315,6.656773038005722,-0.030439917290327596,0.3691871798688646,0.0018789606059298797,0.5871637716326386,0.027413549358207806,0.3296115656067796,-0.25624995709229115,0.49190067145998545,0.28452855327340043,0.32366231481473096,12.090923085602745,0,51,2.0
2.4340382545602086,0.04643670515125516,75.61671527226765,7.007335958729196,-0.02250977956196841,0.38465376044444727,-0.047246179890398886,0.5764404378099606,0.048460147617494356,0.41546570528540583,-0.2685547749262417,0.4878543761142651,0.28271545222791344,0.32275347239354596,12.405140018699035,0,51,2.0
2.4280367394288382,0.051768272720370524,75.43218126483993,6.8214843402696195,-0.024115510430990483,0.3627713253226854,-0.05989747903510636,0.5512778935745314,-0.0033322441957744898,0.37652940926504763,-0.27643443883758756,0.48437760199148044,0.2848333149046108,0.32195767167532396,11.530819122133229,0,51,2.0
2.4245054143316604,0.05742873210616022,74.51135958877265,8.596142285668854,-0.02419026210611942,0.35273995186773627,-0.024675633466126872,0.5769786409794696,0.020021479576826096,0.4479372374539758,-0.2807429680789987,0.48321772360052834,0.2861115844515206,0.32148941797460007,11.00435396784183,0,51,2.0
2.4241059884136797,0.057144082805524375,73.20838691674027,8.751020671733105,-0.0032144158202059127,0.3706508653574042,0.035767284532388054,0.5483340164648209,0.01573356562385372,0.436542192706587,-0.28709684460919993,0.48057738276511036,0.2847437551604131,0.32143645409349325,11.415226389477173,0,51,2.0
2.4301584544135073,0.047720104325643005,71.04108315823125,9.98807295894251,-0.03475396831830343,0.3600375772215868,-0.013486415366916096,0.481990235206538,0.012317714737910851,0.36492310769718805,-0.2969594129763265,0.4748938175451535,0.27713968253195864,0.3222390112254304,13.995614162905124,0,51,2.0
2.426629344622294,0.03344234751098977,71.5741114990384,9.138753917048374,-0.055068654318650566,0.3493996102436645,-0.0035868442306915918,0.43952848570834546,0.009752613802750906,0.37006660854816475,-0.3147420956842684,0.46510940512630955,0.2608132730012183,0.3217710509348883,18.944456860416892,0,51,2.0
2.4251123257711824,0.025825322511639374,72.02995771520278,9.12102108392698,-0.015011011969809439,0.31459877506705847,0.03148196188404279,0.35085333850075806,0.014991566830990361,0.2806168332649123,-0.3405501738819974,0.44736441620652057,0.24155872792977956,0.321569894387708,24.88142324712187,0,51,2.0
2.4033526401309406,0.05558412717708893,73.069181395512,10.271713686559375,-0.07451772098155583,0.3539259666270969,-0.059405689912976005,0.3426806421679489,0.017172715791008052,0.3172445455475524,-0.36920840205541794,0.4243529506932423,0.2195468378671516,0.3186845602576902,31.108417147782518,1,51,2.0
2.3993611882130303,0.055823590003870174,76.05582033419141,8.31711438501809,-0.040510036416497884,0.3801394172262969,0.016395732139547665,0.35191709059532245,0.011109007084194352,0.3337531796405695,-0.39997300391214474,0.39702824770295037,0.20427608364113406,0.31815529342181104,35.79359266850093,1,51,2.0
2.4113047494023454,0.0625461753446446,73.93566269033096,9.658316312188742,-0.004313043300427643,0.42430147532630663,0.058580610590676464,0.37890547622699455,0.022722924347309506,0.3636353819447712,-0.43058002854887334,0.36681788695973877,0.18847306172633893,0.319739009804189,41.05409226050912,1,51,2.0
2.3995820193314086,0.07621966625136069,75.78895172418332,7.694733437277236,-0.02282254463609527,0.454006066691861,0.026185347808196265,0.36575157737217373,0.007659522086089733,0.36356723030128657,-0.4575157395946677,0.33909093607831386,0.17316465216611415,0.318184575935013,45.57729529872565,1,51,2.0
2.415261062921262,0.057403290969938084,76.5877719299466,7.400955154959497,0.005009894569714864,0.4736818636712964,0.031082704571970536,0.35048630847516404,0.003214213558856179,0.4391574472524162,-0.47588508229127163,0.3152780417009476,0.16406645784979262,0.32026361678118714,48.77143413955531,1,51,2.0
2.4158608983544743,0.05489049285626784,77.14531682519352,7.208910720597885,-0.009693825507865232,0.4591726896548857,0.00584132903639008,0.3153030890806868,1.247154147017236e-05,0.41391537990704774,-0.48260306437107087,0.3041573464892189,0.1575621741810592,0.3203431551136615,50.814565048173336,1,51,2.0
2.4011219126336716,0.06786488948975296,77.4303882262286,5.459756942842411,-0.017937286081267337,0.49795911082388283,-0.04261993478034057,0.35546021645505393,-0.00288929308162016,0.40946462069984885,-0.47847819139478703,0.3040552118301788,0.15399078109841483,0.31838876577238867,51.634354709455884,1,51,2.0
2.4159131096858606,0.05423033759146657,76.57952048731785,6.279261921165607,-0.008442825044267903,0.4701119777355813,-0.03241300203052221,0.35544773759236303,0.009361434947041905,0.3973614190944613,-0.4653954997564293,0.31222312566874455,0.15825253908557316,0.32035007820462785,50.60012472215247,1,51,2.0
2.414303385743908,0.05357813256877908,75.94020245589462,6.576751883390962,-0.007937484594317628,0.3793265631724436,-0.0013744250378187966,0.3592613911251227,0.007464173669908561,0.307022981522432,-0.4470257506029084,0.3288365167727737,0.1615009560967612,0.3201366289657614,49.55249056675931,1,51,2.0
2.4228884121950935,0.039793843167833985,75.77764246043037,6.597613170882057,0.008335718839411057,0.3502937917042805,-0.04304990201604133,0.3258009957833052,0.015731932339715024,0.33958866726977915,-0.42794736532012,0.34249245414738017,0.17443874892390931,0.3212750034534187,45.70422627068744,1,51,2.0
2.4270952080979065,0.03984605856071649,76.97579279600406,5.815796072838782,0.046159835769703575,0.39142819531023365,-0.018271006205502677,0.37487822487446854,0.02507375136894338,0.3179608429946164,-0.4034981070582586,0.3588653144545428,0.19561356089202464,0.3218328245765713,39.218890692896444,1,51,2.0
2.4270534345916674,0.03710543054137019,76.5904740305508,5.431125067493364,0.018800222908384075,0.41171775935356264,-0.022154163715301777,0.41700828359921693,0.007756631054422434,0.34630536791308414,-0.37119328391267087,0.37682274531105703,0.22124787657755884,0.3218272855664961,31.25260458009098,1,51,2.0
2.432518342546388,0.042524857007071246,75.36681909187168,6.395332624254057,0.01394897727660981,0.44651683832831257,-0.07756575927430508,0.43915112304432624,0.024544446236070466,0.38747561509356404,-0.33923996436348447,0.3890014092868546,0.23996117396736777,0.3225519320480749,25.605414159601857,0,51,2.0
2.4295156124760124,0.033151567968000735,75.73547222100052,6.380597915251413,-0.03465885264506819,0.3378873479396012,-0.11433198949431672,0.37206088315641306,0.017475946532452807,0.3515265694277625,-0.30338270824767194,0.4051447074988373,0.2569274425303604,0.3221537702162969,20.246954627333082,0,51,2.0
2.4136097787642012,0.0595594813662038,75.99969370692384,6.290308224235354,-0.026972174206200766,0.40858875630771174,-0.0638140569641894,0.520788021379402,0.007158878460234287,0.38118531222185825,-0.27320197461355494,0.42134343612762515,0.2697890767292334,0.32004465680385474,15.70267742523862,0,51,2.0
2.4130587735596825,0.059689489396132236,76.31969519222484,6.343128709200195,-0.02056971206968906,0.4242607894628013,-0.12185594801078825,0.558828528006225,0.016021524355107664,0.3977060333752642,-0.24835605014537485,0.4407126712898284,0.28289884872450527,0.31997159319664104,11.586261174551337,0,51,2.0
2.4126972667142454,0.0561165875711196,77.59709819157918,5.151013438984042,-0.020044184308133872,0.3865879548024761,-0.07224486968206133,0.5665676206958352,0.023187601171872196,0.3579033868170658,-0.21681194297759732,0.46875611489201097,0.3051839837498783,0.31992365754410323,4.607247212467547,0,51,2.0
2.430689827484243,0.060056544470099005,72.3420007462595,10.442415214731527,0.004873651171139642,0.3830650916136808,-0.07797277009333758,0.5700960213996469,0.014005370730278539,0.352078987053589,-0.1789206782743875,0.49892716620268107,0.32992197618776525,0.32230947125545134,-2.3618620025846138,0,51,2.0
2.447051862291261,0.024798042953703373,68.43584610901627,12.289619425234147,-0.023518549168811125,0.3251998312959786,-0.12190925460491403,0.5211567504818428,0.031127020424487544,0.3472420325039968,-0.1330373852121131,0.5271683462070775,0.35223021689070744,0.3244790767802013,-8.55252066970853,0,51,2.0
2.44988737153072,0.02155443595100131,67.11085180207795,12.049789719562419,-0.019674734157674453,0.2939047177249035,-0.10247389240847792,0.48207779433721554,0.03514413309155726,0.30688854708426,-0.08628027717976665,0.5525030919290363,0.3708607910718415,0.3248550654702948,-14.161923421124412,0,51,2.0
2.4452743167970694,0.025845400918368566,66.96039071270064,12.001173318943811,-0.03874485187378584,0.2837092118438085,-0.06690655736362233,0.9098543329977596,0.023788594512962828,0.38475375222463587,-0.04523305620615601,0.5705054166049751,0.37226057944157936,0.32424337441767276,-14.809001143089962,0,51,2.0
2.431364017374375,0.028487335916461916,69.50049019794838,10.11138668852348,-0.04338079099269474,0.3432489120915577,-0.06334350827862234,0.9875638937922566,0.05924330191577182,0.5554122104888709,-0.020990575022400888,0.5805511760873463,0.3614068555721379,0.3223988687072343,-12.099293965056134,0,51,2.0
2.436563437475878,0.03090722031542233,70.55818961180893,8.331254120429566,-0.0077691311929740155,0.29609457807976025,-0.005974516345589769,1.0076802529013866,0.03674216382205486,0.6545102239350706,-0.008008322406276894,0.5828708887234096,0.35837113738206633,0.32308831196566695,-10.92048957194982,0,51,2.0
2.4213193386208776,0.04132269277011173,71.01501759828305,7.82593587020532,-0.028067097213922764,0.367241753683937,0.0511990141342668,1.0035013927348329,0.053033390648516955,0.7213750300876305,-0.003080630919188506,0.5769742968639247,0.32627946306262245,0.32106694413712267,-1.6234990928476245,0,51,2.0
2.415695544551401,0.039958025745254505,69.16861187242993,7.486265180803023,-0.03369004556945726,0.3834651922674225,0.044159707193281134,0.605045541387403,0.08712848053112918,0.7094967304834611,-0.007457668748651357,0.56893036644878,0.3129027620422032,0.3203212291944383,2.315946142842751,0,51,2.0
2.4192064351895275,0.039950347272745504,69.0113828275718,8.311371216390658,0.0062652630548851165,0.38052382435376986,-0.0012815536237230488,0.5106884281610109,0.01871125980773393,0.6289421497325391,-0.009000054516237472,0.5604725849425565,0.29333652239073865,0.3207867734663066,8.557164243073478,0,51,2.0
2.407902781869851,0.032905238541224,70.4108284033981,8.214593244422588,-0.03712121806308335,0.46750147963782335,-0.022302624130365895,0.44249237554470533,0.012892845871986127,0.5456290946965899,-0.01273478898605267,0.552574425054145,0.26813050883554596,0.31928790872187274,16.02234174513927,0,51,2.0
2.4183353092156206,0.025593673378243066,70.21244799857045,8.623508724054945,-0.03422632316748301,0.4151919066622859,-0.022046571707024294,0.45454866636452756,0.005599794653700847,0.4531390022711542,-0.017314500020826337,0.5442204779621583,0.27331111253273105,0.32067126201390883,14.769065735339758,0,51,2.0
2.424839960009444,0.027889316504966625,70.02403081164641,9.9074812187345,0.020919484396775562,0.4378137508252493,-0.06307476642085057,0.4627134711331287,0.015062971953667846,0.4210552289824342,-0.01930708402064053,0.536306343143242,0.2797472920865471,0.3215337788633263,12.995986587941456,0,51,2.0
2.4276319280558942,0.02824940297090089,68.7668758841122,10.67748756489184,-0.0048562695874887355,0.3792656273558978,-0.07109418686698465,0.3973033236373171,0.02380947600684914,0.4067170441274958,-0.019216197481372682,0.527226787456462,0.2930530847577401,0.32190399350727134,8.962581804341463,0,51,2.0
2.428267999606974,0.02429475284059844,67.6164430403242,11.005625300154652,-0.023863129025580836,0.3304633877912508,-0.043609232002613595,0.4494553894443502,0.032369083706654755,0.4109471332126212,-0.02030893819157656,0.5183094586089229,0.2923144163950865,0.32198833675732785,9.215837027229234,0,51,2.0
2.4319980956760108,0.02385626305168719,66.09194954703835,11.063872501890524,-0.011978161393427382,0.32186073373958596,-0.048950982298336776,0.4394763695077533,0.020832043798530802,0.4596332559275518,-0.02018472427976234,0.5111594330415677,0.2983521560546318,0.3224829476513958,7.482811656400945,0,51,2.0
2.4311175293782177,0.028190103489003707,67.28349714185677,10.265593963579626,-0.028876169639475206,0.26100775276683985,-0.0544106989514594,0.4202550551880897,0.04885459457542382,0.44690604623294233,-0.021446090812781475,0.503092916413429,0.2979265981506499,0.32236618424596325,7.581311964367233,0,51,2.0
2.4309311082550122,0.048531806585142154,67.99571683360081,9.48379983140236,-0.014888549698334114,0.29665100167078534,-0.04853260487902398,0.41790660570544336,0.04088273235395843,0.48789124172207876,-0.024810323628944312,0.4966459479396919,0.29241950116695054,0.3223414649787282,9.282691512788233,0,51,2.0
2.4390826143470465,0.055434144309772615,66.85282804451737,10.050635270322935,0.0018398751522980485,0.2687689573508053,-0.02857824005917007,0.3307454734071127,0.03460709589953516,0.4378715950734688,-0.027014305571990038,0.4897662187962656,0.30667157736956946,0.3234223546769859,5.179226811376736,0,51,2.0
2.4422862944649717,0.0551036832720086,67.3885383792952,10.156683615587692,-0.0024509259006556343,0.29994540697504185,-0.05878078966748481,0.343772259414836,0.03906141857013983,0.4638736068487755,-0.02967839540171297,0.48444112137394363,0.3057415135026321,0.3238471626567079,5.590800612716351,0,51,2.0
2.444980962019341,0.05453980248908827,67.66858538926816,10.790237431537454,0.013872365887258566,0.37839998678342596,-0.06987859834642972,0.3973017685524715,0.007892464744109734,0.5638312696427368,-0.03120487802429479,0.4816040917521585,0.3064693768355249,0.32420447572974115,5.4703436324550765,0,51,2.0
2.447289210324194,0.038717166070229056,65.65593973795573,12.505036774021233,-0.018692205203514473,0.3777168242025145,-0.0551089299660103,0.43316923013047554,0.03524851598137734,0.5160253691604114,-0.030091241118638205,0.47826590157861515,0.31160975950241837,0.3245105491193464,3.9754607829970645,0,51,2.0
2.4414256811141968,0.04244129228192922,65.13987375708187,12.305521847482686,-0.022050890779378367,0.37658489213248797,-0.04434590465297886,0.46580892186698,0.02876932133792662,0.5372425615331283,-0.029558639853481672,0.476960154632959,0.3052954321260672,0.3237330453055475,5.695313915846434,0,51,2.0
2.440854755686779,0.04386381748746924,65.50834863326129,12.31249569344242,0.006413092946304995,0.3957278600391095,-0.051828730559232185,0.4724219060475889,0.035080540815696996,0.5303356938615109,-0.030219822820283786,0.47488778984113483,0.3025394180072635,0.3236573407674323,6.524777936473036,0,51,2.0
2.4462408867536807,0.044291395955366665,60.946648153604244,13.624789387162533,-0.009734125260044546,0.3742866535469082,0.007806961954224343,0.4613605350624071,0.04106470347181255,0.5185600617435409,-0.03336293034373407,0.470794506735469,0.3188685601546913,0.3243715414296348,1.696505572187279,0,51,2.0
2.445874588162291,0.04271524427942855,59.72570674559649,13.07326539061573,0.012459769771963941,0.381601736219259,0.006869631582031063,0.46293942302687313,0.03177586000631837,0.5420850596228979,-0.05174494094262968,0.46456234134376223,0.32679801580924167,0.32432297039775715,-0.7631421876930444,0,51,2.0
2.458931523795221,0.031016241112357876,60.22246391632978,13.67126133529262,0.02689083957788991,0.37780622635128713,0.006772257095458461,0.43072517027810536,0.0052853818325435415,0.5447584994437411,-0.08566804317193866,0.45181341464200714,0.3438856755433687,0.32605432021819386,-5.468829645698969,0,51,2.0
2.4592402746864392,0.028070482125728817,58.84350141356973,13.356420723525932,-0.03828747504774262,0.3181219723276726,-0.017992574283305335,0.4276152652256289,-0.015878581533245013,0.479735794290412,-0.13441267385185562,0.4358726294094528,0.3455781537892536,0.32609526025484736,-5.974601875286423,0,51,2.0
2.445605056542976,0.03170376758761887,64.60468054285236,12.282889224135134,-0.0373341263655354,0.28705640219692075,-0.042939991708479675,0.4064680687736779,0.05330360972998189,0.3349572696214399,-0.18599217582903085,0.4153530821293231,0.32121605551727067,0.32428723048960045,0.9470539335431183,0,51,2.0
2.434897743019403,0.03475899865907832,70.72854866701014,10.77874715145704,-0.04255050303889256,0.2944466263571199,-0.04852163258428667,0.3197611470159203,0.0235554351672238,0.3878319988593116,-0.23030609090932477,0.39044246757914053,0.29760564351135643,0.3228674407209626,7.824200902140078,0,51,2.0
2.4252591419453715,0.024826564656952602,73.33873248567768,9.549072494193922,-0.05902775566951901,0.3133111046207377,0.009733065816701627,0.31076846756514137,0.0140782752457787,0.34949038739364996,-0.26879414580220484,0.360679831422899,0.2645904789338806,0.3215893622238142,17.72411963374102,0,51,2.0
2.420028602375704,0.03393687047387441,77.7179245855294,4.550516449770545,-0.014365652758701174,0.3319254101007993,0.03664355374434415,0.2672353171352948,0.03325966796746441,0.354231329026618,-0.2927925436788962,0.32485359889915644,0.2393320770062913,0.32089579282671615,25.417508625446295,0,51,2.0
2.4183428825116624,0.03624603883717759,79.08861336053586,2.380503024473658,-0.01970223454283733,0.3348536639497783,0.04596562749322723,0.21387812863153732,-0.021080460545479084,0.38554898342675525,-0.311517456725094,0.28467028984364473,0.21774767433716713,0.3206722660622623,32.09650556593851,1,51,2.0
2.42234297301255,0.036113021644811595,79.26200866699219,2.201131454808981,-0.004288218915462494,0.296140127876414,0.0644891717124219,0.2082524604415449,0.015549179166555405,0.3573453593220951,-0.3204009334841028,0.24151043693569796,0.20157848580738416,0.32120267822216303,37.24258872213998,1,51,2.0
2.4167244007774427,0.03314750277036121,77.10335100865832,5.396919774804225,0.007820261167544945,0.33491391908210083,0.021675565882640725,0.21204205781089946,0.009304692566979165,0.36991323435367846,-0.3075036184118741,0.19848935623952607,0.20025463554002942,0.32045765569291185,37.50979825804834,1,51,2.0
2.4111053978695587,0.025196473787078507,76.83270366986592,5.632775403556531,0.032506226178477794,0.31619444904452054,0.027316498177527796,0.18851224386726112,-0.021538800322542004,0.3785611428060804,-0.27855508700079606,0.15668874820955833,0.20244100383659538,0.3197125756080592,36.680312480178735,1,51,2.0
2.410448231533462,0.02246700524273888,76.95938611965553,5.629930854204984,0.059610591069156046,0.3365244540193093,0.03658353127356546,0.16496104546446327,-0.023816852008595187,0.3895811069961464,-0.22986691168596612,0.11745203763061252,0.21874741388465604,0.3196254355042177,31.561324730124763,1,51,2.0
2.414080030193516,0.02722389911487205,73.53830897106843,9.813199416366032,0.041914707305384616,0.3620356922858773,0.03343474265078411,0.17092476955427816,-0.03728059701183263,0.4452201286418263,-0.1651821077897815,0.08259995062896681,0.24624793362286804,0.3201070121562695,23.07324604852612,0,51,2.0
2.4256106071612415,0.036503855600881006,73.11065497585372,10.564342388463384,0.09060203342461119,0.360881901987099,0.03681479700311434,0.17857971029338765,-0.04751820329065416,0.5827154604090397,-0.08578842602791431,0.052223981654455166,0.28058159523097004,0.32163596635086433,12.76423516489109,0,51,2.0
2.446053554030026,0.032277468800533574,69.12409658525505,13.325524520067857,0.07300162636766247,0.3650290934843265,0.03920591505719166,0.18422272212981627,-0.04479551826621972,0.6464425148034046,-0.0019145308774003516,0.030449851131353727,0.32070769486647954,0.32434670126382487,1.1219495629725351,0,51,2.0
2.46677904678326,0.02586529997447058,65.66649643112632,13.116246940480785,0.035926216081076975,0.33656603129986495,0.05620677703443695,0.2094005135283779,-0.033374348253596066,0.6288886177296653,0.06424006933999099,0.019476872365659714,0.3543900364512461,0.3270949017614012,-8.344714192383007,0,51,2.0
2.4770922140747893,0.01873736312616803,67.08992951524024,12.202515238968079,0.05058741993179508,0.2942578306848899,0.037210838248332344,0.19353410388861028,0.013348800148449693,0.5696223157637316,0.10260998069948726,0.015490742912117527,0.37868677480915425,0.32846242742994697,-15.29074353258224,0,51,2.0
2.477066733089148,0.017159807822497652,68.17050270005768,11.636382724955228,-0.0014026816569122614,0.21421030094462956,0.038621647612136954,0.15762528198963308,0.017854220434731127,0.42434640087768344,0.10273202184940634,0.018080344297749008,0.381984472240301,0.3284590488093298,-16.295919879510667,0,51,2.0
2.4729463411312476,0.018104549968796943,68.84230918510288,11.725585907231585,-0.021478811534596423,0.17477731702768043,0.05399203720484294,0.14471973753033607,0.014678047714280147,0.28882440896524764,0.07491098492422044,0.019878688658734493,0.37474823041308936,0.3279126848376693,-14.282931933116782,0,51,2.0
2.464974731206894,0.015092434735430756,69.54514889623604,11.126574609492222,-0.0189038810922819,0.17429160937154922,0.03207399962725593,0.10904994160817262,0.022060220878498227,0.3665928569907943,0.04292566860977111,0.01932540075737865,0.3663846915066878,0.3268556493610212,-12.09373074106046,0,51,2.0
2.4578101810287025,0.016465120896620136,68.2521777714,12.079326094315832,-0.006724810264274186,0.1954302228278819,0.05669113325283808,0.11592363608518742,-0.0007409379890590322,0.3803117628293214,0.016375693431145935,0.016747807912903707,0.35450375816308854,0.3259056301644741,-8.7749720629809,0,51,2.0
2.4524440397234524,0.016436731070067833,66.91247230885075,12.465645939880629,-0.02039290394853143,0.22251982944987392,0.05479957597951094,0.1192743128503808,-0.0006532155835599292,0.46313839869128215,0.0008903596264077754,0.012955485794213113,0.34587177713822526,0.3251940795074291,-6.358571368247734,0,51,2.0
2.453421162039626,0.01965204090960978,69.04078767813888,12.07468220578694,-0.005005882943377775,0.23714966108734983,0.04744177077915154,0.22573426978903882,0.029924849568701842,0.622906017627058,-0.008900087708586829,0.01057842526687302,0.3425165481172188,0.32532364608082726,-5.284860858875273,0,51,2.0
2.4549620531353296,0.022073852389209038,70.00706687160567,12.151962458298444,-0.013961456058656467,0.26657485933516917,0.07984162311927945,0.2686514893216873,0.0035831170868785944,0.5937211885594444,-0.018280358888440092,0.007274692544577273,0.336498423485385,0.32552796839725784,-3.3700499352299573,0,51,2.0
2.456165958853329,0.02153153881847024,71.46807341014637,11.841979782763858,0.0056130636994745214,0.2538946965262651,0.08671833428682066,0.276121888583997,0.004993209907529401,0.6243283571162013,-0.026606987679600323,0.005391043947616441,0.33231279413050957,0.3256876059788848,-2.034215619508184,0,51,2.0
2.4638086422985674,0.025262382015700132,75.4012959798177,8.896649530465453,-0.0025737298031648,0.24584655900613359,0.07566449352923561,0.3042323816403126,0.006188476129489786,0.5951778290093563,-0.03394679941712751,0.002734665089955658,0.33175976932836115,0.3267010259615236,-1.5484320417877395,0,51,2.0
2.459972849663566,0.026224139839166948,73.60894447214463,10.447560606485663,-0.0074493173582881106,0.23565778491723807,0.09400784538364877,0.2619861147024295,-0.008099292824957884,0.49333069518126904,-0.03990342368725661,-0.002217326709532587,0.3287944451427189,0.32619240001795585,-0.797702559783664,0,51,2.0
2.4592615459479537,0.026135568236974046,73.35650873184204,10.409757498295658,-0.011618991765905829,0.18116500287850146,0.09049314510661598,0.22060821919489354,-2.6206869412870967e-05,0.4362506139153492,-0.04128819809794158,-0.006108480360146206,0.32711433986017024,0.32609808082293135,-0.3116421398967839,0,51,2.0
2.457741236569835,0.02780857576385057,73.0371317021987,9.678882711822432,-0.0030705038385063993,0.1645973269893682,0.08112875490869377,0.2259870150576433,0.008137012521425882,0.41874059623295934,-0.0423999586686691,-0.011278025950550021,0.3247694344374545,0.32589648795450976,0.3458317468007177,0,51,2.0
2.450551416944055,0.023201296196825507,72.35706636017444,9.957004908195119,0.0024173380989654394,0.1878690100653592,0.0852146537828387,0.18216500094444085,0.00471455564576329,0.3589733057882587,-0.04138721292512637,-0.01452570211470598,0.32249668694811356,0.3249431180421847,0.752879799027939,0,51,2.0
2.4613356333152923,0.026498115707242288,73.87339496612549,8.688780216590935,0.002119638610119913,0.19490398274057372,0.08844304543134629,0.15748456698409163,0.0006728532139723207,0.3362835176010692,-0.03710716925249554,-0.0167843026497329,0.3293164165345624,0.3263731049742469,-0.9018241746812317,0,51,2.0
2.4586584959544386,0.024737304034192022,75.40017167259666,8.383557659840909,0.0031360724356536774,0.2039533153759283,0.08476156598943121,0.19348282902962746,-0.01702908432914638,0.3952677136600836,-0.03132904098323862,-0.0197002185187478,0.3325122174487835,0.32601811656630825,-1.99194478848983,0,51,2.0
2.4589975733383027,0.023552838218993052,77.54727976929908,4.996975451671688,-0.008470001895272848,0.25826240050174704,0.09206713492726433,0.23241706036062332,-0.0029524172400580903,0.4620549425785843,-0.024365733532347687,-0.020450545251530637,0.33657810865943033,0.326063078077582,-3.2248455249344277,0,51,2.0
2.4678512203927134,0.025174401934102378,77.03341176463108,5.7689258346601715,-0.00940328168993195,0.2760319977218073,0.07693016168880551,0.3052310358791202,-0.005798355402315364,0.503376932570679,-0.016039338293218585,-0.019321856943022245,0.340881684792677,0.32723707183110456,-4.16964156451527,0,51,2.0
2.4613644843008005,0.02288457586117347,77.20219728993435,5.263832629752997,0.0001319051428022338,0.29755822164004875,0.08606506052755696,0.32525540500807776,-0.02752316713917489,0.6639048971142366,-0.0081379390818297,-0.018273446588161116,0.340542395896976,0.3263769307833144,-4.340216411639153,0,51,2.0
2.4698640610657487,0.025267355022741078,75.73181552512973,5.956159850478503,-0.006991343449472505,0.29636870475203086,0.11471756123572442,0.32143445599703513,-0.004245014313389273,0.6885143336767243,-0.0034563558361058386,-0.016011812993668422,0.3467783658761234,0.3275039743394093,-5.885238973234275,0,51,2.0
2.472637134439805,0.02206703676298543,75.13463140001484,6.558577923669279,0.011466354970003059,0.262916066243419,0.06766958728286565,0.3054900399376188,0.011195267094116584,0.6539497602134071,0.0015426113104075228,-0.01197439340441981,0.3471435909770631,0.32787168402379124,-5.877880857766726,0,51,2.0
2.461323330215379,0.030276671809196107,74.79291223077213,7.0355587867044935,-0.007995083035020084,0.3188241473215781,0.1080130228736237,0.2561388280689381,-0.021376707846773604,0.6274087748510212,0.001768338798519024,-0.011403956460973131,0.34569318984315756,0.3263714737359834,-5.920160817364928,0,51,2.0
2.4622084743836345,0.030685336722629766,74.35432830978843,7.57450993585342,-0.013912773911964478,0.3331192200488143,0.08812493102296311,0.25577405767170636,0.01261284142075216,0.49076678481256236,-0.0010507985839843074,-0.008369711880219913,0.3447112459360723,0.3264888435370218,-5.581324679164479,0,51,2.0
2.451954713639091,0.03224695150379564,71.9544157374139,10.339917861815234,-0.005006561153362889,0.3414865711704948,0.04224718142958248,0.2577272734100855,0.023438434372199515,0.4227028573551372,-0.0028881658514248215,-0.006975143274624758,0.3422883857115407,0.3251291950202721,-5.277652992742987,0,51,2.0
2.4432725070738326,0.03474664251184865,70.67249191508574,11.424016489838095,-0.0035526101276570675,0.46788944504077307,0.06078324446856391,0.26537415448576845,0.009110897322934047,0.4854773617808165,-0.0027833258138334756,-0.0077444541140856025,0.33909607551732035,0.32397793459118684,-4.666410675532706,0,51,2.0
2.440927070729873,0.036778693257791394,69.13946837069942,11.73262462063648,0.030067157575531918,0.4250266050363842,0.054425416569061136,0.24729716153339215,0.015135503757525893,0.510148680405245,-0.00123875234343099,-0.006981509902177667,0.33852778018113205,0.32366692943069925,-4.5914022716413205,0,51,2.0
2.4428178288188636,0.03866458421743693,66.35584078583062,11.929128547535864,0.01037863843763868,0.4421338452298473,0.041569982527517806,0.23474612971178252,0.02068738254042817,0.480981020934259,-0.0001729518969569547,-0.00528314395737136,0.33957065844299134,0.3239176441140596,-4.83240558622362,0,51,2.0
2.446318024513768,0.03571942044992326,66.83210239690892,10.549768656945158,0.012627554664790047,0.45097729235526834,0.06535076631196574,0.20970406945750789,0.010000351031183028,0.4691290107800193,-0.003278424519825433,-0.003955117218963443,0.3392033937503875,0.3243817700615533,-4.569191322318056,0,51,2.0
2.451631321626551,0.03355178517508251,66.54412593561061,11.156517063019981,-0.0051398192459315645,0.32482527837109104,0.04887859022938738,0.17910857171253497,0.013377790229723734,0.4189960179002682,-0.010757819746426377,-0.002419714444491407,0.33942746075628566,0.3250863132571656,-4.411489168962723,0,51,2.0
2.4548816061487386,0.022775206490989106,66.88796984448152,10.854606942312554,0.0012783865973937745,0.2425795879388985,0.025875421606150327,0.14832312417743007,0.0037636015308546086,0.3098457124606442,-0.018950685308422102,-0.0006320326911126297,0.33654896520946703,0.3255173011346394,-3.388963977145032,0,51,2.0
2.449418118771385,0.019203316770775705,68.85312573115031,10.718802384441387,-0.022874877441163156,0.2534089994108181,0.03317335331995113,0.14004882515293868,0.009011116280567413,0.3689468622442174,-0.026215503985431488,0.00017120763507131513,0.33392371895405104,0.3247928423864814,-2.811292422726641,0,51,2.0
2.448580163366654,0.017071925122060405,65.72600227711247,12.485996965399165,-0.0003183225315867686,0.21901242984498923,0.03405594219471894,0.13620038338425894,0.0054242612027070106,0.4894415794348342,-0.030395269162336452,0.0033717380967064094,0.3318674701808777,0.32468172966030734,-2.213164420458247,0,51,2.0
2.447619905658797,0.016082449975455222,63.384157498677574,12.078729381997194,-0.007262105615261723,0.19991476007666606,0.04162275984737219,0.1253038706308777,-0.014195075879494349,0.45958788521408356,-0.03274298268833415,0.006461257925373587,0.33095296243309336,0.32455439964605765,-1.9714916186665876,0,51,2.0
2.449798167336221,0.01862870945940177,60.128166128607354,12.063432099442991,-0.012583096767319184,0.1777707500126042,0.04852823792573284,0.10249195619477242,0.009704756860931715,0.4576239569509744,-0.034344066473963555,0.009485799635350138,0.3302928801005351,0.3248432368242958,-1.6776225140211043,0,51,2.0
2.451480752697178,0.02090477209870522,58.445615221472345,11.826152271076959,-0.002266697530799052,0.1578032850870136,0.05055272473277999,0.11111041332061113,0.011287941469573508,0.4006762230425784,-0.03719360818622811,0.012154123238381649,0.3288726553513942,0.3250663478059417,-1.1709325099763301,0,51,2.0
2.450677863523072,0.023102984046771333,61.42609426554512,12.120757231384204,-0.006534669036958732,0.17283445388571766,0.04981406785401644,0.12538522721307588,0.007886281894410358,0.32307434361688625,-0.042707349935771355,0.017088396360987232,0.32426139648616326,0.32495988486142646,0.21494603112659494,0,51,2.0
2.4613812460618862,0.02795185696772118,62.33300656430862,11.984915085637024,-0.02442412838047626,0.1958636618191199,0.05032679460504476,0.13722512065080367,0.015829622142893428,0.3451748328884723,-0.053113188815394764,0.02514613274394282,0.3232387047577137,0.3263791530645963,0.962208608422066,0,51,2.0
2.458731218880298,0.028812870126922924,62.26176806992176,12.33454175907777,-0.0011844745307576423,0.20237756747227575,0.0384957766087324,0.15792934645546428,-0.006406771402586909,0.37970280461325684,-0.07142101336139829,0.03466193817812308,0.31916770664962946,0.3260277596178811,2.1041315550221706,0,51,2.0
2.464236610660366,0.02834090853920058,61.9260310939714,12.177971633737805,-0.002220708803803313,0.2044782124462429,0.029213560982516,0.16806829445221755,0.01968757612813337,0.3771261304350809,-0.09429105009034301,0.04301667671799686,0.320075069779208,0.3267577747250632,2.0451556053954767,0,51,2.0
2.4620976266907713,0.029007246641759746,60.09132063622568,12.607327494363734,0.002271957111124899,0.22195910702354213,0.024027784574119485,0.15854942944637274,0.0035056753047541076,0.3152111035160802,-0.11750388190726486,0.044456191383477894,0.3169206740712433,0.3264741452860563,2.926256597269672,0,51,2.0
2.4498240293241014,0.0295564597549382,62.86376111647662,13.78385669571915,0.005835280406708811,0.21089825779582477,0.03952484050144752,0.16174117918569006,0.008460040131182062,0.41878463925082277,-0.13348721459834043,0.03852032586006255,0.3115920721096743,0.32484666628400866,4.080261720385348,0,51,2.0
2.4529363688300636,0.03077684266832348,63.11799592597812,14.804009643768252,0.0019775936562640996,0.2077037795825926,0.04105545368556883,0.17747651104251577,-0.0210231032916436,0.42283403306797024,-0.12762116372275176,0.025833943679459147,0.3147469223320496,0.32525936235043884,3.2320176558247704,0,51,2.0
2.44744802514712,0.02910000645437702,63.65804532462475,14.441978493710858,0.01825771926372659,0.24256818609806327,0.04133526104338029,0.1875558933883795,-0.011207017262338423,0.5016324814270133,-0.09585097269577408,0.005558921978940841,0.31367876110174897,0.3245316081386864,3.3441571682902294,0,51,2.0
2.4497702741155436,0.02945827051439247,65.04578330937554,13.686044582961436,0.035785891042620525,0.2699239820439605,0.04760963119128171,0.19574465792145024,-0.006274376210628771,0.5665704994337609,-0.03099069169496752,-0.022084671746241326,0.325678013847,0.3248395385091017,-0.25811985257293557,0,51,2.0
2.4638375125679315,0.030429349235958816,63.321810067868704,12.548301187487551,0.08065857803996872,0.29508477466673755,0.05405119119905958,0.19164480615728732,-0.07178407118600957,0.554414417417227,0.06687925093703394,-0.054319311434187785,0.3592040804728551,0.3267048540021602,-9.947579924992489,0,51,2.0
2.483380147639443,0.03725478643117778,67.19201378261342,11.376276454271208,0.1251012805630179,0.33990209187198145,0.09243919539685343,0.170825509711987,-0.10173558370739806,0.5573051621304118,0.18920033780303722,-0.08818909292524135,0.4130188316354696,0.32929620757294215,-25.42471554094108,0,51,2.0
2.496604195996827,0.06852418093934752,69.46308814778047,10.600255380569049,0.04819720735152563,0.7265668617891674,0.027392605648321265,0.4625120161723694,-0.07063291426382813,0.6272805553997509,0.3151489180473608,-0.1062500022639688,0.4549304424791535,0.3310497165122057,-37.42058059197291,1,51,2.0
2.495894588091794,0.07029576959412592,69.95361474448559,10.682770090680558,-0.017552404280971077,0.744514132570208,0.06061662207631504,0.4888768655178635,-0.030748564823001038,0.6778465711197849,0.3858020842934106,-0.09392537925806489,0.46419811458000193,0.3309556221926703,-40.25992714810651,1,51,2.0
2.4790899794475707,0.07725229705024277,68.52818028599609,11.468396698818012,-0.03686413373432908,0.7327870797737301,0.04875968221355887,0.5075628255991708,0.011266436318264288,0.6308500103024122,0.37986150801350477,-0.07019553863102808,0.4446317650686764,0.32872733124930703,-35.25853277209474,1,51,2.0
2.451074017613542,0.07319721333196592,67.13093297154296,10.759723987543975,-0.10342903406012292,0.7060370979101737,0.022446277679181566,0.5103569512258337,0.08093711581336809,0.6113785920971043,0.29079704791066674,-0.039250489635250504,0.4055648986604292,0.32501241487482596,-24.784432870549544,0,51,2.0
2.4385231546327177,0.029852949547665892,64.21610642881954,12.299841806702066,-0.018867176099150788,0.32730242652474195,0.0814331813770182,0.3022608949832018,0.08129562454882498,0.46525969911845166,0.16354108560269498,-0.01421294954387898,0.371807519796208,0.32334817015499784,-14.986740026387357,0,51,2.0
2.4377312257009396,0.02335585118367575,59.53510396620806,13.404813511941358,0.023312025867840824,0.24691923329688112,0.06223740940000497,0.2568821859052132,0.044188679296377244,0.29359403185416744,0.06248879619775499,-0.007349457781748661,0.3651460941935994,0.3232431605335654,-12.963285469324838,0,51,2.0
2.443708055743984,0.01587559363063957,56.45724190450182,13.296089173486276,-0.022664450875976506,0.23606037708279554,0.042084572800234255,0.21649840316623217,0.04645216966267018,0.25316308043190255,0.0032339409371288956,-0.0031819732814546502,0.36342455121350803,0.32403568819054124,-12.155717551643619,0,51,2.0
2.453263178175571,0.014206141875375097,53.06930827159508,11.759893834093292,0.0018562776054821763,0.22092461803802782,0.061973829406733606,0.1931959214953099,-0.0009472227527522573,0.18896176421238714,-0.012327091113425295,0.00017118201401266215,0.36286681504772156,0.32530269742328494,-11.5474350265095,0,51,2.0
2.455068535080143,0.015933444354284385,52.09598748356688,10.395928936595483,-0.006462490222617692,0.20495844070856906,0.019306280960639317,0.14628847875519155,-0.005474837241219539,0.26454579553901575,-0.012667731457348643,0.00022179478165271766,0.37214872980936103,0.3255420879087493,-14.316625601318812,0,51,2.0
2.456733099385804,0.01833391618369982,53.61892232240415,10.247800055936755,-0.019320883806429656,0.2251762247022085,0.034142583827762044,0.15359827087080466,-0.005388613041563362,0.2848237856160417,-0.012940455773625124,0.00043524296204681696,0.37087528163904465,0.3257628088189459,-13.84825756618877,0,51,2.0
2.457888970188066,0.021642937464316482,52.64684100712047,11.836792780483695,-0.006725384817257815,0.21625730037701996,0.027390285851616486,0.1749648292306016,-0.006326976487887841,0.30120239847770497,-0.012958407222568202,0.0004566777432231388,0.3703362935497971,0.32591607745024515,-13.629341776283855,0,51,2.0
2.4547377737129437,0.01993191746306436,50.009584314682904,12.946293856767316,0.009589802893791712,0.21242640983650304,0.024358896922100994,0.17431009577549697,0.0019424637670026107,0.3026055174485403,-0.012672851848939149,0.00017013324260439257,0.36891844345396285,0.3254982289643686,-13.339616202442484,0,51,2.0
2.452323012492236,0.01846243315417337,50.049120486951345,13.496385896700888,0.013143984034803569,0.226593777613778,0.036212840628828485,0.1825952004423668,0.007547116491432283,0.2546797444682348,-0.012596972461463003,8.104006423306228e-05,0.37204101694597047,0.3251780313058387,-14.411485748880693,0,51,2.0
2.4496368461964177,0.01740412510856356,47.952007284351424,13.351060344257535,0.009815989007406375,0.24907866774414078,0.02626155271176614,0.20910746271694558,0.006720422493184314,0.23335345063578725,-0.012307106315736548,-0.0001417831089822517,0.37449529827983313,0.32482184580984724,-15.29252207348919,0,51,2.0
2.4535242991120207,0.023491165586867407,48.80389550152947,15.207384406234812,-0.06372946771044358,0.29952138255566063,0.016583574114038664,0.31601690167991764,0.02403815459533065,0.4377043780397029,-0.018150525737220247,-0.0006367557555054131,0.36467416495178334,0.32533732222897027,-12.09109439190874,0,51,2.0
2.4536765901481403,0.02394330699056783,51.57797348733042,16.049258083879668,-0.037003326211489884,0.34675164983519075,0.03300801591545928,0.3240730964843875,0.04240735746262705,0.47046751410482013,-0.04732451904899113,-0.001359780294363102,0.3429818253121279,0.3253575157022566,-5.416905637428027,0,51,2.0
2.4583133634398964,0.023628713799404885,47.23580432405659,19.98531475742401,-0.05034153316827381,0.40063497969214346,0.009042472122054473,0.3304087245291827,0.05398811609940786,0.48124858579296015,-0.11449984378274404,-0.007641785681976577,0.3195524541940388,0.3259723519980126,1.9694608345228404,0,51,2.0
2.4623473999547025,0.019437591292139216,41.35621992746989,21.57052194107462,-0.040528236577908196,0.38595314976662926,0.006931367567649074,0.313833858985567,0.04323197176278222,0.49200072019985774,-0.22338920354784303,-0.018687201187409002,0.3022818936289095,0.32650726539568786,7.419550599408586,0,51,2.0
2.45639441001649,0.01946530204295566,46.56839009827259,22.859344295291276,-0.019349968243463366,0.5142546620437963,0.05535796412504187,0.30564439470729404,0.04916062867086308,0.6936484001487552,-0.3541837896051818,-0.029505337962580154,0.2903401167985429,0.32571789876675006,10.861479243896744,0,51,2.0
2.453559975413715,0.024106147040758107,51.04648977167466,24.609456888311225,-0.05144987423338142,0.565884455866353,0.0122985601352126,0.3493641572866052,0.03333240363966016,0.7114363576558629,-0.46515482893151694,-0.05123925150309409,0.273531111407954,0.32534205273810435,15.925067446432262,0,51,2.0
2.4511939252124115,0.02554447611885179,61.60809316354639,20.42066558599205,-0.049896015402148754,0.5259261338049777,0.0424097445884756,0.34571630485582194,0.026021691477474046,0.702215151922955,-0.5370189034728893,-0.07154485851624673,0.25029276047985377,0.3250283143230024,22.993551807575418,0,51,2.0
2.4474855427648508,0.029000853915581756,73.11258996234221,8.740996267906224,-0.09309067803562857,0.5633400928608411,0.01721603529272126,0.3492379546530049,0.030305751069795852,0.7200025103865081,-0.5588004520396421,-0.09040538958681629,0.21563313799959902,0.32453658296401816,33.556600605637556,1,51,2.0
2.4382673350034976,0.033783751477978505,73.44639990376491,10.40045690277908,0.004710120386352726,0.4722948006353829,-0.016561097191537127,0.2518388635574261,0.03380895270874687,0.408749501166902,-0.5453242670520385,-0.11100934248060614,0.19188246800698275,0.32331424877467935,40.65140378619459,1,51,2.0
2.4227682135853112,0.049387459183282516,75.02350667878693,10.249256446450678,-0.05485670060357627,0.6182119470085761,0.03576544149979657,0.2825719829212044,0.003083014020732805,0.5346969503336853,-0.5145728975275878,-0.11769388895603768,0.1694557962755877,0.32125906495788603,47.25260241363096,1,51,2.0
2.4116006172170827,0.046142206870256,76.53494421641032,8.384854225066933,-0.018135190777042332,0.6442316590077123,0.026331753524787286,0.28466553107031445,0.027265114527122648,0.5537543519213607,-0.4735790772882207,-0.12652468193613411,0.15940050116869028,0.31977824183141956,50.15279956016428,1,51,2.0
2.4028751756630693,0.04508910675188039,76.55180962880452,8.213342765472476,0.027736013682157386,0.6183824686144657,0.013354997753220446,0.32885791788711427,0.007707248277523939,0.5704240814842096,-0.4284878018601279,-0.13575525166315922,0.15764309374687066,0.31862124845248463,50.52335821526992,1,51,2.0
2.399827251247331,0.04182716217201098,76.68479865672542,6.136703148400601,0.02239205377797286,0.6156902440043539,0.021894850457708042,0.33745176223732004,-0.022511918901228438,0.5752094697093515,-0.37764164484903573,-0.1404511300535508,0.1606855181322327,0.31821709336669957,49.50443534248939,1,51,2.0
2.413167147659788,0.03152496883252511,76.39645691011467,6.215108904525176,0.05503722331395336,0.3931941589073497,0.012035692220225054,0.25140853580788275,-0.01605378982483172,0.43435737315553574,-0.32697696734716053,-0.14246068602451278,0.1851430615036872,0.3199859637880529,42.14025536872634,1,51,2.0
2.4121320650858036,0.029584300045010108,76.69925358716179,6.1388449280531106,0.05653005568128006,0.35363984997667886,0.01418199050514137,0.26773908234019644,-0.02670588961565027,0.5455875514868098,-0.2666464903387779,-0.13571051618778293,0.20847512382189654,0.31984871198915926,34.82070866398785,1,51,2.0
2.41960014665828,0.029738691280680733,75.4939432144165,7.144372613128412,0.08020242471613136,0.31159159147975163,0.034334687077823806,0.23816024900751676,-0.027811554169245793,0.5400134550079936,-0.19453160636136083,-0.11980443638102693,0.24593543668892417,0.32083897928371574,23.34614789076326,0,51,2.0
2.429857567244885,0.028216569729508242,76.0370796474756,7.089353896278579,0.04080276980119593,0.289621408599975,0.04960467381512418,0.27065027440780104,-0.03719048395606817,0.5343155380629269,-0.11229274475079512,-0.09973537353394324,0.2810559180817107,0.3221991134079067,12.769493649756992,0,51,2.0
2.4390120675750806,0.03104042528371592,72.17478385158614,10.181233432423697,0.06826671176389151,0.2705178764303162,0.033629922598016025,0.2936611766850508,-0.059803174735576496,0.6244890372655637,-0.024283704843812072,-0.07655935016563836,0.3197266874816722,0.32341300014928903,1.1398158595712582,0,51,2.0
2.4597947089111103,0.02779756401891116,70.08483085445329,10.36634227255555,0.043761469935085257,0.3050400504311422,0.04267130470743366,0.2986585717380835,-0.03759036167506494,0.6031991128209925,0.049354599443627585,-0.046472535470744425,0.35743902805868405,0.32616877839561953,-9.587137621472742,0,51,2.0
2.4702863687393712,0.02009011375767535,69.26297263538136,10.45795538792491,0.029798371169496986,0.2920185601001071,0.049301665714558435,0.2623851664556125,-0.035925506504581255,0.5909085851246686,0.10180721160878375,-0.018489780472204148,0.37964273438206797,0.3275599726513089,-15.900221662981329,0,51,2.0
2.4778505955256667,0.013344162779460808,68.90063407374363,11.603967369346236,0.023227446073410558,0.26968246297548587,0.06548344278160263,0.23531135021407776,-0.015431065021046237,0.6370962107710549,0.12491078747337309,0.0020123238301962055,0.3919032625952999,0.3285629888023004,-19.27796981147867,0,51,2.0
2.479074135130527,0.0137684928868174,70.3920770626442,11.163993543091422,0.007300157611276589,0.257441980047646,0.059903805381527134,0.20190683047382926,0.015540140973148393,0.5701702376067381,0.12417259690211056,0.01396870364838508,0.3940528428921884,0.32872523031442075,-19.873014467214077,0,51,2.0
2.4760722903644337,0.010796854256420048,71.62207391215306,11.297645898868849,-0.0012946770179505442,0.18966192713168278,0.07206604768540345,0.16038142589253826,-0.005466832943698939,0.48228235389620905,0.11107965369890316,0.015475756508503396,0.39065118806592114,0.3283271858624085,-18.982285015420764,0,51,2.0
2.471619163658105,0.010678311920428958,74.26127117755367,9.946151147706653,-0.011307307226839019,0.18120447520560715,0.09190133707050015,0.16386819801580726,0.009151043881680452,0.4794881375716508,0.09221499665321385,0.011703199039269996,0.3836243693843374,0.32773670093995405,-17.052612137760793,0,51,2.0
2.4750530667164745,0.016291779611678422,74.4773021585801,9.004888477037431,-0.013163399736524797,0.20228918261831308,0.0901954380028388,0.2122605621640828,0.027875906440849398,0.41702843310606047,0.07364936265604466,0.009344021162134966,0.3804439803031958,0.328192036647831,-15.921149150682833,0,51,2.0
2.472435463292926,0.015710281951667814,76.53685005973367,6.903209002300861,-0.011250332125699987,0.19708483254363737,0.08158827456189137,0.21581845332643004,0.025069634777073767,0.32954074957667595,0.05967653296876629,0.007004391638645375,0.37546683914389817,0.32784494259430613,-14.5257377383192,0,51,2.0
2.4678655342728484,0.023428679996391102,76.03935100518021,6.766846612353343,-0.006031361116352035,0.2144501775853585,0.06592207095202278,0.21771474242938255,0.014573058989994666,0.3893423410846369,0.04869426742311204,0.007288349482412038,0.36817647480450294,0.32723896969578714,-12.509972497093713,0,51,2.0
2.4624805678339565,0.02735729629661093,73.72370970950408,8.1147462485827,-0.014553066050889445,0.218353089350209,0.06096825328673802,0.21289451457756062,-0.0009924795697717106,0.3658798956119585,0.038378325619663145,0.008249513450413956,0.36298619027098117,0.326524923304887,-11.166457554619512,0,51,2.0
2.458514089677848,0.025045082249355647,74.07936482803494,8.40400354165662,0.00458458679563859,0.20701045399507276,0.07155913099938747,0.18784268030683565,0.005730367247380463,0.3524507062013701,0.031186650099356897,0.01006650017404797,0.3568153133186251,0.3259989684619847,-9.452896431552361,0,51,2.0
2.4611464510945713,0.030332274850458064,72.18087504424301,8.492935578596718,-0.009280655313940608,0.23324517271819276,0.07614048745702295,0.1968687787160806,0.005859537196217799,0.4636910009438871,0.02188425173441019,0.010924756294941503,0.35647981257949685,0.3263480194219207,-9.23302467437992,0,51,2.0
2.4648975490355025,0.025926316193351423,72.2896102549983,8.310918178672084,-0.012885971980936387,0.2719427831366175,0.08012832189891853,0.21222892426073073,-0.015439799712861286,0.42441683281626197,0.01691952584474431,0.010890964035694945,0.35666447693662123,0.32684541500596853,-9.123292101285308,0,51,2.0
2.465006186097276,0.02500603037591774,72.27942914588779,7.443823264126675,0.009055982617770924,0.28653301599940273,0.056643069082615426,0.21824805247037934,-0.0144973029473833,0.42863116868562484,0.013865169491099033,0.012223740162419238,0.3522570476777636,0.32685982011765574,-7.770067165479677,0,51,2.0
2.4615068722004985,0.02325700408448992,72.49828227361043,7.465826733333127,-0.010719612532970952,0.2807483486791572,0.039465923775352685,0.18245665797036506,-0.012859052412357986,0.4367063455620404,0.011461478517228894,0.012188220455925276,0.3475456376049812,0.32639581125595574,-6.47980936631567,0,51,2.0
2.457807903780657,0.018287746198330512,73.96174819796693,7.327167705870509,-0.007063565008780535,0.266147568450056,0.07567853637624021,0.1839376775420302,-0.010327764951130924,0.3317913956475573,0.010050875341103375,0.014002580422283408,0.3434661631166469,0.3259053282111979,-5.388323965685204,0,51,2.0
2.461711709405862,0.023717881034654432,75.32770467739479,6.604988369537801,0.009106375350087298,0.25056065272913636,0.055989458828287965,0.17487847738627493,0.01837175814252274,0.32446039792859566,0.0029417581033096916,0.016171703703587077,0.3427266587749022,0.32642297251077995,-4.994650388334376,0,51,2.0
2.4650605350148442,0.02458347673041405,76.45562878777,6.358896518033084,-0.01014911284779801,0.2029545597723721,0.07697197279947646,0.1659810822848182,0.008920383849637765,0.32862581081309106,-0.006513189839989237,0.016338446672383374,0.34170838394335273,0.3268670269463315,-4.540487652019443,0,51,2.0
2.4621603746040193,0.02521175314158738,75.56047751856785,7.3869284531970365,-0.012336488119235225,0.19197703894387375,0.06266127512151119,0.16991916316537417,0.0017329802572288934,0.3586663694808594,-0.018439544114813834,0.015293710105472836,0.3390896358421261,0.3264824658318455,-3.861515189846032,0,51,2.0
2.463616085987465,0.02606180376468707,72.88336064301285,8.428228553882605,-0.010009275384101212,0.1858584083743153,0.05298003817305846,0.1640320344633663,0.004343036279155344,0.3633460345833394,-0.028743718883162683,0.012109847877939143,0.3346046545560702,0.3266754928385975,-2.4272288222705107,0,51,2.0
2.4586241496544257,0.02274171761457841,71.2883036884607,9.161373506834531,-0.0012791712092710477,0.1521350775034042,0.07747460216941203,0.17671654854528349,-0.01789547754086408,0.384089399787331,-0.03445881260551171,0.009343527573294262,0.3303785672596841,0.32601356224100886,-1.3389028936926284,0,51,2.0
2.4552824993928275,0.019997824900387682,70.80691094024509,8.910582941939252,-0.005852243899568624,0.1532761323612209,0.0660014604126998,0.20443496308265535,-0.024626007522730267,0.36804417340467604,-0.03696731961558069,0.006619470420184874,0.3317868270640786,0.32557045957425285,-1.9093770048900893,0,51,2.0
2.4598108880660114,0.02218835948399761,69.67413584391277,10.792616234740207,0.0021879966827292067,0.2068108189378166,0.07023981332267616,0.23279009974813483,-0.015152738995703996,0.4466449399780461,-0.036520565363429354,0.005010983209097944,0.3308479871739107,0.32617092359455147,-1.4339302620282268,0,51,2.0
2.457846871778077,0.020739583929788953,71.06232539812724,10.96782086378555,0.00040206889731480796,0.2506267679925976,0.054459767543948163,0.2318632851324145,-0.006249512144017453,0.4353342974377276,-0.03565901094324915,0.0045007529355203125,0.33428006823239254,0.32591049519552456,-2.5680587646761177,0,51,2.0
2.4663942497150573,0.024799926107887407,69.13137022654216,11.166052720366238,-0.0077915273688952714,0.26969446738934216,0.0641413839823822,0.22249202043495306,-0.008272047154605389,0.4430815841280855,-0.035790573584741,0.0025396904421595558,0.3351748168597247,0.32704387751288394,-2.4861921919087093,0,51,2.0
2.4663435986229016,0.028145147420542988,69.03734708299824,12.204035899200843,-0.003850643828912985,0.30418660845889556,0.0559413880280986,0.21978045750996586,0.02140545450589236,0.4406609883136875,-0.033884298280289,0.002227183599728623,0.33440362650879657,0.32703716117910775,-2.2524857123666253,0,51,2.0
2.4688301670785044,0.028294393542300643,68.67829414442474,10.666760250612327,0.01795608333458065,0.2958779902984153,0.08697235233529343,0.22723571875070048,-0.014466649697472652,0.46268844481766874,-0.033540649489725245,0.003716946045403138,0.3414043465077644,0.32736688031281885,-4.287992169987365,0,51,2.0
2.4723514341840556,0.02905629436762348,67.71269219061908,10.39823458823057,0.01084016397704973,0.2697493205439483,0.07828910597577217,0.27629748129104575,-0.015166469712686889,0.6261281264416282,-0.03441927064215732,0.00714235257293775,0.3446300477551203,0.3278338000095934,-5.1234033052831585,0,51,2.0
2.464439198666928,0.028155149192463126,70.15524543500415,10.713601329041483,0.0008922006715746487,0.2579115475791486,0.0458808906111574,0.2929887082203776,0.016092265873928282,0.6265092210111987,-0.035541862161264405,0.011733469017190799,0.34501625909058864,0.32678463774116523,-5.5790937650698424,0,51,2.0
2.46257865896412,0.02830494451277006,68.497130019992,10.069730506693412,-0.007922853717543915,0.2687420969591441,0.05804284698074209,0.2877715057935119,-0.006793463027433437,0.6028255271214227,-0.04170587378767775,0.018065458354349972,0.3419880492662652,0.32653793033781164,-4.731492881231292,0,51,2.0
2.462569399207246,0.027550303274093364,67.69207177442662,11.139344483060404,-0.02268819676200841,0.24575516613592868,0.06507915091773897,0.2631721734897599,-0.001752234502312015,0.48774483448002515,-0.04997509000602382,0.026479016228520683,0.3285514235966256,0.32653670217682584,-0.6169969275639842,0,51,2.0
2.452158219089695,0.02871659031996593,66.90374112596699,11.631261128870193,-0.020112403969773474,0.24410286326281863,0.02825054177083075,0.22497532623425762,0.023189189423825227,0.3250837860565833,-0.06286152989242078,0.0363203020639448,0.31832469293785143,0.32515617985295975,2.1009863377647098,0,51,2.0
2.450023025858636,0.028015900979049244,65.79320696288464,10.902071775228675,0.011031713446273524,0.3373445503424838,0.08326921934791494,0.23434359316953582,0.005280336511193537,0.3665132936030704,-0.08127926835538378,0.046115702694117335,0.310192961878572,0.3248730533841177,4.518716265515732,0,51,2.0
2.45762081005994,0.030997923576633536,67.93490702030705,11.631524279943013,-0.007451402461704086,0.3209358785082786,0.06281792905692961,0.2569458045433349,0.0008371363658750174,0.37698536989667775,-0.10279060486532876,0.05201318099468281,0.3140734458356963,0.3258805192525324,3.6231295580103517,0,51,2.0
2.442679342101602,0.029318759787537355,67.19243716258629,11.705405129912043,-0.005468081865532726,0.31458934023793156,0.042026908703002276,0.23385814529322382,0.018852768424788818,0.3554921316749435,-0.1213833752999562,0.0493530586750698,0.3068495110708353,0.32389928075924457,5.263910944304451,0,51,2.0
2.4425075819679334,0.035667698922986955,66.87764818995606,11.063754919086396,0.004905230968314058,0.3774190468042466,0.06567562608888336,0.2165168871628745,-0.0007072955817349401,0.38075187971421803,-0.13192604801097566,0.04093882478563896,0.30318703437363603,0.323876505516674,6.388074093251217,0,51,2.0
2.4424954565132366,0.03629813905801862,68.09913462751052,10.908120010561536,-0.007211820368527197,0.29039262505230135,0.04384750397145456,0.19900901872488685,-0.012486240685022637,0.326137704833453,-0.12352490896008808,0.0275245846157547,0.3023683396692416,0.3238748975265747,6.640390478415659,0,51,2.0
2.4429753311708864,0.033566411812032834,69.67920068198559,11.060828471688344,0.01879624330310845,0.2872840168639226,0.07664944895305763,0.17577202300331218,-0.03943188346045859,0.3510815982304492,-0.08779732436295581,0.00941068287283629,0.3048115937127378,0.3239385289067093,5.904495293759837,0,51,2.0
2.456072575905744,0.03582229028900638,71.91597230761658,9.822005029593285,0.05947991754567506,0.3215717616006156,0.06897100538709293,0.19682552139706375,-0.061566325561965216,0.41681778757623306,-0.01696250134677495,-0.009741467118458942,0.32802567582747566,0.32567522340004157,-0.7217166853822787,0,51,2.0
2.469094368756986,0.02554595794557176,73.26755838768155,9.43869441805424,0.06109557693422425,0.3065636127222875,0.07422612938920364,0.26543963334085546,-0.07698135125432529,0.4875660184649164,0.08553991681844277,-0.027466373453575867,0.3660429998208385,0.3274019132987052,-11.802339861978473,0,51,2.0
2.4963137846367034,0.08122692767112535,75.05181122761147,9.140397492280975,0.0935640046555622,0.5996960906217809,0.045076137226001886,0.2937503512796984,-0.08714752279075921,0.6371099044319316,0.21309353740980663,-0.03794018161139094,0.4218626773505249,0.3310112080326379,-27.446644437770516,0,51,2.0
2.4918822540956387,0.08535194258250559,74.71560538983813,8.613630886479587,0.030723352277395772,0.8605407832201074,0.037693002352527545,0.34137429709209094,-0.07198533819367488,0.7007082166313766,0.33620277635157,-0.03092641857823666,0.4523522486692874,0.33042358677156336,-36.900713744148895,1,51,2.0
2.4888695601154778,0.08727099947099788,74.04193530363194,8.550749076925095,0.008639491144932952,0.8512707939656095,0.05937136899606854,0.3571257381775296,-0.018558367593761754,0.6591756260408286,0.38728313100511724,-0.015799135906023908,0.45735086042086304,0.33002410370252067,-38.5810476537535,1,51,2.0
2.472946132514991,0.09320802205469442,71.7992860663171,9.03194295564736,-0.013748776898080227,0.8366017545097477,0.07975482217529241,0.34245055971053,-0.0034521769768759317,0.6043203499340969,0.3560066485351224,0.008652031830536361,0.4460261959217149,0.32791265736078135,-36.019816835243645,1,51,2.0
2.448606271954144,0.04150978754881798,67.44159316081627,10.049760337003363,-0.04775566300925087,0.6898706669265315,0.09457763101832539,0.3649474794211303,0.07941678964405083,0.5675761631152189,0.25221667595838543,0.024085173629416128,0.41911890203900737,0.32468519150046066,-29.08469896706476,0,51,2.0
2.452770315548953,0.034383879433657165,62.94191526899151,10.243828805638747,-0.006114570789185225,0.34464175715492495,0.10177553883370231,0.327788614322429,0.07851346775743306,0.48573333967687937,0.12558727810406842,0.023401383077357184,0.41176843650867545,0.3252373438427707,-26.605521876275205,0,51,2.0
2.4506422211142147,0.03206934862348188,60.30599093904682,9.32816534801482,-0.017885592893934717,0.33678251719815216,0.08361863081946093,0.30437773602968304,0.06580696561757256,0.4892251025139344,0.03856659048173739,0.01946635111438885,0.40912212227511435,0.3249551585158128,-25.901100983816463,0,51,2.0
2.4654920721054077,0.02665013190669033,59.5959685087204,8.83862779876865,-0.015035620741546154,0.2701959490259949,0.07738429270684719,0.2791307292153137,0.03880650084465742,0.3818200360616292,-0.0032635113670904515,0.006758135439332007,0.4025621559924526,0.3205139695450889,-25.598942399863624,0,50,1.96
2.462655807827033,0.02406358457391867,61.14392808371899,9.978122128361955,-0.0163404498541472,0.21743934472289506,0.05993569532738013,0.18893115768165786,-0.00010678906212834751,0.34456165217000667,-0.01014478644112458,0.0015673302557512655,0.4033661524929019,0.32654816012830434,-23.52424595943672,0,51,2.0
2.4652729122077717,0.02401663560814249,61.643814521677356,10.608550821763595,-0.0063291790109931256,0.19321662450523347,0.06295427329400007,0.17689608123798795,0.019094771650784156,0.27898411155697844,-0.010962114687124061,0.0008559704312054162,0.40192682037036803,0.3268951881651072,-22.952810234503684,0,51,2.0
2.471030174517164,0.02454602969982812,64.22638181611603,10.045135893433844,-0.005697636098107871,0.20541533075533186,0.06060318378548996,0.16746909657801434,-0.0006582317143386486,0.2520560235404463,-0.010518027388767205,0.002184549101408023,0.40091953879918113,0.3276586011454868,-22.358924013462733,0,51,2.0
2.469622162627239,0.026445129722284577,64.04444026012047,10.825198587688709,-0.07208111916906108,0.2944507318427304,0.016318538536628086,0.21469917777619726,0.017764248629557153,0.30037236978130244,-0.013026965438851996,0.0036944764168190015,0.3933176597419109,0.32747189892569745,-20.107301124837495,0,51,2.0
2.46742004682036,0.026535253193347322,61.71897645557628,12.062801724226368,-0.08339304979160136,0.3188350498007159,0.02644335558893634,0.2155603249767331,0.019965406525514873,0.32630520508902294,-0.024579743119174772,0.011625493704573579,0.3518829276024472,0.32717989805097775,-7.55028951919916,0,51,2.0
2.4607760935437444,0.028083112864550855,61.37501279980528,13.070094523164999,-0.07722953137229471,0.3128840282843019,0.008866450292806999,0.21487535191024593,0.02809109862017281,0.3724603043127985,-0.04835994851497053,0.026164546294416818,0.30798334374969377,0.32629891001008976,5.6131251740404675,0,51,2.0
2.4554740868362726,0.0277612180374074,54.27339531393612,17.871449137021354,-0.0874931317041902,0.3686507731105935,0.0008842445471707513,0.2736048801021799,0.021035235046463853,0.38139815828175505,-0.09688930900468573,0.03860587958789226,0.2720863620226513,0.3255958640855329,16.43433101128854,0,51,2.0
2.4502401071436264,0.019623299215846157,50.56482034103543,17.98801680535103,0.05456030558721692,0.3940820769506466,0.06999360097973954,0.2825425237734196,0.008246229778902204,0.38007246469243444,-0.1706165512942601,0.048712163201940495,0.2566061468457376,0.32490183805394696,21.020407769090387,0,51,2.0
2.4490356836833205,0.02132974891326876,52.5039923471563,18.083571018789097,0.0064710902378839604,0.4164663437866944,0.05018167080832463,0.29318659869199526,0.03190873008148343,0.37145772681325867,-0.27394875496287946,0.04854817624637785,0.27277991918685374,0.32474213150316456,16.001068932998752,0,51,2.0
2.4514216955970314,0.028922932274636836,55.77441257121516,19.463783780652403,-0.03697949918169601,0.572554857345692,0.06817164900256138,0.32569287634452165,0.009800692107163224,0.4203479348894517,-0.39242485626359463,0.03524435465728887,0.2751604966833965,0.32505851699765526,15.350473131771135,0,51,2.0
2.4434115284798192,0.03518463191651438,64.8765935570586,15.419760173599325,-0.05398454553648537,0.6882404538834047,0.05796547906071532,0.3272372193770326,0.04794521746682186,0.45459014641694395,-0.4883112397383926,0.01361923508958832,0.2496628624652852,0.3239963686744871,22.942697325068895,0,51,2.0
2.4299805959065757,0.06619351786449615,72.30245047924565,10.280070754543164,-0.098681558215735,0.8141603186377008,0.003934632621559442,0.31004047936688306,0.09540272591745153,0.5466541141010182,-0.5545363633608532,-0.017127299047952654,0.19825567714277528,0.3222154268320163,38.47107846697426,1,51,2.0
2.425481187946656,0.07024408252907936,73.94314538731294,9.285373855282614,-0.03480124488180759,0.9072483445628186,0.010901276533510171,0.3269038211399098,0.03275651937606288,0.6040391770519504,-0.5783832019091153,-0.05090601061558604,0.15451658674583169,0.32161880563716166,51.9566070025919,1,51,2.0
2.4152744587729957,0.06706262912209811,73.72478945115033,8.277038548410433,-0.057894018058683355,0.8244408423326405,0.018650601526685788,0.22282391681496116,0.022965947933056775,0.5309112894217923,-0.5697464319919303,-0.07611782906349383,0.12288221733953367,0.32026539334485105,61.631128466253536,2,51,2.0
2.4117797648205475,0.06481534725096262,72.52201422055562,8.459621942617078,0.013950135485798704,0.9100708633667491,0.0015701712200454638,0.25631976929972516,0.034104806243204604,0.5857262272158097,-0.5525405943763245,-0.09750834123589333,0.12451175874924654,0.3198019966148498,61.065984556937906,2,51,2.0
2.4155682687665903,0.0383543769294995,72.41493916044048,8.508495217562837,0.011611935554766188,0.7792945431321765,0.00332009419798851,0.2440580892458128,-0.010653819724479142,0.4990481255587036,-0.5282524498440858,-0.1089348575267573,0.12704532228940804,0.3203043524171697,60.33606120845274,2,51,2.0
2.4132480375907,0.028510321650332644,74.8675051015966,6.645588262378964,-0.006079113950916365,0.6638017044052749,0.013208223105061288,0.19758670383688712,0.012706491603132556,0.4309473563271644,-0.4997318765483879,-0.11179935424000899,0.12653326593743847,0.3199966899391729,60.45794537390661,2,51,2.0
2.4124224215161565,0.025693617150651982,76.61635000565472,5.884948341831662,0.001953611917355481,0.7314438771922734,0.05276972267265413,0.24584895623465267,-0.013645071298906616,0.4996049126538973,-0.47028284344400983,-0.11701151181620523,0.13913573923627165,0.31988721294162215,56.50475117251303,1,51,2.0
2.407086180121291,0.02947676605719828,78.18865787281709,4.472780122826369,0.029451492662523306,0.8474875212627244,0.0463208313666138,0.35462922168781585,0.005954175913596854,0.5967139417938011,-0.43451705481097264,-0.1234528647521,0.14126154375121558,0.3191796275027857,55.74230571781005,1,51,2.0
2.4039855833147086,0.03420743967079507,78.46303128261192,4.133416301620753,0.03501377941346636,0.9012091306872002,0.05835261429641761,0.3812085500674305,0.008736876588241727,0.6321053526947583,-0.39141980923326103,-0.13560728231219243,0.16670814945904466,0.3187684885187958,47.70243751705874,1,51,2.0
2.3974159383306315,0.03884044024951515,78.4532044728597,4.239722598496353,0.015389273125751345,0.9238258018509216,0.06469973315503083,0.4038604933906862,-0.014362047992500604,0.7245768334866818,-0.34517024713813,-0.151730157532043,0.1877159818281678,0.31789735326145274,40.9507566192972,1,51,2.0
2.3998324695755455,0.03993683765468868,78.30382176941517,4.577284782056325,0.05396032735121017,0.8519931890011745,0.03163097163333612,0.3762102097484257,0.021497297484208557,0.6693057601911758,-0.293138864545308,-0.16669782176083106,0.20736419851797605,0.31821778546089347,34.83576091837911,1,51,2.0
2.405057011866102,0.03580600139313735,78.0480851799834,4.439648153379532,0.03801882544568941,0.45508062297018315,0.050275294000611585,0.2546375516384274,-0.011239404516185032,0.523002292300414,-0.23578696842753394,-0.16848630237808818,0.22837641563309852,0.31891055991466616,28.38856897864802,0,51,2.0
2.413924871706495,0.032665085912898,76.36371848162483,6.712328474128787,0.05842596613893322,0.31004864992815273,0.04652693889596883,0.24220554863942567,-0.05042661050809365,0.5488239079132756,-0.17732740471481018,-0.15712914735146694,0.25546171814955365,0.3200864378156332,20.189771271503464,0,51,2.0
2.424572569482467,0.02541223761923043,73.8285796735801,8.345764639832591,0.05336759575441772,0.22948779225812535,0.03177911401087163,0.3397927957704803,-0.01680109722028468,0.4738188909716194,-0.1129237639165394,-0.13224820811143317,0.28222608787624237,0.3214983227161746,12.215377830945195,0,51,2.0
2.4350635321701275,0.023737071393504942,70.90386471093869,10.431117087304903,0.04819625491897265,0.22858248206611073,0.032587131101857215,0.3433007204777626,-0.03425722761883163,0.5795500276772944,-0.04809601649302941,-0.09488077534660783,0.3136481263472767,0.32288942452174424,2.862062821709177,0,51,2.0
2.449756863070469,0.029332112926592577,67.16735997854495,12.89442649947263,0.042288823454987766,0.23082698467858925,0.05547284957605834,0.3286652752481826,-0.03636236929827753,0.6544377920102821,0.0063897106120390365,-0.05072764970616844,0.33985562036373435,0.3248377598797293,-4.623188046108129,0,51,2.0
2.461767042384428,0.02712304757505975,65.91565341107986,12.84385120812663,0.03532043796982251,0.21679613785924798,0.025607540454788535,0.31080265121511136,0.008038840128802786,0.5509648046611447,0.05095505331276078,-0.0070878960242531834,0.3588948112448831,0.3264303098201151,-9.945308523175456,0,51,2.0
2.45610531112727,0.03239334093904379,66.94877485667958,12.642502299694678,0.026354756973245564,0.20051454684465952,0.03278917996395452,0.1523508975160496,-0.023983171501872586,0.4943737571001394,0.0841899034240806,0.026332667499356668,0.36905578460879385,0.3256795644220724,-13.318680361076307,0,51,2.0
2.4613956084438398,0.03328884004131031,67.37527132969277,12.530143570092594,0.03224603083057731,0.20543514879267857,0.04457112175284648,0.14708091903140147,-0.007455062157675332,0.4548294709999607,0.10364104050498639,0.04940449118583492,0.3780362691923353,0.3263810575262966,-15.826657361043939,0,51,2.0
2.460034817457199,0.033679815487128326,69.14112719367532,11.145257960392486,0.004471297686298688,0.2060640907783792,0.02913111262023449,0.16523425581478673,-0.008728321312981494,0.46800230455743524,0.11542620722957803,0.059523277858933465,0.3839641243469497,0.3262006167995047,-17.707970056644218,0,51,2.0
2.456171461764504,0.03553609192231834,70.27838562049118,11.2509071732241,-0.005396877506784364,0.20644146965200036,0.0687158360858174,0.16779582233315066,-0.01193227169706541,0.49202279365734036,0.11577538361758419,0.05929655278930632,0.38454967920978705,0.3256883359916726,-18.07290489507105,0,51,2.0
2.4691310887243234,0.026433152977262234,70.29243785727257,11.987240291508128,-0.001791506348287358,0.23760361195604687,0.07883124506356669,0.16547794147371273,0.0029603165081318688,0.5328701156190502,0.10707189494545952,0.054238079823594874,0.3847610347953349,0.32740678219655334,-17.51773503712879,0,51,2.0
2.467402295470238,0.027142289367565582,72.28723147392273,10.276161771306578,0.006059299632906914,0.23588114691167322,0.07332541987299919,0.15575910100826348,-0.015191334374248982,0.4191642523845588,0.0920097147734535,0.047541600401412885,0.3730318811428833,0.3207622985689413,-16.29542586742243,0,50,1.96
2.46685509705076,0.02298442210669779,74.04131959466373,9.957002838749998,-0.013693622076043896,0.22380838700745162,0.08209553784599491,0.12117497853560943,0.033468979319521024,0.33348130211450094,0.07380169669377694,0.0422853583455196,0.37223637159093637,0.32710498602722804,-13.79721725181884,0,51,2.0
2.467017370111802,0.017130899287658454,74.26260611590217,9.557484815599084,-0.005128427536464205,0.22888082958764,0.06843988677742434,0.10990672030962671,0.04913146187569581,0.43149831673162736,0.056009908820348356,0.03686549245887411,0.3689245120562797,0.3271265031183008,-12.777322699183191,0,51,2.0
2.467075090782315,0.016549756671505416,75.0210438522638,8.596119460417336,-0.007136362367400936,0.1915590088999695,0.07315013119403053,0.09961617619606752,0.02182267923775476,0.4362207040218769,0.04060721117172152,0.03425783051840438,0.364491584946567,0.3271341568830081,-11.419604855545229,0,51,2.0
2.4599896733667337,0.016881901429461464,76.33918599521412,6.322187115925297,-0.008663740885608336,0.16503748378814145,0.0658292698436508,0.08413329266888367,0.008526920868248185,0.42642128803479634,0.029957175108659407,0.031237414262348415,0.35730577773127353,0.32619463084927997,-9.537602382047993,0,51,2.0
2.4586287655082404,0.016953273584803988,74.72943397596771,7.378600327908279,-0.003493358107174144,0.1653859252565487,0.06945844064010125,0.09330834217824073,0.003826190569145861,0.4443981779131076,0.025116691049710805,0.029935049777169355,0.35457054612256156,0.326014174464799,-8.7592423564534,0,51,2.0
2.4585005933163213,0.017787486607696787,74.67546836067649,7.519020499520891,0.012198390019144498,0.167146446757897,0.0677587274808948,0.10336671139256924,-0.0014419628914409115,0.3973124322420318,0.021751419755147095,0.031036540003369226,0.3508373817746469,0.32599717851018367,-7.619760200988135,0,51,2.0
2.453762230919857,0.014549861707893245,75.05261045343735,6.577080966935845,-0.0004531589391476968,0.16970737694353155,0.07189557331559412,0.1396720070692696,-0.01263948170212554,0.38565108425881484,0.01816721284250225,0.031055426753081924,0.3482367431102863,0.3253688718152593,-7.028291049308222,0,51,2.0
2.457693741602056,0.01355646471621993,75.06161088569492,6.88300195105281,0.0027056540015573593,0.1999855193043204,0.06512541366814106,0.1959025225951068,0.018878217804811748,0.4460603936743391,0.01183492377237746,0.03174744327165627,0.3496609527837149,0.3258901902926986,-7.294101878202142,0,51,2.0
2.4538231982904324,0.012293307000382813,75.8355684186898,5.6349844037839505,0.006833014224528098,0.1927915256857936,0.07043267608455875,0.21705127869182675,0.01056631128577625,0.4193995742878639,0.001684434061261061,0.030161965239527414,0.3460392490336153,0.3253769559303887,-6.3502632029193595,0,51,2.0
2.4514407573961745,0.011396704543921136,75.52383104960124,6.1118331761825075,-0.00860796700797829,0.18006266385887135,0.06568312993747931,0.22439369711455862,0.005945122289453067,0.390780972608689,-0.00838717982706796,0.028692261400355575,0.34282097361459796,0.32506104443124606,-5.463567378375389,0,51,2.0
2.4509611772555933,0.01285678448764122,73.67997673913544,9.164160816991807,-0.003043785545171476,0.15855070246829095,0.07493854088562668,0.2605625532618416,0.013875999341846681,0.42758026999000426,-0.018960155791901617,0.025759955791671705,0.33945969763997796,0.3249974522616593,-4.4499565389438445,0,51,2.0
2.444951229235705,0.019138990923914783,70.41263787419189,10.764438836040146,-0.008289358633406022,0.16013793224918832,0.08498066188037104,0.24645740658757911,-0.007277196492342388,0.47386652728165524,-0.026303375771890406,0.021477474441560097,0.33211464117764233,0.32420053283273176,-2.4411151566471334,0,51,2.0
2.449839386869879,0.025089670967243648,70.20466952697903,10.777452826462826,-0.0008339463760528495,0.16662513014727928,0.08631702272367536,0.24588658809114927,0.010681111475124079,0.49864365947872247,-0.03205328289851501,0.018784897863051438,0.3312669460653254,0.3248487026995916,-1.97576389020373,0,51,2.0
2.4496423245645036,0.025111740919002593,70.17602876120922,10.769914414754448,0.0077399102669647515,0.1797070311340342,0.0637995800934732,0.2692655422507883,-0.017440529047128034,0.469806794278896,-0.03618895770533414,0.01665120977113052,0.3320174359630318,0.32482257239424367,-2.215013419712575,0,51,2.0
2.4530102388531554,0.029402590382436974,70.131626217973,10.559268902508181,0.00490529414759401,0.20215112816789851,0.06409365535878084,0.2953218134291684,0.006977259217962331,0.43339236657882646,-0.03895796254148728,0.016124636277321247,0.33193034576444963,0.3252691575177259,-2.0479003596769685,0,51,2.0
2.451105283755882,0.029431215383516063,73.75550020909778,9.040062237712142,0.01747347432298257,0.2587000230780005,0.03528410612660296,0.2876910667717225,-0.0015619077226694893,0.3325540480749635,-0.04374196696961404,0.018136995927936907,0.33125426680421544,0.32501656062715223,-1.9191964141848317,0,51,2.0
2.4461498815639344,0.030468309610704312,73.03035413985158,9.04735972245936,-0.014005282455507447,0.3398127018248041,0.031070459707110535,0.29396527939155986,0.0052652331616948635,0.3396533213673591,-0.0464932530922487,0.022415876813932385,0.3214976468874235,0.32435947446056895,0.8823012116124795,0,51,2.0
2.443286550395629,0.03474723777222507,73.71842656416051,7.842679880097573,-0.012448432074640603,0.32969533020381425,0.05080076292449353,0.2718366253853684,-0.02394469407405339,0.35566070019692714,-0.05165261422840873,0.0281090555061237,0.31215999209063877,0.32397979643182184,3.6483152564948385,0,51,2.0
2.4399972201562394,0.030867226516259342,72.23084414706511,9.792259101189853,-0.015738849441393043,0.3378475879284876,0.0625022437980435,0.2221613080827928,-0.009056560147334547,0.419840003583005,-0.059809704004110224,0.03614647556867373,0.30625507770238736,0.32354363139772396,5.3434999232249485,0,51,2.0
2.4425129738508486,0.02851322440884288,71.94740968124539,9.906995044967559,0.003990818504426701,0.19837260877916238,0.0697152493384612,0.21436793748759939,0.002377234732586087,0.4245193764522016,-0.06995785447851378,0.04610814442579018,0.3044371687208075,0.32387722049902834,6.002290543394095,0,51,2.0
2.4402473802660025,0.024099882255644463,66.9742751822752,12.611619315635338,0.007351568151338428,0.16754374040546205,0.05519645637832582,0.1901952711723774,-0.007530622079274526,0.39460567706373834,-0.08419967328209765,0.05640178955262141,0.30648249483410833,0.3235768024674833,5.282921242505578,0,51,2.0
2.4410234818271563,0.02120691432050162,64.19090184510922,12.554118904218653,0.005377637715462376,0.21648174102492393,0.0507021141512429,0.1700544461860312,0.009998733218868865,0.37018965063270887,-0.09822694265365416,0.0648632049417804,0.30734672787837664,0.3236797136858311,5.0460331978999236,0,51,2.0
2.439763536640242,0.021153100931318652,65.2996813175725,12.67036353185614,-0.013190306960513778,0.23067989345022147,0.03762574344142979,0.15854029322116225,0.007864704725387342,0.33655986970210033,-0.10971035375374083,0.07029433288223733,0.30374791075432955,0.32351264511624206,6.109416327392947,0,51,2.0
2.4347870046017217,0.02539982890081695,65.53731583613975,12.889661747095726,-0.005866965972909741,0.2491070760238228,0.04815152904712686,0.14598177831539885,-0.006283508759795451,0.302776799684925,-0.1116156176533142,0.06966611872997974,0.2986028926310876,0.32285275664926677,7.5111218717339945,0,51,2.0
2.443536175816667,0.030593754786540903,68.77187373123917,13.163686984877845,-0.009723156873209803,0.2651688458005399,0.06447442907693923,0.15230493160773992,0.00028009359341333895,0.29715083444514073,-0.10650020886113302,0.061221828256279275,0.29766804249568063,0.32401289691729585,8.130804258800762,0,51,2.0
2.4530257909905675,0.03360898276614207,67.46903654173309,13.406208845732758,0.020329189486801624,0.25915453348478357,0.07739927729263026,0.1954650499717926,-0.010997100331473584,0.30794616118622636,-0.0892850470358067,0.04622028526375408,0.30653084198374203,0.32527122004901926,5.761462099983206,0,51,2.0
2.467879510977689,0.03508248800972571,67.12282276621052,13.02456483474018,0.046580583350185084,0.2264497131171202,0.09111308876205892,0.18535042706857713,-0.037226440074543156,0.35566182570586097,-0.04824038465744327,0.018123406152088475,0.33028494893376753,0.3272408229954936,-0.9302402769949758,0,51,2.0
2.487957661642748,0.02219771356316437,64.68474732660779,12.976159751474682,0.050376500203913335,0.2376892297043992,0.09001583253563035,0.18802209134431813,-0.052166833834466984,0.4033513808884084,0.018018195883610248,-0.022397700842597477,0.3592310006477795,0.32990318577562483,-8.889824693024106,0,51,2.0
2.496535408146241,0.019441605567575328,65.77710067524629,11.713333896371745,0.07493011996734376,0.2251358874338305,0.09092520171885982,0.19574359477292133,-0.07095061277276744,0.40540858329928414,0.11436786580271883,-0.07035183953580024,0.39614434876295274,0.33104059528051993,-19.66639572625968,0,51,2.0
2.505725298442093,0.02528341215299133,69.49074748450634,10.87363915605541,0.04664499915259726,0.25633320672155024,0.07200936540303861,0.19049300466564115,-0.04597458893469736,0.4805101992150774,0.23285132965683844,-0.11970902741361988,0.4402079396797103,0.3322591747312288,-32.48932555009307,1,51,2.0
2.494313034356809,0.037899511658101175,67.52929827746223,12.089116184382052,0.016875987434211898,0.3074123641426946,0.048978183728953205,0.46139470228348783,0.010120604917699215,0.5350437318775642,0.3310728733374924,-0.1312531436276375,0.4579432002711122,0.33074590819865796,-38.45770693436816,1,51,2.0
2.4763497669322816,0.04593762726887338,67.8952195410635,11.50444932456396,0.003016733327040485,0.2996560940309471,0.09482068071762721,0.47202279967277616,-0.0008949386503766565,0.5144133138429314,0.36835551998549276,-0.11524090558778029,0.4574745288311475,0.32836397909390347,-39.319340109568415,1,51,2.0
2.4603759903533784,0.04439289899740814,67.87472604302799,11.88044570137919,-0.047236163242190495,0.3232958212137395,0.06273216549672332,0.49158338802637985,0.02410794871256632,0.5274724661661317,0.32883255280537715,-0.08426295278514942,0.44138009287182395,0.3262458564820387,-35.29063560570429,1,51,2.0
2.4472970524254967,0.027227253038176205,68.05725429572311,11.855797818818079,-0.04770097202237915,0.29371597795425775,0.044289503757860144,0.4983733570322529,0.08006288217124986,0.4240265704894698,0.2229901713593071,-0.039600120622371546,0.40116741825279256,0.3245115889908603,-23.6219080804819,0,51,2.0
2.4515368091125116,0.02404248406758117,66.83365781634461,12.162420649736776,-0.00925900217364816,0.3133121869464232,0.09630092372204743,0.3279616783005277,0.037185750965613364,0.32981544742347907,0.11005807187144409,-0.01892550055405589,0.3882337120058014,0.32507378089166755,-19.429414128967302,0,51,2.0
2.455618118538576,0.021498345027639094,62.50840766289655,14.650403591156884,-0.008132292505572824,0.29937465562138993,0.04875220467939096,0.31946448033856467,0.05713987846256179,0.3118415087556923,0.029248185997231554,-0.00888246426028524,0.382985278605829,0.32561496268058476,-17.619066228698532,0,51,2.0
2.457769377558839,0.015086095836361852,55.08310427852705,16.43136676152794,-0.00018219730141116124,0.27313264588531344,0.05951656174718165,0.3011490928789434,0.04868632908362676,0.282730399773721,-0.007831296668781487,-0.0011016240435179772,0.37732479064519714,0.3259002193047093,-15.779238028805075,0,51,2.0
2.4598527124115064,0.017515136384414678,50.18703881432028,13.83410857072455,0.003345610592149052,0.25515572615396603,0.08041097417327703,0.27095294505403095,0.008910980084728376,0.20687402667421578,-0.012607772973540597,8.791210277602724e-05,0.3846185605210322,0.32617646966547725,-17.917322765646617,0,51,2.0
2.4558048879399017,0.016628414178180465,47.96266704447129,13.71934688448151,0.0004659376709776766,0.17375930212964005,0.05300855421114201,0.19245226873568919,0.0010268682449617807,0.18859091479602366,-0.01233271282521058,-0.00019311190064651853,0.38505379892798364,0.32563972829721927,-18.245338473116423,0,51,2.0
2.4597943857604383,0.01835606618740602,47.21999323134329,13.915852713814079,-0.006255075207674036,0.17350896651689876,0.06295253084424664,0.1707034926515808,0.009263672747229244,0.18719706893361485,-0.012457912788057473,-9.572454674451395e-05,0.3872596217538436,0.326168735390921,-18.729841255233648,0,51,2.0
2.461135170623368,0.018250001096128468,49.600817918777466,13.20081115650712,-0.00789538451342606,0.18393897951722302,0.06543598612587825,0.14799628115625862,-0.006398086408701013,0.19548716974220076,-0.012428621176777668,-4.143847177590689e-05,0.39186975386233314,0.32634652362740674,-20.077808553503985,0,51,2.0
2.4559346437454224,0.015081846714604155,47.54921825726827,12.443774650702668,-0.014150697007483127,0.20038957847774658,0.04634832342465719,0.16592684802857935,0.002597062063275599,0.19020194218184278,-0.012399203106082573,-4.4551282845127684e-05,0.3910477220810454,0.3256569339211801,-20.079654798841794,0,51,2.0
2.4655213034620473,0.017727399298062763,49.48405403716892,11.465686331250017,-0.01974715686896268,0.194994213155941,0.05411222577095032,0.1720657231368756,0.030457092462764943,0.22303345407212125,-0.013485219583714882,0.0008274653196520755,0.3910570525780796,0.3269281246762473,-19.615604489622406,0,51,2.0
2.4560638192821953,0.02348370784593345,52.543083700479244,14.520330716432902,-0.0410595511396726,0.34002595469594843,0.049058879634328915,0.27616682712800866,0.04097330867422416,0.35454138897724974,-0.02761397251756859,0.0028389573787972688,0.36406649160715876,0.3256740624274922,-11.788605114419948,0,51,2.0
2.4512609915406096,0.026918152413481673,53.39053262916266,15.291438053109829,-0.05497514266593784,0.35635606893803873,0.03839730843901634,0.3283242450292358,0.04787476015204162,0.3929968844085985,-0.0724570151285492,0.0032416349674401386,0.3505233010353492,0.3250372076297385,-7.840977219642742,0,51,2.0
2.45463904095631,0.028157347886604147,56.235983568079334,14.967761719987411,-0.0669310322287036,0.3856244401942637,0.03251964956814168,0.36786186925491754,0.061909252138552716,0.42454788846914515,-0.1557797364471255,8.584813858569618e-05,0.3324133980983821,0.32548513666254203,-2.128595335222072,0,51,2.0
2.4404093932871724,0.027102148117843228,60.460731908386826,16.916360798706823,-0.06639806181192398,0.4160933442669195,0.056866360207398735,0.3651579429620061,0.041799936206171326,0.44102244163057713,-0.2687250589249793,-0.009257750241959123,0.28978430091617313,0.32359828554845926,10.449370760718214,0,51,2.0
2.4372424921568703,0.03716842468040156,64.35130479289036,15.39987909086367,-0.09590757974222594,0.3423992441970838,0.03248051356743364,0.32864702817650937,0.029505916578950835,0.404249187753858,-0.3834552162861677,-0.03186286316259314,0.2683209019875806,0.32317835461295524,16.974358536812606,0,51,2.0
2.438240910277647,0.04199640547789329,71.7962551350687,11.627566298752708,-0.10602870116046831,0.39026882295829673,0.05268712926144693,0.2834184496077237,0.02837853338204178,0.4092593649910602,-0.4743596330538624,-0.06602874962977322,0.22350099077590196,0.3233107445258775,30.87115273460602,1,51,2.0
2.4416805862211715,0.044806217875971346,74.51026259216607,7.528693007316632,-0.02266947253077638,0.46258486938523496,0.05853563853923012,0.235711913142778,0.03422983721190808,0.4339439056815002,-0.5266512680988029,-0.10709685476836646,0.20455112542756423,0.3237668457180158,36.82147257112369,1,51,2.0
2.4365871694742465,0.04933649773672051,74.38810073160657,7.997312531815691,-0.0692016749697573,0.4841730071987122,0.04668584955381412,0.20356577945379994,0.012894314220722984,0.3753034130207068,-0.5422656297973909,-0.1530849472372934,0.18720362361599255,0.32309145881701967,42.05862813538075,1,51,2.0
2.445572583698759,0.04333534888008365,73.84047587712605,8.154340970031829,-0.02439626934481602,0.5005845459196291,0.014735301636962914,0.2211355003913388,-0.005888962205134186,0.3644957391812838,-0.5397460479503601,-0.19016140323877131,0.17456656798092648,0.3242829244194352,46.168436622602435,1,51,2.0
2.4381903760573445,0.0412707586689618,70.93438923592662,8.370751555845196,0.025134180982907612,0.5129822655900261,0.000330172853507832,0.22809532521627526,0.028349280722585378,0.38687803546240984,-0.5203263994903865,-0.20987422864204303,0.17913771439496928,0.323304043692248,44.591563919475796,1,51,2.0
2.4299492678221535,0.03692037996836425,71.39808201322369,8.00358074536928,-0.018284078906564152,0.4800038241334881,0.011957388234269969,0.2332167092701058,-0.005054320701781441,0.33986493257293243,-0.4951672209454908,-0.21447761592102246,0.15329131919825997,0.3222112730590316,52.42521537408289,1,51,2.0
2.434999923495685,0.03091035869630717,72.48694625555301,7.827737573078704,0.03612303923742444,0.48808420660426743,0.003965992635736863,0.21798086029573094,0.0054531949115734476,0.37505900850407836,-0.46792306768956166,-0.21600429979633204,0.16736289125257392,0.3228809900066888,48.16576496215933,1,51,2.0
2.432877759723102,0.038675382578806844,73.73942819296146,7.560578131958999,-0.015461701826722013,0.5353038468960313,0.06716743776319074,0.18926897474809495,0.008508661798402374,0.4409014252156727,-0.4329904714586415,-0.21774765393337212,0.1742844040748736,0.32259959077875244,45.9750077009854,1,51,2.0
2.4372882410591723,0.03809270316915181,75.57677619597492,6.409987943288369,0.051680322371277156,0.5151789306988213,0.06183699430788264,0.23376850341574312,-0.009962236399159712,0.39812743408604234,-0.39710782130991673,-0.22768018957128833,0.18605638768512442,0.32318442076458137,42.43027332661735,1,51,2.0
2.428041046156603,0.0436828598216444,75.78797424540801,7.59499713606148,0.027796314335336872,0.5711662582640153,0.03935188025820489,0.4186844663992416,0.022277374843172,0.46854809822549126,-0.35034395413448866,-0.23837407892956164,0.2102485343552781,0.32195824287264796,34.696955580527614,1,51,2.0
2.4198270475163177,0.0448518046474431,76.35730062279046,7.391578004849922,0.05018237686040355,0.5344561174736799,0.050107799981739004,0.43564988531161414,0.03662937682341127,0.5592138814461661,-0.2989228831341768,-0.23670854730167595,0.22869064916676732,0.3208690663271151,28.727735651019415,0,51,2.0
2.415532695896485,0.03357947744343281,74.69800981820798,8.499885090104053,0.03653567488871369,0.46533921823690516,0.02648120366182982,0.4629647560959361,-0.010295917371324464,0.5542491285253615,-0.24629286869263886,-0.229194905385262,0.25082486462719694,0.3202996354601561,21.690555698931334,0,51,2.0
2.408185597143921,0.026954201266113666,73.99350122844471,8.850679759970301,-0.0059336739427903115,0.42448863661214187,0.04819219990396032,0.3903024314155446,4.518777132034302e-05,0.5533584860827897,-0.18642960234778147,-0.20792753031303732,0.2635686117808953,0.3193254103349858,17.460808551251606,0,51,2.0
2.4167763637561426,0.024880615876470585,72.72575211057476,9.263982289589507,0.035356766306886486,0.3139585786368433,0.0036638499621082753,0.3771957864350214,-0.04202173455326142,0.51496861139763,-0.12874983954327185,-0.1764668607089091,0.28159010592046874,0.3204645456781513,12.130652292726607,0,51,2.0
2.434683411144743,0.02668145665361539,70.2427760853487,9.430646056374062,0.028335693712327994,0.2841737983833522,0.038161768705821504,0.40031952376492597,-0.054625521637681945,0.39537767777332944,-0.07061600427560094,-0.1350395113372837,0.3061508660877902,0.3228390203220356,5.169187484709492,0,51,2.0
2.4493293429122254,0.03330665265255382,69.93566422368966,9.379571975360292,0.025537049836095643,0.30274837297133145,0.0635959577071024,0.37683227136456754,-0.019167488125865075,0.36544894597717076,-0.016385989737197466,-0.08376838848334871,0.3279732377511823,0.3247810710330382,-0.9828672305287611,0,51,2.0
2.4713779126896576,0.032933357583297816,66.43464993495567,10.113597714760754,0.014321892759671398,0.3233779485284958,0.06556362835872992,0.35959272339472004,-0.040358707760734594,0.403947116534913,0.026002140854176875,-0.03345764876085203,0.3501928260797625,0.327704711063731,-6.862310567045249,0,51,2.0
2.477567891279856,0.024073869463649686,67.1138153777403,10.90084942844715,0.01379474270723614,0.2645076411091417,0.06100507681349329,0.2721802455788475,-0.007472972431238375,0.3886156777809908,0.05767163373562607,0.011112367027824385,0.36229203831746143,0.3285255023801221,-10.27820844735199,0,51,2.0
2.4837223227117575,0.023068260491155523,66.94181484802097,11.643132569702788,0.02482413237585741,0.2738166503380131,0.0381681718954853,0.23834607396087076,-0.016441350245811774,0.4276311748803809,0.08066283538227367,0.04791902392691309,0.37206723843558753,0.32934158014909654,-12.97305316478674,0,51,2.0
2.4852944466413236,0.02386011932921379,68.66914391517639,11.718307599364476,0.01722287868752199,0.24770062368839732,0.04472282696880546,0.24063679335463029,-0.014385678604537365,0.4571037240797977,0.09343263456301296,0.07272355832515068,0.3792283039598284,0.32955004346382655,-15.074572582010548,0,51,2.0
2.4797583076299405,0.01744576899194016,70.8103990835302,11.327015392633836,0.02977384027897143,0.21176604741703786,0.028332453221082687,0.222165149827973,0.0019320247822678556,0.4145824371998531,0.10251991229415137,0.08676043852346756,0.3873075062635993,0.3288159515956052,-17.78853926768431,0,51,2.0
2.4839788424033746,0.014040134385753451,71.59449558632046,10.337969305077287,0.001807485725365433,0.21444980622742818,0.051791305854624395,0.19869078466990575,0.01837090894068573,0.39152025011429514,0.1014365374317056,0.08984343341961101,0.3927533386326536,0.3293755946672153,-19.241785059840886,0,51,2.0
2.4774736352995332,0.015952082014626064,72.58896667817059,9.740063661681289,-0.016926696195321923,0.18662690600042964,0.06168351475806797,0.16466593788993555,0.03215041911850373,0.3416769430124322,0.09125352174099288,0.08284513198535834,0.3888443655674548,0.3285130038846648,-18.364984329196066,0,51,2.0
2.472162270078472,0.013040080864692783,73.7678682196374,9.72451962747382,-0.011387861534660938,0.1787285165956056,0.06444402974025876,0.14730966900374146,-0.011843959691331667,0.3134194185792215,0.07788194556087111,0.07226881439265301,0.382563062964424,0.3278087170162178,-16.703139088731845,0,51,2.0
2.4682676383093294,0.012555059004549939,74.9359899221682,8.066003303788719,-0.009977676230026227,0.18116883882886406,0.07475543942521601,0.1440852664318812,0.019980022108511013,0.3464916176687795,0.062451380837070955,0.06119433006241471,0.3749741126727891,0.3272922890026479,-14.568575329238943,0,51,2.0
2.463972619351219,0.011704110156421475,75.59682851211697,7.030294858926826,0.0008958742095559251,0.2102151399252768,0.07089276290407368,0.14471271043499184,0.008841272384183956,0.4000420385362802,0.04864110862944385,0.05236926542858299,0.36749817143383606,0.3267227691686219,-12.480122633929414,0,51,2.0
2.4651045682383517,0.013833532449881903,75.12913973658692,6.7850771684705995,-0.010773405396178657,0.20706623771799443,0.08510222278681456,0.16678589558878476,-0.02129192221635843,0.5555617280292884,0.03649003611017268,0.04648599013886796,0.3624332251975514,0.3268728657512834,-10.878957286508385,0,51,2.0
2.462432366960189,0.015816602964959573,74.95512468207116,7.018237636294078,0.007539871897475392,0.2410766199338899,0.05089823967393707,0.20632445140773076,0.02981191354475039,0.5515708145840347,0.027970902890019102,0.04302766340979017,0.3578101518126381,0.32651853202083625,-9.583413106183203,0,51,2.0
2.4606216818678615,0.016640555939911175,75.67889055083779,6.694913061826134,-0.0130340649070693,0.24827990215338777,0.06736309190883356,0.2074692295776553,-0.02025554336917897,0.582262049957671,0.016888467366947935,0.03955977366552528,0.3541522932639177,0.32627843485740343,-8.5429668125925,0,51,2.0
2.4579804726675447,0.01877950456159157,73.4734612305959,10.295556773934514,-0.012398727822537516,0.2615369081107411,0.07127096167966432,0.21308661887910973,-0.024206453696915917,0.5834786635676094,0.00701913659376787,0.03678252556412553,0.3498446288752722,0.3259282105188156,-7.337940560096401,0,51,2.0
2.4493499363169953,0.02404558823461885,73.4179099260592,10.539659740520984,0.016629165878482892,0.24509821324229591,0.04092212269703547,0.2122963533289716,0.014733199961483479,0.49485991095167187,0.0008560655238818877,0.033934834745995845,0.34786523528170793,0.32478380172188004,-7.106707119461908,0,51,2.0
2.4444526036580405,0.02535251989819967,71.46170351084541,11.263150844140968,-0.01972038773637192,0.21295205013082133,0.08777891607115082,0.18041137592943113,0.0018694757611728181,0.5575982962014447,-0.00833123586199156,0.029639597261383387,0.34244138624177284,0.3241344154124941,-5.647956513960795,0,51,2.0
2.452063928047816,0.03143500651863375,69.86237965845594,11.497544756102249,0.015841944398833255,0.22220579003001856,0.1058946404533059,0.20766821018469103,0.014057908462835294,0.5826112875804206,-0.016048508457772823,0.02843556804319545,0.34240914291917834,0.3251436767056589,-5.310103640474373,0,51,2.0
2.4622288807934405,0.03429896758140879,71.27926768508613,8.75010268444423,-0.009394549235117202,0.2133289800138155,0.09529256696502368,0.19795298495650893,0.009522989090970334,0.5251228017887715,-0.022050166022940288,0.024384082728631545,0.3485972244965786,0.32649154960023574,-6.770672908199171,0,51,2.0
2.4742287210389677,0.026512717445249773,69.9743753788518,8.226947882842817,-6.135078329665988e-05,0.2346647694909496,0.11097570169059669,0.25455617960050436,-0.00977594161625294,0.4838786226768748,-0.03164540679123463,0.021727912708480096,0.3486144475356391,0.3280827285715017,-6.258091992082027,0,51,2.0
2.4837582631438386,0.015157253017105764,68.51901140400008,6.9370251088518335,0.0016598023255081737,0.24210263427506007,0.06347016924444367,0.30907074487435976,-0.0015317078625016352,0.4515733132986773,-0.03884619437931552,0.020749457151337386,0.3575756326617683,0.329346345531534,-8.571307231199077,0,51,2.0
2.4789845242219815,0.018606988661012017,65.48105635830001,8.553858084390885,-0.015441981888394438,0.2293551425243968,0.06213287057528528,0.306289128804693,-0.01356216239761196,0.3854832994347823,-0.04338833985350068,0.021908803929021045,0.3506059977798188,0.3287133479092924,-6.660103707309029,0,51,2.0
2.4774669408798218,0.01889506311099419,64.56888401274587,9.443577067599586,0.009290439866519734,0.26328657971354025,0.09551854246049463,0.3106663623299861,-0.011601788338785078,0.42503106548278663,-0.04906051927209942,0.02706964532194724,0.34793175342436233,0.3285121165237609,-5.911391368481489,0,51,2.0
2.4789941480346753,0.020617894583784255,65.58670610072566,10.105591116946195,-0.022084533563340267,0.24686259409089473,0.060166378215631,0.25589229470703356,0.01903288093779017,0.42149912649417837,-0.054395254812719895,0.036149067776294404,0.3494165482174909,0.3287146238649134,-6.2978409993359685,0,51,2.0
2.47433126615543,0.02479196435266976,67.70307977059308,10.387678101270954,-0.0015995403655859478,0.25304682279079505,0.06619556973386995,0.2369887041654336,-0.0026084266502556263,0.38772574064183124,-0.06149594673768454,0.0478310630778885,0.3429825191156785,0.32809632588884924,-4.537141093092378,0,51,2.0
2.4763860363586274,0.025861089820004124,69.26686853053523,9.03737004877195,-0.015504949180610185,0.3129016358294969,0.0758605911533403,0.23484154273487834,-0.005030554970361146,0.35342963288478885,-0.0725192471719215,0.0617834085432777,0.34633339594272655,0.32836878859144203,-5.470863241401469,0,51,2.0
2.4694131449157117,0.02808827816980795,68.51152469130123,9.996745339136298,-0.027854361975401202,0.29088395645569853,0.025864543283686918,0.2680010879771556,0.018941169664008068,0.36425016175708347,-0.08380981456422221,0.07503767482285213,0.33460712551610955,0.3274441828630343,-2.1875308916608383,0,51,2.0
2.458489589247049,0.02733738056119936,66.36599596808938,9.807998918456686,-0.01780839475310024,0.29150544414938034,0.058868904579796044,0.2730579391111422,-0.005373432588599184,0.35216057968056524,-0.09205476200500189,0.08524818805429533,0.32171692199997837,0.3259957195431677,1.312531817652518,0,51,2.0
2.4652237506473766,0.027026134433074465,65.73041258606256,10.268385938585439,0.014119022699328614,0.27988250554315613,0.07528532489988149,0.25469114646039887,-0.0024067463225447665,0.3137402326679213,-0.09636398219533668,0.0896814104865843,0.3222140674590125,0.32688866949723555,1.4300287756723873,0,51,2.0
2.464600708554773,0.02401341795034359,65.00860597105587,11.128159497393186,0.02152307176341613,0.21171546979313807,0.04924388006146924,0.24474625607923806,-0.008383323694122773,0.34052475103357316,-0.0928757052462003,0.08425237725674552,0.32378468994265597,0.3268060537877978,0.9245128142894465,0,51,2.0
2.4685063940637253,0.023288290764513515,67.11520591436648,9.843347760880857,0.02034437168827828,0.19800507439186613,0.07147325256693304,0.2518066444799305,-0.012538666855178628,0.33352207986081656,-0.07716570276853274,0.0669199400618746,0.3351261804870178,0.3273239478492429,-2.3836424707209147,0,51,2.0
2.46272461846763,0.028636951291595027,69.63469748870999,10.201118101804566,0.010900015897099293,0.1987758568352134,0.04580777177733241,0.2515118147940221,-0.03495758768244117,0.3760466468824373,-0.04896068371817654,0.03754112235493234,0.3398724681802828,0.32655728456502026,-4.077441920488356,0,51,2.0
2.4499983734944286,0.03120430183904242,68.92953013906292,10.213805607792665,0.016498342019451016,0.276721204926996,0.048061513825885804,0.24482113052509166,-0.000383270247017636,0.4164278359384859,-0.005986506013980353,-0.0034845890379343984,0.34124820310354315,0.32486978416823875,-5.041533480018123,0,51,2.0
2.450205873040592,0.03164725620221485,72.09260147693111,8.662924753237922,0.02736232831489806,0.29808948351219305,0.06171792944637584,0.2481136747509716,-0.025878738356279393,0.4290841974296837,0.05114029675457038,-0.05326387270816884,0.3511793287672802,0.3248972987762492,-8.089334719009456,0,51,2.0
2.4596085378936694,0.03681494370553065,71.13899520331738,11.109589128136504,0.054673682460013556,0.3151991760189001,0.08023109818425249,0.2605159632288344,-0.008181606035898714,0.4200930128784346,0.1269957154436954,-0.11133614963872324,0.3801219107291908,0.32614409229229835,-16.550297770997567,0,51,2.0
2.472040858338861,0.03286009175262307,70.24808501729778,10.823081083412408,0.01935484095969621,0.8710455960344025,0.04204251257447051,0.6787615376541714,-0.032219097639123596,0.5825460127648989,0.21305066633456893,-0.1739455901433746,0.4146173530904507,0.3277926176682728,-26.48770312150375,0,51,2.0
2.476366188304097,0.042846821202267266,70.119973042432,10.905902961048307,0.01655933870842644,0.8610810217462861,0.09317112997101218,0.7238284044427337,-0.0636215354589855,0.6289974349454731,0.29374123610862074,-0.20497411539939872,0.4253500131566262,0.32836615656437856,-29.535277815158523,0,51,2.0
2.468620468296257,0.05185799937547323,68.65750694274902,10.666175548889042,0.014473002403974533,0.8740089154067864,0.07934192275884104,0.7448930972237325,0.008938813472495359,0.7127162072090583,0.3473078579291459,-0.19694066381516243,0.43048024210693964,0.3273390742679423,-31.5089691231214,1,51,2.0
2.4601215594539454,0.05017065152104297,67.07507348060608,9.943857363964726,-0.030740764503385507,0.8660823855577059,0.09079261620839436,0.7469924487005148,-0.004218385646156236,0.7023250867043019,0.33922770792235496,-0.1615645182868397,0.4170169866477048,0.32621211863538424,-27.83614183071339,0,51,2.0
2.449300478778633,0.0518198679795519,66.47887534721225,10.06299868372786,-0.009654953053184584,0.3507135375061469,0.14039959721997672,0.4278078274871249,0.02934281464081769,0.6073499020905242,0.26774158780937857,-0.1100203313072045,0.3984359720433185,0.32477724333572133,-22.679769047567277,0,51,2.0
2.446167308325861,0.03774391263330399,66.7671251296997,10.215936861535834,-0.04746067239081159,0.38109906730907456,0.047872825361350006,0.35601875109309744,0.06463405141132135,0.6282345683145435,0.16852122090896413,-0.06286550980592616,0.3834532282849795,0.32436178526041476,-18.21775736532065,0,51,2.0
2.4407062325991835,0.03961682866965912,63.70324758454865,12.792236348516038,-0.03678257420074706,0.3799035927115817,0.09953493186656166,0.3074550381277487,0.007028686960099959,0.5486518252668838,0.07326446012258514,-0.03705939985467661,0.3637271711252729,0.3236376466233127,-12.387163520757237,0,51,2.0
2.43607091553071,0.03588393700138592,60.954470438115735,14.143457826378812,-0.004929913280933511,0.3815919346474119,0.06556049120776794,0.2779014117477668,0.040270401639681236,0.5258277487890355,0.013803069381980506,-0.017653029995888907,0.36191722252359604,0.3230230032552115,-12.040696444660103,0,51,2.0
2.443130732167001,0.03539812268029854,55.97981790000317,16.175974779747147,0.020551874046670457,0.34471033732089446,0.07180610010583027,0.2418633153441494,0.02585509965451909,0.470416184713543,-0.008543038156316277,-0.0021161699450035014,0.37242791179596413,0.3239591351060887,-14.961386001355725,0,51,2.0
2.452882516033509,0.03632138769324927,52.48593788520962,14.51284779702583,0.020532676822268496,0.2578613362634839,0.07134705763675418,0.22025003822427092,-0.008744190666167176,0.2874336539651449,-0.012158082676057664,0.00016103619364096528,0.3854256173153227,0.3252522218086203,-18.50053326987222,0,51,2.0
2.457575071676105,0.019637255114876292,51.420567320842366,14.49551222265509,-0.0013547184895358834,0.237126055789106,0.0647311129187252,0.19434594091454713,-0.014884349433522598,0.2006748994749661,-0.012526090540708402,3.268154233920864e-05,0.39408962426719896,0.32587445435318985,-20.932960225251662,0,51,2.0
2.4607854584852853,0.02011745000503958,52.407274695003736,15.210419052358228,-0.010600574077198319,0.24749171901577488,0.06949818707710388,0.1857776359084419,-0.015531560387827601,0.24577420531164051,-0.01285467808482808,0.0003273566178049272,0.39438326992801354,0.32630015180490624,-20.865181259190457,0,51,2.0
2.459976836746814,0.018544116530572124,52.28540893161998,14.70293182546733,-0.007794172448270461,0.2652675348184763,0.06084611632075964,0.1621774834400518,-0.019583383648126732,0.2487700930643995,-0.012985146303502636,0.0004927628426271464,0.39286688317924495,0.32619292872133715,-20.44003673509016,0,51,2.0
2.460177581684262,0.017760804236502108,53.77610725982517,14.687939361918227,-0.03560366576500967,0.2740852137594298,0.026564079391605714,0.1646693504273031,-0.0004582885314947834,0.27321081628620275,-0.013833091758441872,0.0012432197566905792,0.3819303810826932,0.32621954717699897,-17.07771173977717,0,51,2.0
2.4615597865160774,0.015764535156636148,57.438635526918894,14.847653997836401,-0.03128896774176289,0.23588376059087732,0.012790849852357424,0.14462798585114942,0.006826954715720871,0.27269080185930417,-0.013833396277298172,0.0012832738684415519,0.3688177723519585,0.326402827697599,-12.994662133765434,0,51,2.0
2.4619188630113413,0.015594963241542295,57.54055356511883,16.388741786356523,-0.037794660297496355,0.22774721932449637,-0.014948879049031758,0.13694488306909258,0.022512215066372472,0.2611629911620418,-0.017385612461656028,0.001154972961200064,0.3532472644691358,0.3264504414057258,-8.20854245073781,0,51,2.0
2.464929957015842,0.018278110274706695,60.62217804964851,15.192394833509944,-0.023841652247652997,0.32954709002666355,-0.025051462546210077,0.1380132746423332,0.05625119617701892,0.36646693459736285,-0.04027910396906258,-0.0036320728288226777,0.3352027476192556,0.3268497121457053,-2.5556196512195983,0,51,2.0
2.4659408436102024,0.023923290639038863,61.1335368530423,15.164088154180593,-0.01051644217131623,0.3444529395517154,0.0010764145694088702,0.13847172367469912,0.04998446064179435,0.36764026923151094,-0.09509799425667488,-0.008813923831123498,0.3293140917082153,0.3269837558653269,-0.7126763336366304,0,51,2.0
2.4760025786418542,0.030792662459501453,61.366738169801,14.427119572448936,-0.02463196509736864,0.3751403900050788,-0.013867527949532457,0.1587524665879943,0.06063714429882227,0.39295055075818275,-0.18661707743175104,-0.01254955105403149,0.31472123048044126,0.3283179420953926,4.141324573422445,0,51,2.0
2.476454416910807,0.04078308293842241,63.81394848169065,10.886509656538193,-0.018323103513787773,0.43640796072544547,0.01626914929525525,0.18197630664358136,0.06161840698298286,0.4363605644801506,-0.306288206051962,-0.016189157232395494,0.29905407117951993,0.32837785553091553,8.9298909343279,0,51,2.0
2.4765209707559324,0.04002964853200729,65.62601837457395,10.536114939179184,-0.0335766386021586,0.5083706187361058,-0.007457375964697669,0.2373060246710893,0.049322309155090185,0.43623039618297627,-0.42378218818978247,-0.022646228936658516,0.2809650412459309,0.32838668073520255,14.440792599475284,0,51,2.0
2.466769037293453,0.04212313297861103,68.84882375305774,10.267263735515414,-0.042898507898344714,0.5176138143781175,0.016924413980222215,0.2407901476727767,0.04767101411433781,0.4774722468612631,-0.5121080525177258,-0.030685526165958755,0.25898227792197026,0.32709357451588106,20.823183914486787,0,51,2.0
2.4580812816526376,0.038034349018716405,69.74298536076265,10.151253883966858,-0.013551375226062886,0.5460527286923739,0.020793096399774738,0.25076598746239553,0.019151509830764697,0.46615585940900034,-0.5593671699363789,-0.041040062336205274,0.2381209879404205,0.3259415777808735,26.943659792766205,0,51,2.0
2.4452284282329035,0.04077645428844331,73.01122703739242,8.807681971516951,-0.0585728695287424,0.5369678699422787,-0.003837604879164228,0.21987827460728912,0.016684321230094806,0.4189446055207516,-0.564755924142435,-0.04865535841527903,0.2168212517066175,0.32423728958203585,33.12883537050442,1,51,2.0
2.4403870012245927,0.0413575085272061,72.85033705655266,7.924639445400182,-0.031969412869098136,0.42484184959726434,0.014409495188909419,0.1820791491361106,-0.0009434531241947529,0.34369034327772846,-0.5445400877579644,-0.04628703795383434,0.1956812162605062,0.32359531652762696,39.529033250455,1,51,2.0
2.434724344926722,0.042907453153769905,72.99327209884045,7.770709982527606,-0.024342571257376204,0.4009977879551678,-0.003496821677567912,0.16970734529438736,0.0031457263063274176,0.29345110380807093,-0.5070371234906026,-0.04683885988196458,0.17479435995617335,0.3228444479900737,45.85802511259304,1,51,2.0
2.423618387942221,0.03740651135158366,75.51157552120732,6.52073541591641,-0.01859571755516763,0.40248948610682694,0.0009693936536125108,0.1403142032377829,-0.021307307039844056,0.3389801541864055,-0.46423146939622234,-0.04793462596912113,0.16494011925605886,0.32137179825260453,48.676231034307285,1,51,2.0
2.4393260151732203,0.028437088508275525,74.0326379140218,7.949916374946802,0.06823718197205488,0.36286599133257574,0.013471568039819306,0.13196771880322353,-0.03761226179845193,0.33083677857190014,-0.41258660792973584,-0.048830680641178445,0.18870842324897602,0.32345462976528067,41.65845658603963,1,51,2.0
2.4378753397978987,0.034460853120916575,72.51225004009171,9.066407026986465,0.06944306757228047,0.3556958565978945,-0.008903331616345574,0.1194780872400214,-0.05351677018345571,0.3289225361120194,-0.34809415972867724,-0.04820420379182584,0.22174299656597313,0.3232622698987969,31.404615628234687,1,51,2.0
2.444141621683158,0.031963076895529796,70.70426872664807,9.4377904080687,0.07544006443783349,0.3539190947392311,-0.0006990253779233671,0.11253708140714724,-0.07960713596320619,0.3181447764423949,-0.2712252697621356,-0.043027939790844384,0.2644820664689159,0.3240931788802286,18.393201799949775,0,51,2.0
2.4563765572566614,0.030581757487842785,66.95224074756398,9.278408417711285,0.05453308182311993,0.3033996106644282,0.0008167355668311025,0.11719522697483482,-0.028393529282481064,0.334007310301198,-0.178415092629899,-0.034044212560804483,0.3011210835981006,0.3257155316594337,7.550898152148577,0,51,2.0
2.4590914109173942,0.030737682083462798,61.529347475837255,11.50139599431976,0.021881035583860734,0.2525162806460516,0.00091391816443088,0.10722217767224636,-0.03145524276895266,0.3221461226383863,-0.08211680729568424,-0.02666254891676811,0.3207892723096333,0.32607552126246947,1.6211731970463106,0,51,2.0
2.463091923910029,0.01942514138171884,60.67275061326868,13.040604193635492,0.03319660128623832,0.20927582174717207,-0.003163807313231861,0.10678874049829931,-0.0214482158897262,0.3162546615968193,-0.0025753724769313033,-0.02188747746917661,0.3337406811602763,0.3266059889570437,-2.18449521578461,0,51,2.0
2.4670109725465963,0.018571779876055097,58.70499728707706,14.483553967868062,0.032404476374972103,0.19485527729474622,-0.010720670990207615,0.10925541881623171,0.006096963697642672,0.334212552909053,0.04400526911025132,-0.017097862839438628,0.3483445087776694,0.32712565495927115,-6.486453598706632,0,51,2.0
2.4633136753942453,0.015390357129130394,52.81118479896994,17.46368791288108,0.005275853562588785,0.18286109705015627,0.0008465606427075816,0.10319787664476203,-0.009423863745349296,0.28358464273962286,0.05271166674581704,-0.013769178281192637,0.35365821898682454,0.3266353935186243,-8.27308552729129,0,51,2.0
2.457960797291176,0.016819434508968428,54.46316013149187,18.61735519171351,0.007690885524247207,0.18800430635309218,-0.0010739125530509388,0.1024313134454015,0.004192562445121653,0.3376626563833244,0.03114377149391684,-0.014042110948861746,0.35355907320073865,0.325925601554896,-8.478459965713459,0,51,2.0
2.452626834897434,0.01792604192345132,55.940603620865765,17.709885611956118,-0.016004005337462705,0.17423005570921896,0.006293994173699734,0.09483789782525434,0.024186233606408623,0.3659449686572326,-0.0008290270348905236,-0.016403417069053374,0.34835852541542883,0.3252183182998576,-7.115284045665438,0,51,2.0
2.446992502493017,0.014596480583496428,57.35812503216314,17.771299019665342,-0.003132641753729652,0.15985554735624047,0.0019119571090913286,0.10473865288164923,0.0387933260085536,0.3884653774564297,-0.028274422690863926,-0.020461899703726184,0.3430127606752921,0.3244712059843108,-5.714391400227314,0,51,2.0
2.440786143143972,0.012294322590615974,63.86742542771732,13.480468568137251,0.008948984026324516,0.18028832450151688,0.0020316937098316117,0.13595727133596028,0.019878896428089515,0.4981915734681239,-0.04589925968780624,-0.025744642312170874,0.3350836581743058,0.3236482424202828,-3.533285294091981,0,51,2.0
2.4375424466881097,0.010770221316891837,65.75158437560586,11.384983819734941,-0.01925428029076726,0.1959071093409185,-0.022319968899383265,0.16528779741793467,0.00886866194652576,0.49957224796655203,-0.05770093695408814,-0.028413247782805132,0.32931511864033197,0.3232181284308255,-1.8863391849666566,0,51,2.0
2.4371798254695594,0.011622757033128333,65.21581386117374,11.977876765757195,-0.016862860935575822,0.27101913351569057,-0.032252647238327006,0.17827616553081926,0.014258253296800688,0.4705028470502398,-0.06370002505746682,-0.02966695026467067,0.3239833396961206,0.3231700450202729,-0.251661528777114,0,51,2.0
2.4353899984967473,0.011861065576243774,62.544872634551105,11.438302467772695,-0.0009852766296734997,0.2680767562175695,-0.049807220286525344,0.15601229119949753,-0.010039362376190577,0.47486875965771663,-0.0668033294458853,-0.03009587227188799,0.3185439680747145,0.32293271364646725,1.359027867507201,0,51,2.0
2.4352069830193237,0.010867799122027844,63.14247856420629,11.791704945096932,-0.01368019132710555,0.27350775248297043,-0.06598276180196919,0.15847483472058235,-0.03187509390123773,0.4422812172253601,-0.06891236089059863,-0.026971498565596833,0.31544889944567134,0.3229084459520422,2.3101119217794452,0,51,2.0
2.4384626816300785,0.015999054518154286,61.43881018021528,11.195354662311116,0.010405330809161943,0.26591250872680117,-0.06460115681493692,0.18666329862470163,-0.00672447328528791,0.5095477671906342,-0.06838352624385077,-0.023773367551549393,0.31455776850472444,0.32334015174293546,2.7161437238370723,0,51,2.0
2.4377871360264574,0.01556915427020438,60.014408967074225,11.131966045320182,0.004873914333681266,0.20596278210385865,-0.06245015337880628,0.18245674758119693,-0.0010557656550743415,0.5189233166244022,-0.06796717805108501,-0.020663376800016363,0.3144371061941232,0.32325057407330454,2.7265126765661063,0,51,2.0
2.4386012898940668,0.015749930857721993,58.532905737559,11.095548624735216,0.00094620974770948,0.2355655908737732,-0.07230739405049998,0.18980600148933868,-0.0010938800360057869,0.4850360657420409,-0.06490544844774103,-0.016208170445667972,0.3142046658286437,0.3233585310340243,2.830871718803485,0,51,2.0
2.440457109142752,0.015919994022873696,58.17037209809995,11.628169947381123,-0.0006248602899266224,0.21506370860612262,-0.06266972415295302,0.19820275430279397,-0.01619512262735881,0.3434287914291451,-0.06110762567650517,-0.013668512043695357,0.3175101776036477,0.3236046128316909,1.8832967721671423,0,51,2.0
2.4439735885928657,0.01839847026454247,57.31445469108282,11.04530878236169,0.008057439480634296,0.23576687141570263,-0.05764324020813493,0.20301776463356422,0.004736719141696014,0.2854351940001042,-0.05748268442353106,-0.011270298422999956,0.3185545217894324,0.3240708976905491,1.7022126764323686,0,51,2.0
2.449783863390193,0.02256779559050935,61.68487394089792,12.5815727274347,0.002843223055642025,0.23701712233462038,-0.0637143962085247,0.21371809893015148,0.002464799794788454,0.35271606092515845,-0.05483262260258961,-0.007129954232676025,0.32242273609718763,0.3248413402894551,0.7445493822037297,0,51,2.0
2.451750173288233,0.021509162339028748,66.22929141568203,12.711630511296411,0.006579642987572679,0.21489372980253776,-0.07440413994824185,0.2273630678586841,-0.017156127475055995,0.49257039491299554,-0.05467725093102916,-0.0044170455338069636,0.3244884385917929,0.32510207314135864,0.18875134927206494,0,51,2.0
2.450346011741489,0.021705669391138077,67.95335315723045,11.782848879253772,-0.00019681974149802153,0.19137575880303062,-0.06896174662545615,0.21949251489607377,-0.007563649585434035,0.4853862649230103,-0.05694431449290837,0.00011501060854426871,0.3231961186386684,0.3249158810010196,0.5292946460643488,0,51,2.0
2.4446083950061426,0.021343966676530494,69.90282134916268,11.192795473035565,-0.01726611822332237,0.17323851263820983,-0.07655624497462721,0.20327375118683583,-0.020637322728540384,0.5005877987541536,-0.060994061064837186,0.005538554061747149,0.32149473233780657,0.32415507317543735,0.820700046915801,0,51,2.0
2.440741056320714,0.017094345909317032,68.91951864840938,12.050129904222183,-0.0036194947201247307,0.1916839626844285,-0.07357654362624767,0.19352828870411024,-0.027329046315714426,0.4600388219151457,-0.0666321526341736,0.01290499966531057,0.31867184289038636,0.3236422642211766,1.5357763432879201,0,51,2.0
2.441827047104929,0.021812492461484888,67.41386392537285,12.80134612907088,0.009033500965611608,0.22153498238398484,-0.08073070952120949,0.20176854793635976,-0.012745826961655243,0.46210478792353854,-0.0730991060335506,0.0223136213908465,0.31480692782436454,0.32378626627047336,2.7732301772824375,0,51,2.0
2.44544167787421,0.026305991534974954,65.06831116769828,12.619698064866155,0.004192910540629835,0.21357026916422905,-0.059841282227460074,0.22575696405272647,-0.009760614521071022,0.5192679335278468,-0.07687409000904295,0.030445434187554767,0.32028490706865803,0.32426556631798914,1.2275923387522147,0,51,2.0
2.445433526646857,0.02607832500918232,62.225278784247,12.382804096103659,0.003223862498998642,0.23498971167798016,-0.07188395881002732,0.22815671252955902,-0.029023139244493318,0.5859608380116033,-0.0785194206608203,0.040921431632965036,0.32095234774716186,0.32426448578113326,1.0214310167185436,0,51,2.0
2.4421493405220556,0.025430273936226537,63.12256885977352,11.942084918253437,0.0039430664779216635,0.20804102950986517,-0.06714891120060987,0.22075189843841583,-0.004188901251729797,0.5900480556867086,-0.07794092950976193,0.050076502937923685,0.321921782390432,0.32382900270368564,0.5889590794308175,0,51,2.0
2.4360468223983167,0.019285649893760734,65.1544806209265,11.747474819663058,-0.013580615796587047,0.17117055650434507,-0.04217266465774646,0.1950304973710307,-0.0033451468117681204,0.5158948547134359,-0.07668138825809415,0.05758062602241542,0.32191837191814304,0.323019808491687,0.3409811239400429,0,51,2.0
2.4310425630971495,0.008284574304301346,68.33880275838516,11.704166703497663,-0.0049738594896945295,0.16878016226119413,-0.057510187055039054,0.1443682614525199,-0.0011630667939636053,0.421650395940584,-0.07621017379882354,0.06297580621909553,0.31803852629302953,0.322356243867839,1.3394242106194998,0,51,2.0
2.430197528179954,0.007895087972871962,74.0600749090606,8.369926045931278,-0.0018015677547630143,0.12015050640823349,-0.022335809171565024,0.17472962333129755,0.012801346926055118,0.3532706137376434,-0.07760813627625407,0.06611416245900245,0.3196913520502668,0.3222441923961238,0.792206781718785,0,51,2.0
2.4309656327846003,0.007048100923224532,74.36860492182713,8.174896417502213,0.0025532740150012224,0.1280281929263586,-0.021400072337949976,0.212071729118008,0.0051216512608031435,0.3793315312351101,-0.07851577634789411,0.06830274597203768,0.32055630924334305,0.32234604275189827,0.5552211819559116,0,51,2.0
2.4302358054647257,0.006912143445290007,74.57437053381229,8.60433393502602,-0.004295888393386907,0.21133681874193694,-0.027580997148784352,0.2496081687267619,-0.011877662237441423,0.519312924985263,-0.08008663368112161,0.07066128845696952,0.31855495386961236,0.32224926780594915,1.146414997771672,0,51,2.0
2.4306263584716645,0.009208319287361494,73.5994688015358,9.436840119279866,-0.0075353893962707,0.2837788197428111,-0.03085162834830436,0.27376969740499296,-0.020581808123810618,0.6057998822192022,-0.0792068172916568,0.07297476471449373,0.3180507921589625,0.3223010552907004,1.3187245471177222,0,51,2.0
2.43200990265491,0.010288180602791274,72.09152864942364,10.569047187103337,0.004108359918509628,0.32126132365754545,-0.0375554630551122,0.28494551869952756,-0.012523980811238289,0.6238905722526658,-0.07283695951349724,0.07425224271677448,0.3197782647384097,0.3224845129314762,0.839187025902699,0,51,2.0
2.4332884257914973,0.00984293857682496,69.49772943234912,11.449531097662865,-0.00272484891591411,0.30612323744532544,-0.024684778789021804,0.28971197201836285,-0.016515250372536042,0.6097468473679636,-0.06306116320997235,0.07473549081878927,0.32265340183632407,0.3226540452577288,0.00019941526044897628,0,51,2.0
2.436195223939185,0.009281917986092604,66.95610842985265,12.281095413775565,0.002250228533703907,0.26556754623307327,-0.03035931091061702,0.2672793245625389,-0.02016671221045887,0.464867286623582,-0.049976718903689765,0.07575160416109866,0.3287509894377332,0.32303948685194145,-1.7680509096429597,0,51,2.0
2.440691374096216,0.008795277233181142,61.82235128739301,14.23080235922423,0.00305887340001908,0.1829952952967027,-0.013419725576086956,0.237584036715013,0.0034686051601288364,0.415497899339415,-0.03616151945858157,0.07712085286740646,0.3365053445619568,0.3236356760445486,-3.9765914174544337,0,51,2.0
2.44343781003765,0.007933418021621952,57.87216556773466,12.759737259106425,-0.0016726867624503724,0.12159995582712867,-0.0103713882283545,0.21866364621751283,0.007159640482973819,0.34084454915974577,-0.02418705513673618,0.0776977532110021,0.3404858795041352,0.32399985361047495,-5.0882818957938225,0,51,2.0
2.447561511806413,0.008331615476568743,53.81985551235723,14.829095030005353,0.004848040119909188,0.1484535352277597,-0.020466827349189448,0.17733089648006745,0.003707945072913871,0.36262509194045406,-0.011732191619501899,0.07767722955617674,0.3460344110058596,0.3245466566244846,-6.620852177268688,0,51,2.0
2.4498659641134974,0.010062116394737315,52.468475051954684,13.648289316103531,0.009523409729202589,0.15921645906024998,-0.015595301547471215,0.17653129053607883,0.013671113853799361,0.3597663917895062,-0.0009089169210990239,0.07694899104753117,0.349306817058425,0.3248522266827578,-7.527912191148034,0,51,2.0
2.451652245194304,0.009521371467176834,53.779699362960514,13.37364715506107,0.005162719746722895,0.15471819658181835,-0.015621833617378976,0.2005045470656714,0.002244880879480465,0.44102040455594366,0.006179361802221594,0.07611650702845461,0.35220035671483324,0.32508908771445844,-8.339642893269916,0,51,2.0
2.453355824246126,0.01003682612047281,55.30277673870909,15.032563884223336,0.00299120397653942,0.1712605218294606,-0.03065430351496473,0.16633549687964977,-0.01460098099036544,0.4950492361018764,0.009203908575397556,0.07615706616679853,0.35475850169620055,0.32531498245628826,-9.05077258280551,0,51,2.0
2.4535894697787715,0.009462589640185308,56.90779469059963,13.131920594242493,-0.00033483845090457036,0.1698926393443401,-0.01897000137022605,0.16076799050370014,0.027083916516572822,0.5063787130388913,0.008572154744977684,0.0751477666905101,0.35559594574464826,0.32534596353417433,-9.297789307687676,0,51,2.0
2.452394899199991,0.009415593305660698,58.09944882112391,16.177674570531405,-0.00739753687316004,0.153535429932432,-0.027156807692246696,0.15969828241087233,0.0020261952543959897,0.5078355928435503,0.005158936060928932,0.07446044769232568,0.35320743892177925,0.3251875636335427,-8.616527328152213,0,51,2.0
2.4515558866893543,0.010979535372894426,58.6188253327912,16.961716101429875,-0.0027471639708999324,0.1877252945265666,-0.02536023087233451,0.1266458045831624,-0.0014471271824018628,0.43105783309957446,0.0016980879926482607,0.07265954732589816,0.351414847694574,0.3250763107355359,-8.102262788525882,0,51,2.0
2.450957508648143,0.010777853770446795,59.73295486674589,16.225278734331607,-0.0029090648544404436,0.17944227783592978,-0.024051372002919808,0.13769193704307398,0.0163243926111974,0.4408339112790303,-0.001178649984279764,0.06982813523219676,0.3501127127816898,0.3249969654878767,-7.727994400227711,0,51,2.0
2.4514853884192074,0.010093748169118292,58.7701634238748,15.128177568457524,0.0038867169927221303,0.16295289721735753,-0.030028309910466858,0.1643118467117954,-0.015169523619845802,0.4113221340721678,-0.0015845928956203376,0.06615972901302893,0.35063023307657876,0.3250669625053576,-7.864001427336631,0,51,2.0
2.4519931416885528,0.0120117818893261,59.065989410175995,13.702643441120246,-0.002191633383250412,0.20726348982498677,-0.028258423302687852,0.15678972984501052,-0.027738506120501782,0.4956243370788175,0.001922823221143647,0.05977217519533316,0.35138032715343775,0.3251342907470049,-8.072367988664574,0,51,2.0
2.4518987431245693,0.01492962653443769,59.79889112360337,13.094103196862289,0.0069885310744318896,0.2778276845395342,-0.0189576706319463,0.1434486969926094,0.020278980188509998,0.5591350343286149,0.009253824580816531,0.05084773671567878,0.3522945588643571,0.3251217731794771,-8.357725605131904,0,51,2.0
2.453408057783164,0.014837759762851562,58.22542952556236,14.602803651464347,0.0008917326591543707,0.2809827199181872,-0.01846689369310351,0.14341002869508063,-0.009294541443095487,0.5515316053069883,0.01819531296492151,0.04114998711045702,0.35430281291007265,0.3253219083014471,-8.908377784926657,0,51,2.0
2.4581640409488306,0.01886801621359619,63.73445608101639,15.924078530064676,-0.0011142386150929857,0.33404572701054414,-0.02705464563241192,0.15034886369356523,0.008090991453797209,0.5788477757303132,0.026179049021340356,0.03004990693984556,0.3574146761989103,0.3259525519877292,-9.652363210325632,0,51,2.0
2.460324350525351,0.01695955870861072,69.11283380845013,14.531674559559871,0.010308097778618628,0.31379427690061884,-0.03764551576665219,0.1662446828000691,0.020261814416039223,0.5340048721329856,0.03208272704925814,0.017791091297547842,0.3594294716028261,0.3262390090382379,-10.17366459714144,0,51,2.0
2.4618776516587126,0.013552256962089549,74.00244595957737,12.684400587359292,-0.003152934610661046,0.2622060116041118,-0.05889234238979863,0.2075863536447041,-0.004020400040020582,0.5686048116702568,0.033023931685076814,0.0056126139247246135,0.358399326503267,0.3264449764470653,-9.78858685588726,0,51,2.0
2.462092649118573,0.013263437879468787,78.79947373446296,3.986601768714652,-0.015217224135994911,0.2782469199229782,-0.08352202838104145,0.24189490158126176,0.019748744001844898,0.5675497573021169,0.0316851337584509,-0.007486097646152207,0.35711215928474704,0.32647348526831116,-9.384735789877574,0,51,2.0
2.4585743201713934,0.009574317123455687,79.51245472477932,2.0320678694410477,0.0037311370685404422,0.2398138902070417,-0.08313780365621343,0.22515076133892614,-0.005877437075148062,0.5010695899367964,0.029503146684443995,-0.01851536667352809,0.3540616611836334,0.3260069550116167,-8.605554495307333,0,51,2.0
2.4601929292959324,0.011530031557419058,79.75923972036324,1.5586226920174382,-0.011260437797389779,0.23206852818861445,-0.10837194955378186,0.23523929416741976,-0.021293311001500115,0.48204185616999157,0.025557435055105927,-0.028371882351573178,0.352795741143644,0.3262215822595321,-8.146045611099485,0,51,2.0
2.45902403254135,0.011163109297711303,79.29928284065396,2.148457650171838,0.007246624203581436,0.20523559686941636,-0.09345762763975882,0.2102569150434472,0.005061581767365045,0.372555670780661,0.024791017718522327,-0.03710038257067596,0.3519099244009065,0.32606658671001026,-7.925785328590029,0,51,2.0
2.458219362824571,0.0109304371905878,79.54004312029072,1.5517874443587711,0.0261814460231393,0.17561912405092384,-0.0774475096122307,0.16679791554650508,0.002401407570669464,0.29787313304944957,0.025080502995289286,-0.0435417828258191,0.3511930824109828,0.32595988766521156,-7.741196294584518,0,51,2.0
2.4585146962427626,0.010507477403598949,79.54004312029072,1.5517874443587711,0.007496278623447698,0.14499336144831465,-0.09621422708618875,0.16067990062775098,-0.011473995396027378,0.2903447983044667,0.024757457536455838,-0.04921484612740682,0.3524713447676191,0.3259990485571702,-8.120359960439117,0,51,2.0
2.4561639433982325,0.006466269071479155,79.13657757815193,2.4481858324102066,0.020649044938823757,0.15999982513083089,-0.08639437873281684,0.1269736531210693,-0.016065470070815553,0.2846958957813486,0.025742832103428925,-0.053589264508884335,0.35205289016930114,0.3256873388927444,-8.095356536177611,0,51,2.0
2.4557614753059314,0.007417806187144072,79.29436307794907,2.8771980751903863,0.013279654998697486,0.180076888711519,-0.09734509852440919,0.16474675636992042,-0.011767206001369393,0.4584959463214769,0.025255194967978747,-0.056208072071119324,0.3540162412827734,0.3256339717832749,-8.71600384446014,0,51,2.0
2.454865362129959,0.0070528938051369625,72.28707173291374,13.638698836173933,-0.0025079806937890895,0.17420367393033823,-0.082703842288431,0.21466703043816443,0.006737250579046268,0.5169331893427933,0.0236252764771789,-0.057274456596556965,0.35244428399036104,0.32551514685696575,-8.272775443297009,0,51,2.0
2.4537114647089266,0.00828453072993359,64.98253865335502,16.58878582645707,-0.0032565541492373335,0.17676214095478415,-0.0467072767662067,0.22532545260351147,-0.02437723300182352,0.5932440816224109,0.02050671840881655,-0.05488448573266599,0.3513588887115397,0.32536214021950305,-7.990096350638143,0,51,2.0
2.453885765052309,0.009013872791821429,56.32674702476053,19.44143656616745,-3.9817254040755475e-05,0.12432584629024233,-0.03815407729616352,0.21949841338769369,-0.01988166895713292,0.6161557100444858,0.018295119093191297,-0.04845857702598841,0.35336491031260253,0.32538525260503076,-8.598932337457498,0,51,2.0
2.4546844783951256,0.009520275046273301,49.56473228043201,16.64478735087034,0.004079699114549393,0.12632587447986843,-0.010746342440446218,0.18695678654398576,-0.0014102345369025773,0.5962136513913702,0.017286220538247615,-0.03954310776887669,0.3532582916102512,0.3254911616741268,-8.530839913842003,0,51,2.0
2.454070523673413,0.012985942193043047,53.08249887765623,19.118696011108643,-0.0034691269929502523,0.17749626508710065,0.0003059711672511755,0.11919994550933047,-0.012619647179164138,0.5595928520076578,0.01608876381133102,-0.03169541366246074,0.35402588993248707,0.3254097514387126,-8.793878599905458,0,51,2.0
2.4541006660928915,0.012772202213082064,53.10773396024517,19.871851034372707,0.002607411394516627,0.17949453295181034,-0.008100148144305921,0.09561998782454972,0.003839107613791438,0.5210117980544461,0.013706859512975783,-0.025621679968676148,0.35375532434152607,0.32541374848351834,-8.709397187452627,0,51,2.0
2.452834055704229,0.012825869983662778,53.90176128873638,19.56672105531282,-0.011814243762808688,0.18717271623517978,0.0009200170490087248,0.08830715473198883,-0.007784003227510873,0.4754613063970547,0.007607222880428995,-0.024221685084823363,0.35092293125431717,0.3252457956264676,-7.8946864104398,0,51,2.0
2.448271079390657,0.014019902239479699,57.90229067147947,20.066113150266293,-0.011681649432170624,0.1762988274125448,0.0013230486827738145,0.0857917044265176,-0.003057532395948382,0.4947370180907794,-0.005163959483206491,-0.028919015952038007,0.34672683445971286,0.32464074512787056,-6.803240093335461,0,51,2.0
2.445104718208313,0.01157383980550311,59.760723974190505,19.422690682894277,-0.01071797879230158,0.13255720894341175,-0.0004644367989956164,0.10634890012028814,-0.005165502867277931,0.5400487625488752,-0.022202860205923144,-0.03799656843150236,0.341512438180191,0.3242208857945133,-5.333262952293838,0,51,2.0
2.4411522711024567,0.011426985847070619,65.1575790199579,17.78144944533149,-0.017142319631781065,0.1466411867739258,-0.0051197744540724096,0.1420564171477839,-0.001544869596175119,0.505053838708706,-0.04135585189717616,-0.04892364875257815,0.33476769459354305,0.32369679098949516,-3.4201462332096977,0,51,2.0
2.437359700015947,0.00844724700002137,71.73965600892609,11.76570027733805,-0.008105012661247862,0.14401888486564532,0.009128169284439554,0.14172273822487802,-0.001345073877304208,0.5263773188457367,-0.05805989159648903,-0.05888699380625275,0.3309982319438876,0.323193896221745,-2.4147534385327685,0,51,2.0
2.4384934177585675,0.007682549442389839,70.57762232013778,12.133341334398756,0.007659848286386798,0.1458783711053109,0.014791726226023599,0.14166338387290792,-0.02091550414322638,0.5497900651387596,-0.0604742867810341,-0.06260384600743231,0.332320302727715,0.32334422735271584,-2.7760122543359245,0,51,2.0
2.439380050874224,0.00918464375082774,68.30297085818123,14.26550558454881,0.008842370491109643,0.15112914625593965,0.00014161778723492343,0.14684746979296306,-0.0005161190661145191,0.512411345888885,-0.04541174304518704,-0.056959499778283566,0.33624053326228975,0.3234617945844144,-3.9506176283643057,0,51,2.0
2.441914568929111,0.014358416256935796,64.99841784495933,14.577822040443028,0.027371901836173208,0.16372141385610028,0.0010098489914454666,0.11496161846828447,-0.055084086297189486,0.5822006017740571,-0.00879099846151718,-0.03851908443475847,0.34404343670677373,0.32379787167582175,-6.2525318422170795,0,51,2.0
2.451525450921526,0.021413576241196264,64.61810164358101,14.46460519780562,0.03463623143148189,0.16402762225609646,-0.015094083679072997,0.1498456846320946,-0.022760323139236253,0.5900965330619709,0.047316167031002346,0.00035416354137190884,0.3579927924423624,0.32507227494763435,-10.127137880347114,0,51,2.0
2.464306497106365,0.02673439596181944,66.0749820353938,14.603668337537504,0.0466077323345577,0.18018277025472484,-0.035618566195754445,0.17954084356857206,-0.022965349275253566,0.5232425602638473,0.1146253222942045,0.05854817478842264,0.3786351614567633,0.32676704167137394,-15.873118512837214,0,51,2.0
2.4810077442842373,0.027682697489563195,70.13523619782691,12.635355101014191,0.07185224304888763,0.22041289561819682,-0.029127557341958963,0.2140487573987704,-0.06253834801050377,0.6103944681682859,0.19019371512042063,0.1423964114044254,0.4177902639474914,0.3289816267317609,-26.99501431067508,0,51,2.0
2.492534524085475,0.021600250526192577,74.68438383177215,9.61395799872768,0.062342127894653994,0.20234700124282437,-0.08018775755429969,0.24731146652916475,-0.05140750579462916,0.5430710533134144,0.2565493790562207,0.24463869398303237,0.4527995223773786,0.3305100778909566,-37.00021653402299,1,51,2.0
2.4952404908105437,0.026302990717230388,74.19397367215625,8.818397909574761,-0.04183317494450831,0.5520309069609297,0.023303828804808503,0.8343321250359143,-0.024780650824016214,0.5957584827770062,0.2984834221706276,0.33751098901515997,0.477011249496508,0.33086888924346575,-44.16926613656482,1,51,2.0
2.479290592904184,0.039675302794638725,73.04177653555776,9.130564675714899,-0.061760952294457196,0.5566419945296397,0.01809057078379042,0.850825606810071,-0.0015705614989879086,0.5972993790337505,0.30840600632277787,0.40150135852256696,0.44963968098871154,0.3287539324600608,-36.770890502834284,1,51,2.0
2.4618944665964912,0.03927351349921995,70.87302665149464,9.338141879922444,-0.06493333763643808,0.5483723687215104,0.017236435493709994,0.8537519206393448,0.004996011216266483,0.5629859229680396,0.2882306682897345,0.4225401381846357,0.4075876768724511,0.32644720627309853,-24.85561801116234,0,51,2.0
2.4451819225853564,0.03194369487298582,68.78120456022374,10.113186183200643,-0.06376705676609394,0.5622997095769127,0.055937916186510346,0.852350393526579,0.03844845850093692,0.5613032151461481,0.24430226872842817,0.4073417818197223,0.3646214449946248,0.3242311230999805,-12.45726243319012,0,51,2.0
2.4351427671956083,0.016029449706000183,66.73381815704644,12.847819877938418,0.008057784069986904,0.26041110214184937,-0.03303889199799182,0.3743200072336677,0.05662282892301971,0.4653792455795258,0.19302254897102378,0.3766004574686575,0.335992924510379,0.32289993077237533,-4.054814662451389,0,51,2.0
2.4416758207713856,0.016114020352422043,62.881925143447575,14.909737936446273,0.007857435182029126,0.30528388746020757,0.0015709384837571312,0.35480102301143973,0.02350395041353562,0.47003911953566446,0.14873100444329643,0.34085949417682576,0.3402873370901312,0.32376621383270215,-5.102794100055763,0,51,2.0
2.445972972056445,0.024789490263787368,59.0872368812561,15.044451533524981,-0.008268310377995173,0.36905407123479617,-0.00863435842535075,0.3286047973437865,0.04891019336440984,0.4199605774712282,0.1038000185437644,0.3068324836654373,0.34034210526733394,0.32433601625862035,-4.935032869106526,0,51,2.0
2.4498039051598193,0.03149102844798953,58.33462888119268,15.12327527491333,0.005520321647910511,0.3713152578602617,-0.009563524056883418,0.3007280010985278,0.018694076833187367,0.39602247943196983,0.0672065933181046,0.2754823158136902,0.340064672482529,0.3248439976756352,-4.685533645627649,0,51,2.0
2.454747845144833,0.03329681398890847,57.354821738074804,14.524838238470348,-0.00395173111967012,0.39968197298610536,0.013177535916660345,0.23729326638448592,0.021067008339599066,0.33084036351997814,0.03030521542910435,0.2491423043104086,0.3372839894592002,0.32549956429102267,-3.6204119639439147,0,51,2.0
2.458881171310649,0.035133400715519174,59.20169155270445,12.604723069166223,0.0003180375286177093,0.36220050759216815,0.008698738307929506,0.2649340872191607,0.011128644623300609,0.2926479091956157,-0.01041137887062101,0.23924252180313976,0.33847503360483067,0.32604764350351484,-3.8115258149939324,0,51,2.0
2.4644036807265937,0.031557296011381006,62.45286064521939,11.448621034979798,0.0007031277260359595,0.29523477428826556,0.011028167006431841,0.2641332947692459,0.0246256107245298,0.26271426942865045,-0.04791421226562308,0.24444659764629328,0.3381389428233847,0.3267799279202599,-3.476044252600663,0,51,2.0
2.469378071672776,0.022653847739703997,58.61486201192818,11.467865237814044,0.0016352583234216652,0.2771777631618746,0.01838036509705525,0.29598216037942676,0.00805227507782333,0.2726261623813325,-0.08285342410283257,0.26245359372993793,0.336555691520191,0.3274395323159987,-2.784074097502276,0,51,2.0
2.4716256097251295,0.025146134835827512,60.31682035969753,10.746648165720668,-0.02201494530719869,0.2695915299028757,-0.011487991202111338,0.32896828125747296,0.02611616854647211,0.31382790131653915,-0.11131480615458136,0.28763342492838023,0.3338641281774586,0.3277375560118511,-1.8693531007431874,0,51,2.0
2.4657615142710068,0.026967148148045513,62.54046833748911,11.522413004585532,-0.025389906968556197,0.2754367407134083,-0.03361485372571384,0.28008267362907824,0.022008356090415928,0.3279908285188727,-0.1412011570070682,0.3092702815232428,0.3228328948960909,0.32695997663493903,1.26225900225585,0,51,2.0
2.4642551529641246,0.024699358229327357,62.37789217631022,11.140755380917833,-0.026310204436966016,0.2710612394231666,-0.03561779842072842,0.2882653495892543,0.031873216231664024,0.3946223927148469,-0.17880786507518318,0.32678441065443614,0.31479169470196977,0.32676023329036885,3.6627892163865194,0,51,2.0
2.466235223938437,0.02605172036482885,66.66612451216754,9.564502185937911,-0.036069569342276626,0.2858361953221529,-0.046954432977180854,0.29963252297412796,0.020105484142607332,0.43413011192167167,-0.21909790385178526,0.33830631950538614,0.3068323972574975,0.32702279086546454,6.174001987608646,0,51,2.0
2.4568192444595636,0.03263749099503724,69.70103501338585,9.275619806642569,-0.05232751617829005,0.29724807161124284,-0.06658075950747612,0.2876554173205642,-0.002094503857341467,0.4101996994454702,-0.2619912191458911,0.3448414698210545,0.29255469536138906,0.3257742316687259,10.19710372339,0,51,2.0
2.4613080200027015,0.03258893449502175,70.61739882300881,8.490820046428924,-0.02664067245581571,0.32545589580782214,-0.044119303680810275,0.3259274922553011,0.026281620065371197,0.41149986527569626,-0.28762662103727765,0.34725884496412834,0.28000834900875127,0.32636944347030866,14.205096521474768,0,51,2.0
2.457893017460318,0.03352603624247215,74.09799818899117,6.9412628796464295,-0.02647539944041009,0.3210022224728422,-0.03144833427287784,0.32014406669842516,0.018749341660854863,0.3398701657249095,-0.29367834016812766,0.3396647938092254,0.26802212121980146,0.3259166142870888,17.763590602438594,0,51,2.0
2.439308649184657,0.0340651232111267,75.13144043380139,6.441739918352363,-0.0193745166647668,0.31958430438610097,-0.032504309443574325,0.301658741243396,0.030630561066608802,0.26579624085488224,-0.28727808539738053,0.3222649370131077,0.25088471302939447,0.32345232673255764,22.435335196449135,0,51,2.0
2.4303544759750366,0.036067389168775964,74.26658527523864,6.5764568177910885,0.01455304085039625,0.30926547589089914,0.009277264131050483,0.2706263715359723,0.016778261492065356,0.2387691989367947,-0.27360983345756834,0.2942912119505057,0.24339793101880414,0.3222650035064721,24.472738780053117,0,51,2.0
2.4277382855321847,0.03313614531229712,72.72965185315002,7.461093126963156,0.02646410845073999,0.3079998315011033,0.016700709421260684,0.2270999962953542,0.006663139471236397,0.22891796779499846,-0.2627105072469895,0.2603528554101801,0.24546584200951105,0.32191809680406475,23.74897700798918,0,51,2.0
2.4253318882456014,0.032008505049347914,70.92112239201863,9.056993943025525,0.042594413839134516,0.3129452952562821,0.025617022870802413,0.2120529024297778,-0.012202325550948872,0.23418593317288786,-0.24099731607779273,0.219908777197214,0.25480844516955586,0.32159900836355326,20.768273986247387,0,51,2.0
2.4353126369270623,0.033363337592740974,69.23398850010891,10.094513495860154,0.048248384659196814,0.3213260130457609,0.044587976938369224,0.17071583443755434,-0.030085553068156336,0.2442301774223164,-0.20852948725018067,0.17344536465637075,0.2742074616796581,0.32292245547822573,15.085663128141436,0,51,2.0
2.449385266678006,0.02498904343450449,65.9174070077784,11.397620128926327,0.05224431693261745,0.30780882823069244,0.03285869254785426,0.16111722578288112,-0.03096462654716828,0.2726687528883155,-0.15665934805117313,0.12254558264285617,0.30062426875976483,0.324788486343129,7.439985898341062,0,51,2.0
2.454517278016782,0.02743067860408707,64.18831927168603,13.81575781301919,0.01905272499311204,0.27014534034069754,0.026134643703699112,0.14064814250110194,-0.027633461005547467,0.2529146553787567,-0.08978996842531796,0.0708128853302118,0.3201732946962687,0.32546899121046263,1.6270970990196365,0,51,2.0
2.460635048501632,0.029437847011752113,63.50323533076866,12.97550156258581,0.028866437501182743,0.2817270692426776,0.03054264531123872,0.12832760189313078,-0.050191644341776184,0.30829064911357995,-0.022570516234076132,0.026659297050552224,0.3357299382715434,0.3262802072562831,-2.8962011194990644,0,51,2.0
2.463973318829256,0.02457343426693328,63.05211051305135,12.773853402590262,0.01059541069701606,0.26022189958016895,0.020016397769544638,0.1179669678640186,-0.018230603587831937,0.3732004713611696,0.03813800984780928,-0.008085333810124254,0.3484633227730751,0.3267228620636483,-6.654098391557173,0,51,2.0
2.466541083420024,0.022523107900040702,62.29381144280527,13.917409972911136,0.03231145039785142,0.24112473171009285,0.012454383805686352,0.11339582918441624,-0.02331586487079952,0.3551063665924378,0.07899915241172938,-0.026896054452713154,0.3605098414414422,0.3270633478135868,-10.226304430455047,0,51,2.0
2.4590093154533235,0.026370637537877727,59.9931927615521,13.437345026206929,-0.005669545674440907,0.26548458140650977,0.012448147012322558,0.12857105515792025,0.001725008327733068,0.43979607108458274,0.0937124281679627,-0.03352993560922397,0.3668291973330894,0.3260646350621033,-12.50198822182047,0,51,2.0
2.448046344168046,0.02859313384419348,62.93226093871921,14.304756331484429,-0.011648998760125217,0.2261358780951841,-0.005672010355720333,0.1857091503147809,-0.00034985326084436153,0.44897022594663405,0.08492928704216235,-0.030778578196101854,0.35815422198079183,0.32461094523546286,-10.333378229436384,0,51,2.0
2.444244662920634,0.029175562732186997,63.32453970815621,14.294348233253075,-0.010567590959516227,0.21003162573883172,-0.03898236308904255,0.2027273558752118,0.007864107688268026,0.5192810341094664,0.06398293787167837,-0.021828795609617552,0.3495563940937909,0.32410684246339505,-7.852210535564419,0,51,2.0
2.4432328460263273,0.02966838598088297,67.61331858354457,11.900503193741297,-0.020593908852806278,0.22075654947003978,-0.05034185458412942,0.22523059535862064,0.017807220346203037,0.5472451785650356,0.038646949075309446,-0.014375602009376477,0.34089484003997983,0.32397267522449363,-5.223330888557243,0,51,2.0
2.448603943866842,0.028193059493161664,71.60223246088215,8.876521746388244,0.015230001333881827,0.1939718284273232,-0.07228779378255792,0.2118848540091763,0.005953714324563157,0.5097317617950179,0.019070548502886284,-0.007272882141943091,0.33886734050606426,0.32468488296059833,-4.368068330174468,0,51,2.0
2.463141565813738,0.024762906723968216,68.89860285964667,10.407143502765042,-0.008914682064570632,0.20074482269504296,-0.08816351633811113,0.21851281194664451,0.03089009583288548,0.5290147344253929,0.0028020107948266617,-0.0005723195881145337,0.3465003616994979,0.32661257177957637,-6.0891072905005394,0,51,2.0
2.4598686852875877,0.030345312301797905,69.7276291145998,10.364350206904671,-0.018137715756893158,0.2143709690870591,-0.060921523884377056,0.2230156178697929,0.03680008576781142,0.5028972608067642,-0.008793514708856292,0.006486902723127916,0.3430815720797994,0.32617858750332074,-5.1821257507611795,0,51,2.0
2.4536464068235135,0.02907582206778742,68.98455311737808,9.916975652372033,-0.006306876117984454,0.20237308035914245,-0.06634119510942814,0.20558471672416995,-0.004781763854564405,0.48761068311015765,-0.01438645821552484,0.011440828808966777,0.33853388827024883,0.3253535135365113,-4.051093406206108,0,51,2.0
2.4458807800330367,0.02902183592789907,69.30552363863178,9.502632738686483,-0.036819751246594916,0.21133034609830573,-0.03547381587764796,0.24190034269592264,-0.011973020419770596,0.5447363015219799,-0.017023925846052605,0.01681799343748705,0.3300554257314332,0.3243237915882289,-1.7672567637225356,0,51,2.0
2.43050915704054,0.027132164480004148,73.106008309944,8.008379563850951,-0.021097414012925298,0.24961691654492263,-0.04839292804107947,0.22249434933151807,-0.0233584686237223,0.5157659280695827,-0.014978519893607895,0.020405394149211834,0.3173675447929419,0.3222855140673023,1.5259665916394383,0,51,2.0
2.435054292865828,0.02453172190676114,73.57887153999478,7.374983511517865,-0.005311691183962074,0.3074617128147543,-0.07928046701001186,0.23518641636975185,-0.018380628058723376,0.49419137333673196,-0.011139098320244307,0.022109853532583986,0.31389644102249203,0.3228881992414039,2.784789979948832,0,51,2.0
2.429513227705862,0.02545871670881891,75.3650511339599,6.403689060537524,-0.02051570872757949,0.3075698490400253,-0.04782361862267934,0.256534272936632,-0.0034616240391544266,0.5188520621929952,-0.006893722044892435,0.02654721108715136,0.3071527279982235,0.3221534541539632,4.656391530903948,0,51,2.0
2.428940556797327,0.025985823220087554,75.49139729200625,6.19943051612521,0.032204754723637714,0.3409663287239758,-0.07072630279934873,0.2626257393748494,0.010947936196245399,0.4516410859547549,-0.0019797654436527466,0.02631216697490825,0.3154436975920855,0.3220775176731572,2.059696724253701,0,51,2.0
2.4307433980352737,0.022977423507771443,73.80353079122655,7.184996916212478,0.039016844960404376,0.41977173359937986,-0.055065380993719194,0.27046291412574963,0.01866165552215249,0.4959911806560128,0.00020775773725836117,0.026750107854643913,0.3208194986076743,0.3223165745718035,0.464473775857821,0,51,2.0
2.4245442210459243,0.022678805800405176,74.03236749125462,7.7239012830667,0.013047780038094987,0.3691670398458708,-0.028751497430836454,0.26605448272492865,-0.012137024024245786,0.47519856644785974,0.002348380864131829,0.025980894198900147,0.3291259394941611,0.3214945638602563,-2.3737184051491056,0,51,2.0
2.4365977878664054,0.02913047691702817,70.71673800431046,8.9601162277367,0.023573061049568887,0.3761890273988939,-0.09047266037440767,0.2928171407346462,0.0007505443166284001,0.4802816484166191,0.0013433690066807478,0.024612400337715813,0.3428150692754812,0.3230928665054501,-6.104190099690254,0,51,2.0
2.4445750608163723,0.03171799531505287,68.90659006436665,11.069130722357764,-0.009599696552636577,0.36022622150811606,-0.05961261821143767,0.27730424896649275,-0.015103909643549546,0.5153239213022187,-0.0018624235981748137,0.025377697722099773,0.3434301011528554,0.3241506530589989,-5.947681398114413,0,51,2.0
2.441953969936745,0.03281619817405974,68.91704874412686,10.901532968397536,-0.016343182500670937,0.3257835402462021,-0.042009788620121336,0.2976388485413886,-0.0018037946566062816,0.5024980218329067,-0.0021346790820591373,0.024066480322811355,0.3416939966128483,0.3238030965698643,-5.525240565179046,0,51,2.0
2.4496712199613158,0.03082348626951997,69.57902388479195,10.529839209127902,-0.008809457806979908,0.32811655201413953,-0.07049709054477074,0.2922086613098597,0.03097955250710833,0.5319202782884324,-0.0029938114164017814,0.02446036367062317,0.34124350415440685,0.3248264037625325,-5.054115121711655,0,51,2.0
2.4464677917022333,0.03455836038931796,70.40950092614865,10.106261319835857,-0.001663698577413372,0.39683233010677726,-0.03833844636877378,0.2445215653690305,0.016143576808127703,0.5178833448438466,-0.0017512304626888203,0.023572868754258992,0.33643131226063144,0.32440162901608455,-3.70826844520884,0,51,2.0
2.4525498461489583,0.036391401729090944,70.29152911317115,8.226882974711042,0.0010657029993393842,0.39076324398947176,-0.08215658198676858,0.22990294974268546,0.0032929406117867023,0.5047115467879725,-0.00030374120853400745,0.021957508438616814,0.3410414548478164,0.32520810959587076,-4.868680941450498,0,51,2.0
2.4660353835891273,0.02953575374549703,70.74092531204224,8.487231825163366,0.009446829119149376,0.32808356839192027,-0.07709063684531287,0.21720223177963988,-0.017720823212727613,0.5118755711156492,-0.0006554329722309707,0.019901368985513906,0.35025588305464167,0.326996292021509,-7.11310543900685,0,51,2.0
2.4653546068013883,0.028877186780035473,68.91274541499568,9.401902867540475,0.012365233007014967,0.3613244864428273,-0.06284795935247459,0.21462276183311152,-0.018182416483029432,0.47512555804620793,-0.0006968354247567595,0.016567925419102594,0.35172445699207033,0.3269060207025503,-7.591917773855306,0,51,2.0
2.4626948132234463,0.02242660476750702,67.17616676349266,13.05524592362704,0.00526514824698953,0.27338168338582947,-0.07245037193391837,0.20846157770373352,-0.028041606495047316,0.4329192646600043,-0.0017486869158510193,0.014600832262806293,0.35162882686478064,0.32655333223653044,-7.678835936693917,0,51,2.0
2.4537753626412036,0.015678148942713813,66.61867211846744,14.740887496325549,-0.006145379122565775,0.2777473755132328,-0.060806070472679885,0.22000524468732283,0.014562268065763455,0.3360824406255592,-0.005483315438311543,0.013681151872876416,0.3426252659863446,0.32537061325081357,-5.303076563411135,0,51,2.0
2.452360303962932,0.017233448971287375,66.07530722898595,14.531398993566933,0.004774485002545749,0.2879514246698697,-0.08330526582750619,0.18081300647437723,0.01151171279158078,0.2406416038963509,-0.011183678754986532,0.012056606826498485,0.3405441775248681,0.32518297614795555,-4.723863948499973,0,51,2.0
2.4532932849491345,0.02091004684578134,65.88581042196236,14.296592473474908,-0.005163220652178222,0.2615093535810614,-0.0649967094262441,0.1876647501406011,0.004213282929769918,0.31767614307896797,-0.018816611995454577,0.01030860736785077,0.3380265098802689,0.3253066895861526,-3.910101052732151,0,51,2.0
2.449553434755288,0.024393936051808278,68.38876241796157,11.454807316734687,-0.01875088853286762,0.29743457892684033,-0.06818796036874547,0.2146011295873732,-0.018752933041576075,0.622845975255178,-0.02644812493881254,0.010960618426717646,0.3344708833617087,0.32481078560929444,-2.9740692675255254,0,51,2.0
2.448689405240265,0.026281827975583743,68.82661563274907,10.251488638839989,-0.0004188298594717886,0.2847889537447908,-0.048999993386221866,0.2011322325483585,-0.000542854835443637,0.6332461912936533,-0.031807376649131164,0.00798130640663864,0.32990623334574426,0.3246962149779606,-1.6045824150236365,0,51,2.0
2.4452619687014936,0.021862616585603515,67.6786838092056,11.13756473041995,-0.0013826759714706271,0.24964308544679215,-0.05430967536042718,0.18892639237425338,0.021032597413103954,0.6383619665978705,-0.03706404284810829,0.006141198354183952,0.3258630598975041,0.32424173704779335,-0.5000352096780736,0,51,2.0
2.446792060838026,0.021873022392719814,68.33250106549731,11.134222768264296,-0.007704288643949172,0.2400652656266571,-0.08976383010546367,0.17486251059624353,-0.030447707712358118,0.5978579000874709,-0.040049981624192696,0.005820432756411223,0.3249391714169816,0.32444462742460434,-0.15242785688973637,0,51,2.0
2.4531170497922337,0.020871455274506137,66.56902701246972,12.467996309980148,-0.01155375108561095,0.15347252453745183,-0.06139578589913892,0.13997820208719072,0.004974771172319557,0.3372370569842108,-0.04234778093665735,0.003577466441022064,0.32803790905206665,0.32528332063821513,-0.8468274390604824,0,51,2.0
2.4498413643416237,0.020382347037204304,64.498629915948,12.893661461447824,-0.009085938297942573,0.17668180529572203,-0.05110265365710445,0.16144774311227827,0.011297066892296368,0.35607080979247235,-0.045329684201445085,0.0038697943627876473,0.3256151139746516,0.32484896490887283,-0.23584777805700785,0,51,2.0
2.4526357230018165,0.023067626575905557,64.22623321589302,12.591868571551846,-0.017778923735022545,0.21303902820073783,-0.06777450628578663,0.21643857208885173,-0.018806346714971403,0.42435587337949454,-0.04750658411170503,0.005481162350774565,0.3235894173398543,0.32521949701969777,0.5012244637180308,0,51,2.0
2.458523814584695,0.0279400432725219,63.21179116005991,12.346368007205443,0.009624794965573386,0.23938962687977877,-0.04802135611866035,0.23359928059400592,0.024769682323048804,0.4427120685673162,-0.0516741926850277,0.0061530000431419835,0.32814277475054826,0.32600025765413404,-0.6572133138272873,0,51,2.0
2.4507608028019177,0.031572106276974064,65.08022706648883,11.92320200479602,-0.012924400359099987,0.28230889520500296,-0.060104179433455654,0.22939811678467006,-0.003805878366727163,0.45522913056034636,-0.05776532462887264,0.009048572966656874,0.32361399610208785,0.3249708824537808,0.41754090134088484,0,51,2.0
2.4476616382598877,0.03215513297588765,68.21912666395599,11.540865447332799,-0.0055868650841362335,0.3467603799531906,-0.07143189381881088,0.2267183410414409,0.020348052731623836,0.47188415183968296,-0.06484045691746992,0.01307733449477023,0.3204449690151455,0.3245599333940176,1.2678596325309544,0,51,2.0
2.448169434771818,0.03325578100342938,69.1965953322018,10.482359727491845,-0.009993754948178927,0.34062508251827434,-0.06187904677262493,0.20440075185481624,0.03423848912558135,0.42828499255131564,-0.07731145935757067,0.014973287055428431,0.32157451592336966,0.32462726689456883,0.9403864932241324,0,51,2.0
2.4359784850887225,0.025038462500239368,70.11640361243603,10.27390921827939,-0.0190727921458436,0.3191808359699116,-0.07182505292197068,0.2048470155648165,0.017484304221237406,0.4187488142128575,-0.09553188222975358,0.01866670676449783,0.30684870438848416,0.32301074711717087,5.003561916416355,0,51,2.0
2.4369479645701015,0.03571378425737276,70.78483127145206,9.092227038275354,0.0026066397481104907,0.3355456557688282,-0.09618045564960032,0.2125426968020118,0.0024169681995522743,0.4065093331431752,-0.12009835336850165,0.024061625930050564,0.3042920374985473,0.32313930025388987,5.832550463696107,0,51,2.0
2.434883827672285,0.03729660252308617,70.09326118581436,9.260737831019462,-0.01682185272083563,0.2718875439439914,-0.060884471580970524,0.21039959503202382,-0.00023571999889670633,0.3951782088806502,-0.14698047975290346,0.032290184843747634,0.29751329838692364,0.3228655953900384,7.852275796833618,0,51,2.0
2.4261704379437017,0.03371765104161375,72.98339324371487,9.035688815305683,-0.01874103002688464,0.2612983408455015,-0.06671073846518993,0.18525403371203833,-0.004320798359592171,0.416228776643592,-0.16722985380312005,0.0438009032575013,0.28659547917657713,0.32171020007003276,10.915016336383355,0,51,2.0
2.4257952021617517,0.031965970483428724,67.91869252335792,12.553889769750647,0.0037579031788981428,0.27414368579781523,-0.05699463564829499,0.15337165695616045,-0.0029779022066470455,0.34350907869485614,-0.16512971185627048,0.055261764244468166,0.2871077045353888,0.32166044396790155,10.741992085281327,0,51,2.0
2.4293010930220285,0.02050319887420055,68.75202993318146,12.656378539790744,-0.0016466085433813871,0.24209006870311567,-0.050953364364948926,0.1516626733646177,-0.015328272035820227,0.4156602668527744,-0.1324632085067419,0.059096022810828076,0.2902851976471694,0.3221253249361278,9.884391205587995,0,51,2.0
2.436944023066876,0.019865900500771284,68.94261205897612,13.000520962172336,0.031062218570606967,0.2828646474852417,-0.04496809047665082,0.3108612071636744,-0.02831581034058449,0.4279040009049004,-0.06599302141132807,0.04940616302829117,0.3096870289319236,0.3231387772945041,4.162839407639618,0,51,2.0
2.4527573077117695,0.02823309488034575,66.69241898667579,13.228823334474722,0.06183724906112926,0.3046351588476696,-0.06180417603429626,0.36402431124274015,-0.08580862840308863,0.41173277652908474,0.02501534120533953,0.013445633439945197,0.342363531832597,0.32523561899913916,-5.266309048857032,0,51,2.0
2.4729718075079075,0.030627735661304917,70.81326635211121,10.856229648725835,0.07255937093321015,0.34613904164364806,-0.019920399850782228,0.40428775883397644,-0.0785114837481695,0.6489378635082654,0.1193918432132462,-0.050733338788599015,0.3812017294398842,0.3279160618329156,-16.24978883593675,0,51,2.0
2.487956252168207,0.029021963008168516,71.65311576805863,10.510446483870028,0.09516518986692615,0.3355280391576496,0.027448340958239986,0.41753548874087226,-0.030298311884204548,0.6670242985085874,0.19856864512287586,-0.14523579372314135,0.42683567511022924,0.32990299888123026,-29.382174929515003,0,51,2.0
2.4917111764935886,0.029258113415604307,69.44962104629067,12.251120972071812,0.027402311855671452,0.3812350246057771,-0.06581080354311887,0.44795312677905663,-0.022164203336133677,0.6837893993942,0.23002779493842146,-0.2472481158978561,0.4417750442497318,0.330400902011157,-33.708788795865296,1,51,2.0
2.4797688190843545,0.04251773404234483,69.90708381054448,12.788740928665378,-0.00023684756574677486,0.48037384915144593,-0.01811237921755688,0.5111114398439722,0.014948273954146048,0.738381004584415,0.21187403490399723,-0.3274456703183147,0.4336808535161606,0.3288173455795301,-31.89111199465828,1,51,2.0
2.478748056818457,0.050960348091718254,69.33102482440425,12.789056974085142,-0.018713381287513996,0.4930884395281054,-0.08401080973300279,0.5681367843852471,0.013326365706127356,0.5940279452242578,0.1569028166892135,-0.3793110949365813,0.4192546306512522,0.32868199217870775,-27.556312979659438,0,51,2.0
2.4744677941004434,0.05171513822284651,66.29104321610694,12.849989602305032,-0.04436539500659587,0.5042179807173237,-0.12347930815874361,0.5842499820355612,0.034743771965925895,0.5669800290529028,0.09056153012190356,-0.3905788574923405,0.3959674418558683,0.3281144295067883,-20.679679479831048,0,51,2.0
2.475346815936706,0.051801337386466355,64.99309810470132,11.940737383697034,0.006464876344098765,0.46990025094117377,-0.0773824108581917,0.5832635583117488,0.005517537308418576,0.5507406595747342,0.03474919208558548,-0.38288469760697996,0.3927189164348003,0.32823098796333705,-19.647117681242964,0,51,2.0
2.4872865127582178,0.0430991388583151,62.12791716818716,10.107027607302667,-0.02072253615102347,0.37399863577221587,-0.1046001003945575,0.6168214205722399,0.03930892815868206,0.5575783353105406,-0.006019693426623454,-0.3770112578120316,0.3949888099917419,0.32981419144830876,-19.7610109671851,0,51,2.0
2.487059963684456,0.034897292879128274,60.916662029191556,9.23491889253049,-0.010998672823987756,0.36930502751460964,-0.051129767634705,0.6290258503121078,0.0014251210525924084,0.5603243736126776,-0.04791214031587089,-0.3738653170027477,0.38550028788388446,0.32978415120344257,-16.894728408604088,0,51,2.0
2.4851515485959896,0.03000859432329819,59.81111690577339,11.288930732595919,-0.0380229137691797,0.3760663297002713,-0.049797258686785605,0.6370488315768144,0.017444699491355933,0.5507956938934112,-0.10761337154892867,-0.36821753440845395,0.37378847734201476,0.32953109551511967,-13.430411402514952,0,51,2.0
2.4868589189707064,0.03415538981606585,61.09702229499817,11.110033631675062,-0.04932360131950939,0.4589594046160597,-0.030257094870595372,0.5965941436017675,0.041851372622391754,0.5925985678360044,-0.17776159117557888,-0.3627021136944912,0.3594076999490399,0.3297574925160188,-8.991518951333832,0,51,2.0
2.46449234029826,0.04183025270183746,65.96213989164315,12.338670656795268,-0.06997282131045472,0.49667244086773177,0.034230541072639765,0.5014379950910604,0.02380737611183933,0.5373674183441817,-0.24796806859382192,-0.3451092787581695,0.3185622411871082,0.32679168433112005,2.5182535353847624,0,51,2.0
2.4414448253079954,0.046662482999707065,68.1757278956619,12.376921973562052,-0.08321541854563881,0.47928909079695303,0.00020380245119917627,0.3858813824129929,0.04011749359322529,0.4910264096916497,-0.30661416954260495,-0.3152303525399595,0.2727099794726532,0.32373558400638924,15.7615063201483,0,51,2.0
2.4390732488211464,0.04572999787926932,71.60919775682338,9.030884050473148,-0.04261387709309073,0.4868647036575205,-0.003093937813651328,0.32700725703927563,0.00985247313099749,0.46596833297290724,-0.3430270485840349,-0.2762792786356522,0.23704899825599046,0.3234211126349225,26.705774918420012,0,51,2.0
2.4378232354042577,0.04109094947039999,72.16854086109237,8.075857190362413,-0.02660423853233749,0.4175250645039842,-0.045405561944433286,0.23967334385284925,-7.027321878601523e-05,0.37766436687682137,-0.3487477159446362,-0.22259208620739807,0.20706870367127886,0.32325536100266067,35.94268536521672,1,51,2.0
2.4452073872089386,0.040312916020224215,68.92382492738612,9.573747062917372,0.0230320066067518,0.3455369584188157,-0.06740410362972933,0.18951334904630485,-0.010985348373651505,0.3067673246917198,-0.3297703651812343,-0.16864443381105712,0.20695401775270747,0.32423449968990453,36.171499963564415,1,51,2.0
2.4581897077607175,0.029875614887118394,67.61076196502236,8.999603224736129,0.04864385808069332,0.31779208888356997,-0.06370615513593543,0.16514210968629817,-0.012210981555136979,0.3085456157969683,-0.28698347985062866,-0.11814725936749065,0.22400027666293207,0.32595595508218106,31.278973993140756,1,51,2.0
2.4576466048465058,0.029170037007541047,68.03796887865253,9.448367025963087,0.05439570440235091,0.29296737808710493,-0.052652872806670616,0.2066384493546533,-0.019817663867976152,0.34985238805705987,-0.21824418637998502,-0.07708395495021741,0.2426452006542196,0.32588393980172525,25.542449007505517,0,51,2.0
2.4600958888437234,0.027416466016016255,68.75574294258567,9.4610365875457,0.06361774921271146,0.2699064133570816,-0.06367073295747533,0.20093080781085823,-0.04206809770388931,0.3491117267394456,-0.13649126924806662,-0.04390821196039418,0.27735881653175803,0.32620871502365884,14.97504396483027,0,51,2.0
2.471506025276932,0.02014531497325005,69.6435071066314,8.503100031430932,0.06261615020533402,0.30172469640163563,-0.06537244746498033,0.25169964070516493,-0.04432816884261282,0.40222739904454335,-0.04550395664466363,-0.020140359225583628,0.31322757558082887,0.32772169878609936,4.422692564745512,0,51,2.0
2.471991826506222,0.019466537256241534,71.1627460975273,8.454884049555872,0.047284847308023306,0.2948301383285861,-0.0353820456885824,0.2913550300962375,-0.043788085349232835,0.3875866120564799,0.0377652675004473,-0.008194761332346987,0.3418400008477128,0.3277861161905496,-4.287516756503917,0,51,2.0
2.4774188060386506,0.01779857903188473,70.57131831786212,8.48328407204604,0.020119161801595314,0.27188456943064077,-0.06199641058257982,0.2781086808527916,-0.0203279660804672,0.35552524546904796,0.08635330524924112,-0.006488251995489105,0.36715595454494154,0.3285057338348224,-11.765463043501413,0,51,2.0
2.4748429942364787,0.029414566936040346,71.1070070921206,8.189072501729179,0.01701125652328426,0.36479387798429425,-0.04257343190849996,0.29308827043875757,0.012801449522193448,0.3431675925680948,0.10140338024939903,-0.013515885051941522,0.37517818108289425,0.32816418104068706,-14.326365507994975,0,51,2.0
2.475864847501119,0.030692991315572273,73.61640653423234,6.934332860000144,0.0018038958968485102,0.3310752418171259,-0.054677621406667376,0.2897043453754431,0.0032753186556054095,0.33260239165162614,0.08505944364038158,-0.019510213416585955,0.37996222322184553,0.32829967862895254,-15.736398161779054,0,51,2.0
2.4798197617717816,0.031229135023748623,73.49529006434422,6.731682298051661,0.0006903693006903518,0.33936835618663125,-0.07770540981608279,0.26489892356089384,0.037962990027724526,0.3889910737536229,0.05480229850547532,-0.02289155981072712,0.3756819078229878,0.3288241004235254,-14.250113461607473,0,51,2.0
2.4853835684411667,0.03226701678426562,73.66414704042323,5.9785291181952624,0.01506494456792579,0.3393964155364124,-0.06317426096282754,0.25974175803210264,0.04630443724054916,0.48350944412377395,0.028571976031025303,-0.023086867862102275,0.37551029686945786,0.32956186135041793,-13.942279404164326,0,51,2.0
2.479533490597033,0.027944220857649617,72.04618611055263,8.118914917676662,-0.0060768977684133195,0.25797410074058663,-0.05603548121072498,0.22240868844743208,0.034946326677705725,0.5506703152010888,0.008997191768871177,-0.01941699139316242,0.3664169660472568,0.3287861406977087,-11.445380656767568,0,51,2.0
2.474443786868862,0.028086963525274865,70.42874365226895,8.213006125970807,0.00015501677989959717,0.25589210954048247,-0.05114123791310133,0.216923029713405,0.023921060430652955,0.574431560318905,-0.004498848553557011,-0.016168765617722652,0.36049891742577933,0.3281112461370843,-9.870942148433247,0,51,2.0
2.4704891285475563,0.02798523191237512,68.07651195339128,9.900305319595214,-0.025412495083668652,0.28681153960244526,-0.06252654514038096,0.20825755416223743,0.0027245787228001098,0.5841506187821183,-0.01342005110892576,-0.011995148906568146,0.35264766781047474,0.32758685860398445,-7.650126538435398,0,51,2.0
2.4569473804212083,0.02028927643168564,68.26325194508422,11.370456819649673,-0.01660131677693012,0.2784052019293215,-0.06543835281741385,0.1806629186309905,-0.01693708840392384,0.508058900112948,-0.01785628095113184,-0.007706931133281945,0.3404399741737643,0.32579122248209663,-4.496361682203598,0,51,2.0
2.458823497388877,0.02465377064777126,68.40432178740407,11.251424893932484,-0.005798716536339591,0.26866411165611026,-0.06446658911219999,0.19663979782514962,0.02369035272767731,0.4176728971806203,-0.02019194910606836,-0.005111651814928218,0.3418325852348168,0.32603999574927056,-4.843758339909621,0,51,2.0
2.4566220272989834,0.022991403638288367,68.19858141973907,12.450222067457666,-0.014286153529788934,0.2746292998936423,-0.06368341746137422,0.13884774754766616,0.010960828147682488,0.36178512301918736,-0.024816151570564157,-0.000562688979723827,0.336948548775001,0.3257480809779601,-3.4383833554490595,0,51,2.0
2.4543767559762095,0.02307739883918036,69.30402309286828,11.038508195696798,0.007471132183484002,0.22403148410735682,-0.05446471073025582,0.12102754135000655,0.0031262111630948153,0.3042258976745416,-0.026956241472155744,0.004457269940331451,0.33561434184437533,0.32545035767661684,-3.1230520809130358,0,51,2.0
2.461604073935864,0.02459958619465536,69.63931730214287,10.701758656964097,-0.02423574441276929,0.2171065832283756,-0.05479385272837153,0.1548720010268895,0.009366682383651827,0.3429510674292815,-0.028918732843843494,0.009158686847291151,0.33736790500397823,0.3264087002010736,-3.3575100161709948,0,51,2.0
2.4571626332460665,0.022865428993638564,69.88984042990441,9.773438365152538,0.011575314179793293,0.2067593955581906,-0.04677162114896026,0.16360533435344546,-0.0255827979896875,0.32568451522401604,-0.03010158063553395,0.014799841673940594,0.3335408226263693,0.3258197653239045,-2.369732632637911,0,51,2.0
2.458364534027436,0.02250597139393567,69.7371757404477,9.577780021831007,-0.004033777077554488,0.22088290902626798,-0.07486101899149955,0.19180134476225094,0.01113787317173738,0.31570738141118326,-0.02698922523741967,0.0183465989341457,0.3368491874041509,0.3259791370448146,-3.3345846786022593,0,51,2.0
2.4641738002206766,0.026066746375110795,71.08276176452637,8.636694799341385,0.0026832981327292965,0.25047916298221495,-0.05552202354495724,0.20198595940787104,0.00037140046775925394,0.3043130684294083,-0.025624079729276817,0.019941156280919844,0.3375402182234068,0.3267494459006277,-3.3024607870523637,0,51,2.0
2.4664122485647013,0.02475740985665129,70.78575240396985,9.045053724677713,0.026396689680861493,0.2764136203043201,-0.09413294706895363,0.20881808300402244,-0.009626789182862815,0.26515699766916256,-0.021781676078861625,0.021623487646488724,0.3422573990677292,0.32704626431617895,-4.651065127851317,0,51,2.0
2.4680328345766256,0.030240181352023686,71.0225245999355,9.495234248284218,-0.017507731549295726,0.26154514424697606,-0.05334618922286466,0.22886293496777005,0.03354235431727241,0.3347285692859874,-0.015994356815245817,0.022672662377483867,0.34713916371068043,0.3272611537045765,-6.074051191559415,0,51,2.0
2.466033357031205,0.03226600379828086,72.5201770885318,7.883754150922369,0.006189526661353952,0.312746234304278,-0.06188862689533362,0.2630698526976815,0.0005573381249811136,0.4921634217457323,-0.009679762878585782,0.02444133830473527,0.34662846957934235,0.32699602313997206,-6.003879267659018,0,51,2.0
2.4603668427934835,0.030078343338101207,71.77078998322581,8.484198105539903,0.007968536432028986,0.29711689734389773,-0.05321979197655238,0.27443728313653626,0.024114979869302583,0.5580547006967526,-0.002197858823975812,0.023178838199921472,0.3472515553596835,0.3262446435151548,-6.439005900047179,0,51,2.0
2.4545176958336548,0.025632919738535834,73.42904541071724,8.209925062341487,-0.013018981991883586,0.2727475627005128,-0.04255475487340899,0.29266114137898463,0.007484860327916548,0.6008455150809189,0.004025276407650906,0.021434092280675436,0.3425787126859564,0.3254690463050605,-5.2569258352326065,0,51,2.0
2.456153444215363,0.019739009846972633,74.01383371446647,7.6232099330739995,0.003214807140038294,0.2812182957248034,-0.11379504799112386,0.2803144327982577,-0.022808777339592138,0.5984563475320569,0.006054996379870745,0.019191321172593045,0.34284073591001524,0.32568594670254714,-5.267279531448676,0,51,2.0
2.453993622578827,0.018198644483732596,73.57058922449748,7.747510915287605,-0.0053470226589078995,0.21670651014037146,-0.0693704589251794,0.24594282082869598,0.00877654370988774,0.5232610366008319,0.007213433666918876,0.016383901908236454,0.3403960667107414,0.3253995545130436,-4.608645583470428,0,51,2.0
2.4534429463685727,0.017496710741860943,72.02832517436906,8.553976780184533,0.0021158253007075366,0.19510031983419326,-0.08166776224970818,0.22427424154498515,-0.04154239555446468,0.4614798636182239,0.008376035566715071,0.01621413318017996,0.3391920741274014,0.32532653452735366,-4.262037715488565,0,51,2.0
2.454162295542511,0.019715669206273097,71.72768796658984,8.651505595106393,-0.012423040454878527,0.2115861550838584,-0.07635114495368565,0.19935718669170455,0.005913163060505016,0.4968641563023179,0.008460707758980597,0.014016714789231492,0.3382117036898996,0.3254219203914905,-3.930215666794279,0,51,2.0
2.456657483297236,0.021935605627188378,70.98470970228607,8.66184461135671,0.014811534799781501,0.18649752949997045,-0.046136658748283106,0.17530333285525357,0.005793170647366959,0.45687696915024384,0.008267996268287527,0.010898490695956893,0.3416284800402365,0.32575278244546546,-4.873541670339776,0,51,2.0
2.4494009882796046,0.026876584751198376,70.12991431647656,8.763131351557835,-0.012088649267075108,0.18033351299438377,-0.044410945044136514,0.1990051669662197,-0.01309540870544665,0.4368261334518785,0.010153527620800486,0.008440104726542188,0.33800574849398296,0.3247905710522857,-4.0688303847250085,0,51,2.0
2.4369520714469983,0.03394236031554895,73.29560680482902,7.732710311967158,-0.01268314212268474,0.23308040492355575,-0.033985652139081675,0.20643149687843135,-0.02046276078395107,0.4114895430311464,0.010964915864495224,0.008129200231581764,0.32720652990660387,0.32313984451958044,-1.2584908534165606,0,51,2.0
2.4292333955858267,0.028979560362210117,71.60065285364787,8.563054386674192,-0.00647464460309814,0.2620972230082567,-0.05360373997074716,0.2470940549723416,0.010345279394338528,0.38151606492109885,0.011708066968783808,0.006888337602738337,0.31993562118628716,0.3221163482556256,0.6769998111390008,0,51,2.0
2.4313871626760446,0.028691182238656007,73.75382548220017,8.392903860729605,0.008754994647175657,0.28964619498447375,-0.07497686878138897,0.25224696882756736,0.002203697448267656,0.37267137304909537,0.014218541339720885,0.0038678698626215067,0.3199549208253313,0.3224019379305747,0.7589957805310577,0,51,2.0
2.444482064714619,0.032457393228904965,75.35919956132477,8.17642983710487,0.025220419115879956,0.29022550402645364,-0.08175707535416472,0.24134828247768417,-0.004450387157061521,0.41792667565121305,0.011407368863783055,0.0003396907529561206,0.32917641465886355,0.3241383216253981,-1.5543034246003007,0,51,2.0
2.459682510763991,0.022382602456753525,72.7514666108524,9.286722632535977,0.007210913315123203,0.2643658731172509,-0.0906095737043549,0.2858822208344458,0.008643378375792037,0.38263278438613324,0.007462344513583642,-0.0038254455576326877,0.34053207830904836,0.3261539009293298,-4.408402701531378,0,51,2.0
2.4634529410624038,0.019384658866281428,71.56262010219051,10.22786435341551,0.007537804763106739,0.23879861696780594,-0.06510164011635032,0.24070047139197898,0.006871885985282122,0.4024169284006678,0.004000701101018925,-0.00795517525575869,0.3465710064657489,0.32665386014772746,-6.097324644813318,0,51,2.0
2.4641538344177545,0.02228440890278263,71.33484722586239,10.116298737999372,-0.0018565090117501277,0.25598192615012416,-0.054227217337956615,0.28197809762019965,0.022843491048643402,0.5121154386232463,-0.00207865993364543,-0.010498928603473803,0.3467177995671365,0.32674679828221204,-6.112072525244905,0,51,2.0
2.459349174125522,0.028905297188805808,69.43204198631585,10.410061138046917,0.018928450185294245,0.29076844746180114,-0.04975844032185919,0.278722661289915,0.0007101302309071316,0.47616646060281204,-0.0067536835870588875,-0.014008363136914519,0.3450424193091463,0.32610970047540544,-5.805628843956678,0,51,2.0
2.4523560141815857,0.032458551002286055,70.02776935988781,10.264730746170493,-0.01816426940700587,0.297027417377719,-0.0612874675688206,0.25887842486624546,0.03255300200087767,0.4978320959560912,-0.014411690041772698,-0.014700077519607072,0.3399537391654688,0.32518240763439066,-4.542475602704132,0,51,2.0
2.455153763878579,0.034565036666190374,68.67359672340692,10.593548469102029,-0.002179254430766199,0.3201318460214657,-0.04832337274416989,0.28795053972643264,-0.013160633667390429,0.4729178430881663,-0.024477602096122788,-0.013144470722322105,0.33745572596117074,0.3255533889255371,-3.6560322947079005,0,51,2.0
2.4475089124604765,0.04585943342373185,66.7315071330351,10.477115592354954,-0.008820140332567925,0.3793701295344008,-0.06356102936700278,0.2574912580920773,0.004935031834368904,0.34687126972922905,-0.03576631744859675,-0.011039513701395913,0.3345785997854627,0.3245396817906445,-3.093279052789044,0,51,2.0
2.4418314338899125,0.042115409007482354,66.12149048786537,11.2045576318706,-0.029441406292950407,0.3865672925670112,-0.05474561854612594,0.24078310144045267,0.0016767547383685322,0.35839347000818333,-0.046550018625946876,-0.007426189663476734,0.3265722268192502,0.3237868483008354,-0.8602506658413889,0,51,2.0
2.445124261519488,0.04125591580884664,66.17830565396477,11.842969038513704,-0.005335955917104787,0.3735640254595075,-0.04389204734972879,0.3049443338685912,0.018909089376821238,0.42718459995545405,-0.0574677542412581,-0.0046723300600615214,0.32838257632979617,0.32422347692258685,-1.2827878618433264,0,51,2.0
2.4364500858035743,0.03935135892429481,67.41750267907685,11.541562372332354,-0.021190103344327093,0.3564143847464355,-0.06601648690069423,0.27535941944264997,0.018050591132658368,0.42806629063058127,-0.06991692490960774,-0.001359404510838236,0.31870796936588963,0.32307328138322483,1.3511832357802178,0,51,2.0
2.440402222030303,0.0246708583864121,65.48985473782409,12.02360009670895,-0.022173913506170113,0.27560091373928797,-0.08411850911729477,0.28892187341665665,0.007491543231641545,0.4416421328295952,-0.08742460747184294,0.0035175556991121027,0.3101456344127533,0.32359733480454744,4.156925581577786,0,51,2.0
2.435900232371162,0.024671872799400755,67.87084225112316,11.49153347382134,-0.01770309324138889,0.2456314512041942,-0.06508698540867544,0.31111022271021055,0.031216839730155235,0.4444320866756897,-0.1125824798580317,0.010067527656815298,0.29790064317118664,0.32300037065695136,7.770804545739162,0,51,2.0
2.4266598873278675,0.0221412496512076,68.98411276761223,11.583471227281029,-0.019708175540846938,0.2406442980556029,-0.07900004037747196,0.23845106894701293,-0.02309046886569145,0.414564099315535,-0.1392977268740087,0.017282794592442023,0.2829370931075989,0.3217751010590221,12.069923317124298,0,51,2.0
2.4272521202470743,0.025109469093429735,68.27681889253505,11.743947019081318,-0.03999347873397317,0.25341770680781156,-0.0973303046661849,0.24672748101610784,-0.024112664272680003,0.39099938124166095,-0.16189205479402985,0.02784248592690187,0.2799794167477542,0.32185363130275524,13.010328448216768,0,51,2.0
2.424715670884824,0.023617157807483115,70.88597846031189,11.90677068995067,-0.007203714447278602,0.26715215322939534,-0.07434344782914017,0.23422267166398592,-0.03567515477976378,0.4541563372684206,-0.16035414041878973,0.036486791909700216,0.28372197497907475,0.3215172978030581,11.755299973668743,0,51,2.0
2.431856816890193,0.024847025945376525,66.4445045929329,12.584743397655748,0.01985708052319858,0.28334296594616526,-0.07052279397954836,0.2812067875581907,-0.04065521167335557,0.49222544728589934,-0.13144950045198744,0.04060852899404231,0.29414194881182637,0.3224642139239921,8.783072319101294,0,51,2.0
2.445221341708127,0.02711885213943153,68.31415785995185,12.946276207972046,0.02910778548924581,0.3326879120928583,-0.05739938810139018,0.37402420335776404,-0.024760297216548054,0.4623624932826126,-0.07396195030116591,0.02939914099633664,0.31437326684012384,0.3242363500673717,3.0419424673385542,0,51,2.0
2.4602355407733545,0.025582711457399182,71.11198321978252,11.625791033860489,0.05591222764148066,0.3517510324593277,-0.018302390580156855,0.4106668741047961,-0.051762498965413836,0.4860658055569595,0.004099411183258289,-0.0062137537583270225,0.34188407365880163,0.3262272325451724,-4.799366684221029,0,51,2.0
2.459170976105858,0.02799885499640057,67.85116986199921,13.177464715955344,0.05680007911195942,0.3505399126714499,-0.03093518962280131,0.4347301240230875,-0.05784192196933516,0.5162830754215033,0.0788778318983902,-0.06914693873542561,0.36329295226636427,0.3260860714208518,-11.41014109661025,0,51,2.0
2.462632842508017,0.025914796334004123,67.86573791971394,14.342150938983298,0.04175480347418902,0.31777957427955084,-0.027992109037643553,0.38571596431881217,-0.07215953612353142,0.527281387388519,0.13156374170159735,-0.15980961417510536,0.38600580546177854,0.326545115065087,-18.209027682083033,0,51,2.0
2.4594224726452545,0.027465458100584605,65.3392996414035,13.937465177484206,0.021290888827221067,0.26293095492262364,0.011223147331061317,0.3262955165485213,-0.025931692814600525,0.5377072561801982,0.14259108611674987,-0.261539959727028,0.400039110273391,0.32611941986681847,-22.66644851654651,0,51,2.0
2.4527977558912015,0.024114103219221358,60.937236299701766,15.911227611413294,-0.007370649672606412,0.3569119636460355,-0.03876197619327143,0.6411205756919465,-0.008356401715062413,0.6211034271676784,0.1129445886606849,-0.3589120020951994,0.3961582837830685,0.3252409822632063,-21.80454044455913,0,51,2.0
2.4644417984812867,0.027473542599436483,63.348037219515035,15.2818783085004,0.016793855246813857,0.48797283916246154,-0.1166034784971499,1.0276802731751935,-0.018053443244128834,0.586506046585261,0.055449381168349736,-0.4296104857499839,0.3944118348426923,0.3267849824767244,-20.694602259081705,0,51,2.0
2.4709417966066622,0.030061980153013052,64.53189409480376,14.49356135220675,-0.033048927948317104,0.5344092859364563,-0.0830784016380123,1.0560867189398981,0.030658136231496054,0.5715003673287289,-0.01876476551580464,-0.46017753928979943,0.3830280357846595,0.32764688238353956,-16.902695059460825,0,51,2.0
2.4703438737813164,0.03985983031960192,65.67151819958406,14.488204257646041,-0.030969605653309355,0.5637554359837877,-0.0903957837133431,1.0369868857842097,0.020173422773094737,0.5773174191258438,-0.08787878886599819,-0.4615635574824971,0.36061543366136406,0.32756759749622916,-10.088859953712404,0,51,2.0
2.4690322589640523,0.04242311355990927,70.1691588233499,9.88153926899294,-0.03914160982650869,0.48789004823860166,-0.09824289268284452,0.8887528835183156,0.03868198460515808,0.42883464879144717,-0.15229670013637037,-0.43776408485949175,0.3366002016874914,0.3273936775243863,-2.8120653498017845,0,51,2.0
2.4610164679732978,0.03809561763967579,69.213260716083,10.51757616782376,-0.05770477192366824,0.33935541321617857,-0.019122963807746477,0.3362203163133343,0.02362425895590408,0.38060039854123073,-0.21239779376623613,-0.4005623424070494,0.3055126009911792,0.3263307838055355,6.379472562037569,0,51,2.0
2.4482733922846176,0.03529545344446399,66.1699453194936,11.355475928735034,-0.02560672624146237,0.2834524690226583,-0.0347562305921433,0.2502707351592366,0.02211333358404683,0.321282949648092,-0.25661677943319683,-0.35625455258262523,0.2808396624187812,0.3246410516543485,13.492252138895678,0,51,2.0
2.4429146980538086,0.02398927704172579,65.55722785931007,11.673691240282478,-0.007559612174244488,0.35937648248406034,-0.05085888004624376,0.22217130118520367,0.013327356090075244,0.3124974081846138,-0.284097863163759,-0.29976441555169125,0.266833539867124,0.3239304889612171,17.626296702478385,0,51,2.0
2.4445873177519033,0.021628501368869252,61.60573600320255,11.637718466803642,-0.0014134322603543599,0.390103783457457,-0.07710367810054153,0.1939066301566437,-0.007888443156273342,0.3191398671087287,-0.2881206196188069,-0.2347664832722458,0.25989237103413065,0.3241522784961232,19.823987590067517,0,51,2.0
2.4424886271065356,0.020376559662488396,63.04313762515199,12.126376204734623,0.018746191380070706,0.4156725540136871,-0.06058500597582144,0.18216138997983042,-0.012958261832667916,0.2983610790643343,-0.2616973736337082,-0.16945949287972564,0.25973582468620754,0.32387399179230875,19.803432424802793,0,51,2.0
2.449221693417605,0.021313639303612488,64.85084181205899,10.763972843922696,0.043647286016494036,0.4158761517451948,-0.07267688267736458,0.18804036206563826,-0.0485384145148975,0.3623678894603229,-0.21082961583625745,-0.11008180282212669,0.2684194026525088,0.32476679654308127,17.350109213857955,0,51,2.0
2.464999741783329,0.025531243919195222,66.16792152442184,10.551974626454262,0.05400180315379711,0.3270184610862168,-0.08433288293799349,0.15048888486366424,-0.02968533939736731,0.3802391042480104,-0.1361598955616868,-0.060468058056550394,0.2952776197344172,0.32685896590763897,9.662071250065008,0,51,2.0
2.4738567196855357,0.026627201516068604,67.53062343129925,9.381782737778618,0.05044346685320431,0.2761567089908208,-0.06477326116360285,0.1527652067461331,-0.018671222140683848,0.4331198795506108,-0.04561450371046485,-0.026640216090708227,0.3249870305577221,0.32803340086027993,0.9286768647852939,0,51,2.0
2.482212087687324,0.022522256268775354,67.51968184171939,9.084111135665044,0.06103224218731709,0.2478507058188815,-0.06306906627016325,0.26802100749965724,-0.04075557526712324,0.4696645004049812,0.03439302452852381,-0.007802743070023859,0.35343390745512876,0.32914132282541053,-7.3805939713634805,0,51,2.0
2.488832391360227,0.022778628204237344,66.47800013598274,10.835852816783257,0.014049918810818709,0.23843482794597148,-0.07723983651136651,0.3559674507780567,-0.002778855316779193,0.4535934969664601,0.08529641699880744,-0.001885111900890133,0.37648304967825186,0.33001917524954016,-14.079143853861996,0,51,2.0
2.482837139975791,0.029771713468798387,65.15906167497822,10.792550554280421,0.01863347581934695,0.27544776650761627,-0.06532341282011248,0.3728100865461558,-0.008053381726437924,0.44398635641032813,0.09972937347893156,-0.006772352482798966,0.38260733077429493,0.32922420459770874,-16.214824253829406,0,51,2.0
2.4833931221681484,0.031026433981207423,66.12058052829667,9.759470218275707,0.002016865703112939,0.2744540100898461,-0.06752003232638042,0.3806159980588889,-0.0037906343007788937,0.3870666606313396,0.08202770350088306,-0.012549167367426619,0.38874238996843324,0.3292979279980664,-18.051878531928047,0,51,2.0
2.4889977136079002,0.032759461446309396,65.21260626643311,9.727052975498628,-0.005419185275540632,0.25123498748810585,-0.06990140209011003,0.3219943400697877,0.009509512762009514,0.3621399960252425,0.05212172132996775,-0.016989787363723485,0.3912241495999569,0.3300410969788106,-18.53801032090083,0,51,2.0
2.49379513427323,0.027649210400052446,67.28373779970057,8.048845461913473,-0.0010123284277962703,0.2768344746539213,-0.0756254559930633,0.24794440395147496,0.026664646132392625,0.37164072192767933,0.026490522687305732,-0.0188714241761739,0.3899100845535171,0.33067723463732,-17.912587777977063,0,51,2.0
2.4913083881724116,0.02371033768522109,67.62022382137822,8.547189974028557,-0.025032374277418733,0.21673350530229124,-0.057558953323784995,0.2583329291537685,0.012560933545304864,0.37934748548619873,0.007586922229332143,-0.01575269152173647,0.3799144179372492,0.3303474922672383,-15.004480684815725,0,51,2.0
2.490569424395468,0.02307737625121337,69.30825340046601,8.78580258033677,-0.00879975130745009,0.23998509839597934,-0.04153098808784111,0.26361387227924443,0.007051882361445357,0.3848787892370076,-0.0068906631177126105,-0.013850108203639402,0.37582064452843594,0.33024950583479723,-13.799002841335085,0,51,2.0
2.488891938153435,0.020745465684526353,70.20466159371769,8.336425144282476,-0.026570814351240795,0.24068590635636414,-0.06772492767549028,0.25590772762503733,0.006421603700693916,0.384184293522089,-0.017636883472369087,-0.01064577972248566,0.37130204332158684,0.3300270708402144,-12.506541471368005,0,51,2.0
2.479407163811665,0.023923522819993378,69.49426530856712,10.88973528824231,-0.020147310387270124,0.24783612185244572,-0.056507796560432394,0.24210730246080495,-0.004394939315377497,0.39646554574968385,-0.02309785573500444,-0.007141079679697682,0.3596662634715702,0.32876938992857474,-9.397734244574242,0,51,2.0
2.4736377573480794,0.026951196824803375,70.25891107203914,10.785539808038925,-0.011760386912261738,0.2458749586676417,-0.040700500794485506,0.202614714147443,0.0378322878889009,0.4584941369357245,-0.02853443882638629,-0.00465614130437122,0.3526906984045251,0.32800436679103145,-7.5262204143828,0,51,2.0
2.463547433123869,0.02717119919062588,69.20609433978211,11.33935856427551,-0.011720227735007511,0.22448833930145728,-0.06622307776820426,0.22675764006116658,-0.029080293853493297,0.5291987954940328,-0.030219983893803246,-3.703508017559473e-05,0.34171043451948574,0.32666638963703465,-4.605323767519165,0,51,2.0
2.445571932138181,0.02149019729335499,68.33536737105426,11.673708893241155,-0.002919999152129772,0.2344649224780939,-0.03932388652773464,0.23054775886287596,-0.0016954587224651786,0.5638098626784087,-0.03133085903795378,0.004814140651469878,0.3289114648170985,0.3242828380472799,-1.4273425006671836,0,51,2.0
2.441466387580423,0.019556206377692297,66.94280675345776,11.025065758596975,-0.004496949670069358,0.23943576025122715,-0.05028534424947757,0.2291936164871393,0.0011155958123066846,0.5378348323450288,-0.03270766579870246,0.008155265300067969,0.3240030137549491,0.32373844299947835,-0.08172361398277594,0,51,2.0
2.44324819948159,0.021101244784145,64.91983998055552,11.907986026645135,-0.007950093341516513,0.2501289411991916,-0.07542158469703852,0.22944755752718737,-0.0007218004879998226,0.45670691109160105,-0.0310498003864054,0.009749863572627537,0.32582823511183634,0.32397471141650885,-0.5721198692402174,0,51,2.0
2.44127665255584,0.017279557084151975,65.07191497671838,12.69290484324951,0.005000235184150583,0.28901556551028684,-0.0637316619246906,0.21862017520343474,0.005810562667309069,0.5106502093378631,-0.029666951453116056,0.0117370012177331,0.32529330235509796,0.3237132839738143,-0.48809191945655694,0,51,2.0
2.449892882038565,0.01776994935276188,67.0960341014114,13.066509219901391,-0.0040386305281928945,0.3407429403289535,-0.08603524425815717,0.2353409320431198,0.00508367018226315,0.5304632568066625,-0.029646667294899707,0.014406179818857917,0.32944966733737646,0.32485579615940335,-1.4141262776542707,0,51,2.0
2.4620753333849064,0.02485047811446036,67.52586253951577,12.833103576622007,-0.004183874556831285,0.33207461547919015,-0.07355882495860844,0.2509913656469874,0.01147731185397681,0.5328483847245338,-0.026532997193626617,0.016245208972626143,0.3390215642309085,0.326471189364063,-3.8442518898199163,0,51,2.0
2.4595388635700823,0.028858531563157392,70.86864774367389,11.299933145113853,-0.021366311419828265,0.36331517411696745,-0.047015410519259816,0.2754600928903692,-0.03782544989942336,0.54992807084191,-0.02097312284686673,0.020400749951014003,0.341478249132256,0.32613485315072405,-4.704617072754558,0,51,2.0
2.461979692473131,0.03112560896144639,70.63945616927802,11.035953364824563,-0.00532166082777229,0.3750991534532445,-0.06252900229803487,0.29814917157787973,0.0023512798270174102,0.5401372870098669,-0.014268617846094794,0.021018071486721444,0.34108106856394926,0.32645850722208414,-4.479148503830421,0,51,2.0
2.4603396174954435,0.030510165574382044,71.63099244061638,10.28512086282962,-0.0009764635241499134,0.3296667820160156,-0.03439826682648238,0.2773678564357989,0.013622147779838712,0.5436320186925102,-0.0050085427045861415,0.018897724965956146,0.34507159697085044,0.32624103344373256,-5.771978873517636,0,51,2.0
2.455282684050354,0.028999591276668388,73.33917258767521,9.230866872346908,0.002072661384647968,0.369841550974825,-0.077321560870783,0.3094453564574098,0.01062990213726081,0.6025728460811428,0.000821907691475326,0.019019118711678516,0.34171513304670953,0.3255704837430917,-4.958879907663127,0,51,2.0
2.4605215501551534,0.026415769878724255,71.3645715713501,9.503234727102626,0.012962745173889048,0.3534745022876128,-0.09308387068848983,0.3063922016549575,0.02356143164284089,0.6231863480826129,0.0030139549129436062,0.016012419804786647,0.34754235768129754,0.3262651575416137,-6.521444183622327,0,51,2.0
2.457875141910478,0.025741416049493593,72.62020215333676,8.676825595469625,-0.0013680642507239884,0.30769187192523245,-0.07304055377037502,0.2805997538518502,-0.004034062500531767,0.5932292680668955,0.006489163891961844,0.016044790772039963,0.3486849945657477,0.32591424396768104,-6.986730718134759,0,51,2.0
2.4600673125070682,0.026508687924203887,71.20205016229667,10.941531885268681,0.004820679442263117,0.31376428681844415,-0.06876799699795597,0.2704250071518204,0.0022123522563453984,0.5645763636458144,0.008007990438596142,0.014245358367048289,0.3464951026058115,0.3262049254682786,-6.220070744917683,0,51,2.0
2.4565143532612743,0.02340000468888546,70.72152704818576,11.569339198187341,0.002027729672251963,0.2812609261332155,-0.045127912789729295,0.21749914748981164,-0.0038461150035408198,0.45961911978517644,0.008305925022244831,0.012980100506164974,0.34690573605134184,0.3257338032338338,-6.499765332095242,0,51,2.0
2.456843839556563,0.02273878299630208,72.22430359615998,11.317614783148938,0.015016069343569232,0.2539318859774119,-0.06538506672151533,0.21582828275674876,0.01054590594425213,0.4522879887490379,0.007730599882366566,0.012392771124989084,0.34725233799147187,0.3257774932728661,-6.591874872282477,0,51,2.0
2.4568105871770896,0.02202937068413849,70.45709733402028,11.541507124614283,-0.010374955686868406,0.28777017460384047,-0.05645875442846149,0.20312524524988643,0.03172848531611118,0.3633009860818568,0.005617504942921844,0.011540744741977723,0.34316053751462683,0.3257730836895254,-5.3372898792560575,0,51,2.0
2.4552802928522524,0.021760842061670498,69.61371867329467,10.06853179404574,-0.008809213690897998,0.29681918296777127,-0.09164447264344085,0.23632463107068666,0.005300563212264986,0.35222145403777055,0.005510896718722469,0.012474411601763652,0.34264563943974286,0.32557016682258205,-5.244790327016058,0,51,2.0
2.4566309872795555,0.02013323481278082,71.01801020491357,8.878371429778275,-0.009453010617517958,0.26324045661610307,-0.08279966139325909,0.2599919489138022,-3.5864775817768244e-05,0.43206330675489946,0.006139592899293049,0.010316183478847324,0.343181839206312,0.32574926906651896,-5.351530086237366,0,51,2.0
2.4561845403091582,0.018640921014441415,70.93468219158696,8.83598644706437,-0.002843925035467335,0.2530102563199782,-0.05651663842738843,0.23749818423523966,0.022013480939409313,0.41356823859449676,0.008694685824473549,0.007787972463520177,0.3423281552136967,0.32569006988214516,-5.108563898669738,0,51,2.0
2.4631106759987627,0.02051663630566087,71.42341844708312,9.354383992896363,0.01370897056425319,0.22217918650748547,-0.09311936795711517,0.22842208091511457,-0.011214326667672424,0.4269359515403103,0.00807657243533431,0.005888305901449154,0.3482949788628449,0.3266084756395319,-6.639908281880524,0,51,2.0
2.4738765843943056,0.02515076331708373,70.66285813088511,9.361888863561088,0.009356154092386658,0.20046631542819787,-0.06719090482767891,0.19377117684722434,-0.005119300431425811,0.4469006449437306,0.006566326589329999,0.002801963321877874,0.3612195774422784,0.3280360352487244,-10.115822235320437,0,51,2.0
2.481055783874848,0.026968629379154587,69.54221430011825,9.996854693930311,-0.01096917221359178,0.19937692061534962,-0.07696333659045837,0.19175043420058857,-0.01117057061306767,0.4378401008959936,0.0037281564486001625,-0.00021747835318622525,0.3636870839140443,0.32898799677907964,-10.547219799713737,0,51,2.0
2.476516731229483,0.03388527189099826,68.00793102208306,10.737990846166163,-0.025427627505040636,0.272593093845161,-0.045760221268032114,0.22889409490296408,-0.014446266381270891,0.4328010406530694,0.000537767883597324,-0.002078694933749997,0.35155942189078543,0.3283861185549086,-7.0567243943967295,0,51,2.0
2.468661027211769,0.036331476326410324,69.04420273444232,10.286433041754343,-0.015789321532436444,0.27604208639591066,-0.05461053177714348,0.25420766818196927,-0.009577168845662884,0.5145581179690973,-0.00030488695646930586,-0.00770071291668536,0.3443916117836343,0.3273444523676516,-5.207712943562126,0,51,2.0
2.4564085316424276,0.03291976883988454,68.90135772087994,10.121058557007736,-0.025417666151827455,0.2748284048259804,-0.03538123810408162,0.28763129425991385,-0.009602991909738266,0.5478103737279166,-0.003501646953657327,-0.010176645982178496,0.3315565224351181,0.32571977130365287,-1.791954816898067,0,51,2.0
2.4562976447974934,0.033742155587714484,67.66052525183734,10.429595139793593,0.026654581813251272,0.3102618688275966,-0.06308178866610807,0.2716810515489607,0.021387960679609987,0.5141870788655346,-0.007985740027505439,-0.01360933489893074,0.33071938468993606,0.32570506754526724,-1.5395269046502902,0,51,2.0
2.4585071656049466,0.03322393248502789,67.2956454520132,9.62437273061654,-1.3544717255760642e-05,0.28927610433422996,-0.1056003742212174,0.3031501105440089,-0.007099395494579393,0.5164372705727358,-0.017619044487892484,-0.013602101494362714,0.3384383286185488,0.32599805016702565,-3.8160591589886383,0,51,2.0
2.4579971707334707,0.03257716544604708,66.47878661342696,8.914951936864078,-0.01669691269304238,0.2863763190177942,-0.07289543097802237,0.2952023571249616,0.0009779308913458213,0.48806003461292957,-0.027096621675642075,-0.01077404849210566,0.33650731240188586,0.32593042500352365,-3.2451365650346675,0,51,2.0
2.461316424257615,0.03049370298964505,67.78592233564339,10.128092834798219,-0.01350269802645141,0.33428541483096536,-0.054337720368422715,0.30650550182963027,0.0272265195837427,0.44375149307820394,-0.03666094852840067,-0.009014444319221137,0.3384749418096216,0.3263705576896765,-3.708785561304939,0,51,2.0
2.461316902263492,0.027040006840110955,68.15425358099095,9.380445064536397,-0.014378096616151286,0.3433648184241421,-0.06347540868263618,0.3247612109858388,0.0005980975624612149,0.47025648726584424,-0.04635199137943981,-0.00503672447429594,0.3369452060178979,0.3263706212386669,-3.240054125919034,0,51,2.0
2.464181940345203,0.023373241934722958,67.49000043495029,11.118815013158276,-0.007245083796043022,0.33847492895740366,-0.049811020493507385,0.354662456311069,0.02136389442774303,0.47108449013608966,-0.056233662056072255,-0.0032751703708073492,0.3374882471910795,0.3267505254500069,-3.2862140699802866,0,51,2.0
2.4671333309482124,0.022452298225674426,66.22241225897098,11.549388728268664,-0.0021042465871455624,0.3540110559304286,-0.07385701923539825,0.38115868220175336,0.0176113823830497,0.3707903654660325,-0.07061586481214625,-0.0012919268473223673,0.33594029290439464,0.3271418795200992,-2.6894793773277303,0,51,2.0
2.4631850216902937,0.02409566964551536,65.01661238015866,11.535652688518567,-0.018251223233984967,0.3253487466127244,-0.038662565945118084,0.4113830371913959,-0.0010521329355006124,0.3661078713304291,-0.0950007149755933,0.004274550169732672,0.3322327879271853,0.32661833387999817,-1.7189647563538024,0,51,2.0
2.4568630784165624,0.021357313004718218,64.54401073736302,11.17839621805259,-0.033286155073666106,0.2759528129706837,-0.05430347410341104,0.4197252365870574,0.023961173699182624,0.37719751449337696,-0.12483121431918259,0.010933605004834115,0.3215620897813994,0.3257800443620511,1.2947246627433517,0,51,2.0
2.4547226049152076,0.02253145307254435,63.617838027430516,10.752334640299216,-0.014260403081482532,0.25738013312686636,-0.05477829951354686,0.35285591229662294,0.00035944968169810727,0.37195658590909014,-0.15060974158685508,0.01887992708096523,0.3161645311053588,0.32549621725932226,2.866910783952037,0,51,2.0
2.455234252354678,0.023703981565765454,63.95000536301557,12.891532143450792,-0.022194515950247354,0.2728489431510438,-0.05286454575538051,0.35518749390234794,0.0018908590370533512,0.39152375608096046,-0.15698180528335495,0.028328752651398496,0.30979555682458254,0.32556406186997233,4.843441550280081,0,51,2.0
2.4600032766660056,0.02373239610507211,64.74650037054921,13.003272454277658,0.0206343797492046,0.3271745435999222,-0.07027410785211068,0.3173796830442726,-0.029521070712921666,0.4729108533584413,-0.12850394436375434,0.030648795451806914,0.31707483046831586,0.32619643465114534,2.7963531215737136,0,51,2.0
2.4695552476480898,0.02871721888176433,64.01931623851551,12.55934489091766,0.05667523866948471,0.3248740415973908,-0.06133683672284379,0.35882481502230745,-0.028043087717949177,0.47299228564970813,-0.06634760110537248,0.02044406897781556,0.3359765000422435,0.3274630256825359,-2.599827672746513,0,51,2.0
2.482717396581874,0.026938329042366094,64.18173808210037,11.759314215363904,0.05957274170656342,0.3325903563878505,-0.06953084795717515,0.34744661602689914,-0.053091706068930676,0.46043061711861466,0.019132804459405992,-0.012856022333694145,0.3659736512559594,0.32920832679417944,-11.167799071122996,0,51,2.0
2.486870406889448,0.02866460357528128,64.78588339861702,9.466354156529272,0.049876687616822034,0.31031624037026734,-0.019591841435826877,0.39944216133314336,-0.061905608658551,0.4604013481056097,0.10921733196345432,-0.07323000709766253,0.39755514957379756,0.32975901610961633,-20.5592963807379,0,51,2.0
2.4955669898612824,0.025099354933537477,65.82465179293763,8.862848486407929,0.04428003429590414,0.25102909239382215,0.004677072413923109,0.4538261367341935,-0.028035475762889665,0.38076364062801515,0.18370233800796673,-0.15998316027564102,0.427679463302598,0.33091218269088063,-29.242586303361296,0,51,2.0
2.487135782545688,0.0291732180872046,67.13106847276875,9.452314585773511,-0.006529971245018875,0.5078708180090205,-0.013011100583289768,0.5207743272253775,-0.02002158671544463,0.4959063653770025,0.21793464128502799,-0.25041830242757274,0.43059721112926275,0.3297942047581416,-30.565426837941633,1,51,2.0
2.476824623112585,0.03845066182820821,65.87596410396053,12.108175321425396,-0.017837499085740716,0.5254584189447892,-0.013667668535501934,0.552308259755393,-0.004751249928684796,0.5196880948762365,0.2034921807138138,-0.3236310278519435,0.42102523324922075,0.32842694518512855,-28.194485690538016,0,51,2.0
2.4680806912627875,0.05088919647309007,66.20878946079927,11.701883056238648,-0.06639314691225688,0.575513372979413,-0.04956930203765046,0.5459507071139994,0.006380391982840556,0.5799756246822154,0.15149678406696235,-0.36999440588154914,0.39714842601162026,0.3272674995258678,-21.352846398433446,0,51,2.0
2.4432673763995076,0.054671744729393734,66.7075297645494,11.641270603830549,-0.047383281895342994,0.655497036331822,-0.09050654547800328,0.47448001231039955,0.01538665081356086,0.6790342860524199,0.09285048194611409,-0.3823519285842683,0.341984787018338,0.32397725412559586,-5.558270731488202,0,51,2.0
2.439354566382427,0.053459224847248105,66.0596546425539,10.754383552773781,-0.0561887045555255,0.5212969340446044,-0.028071432876601524,0.35270271438234857,0.00992936589846424,0.5569078825235746,0.047065378187337394,-0.3792028161087013,0.3155752789517516,0.323458415674404,2.4371407082472207,0,51,2.0
2.4281704414124583,0.04740484716815177,69.37911650713752,6.785604167478587,-0.05155259210105036,0.4992015975372708,-0.02745417955641945,0.3106013713980871,0.01469024935481595,0.5323399184629158,0.02740591888381036,-0.36761542134962766,0.28416050326705705,0.3219754003850961,11.744654117305497,0,51,2.0
2.430719884587269,0.0324794506611886,67.26235579976849,9.864179988105262,0.007628828798438988,0.44098309118988305,0.03107027792572683,0.22032929810049043,0.039525475206912734,0.5131044748881618,0.02543409108478185,-0.35455914245771264,0.2669068827746123,0.3223134566943705,17.19027635023529,0,51,2.0
2.4421182888395645,0.024403420010422193,64.82574979464214,10.789114379698313,-0.002412237226963043,0.39557184629588116,0.05366495003302892,0.22734534062012074,0.0012629747975106333,0.43319248865058674,0.022329654136675422,-0.3451743295045463,0.2697424217259051,0.3238248852506183,16.701144966933924,0,51,2.0
2.4436144472337236,0.02423140883350907,62.420489577686084,12.40835139186921,0.024102981339263564,0.37329546354127163,0.043538449879954845,0.21511416150973917,0.04926808156511363,0.47967039834758246,0.020441923496400363,-0.3355888652647172,0.26934725168997425,0.32402327569435,16.87410383936475,0,51,2.0
2.4517579616284837,0.018534559287017215,55.10740259581921,15.335902540851492,0.025164611244975935,0.4227325514794503,0.05287361762249002,0.23218167446676685,0.02139062047296879,0.5048705459361943,0.003474617563863912,-0.3367974658583767,0.28439304222098927,0.32510310569646056,12.522200730214216,0,51,2.0
2.4522540364779677,0.020503986969684567,54.531789905884686,15.426417297175897,-0.010546069327449682,0.4263108574759227,0.04219302546013804,0.2514197584922822,0.04299804254197607,0.44779308932869055,-0.03792943721665856,-0.35316939177055134,0.29729412049292026,0.3251688852273347,8.572396068869391,0,51,2.0
2.45023906639978,0.02199346296819364,54.115415886336685,14.921434011436268,-0.0036350972493927854,0.41382384991774507,0.02703896829602765,0.2469823053634518,0.025459390498843847,0.41432557016139443,-0.07901336944023894,-0.3702447191997423,0.28259570895027236,0.3249017002047153,13.021166472131917,0,51,2.0
2.453189027075674,0.026481134292704926,54.633972336264215,13.65360719385713,-0.04769617571111988,0.4212302236125788,0.023415192742558086,0.22709437030325352,-0.020522596497161715,0.3753974468317146,-0.11172067888136247,-0.384249546064401,0.2703685029068899,0.32529286483636555,16.884588586689308,0,51,2.0
2.4458992563041986,0.047828531157561124,58.58732733072019,12.052245384141345,-0.002865833851198355,0.4347164867106178,0.031452553018051034,0.21360845392939734,0.003336336098465265,0.3731699296483831,-0.11182291933236613,-0.3798190019588768,0.24978124683485234,0.32432624139203786,22.984570794281588,0,51,2.0
2.440273346269832,0.05851638055630691,60.078512514338776,11.904512023413265,-0.023144018872841902,0.46637751935684385,0.018495940694621966,0.22189039157445525,-0.008770047413075672,0.40297735220131725,-0.08631016739974658,-0.3605548624466671,0.24576304578254393,0.3235802458587621,24.048810479668226,0,51,2.0
2.4388990770368015,0.05886180291425599,61.59869550256168,12.468557117050397,-0.013229300961921028,0.47618231594872,0.02665749265282762,0.23923119073426483,0.019878610055528434,0.3930285874515232,-0.05956446484420111,-0.34207841992639615,0.2465817887016717,0.3233980174394084,23.75284466675153,0,51,2.0
2.4382985321914448,0.05916536973829544,63.69777268521926,11.162854560190404,0.026831905352974347,0.5063158482823701,0.03428318702122744,0.2372937796844257,0.04787220247089863,0.41752912936737696,-0.04277266689169618,-0.33216818675032156,0.24864786880435447,0.32331838536111973,23.09504189604452,0,51,2.0
2.4403831789306567,0.049372474599689097,62.47470319972319,12.371626750568124,-0.05226420425335128,0.4964712402435146,0.007450654153145996,0.2258994163874588,-0.005261823717577785,0.40251850361508407,-0.046437209734161454,-0.33761879103746484,0.24269054693220266,0.32359480967300147,25.001718297816357,0,51,2.0
2.4386397524207246,0.04857258163102052,64.20017830530803,13.153528076522864,0.009008669052455648,0.45650659284170036,0.014829668563370611,0.22553568510135397,0.012007709884760426,0.4478835406351023,-0.05227077105194694,-0.34907659569684113,0.23684354470030933,0.3233636310097493,26.756282405435826,0,51,2.0
2.439468051288642,0.04901633152586337,62.96444517958398,13.519639689656296,-0.004617821977601624,0.4931273522459417,0.018944973089531355,0.22977915252526387,0.027047165322537516,0.4463202862011781,-0.061855302901617996,-0.3647759104440415,0.23534665718639206,0.3234734635956857,27.243906016180862,0,51,2.0
2.430430418136073,0.04521865323265523,64.06917587916057,13.449121616800218,-0.02215813772351134,0.4461759062885475,0.020667472160330005,0.2313281244832739,0.007153348960712844,0.40928917682506044,-0.0710142110784349,-0.3825468808045982,0.22828865436544046,0.3222750735986053,29.163415644805735,0,51,2.0
2.427706035328846,0.04054220304079696,66.53271712508857,11.723648032290637,0.01690647882573745,0.3959341926964644,0.06516910983505202,0.25458382031783416,0.03261543569319388,0.39565966460713536,-0.0755339634762203,-0.3997916254321842,0.23026775680942596,0.3219138201244758,28.46912980611166,0,51,2.0
2.435156514831618,0.02811059874375477,67.49377217012294,10.295787381138298,-0.00750266000920651,0.301729234754652,0.06520987795118023,0.2394642037267441,0.03971950264245856,0.31959602501870693,-0.07776440941355833,-0.4162500504247306,0.25104626188231893,0.3229017538641154,22.25305100449685,0,51,2.0
2.428821693448459,0.026892167640817508,68.64302493544186,9.400473256966212,0.01592204047768724,0.2698293484751784,0.09331044667929995,0.26057177120637853,0.00919603592917031,0.3515383581425627,-0.07529334340473778,-0.42978277327167896,0.2646520594724876,0.32206175672170245,17.825679718571262,0,51,2.0
2.4302591430205926,0.026432674219707415,66.92521957322663,9.60338665738075,-0.0039018184384878945,0.26558121922225253,0.08008770202743072,0.2971800843285547,0.02249554486251345,0.3966015781979705,-0.0705322062496709,-0.43957311841114655,0.27876014433749924,0.3222523622136568,13.496322440398966,0,51,2.0
2.422986695579454,0.026633129257646323,66.44541998003044,9.35829738740996,-0.024913283028438978,0.2666847499584468,0.05521139699746581,0.2997111768770038,0.013421687133171979,0.44567849234273343,-0.06603050960656318,-0.44897703642006426,0.2747284931672968,0.3212880358425063,14.491527066396193,0,51,2.0
2.4159592080350016,0.024395975024150987,63.92114411615858,9.89245169645436,-0.006861650987583048,0.2973378705420221,0.06948396008388669,0.32089898756222135,0.019367582365578295,0.5318256085985225,-0.06281848349160842,-0.4571359601400377,0.2666312408814534,0.3203561911538546,16.770379894609,0,51,2.0
2.4088075207728967,0.022222292070265794,64.10592405001323,8.809289431178057,-0.035505163538105344,0.2791269713036378,0.02253346437332677,0.32916577851862283,0.025891154493186987,0.5179433059854738,-0.06275380241370514,-0.46603867527785864,0.25967056153945667,0.31940787709672014,18.702517952985353,0,51,2.0
2.410138240631889,0.023870668442976882,65.43162377675374,8.756866302672865,0.016151383665262486,0.2678282035602002,0.059721109329485426,0.3392312065433408,0.031816363992059934,0.48034975574370703,-0.06249890374475052,-0.47448216592865655,0.2641116814383572,0.319584330711152,17.3577500340379,0,51,2.0
2.4126818735225526,0.02223411312474479,65.5789296206306,9.625728980644292,-0.03414679493974237,0.23960453099731402,0.03921148107916701,0.3727875129655686,0.016205689924604753,0.4172517802759193,-0.05985363757353496,-0.47819878311248837,0.26592547948088,0.319921616583438,16.877927062010635,0,51,2.0
2.4138338472328935,0.022111855459276148,67.58170705215603,9.371155215024313,-0.04111201023938609,0.21202692910454113,0.016804908420525344,0.3421202991655469,0.024979375010611964,0.35466509088880754,-0.06019634873513543,-0.4819780964608091,0.25720730874321535,0.3200743679847054,19.641391354553615,0,51,2.0
2.42294405429971,0.028974257957475043,66.480447993559,10.684190707264285,0.0014015409876318539,0.2503603824126655,0.06236304649535347,0.32910725664903473,0.01705149363945512,0.34849923518301884,-0.058595815664795346,-0.4822224059913849,0.25567532075203897,0.32128238160986833,20.420373046629024,0,51,2.0
2.4278315761510063,0.031180871460842363,66.82743897625045,10.94016197728051,-0.031211570197460698,0.2858395716796204,0.04021291274066065,0.4244238861980371,0.014515493503388236,0.3677740182943801,-0.056754487097876616,-0.4812062217165119,0.2558575344400778,0.3219304671670615,20.523976282336776,0,51,2.0
2.4382095757652733,0.03448675822912392,65.13139886014602,11.152516923158041,-0.0056603000152344795,0.32927525195569723,0.03874226352747749,0.3863253045923618,0.015208131177168266,0.35227466641344257,-0.05947476385776757,-0.4824164354569591,0.2516029271941947,0.3233065897583505,22.178224891039,0,51,2.0
2.4451347233033647,0.03529856542950159,62.327566876130945,12.494028360983892,0.03717750544641532,0.36289692007042007,0.051811304892979415,0.4347041335228901,0.014745495117762509,0.3081662921555267,-0.055565119192600654,-0.48118418888611486,0.2690318580379712,0.32422486431558345,17.023064037399138,0,51,2.0
2.4451017297950446,0.0313817971337719,62.45620138504926,12.693365579805267,-0.03323038755094304,0.4187426257779734,0.010717094528908823,0.423816536218057,-0.00019888747848716435,0.3453660870431353,-0.05733356401145098,-0.48654577212140837,0.2712725512905071,0.3242204892058181,16.33084264508008,0,51,2.0
2.4482318390818203,0.03283823010407492,58.23652100095562,13.772134608423034,0.047250921089275214,0.4615942033666437,0.06189355502525965,0.38889102742697423,0.03878483256580783,0.4050873013399104,-0.054647885431217985,-0.48933679681666364,0.2814045476759227,0.32463554186459914,13.316777928988277,0,51,2.0
2.443105109632015,0.03643395240926929,58.917836923599246,14.216579111725817,0.009491271525621413,0.5217816632201845,0.045090514570474624,0.4662632534656748,0.031575918793678284,0.430627576577384,-0.05337103385590448,-0.49428744959615556,0.2873702459150459,0.3176036644065958,9.519228484985343,0,50,1.96
2.4414868497965383,0.03481770676352946,59.9513792851392,12.711183995720663,-0.06566688023945864,0.5757618915182268,0.04871801272326825,0.471323019288168,-0.0036569713961844353,0.44591491444055775,-0.05770092574174134,-0.5019772839109262,0.2924174285891807,0.32374115628391276,9.675546987687278,0,51,2.0
2.4355655084638035,0.034292718127293474,58.801469171748444,11.93326846480352,0.0160225774435436,0.5663903673454167,0.06656340947922539,0.47960606127311944,0.04536850487484651,0.4526111308387521,-0.0545068627911285,-0.5033333197437265,0.30284791927684057,0.32295598642417755,6.2262562059854805,0,51,2.0
2.428765100006964,0.03486353928254097,62.45121993270575,10.638369663012556,-0.04350809636069279,0.5555656873991154,0.04389595956194634,0.47707726833710784,0.009303655840602576,0.4554080888608235,-0.062559317541776,-0.5141862128574928,0.28977304888551453,0.32205425210484573,10.023529578743762,0,51,2.0
2.422753763841648,0.03318428964392372,63.96899111598146,9.594412728624123,-0.03979245500237334,0.5448050334518746,0.020822159799874996,0.43613150693771424,0.020334503522106244,0.5287905179325993,-0.06100841303117338,-0.519353779734887,0.2755826487970209,0.3212571489358209,14.217426846406035,0,51,2.0
2.422211807440309,0.032367890572054706,60.0235985213635,11.63099328557252,0.023471309127760867,0.4552797040259428,0.053286472079800626,0.4410254750311303,0.047815674368072957,0.4881955724269173,-0.056258523710609645,-0.5201869563283369,0.2744917375918407,0.3211852858402193,14.537885235380099,0,51,2.0
2.4288769276703106,0.03207608235298313,59.82934869504442,11.507614691638116,-0.01875347220430187,0.4386019789767216,0.042558939360520416,0.4476934508090283,0.008890470161157496,0.45220496354856404,-0.05400009249244215,-0.522530685486872,0.27520058873533787,0.322069080782666,14.552310309773342,0,51,2.0
2.4279445801295485,0.03132492483635123,60.327852838179645,11.799004412384948,-0.005664266207638909,0.416388581115163,0.04620291866069915,0.408058811425051,0.025030550419115553,0.4480980528523361,-0.044093756178403644,-0.5188066586733765,0.26907915296756174,0.3219454513352871,16.420886876475315,0,51,2.0
2.4259225445635177,0.0301809807613021,62.08306884765625,12.52310135000453,-0.013152029547913401,0.3570480128149951,0.06714946254357404,0.44552125335241216,0.015249289426149107,0.42397626729622745,-0.04091468615332346,-0.5183962047127241,0.2736469018253721,0.32167732941990823,14.931244200873916,0,51,2.0
2.415437358267167,0.026216885485043247,68.38586399134468,10.595680565621246,-0.023028298112216825,0.32143593482744015,0.05295462453482198,0.397124954263511,0.012609293793930727,0.45093178375958726,-0.034588393331559615,-0.5153463415338503,0.27202468414221675,0.3202869935537942,15.068457471867802,0,51,2.0
2.4010749617043663,0.02837994560792708,71.63610003041286,10.042428348971374,-0.017874761315647,0.3044450664838236,0.040699103445399044,0.3920570728228695,0.016248955373086182,0.4327005026526264,-0.03277743564287381,-0.514186510626335,0.256246943002179,0.3183825397676902,19.516018940878123,0,51,2.0
2.4022559324900308,0.03232475198584327,71.47825077468273,9.800307282022295,0.0029496322705538248,0.3154655235328482,0.02609931418270457,0.40973567049324594,0.03517322790096788,0.4406663590512026,-0.034116515436541935,-0.5134912884069887,0.25315775740878327,0.3185391366423305,20.52538344980833,0,51,2.0
2.4059477728955887,0.03312901729646399,70.13456954675563,10.238375788987025,0.0009568581248030943,0.34103016394441527,0.04311703543598745,0.4627209137377345,0.05689041579470915,0.3781448510239659,-0.03836876781731677,-0.5132226694272032,0.24988901795271612,0.3190286748283372,21.671925544882043,0,51,2.0
2.405056254244318,0.03768837486732127,69.61338111466053,10.015748225874765,-0.008988291755610821,0.33998880791047875,0.04350045359894341,0.4578867700233148,0.029391856608437558,0.36747092163885187,-0.04186085628592572,-0.5131922211117583,0.24949189983477793,0.31891045944637914,21.76741387915283,0,51,2.0
2.414822405752014,0.03242029827977499,68.67044702230716,10.115404725015708,-0.022215541963483774,0.3552239024373156,0.05608808293062098,0.4923629327775486,0.001584061731894811,0.45582811805125817,-0.04403897073188791,-0.513780264459603,0.25440235749539825,0.3202054509821348,20.55027273424147,0,51,2.0
2.410004947407573,0.028379352691826943,68.89574166840198,9.329423299152342,-0.04050961560478397,0.3844514910529888,0.03412086677317526,0.530204761341976,0.009804653113379198,0.4994537434213814,-0.04357662897582495,-0.5133693733699656,0.2516911770248261,0.31956665585808036,21.239850149884788,0,51,2.0
2.4085316468103257,0.027015281761564734,68.79304050931744,9.871283197603283,-0.010680748697589426,0.36858610888041626,0.032281829738149456,0.440181443934747,0.006013338764508565,0.5423943403980618,-0.04105445277196457,-0.5126241791824632,0.2565153692891202,0.3193712962027331,19.681144693013575,0,51,2.0
2.4139432661673603,0.021444771615985892,68.55604966481526,9.493890401152646,-0.009014955192219978,0.3936261436570933,0.037645274079313465,0.4449077778889679,-0.0023663517306832704,0.5768044060832862,-0.04262020199135419,-0.5147787825605527,0.2537856970072102,0.3200888770973751,20.713990655162505,0,51,2.0
2.411306654705721,0.01620224994572233,68.81488097415252,8.963895966724438,0.009117545888704412,0.34577746797655046,0.03656308075376585,0.3934447937579918,0.05600005147211692,0.4971902233263112,-0.04068373157825606,-0.5143486724703338,0.2593295226865284,0.31973926256740337,18.89343817077833,0,51,2.0
2.413441912800658,0.01837517231301591,68.285466633591,9.407229762278885,-0.014763876211409475,0.2765856606956669,0.02915035407332813,0.3238970744769686,0.017216089236385682,0.43105185906857574,-0.038531011385845276,-0.5145506015881159,0.2615525028981433,0.3200223977904925,18.27056334057825,0,51,2.0
2.4086988720239377,0.01837492136570952,68.59982934652591,8.78493772662163,-0.017466317497047724,0.2868100983523724,0.02934463767736566,0.36240910541335825,0.05289645814428143,0.3883827535037602,-0.037039003768997276,-0.515867386108391,0.2559691842949878,0.3193934704308402,19.85772785219978,0,51,2.0
2.411068840938456,0.020362297186273616,68.7310766659531,8.800250067958615,-0.01052555748644997,0.3362356925034698,0.021600634663128386,0.37844577687405406,0.02475906696681883,0.4398982494688416,-0.033276823806973894,-0.5164254341234796,0.2568606312764883,0.31970772830681543,19.65767213797671,0,51,2.0
2.41907150312966,0.02545611968103073,67.27932239513771,9.330315374236458,-0.016355563758635054,0.4254021642786964,0.06858406690698043,0.3968578846332279,-0.0009448277015312045,0.4456881097277656,-0.03562833966693339,-0.5209867967066039,0.2560776757819849,0.3207688811507121,20.167544038766106,0,51,2.0
2.4182849041387144,0.025463869645360904,69.24662311871846,8.424094192500752,0.0115617109718276,0.49547192157484704,0.04325937056073956,0.40026509672496363,0.03447867345576193,0.5096572012306183,-0.033171701232124436,-0.5203765212559852,0.2566255097224151,0.3206645781249431,19.970733523793182,0,51,2.0
2.4258849223454795,0.025312568227025073,68.21423214089637,10.020691125323896,0.01295456560511215,0.5239820089510973,0.0228928731498765,0.40911156069125265,0.01812192147561148,0.5175164134849513,-0.03260713823670744,-0.5213540392230639,0.2601631808758117,0.3216723408584423,19.121681341479967,0,51,2.0
2.4254105231341194,0.0267108560620817,67.07469256251466,10.180937847487908,-0.004077299479760376,0.49919222283912884,0.04742172835212128,0.40401001428005806,0.0147104879804686,0.4433444837881128,-0.029845948090367138,-0.5183827922672285,0.26098638197443197,0.3216094355301073,18.84989893276938,0,51,2.0
2.4265590292565964,0.02972003961107855,67.6534060683905,9.382281925942463,0.007806211198661842,0.4485871863022461,0.0204774594920523,0.4823711528809207,0.04558035840882974,0.42504973146203695,-0.02449956699998885,-0.5135516522766311,0.2651317090408983,0.32176172729039726,17.59998578028179,0,51,2.0
2.4323109779872145,0.031029895069538647,65.93863562509125,10.074158743159563,0.010978412545085246,0.4327635032334169,0.05280328001461777,0.49014833858121365,0.026767873515685398,0.3679243429138113,-0.02111811471978128,-0.5086973662646646,0.2844248620749503,0.3225244356921253,11.812926216091114,0,51,2.0
2.43005190409866,0.0404744632489328,63.795970309014415,12.52137844843677,-0.02781909323918323,0.46828936108142644,0.027471764853187634,0.4391475453039848,-0.0019568426205831416,0.42752570416738006,-0.01921137586162306,-0.5025074627445492,0.29414205453780434,0.32222488234346747,8.71528840399387,0,51,2.0
2.4308688003642884,0.0404380752988157,63.08151005296146,12.88388752338814,0.016150681854353522,0.5112834850170587,0.06593778393432206,0.4319174202155616,0.02563042244782635,0.4845303394315408,-0.02085410962710018,-0.5000289207911179,0.29365364451058895,0.32233320279315947,8.89748807570846,0,51,2.0
2.427965916254941,0.04020312906389928,62.297386033862246,12.907069665465716,-0.014667527709046708,0.5102846578346757,0.022376037330604066,0.3323256831003012,0.01586420381186055,0.49404956041748743,-0.02064368350837406,-0.4942593039671929,0.29731299579691906,0.32194828067700937,7.651938636940681,0,51,2.0
2.4217338193865383,0.038247163126325735,64.71086080401551,13.56492921096049,-0.028951446142266777,0.4551749390652704,0.06603496003092504,0.32184881646363744,0.025599883211886183,0.4761876136658208,-0.022860914587667543,-0.49177941546281273,0.27889008682643385,0.32112190462610374,13.151335113324713,0,51,2.0
2.417429275372449,0.028966938000431697,68.95315022562065,10.57034003424585,0.01120398478472934,0.39449607622352273,0.049609918074280605,0.32650913980219615,0.037698193106289,0.40721728976256344,-0.022165743681226792,-0.48728846242956086,0.2769915856527604,0.3205511219187742,13.588951430047269,0,51,2.0
2.4108307139546263,0.040631790823583896,70.67630730423272,9.226812863702216,-0.030976581295915677,0.3619899581455358,0.05548889555183111,0.34184167598507875,0.008420111173216034,0.33236155563525627,-0.022177443112279992,-0.48367671574736254,0.2888653139904291,0.31967615268102556,9.638141110056363,0,51,2.0
2.406251348701178,0.036724917826675856,71.10972127259946,8.837682636576814,-0.00883093286378711,0.4011848523294431,0.04053581776280029,0.39637320198515313,0.04834882849279572,0.33543680244002316,-0.019339677891767684,-0.47812784928221747,0.2928891947397287,0.31906892868351966,8.205040224947224,0,51,2.0
2.4090990196256077,0.03977246122187667,69.55102360949797,9.637310604822373,-0.028341393990843903,0.44160043056875387,0.011231446090866537,0.3587105852753204,0.00993870282728298,0.3558836266346674,-0.019756530239394637,-0.47685713662491297,0.28109461875017355,0.31944652983742505,12.005737269010186,0,51,2.0
2.4107877436806175,0.04027480833567629,70.08465599078758,9.624041185945675,-0.05700857177668927,0.43681731847242616,0.013088309498248147,0.36419104548694475,0.027160098337951827,0.35776356157964584,-0.01979176379213384,-0.4761798628619459,0.2715497366516301,0.31967045480894074,15.053226669343346,0,51,2.0
2.4194833899245545,0.033600812540910484,70.28232766600216,10.311969382933981,-0.0025726735007529167,0.6067998009704901,0.03712456751906989,0.3586259990723486,0.025593647733330727,0.4029588147089323,-0.01738063858069104,-0.4753966831273031,0.265255897384311,0.3208234976587686,17.320302496533447,0,51,2.0
2.42629744609197,0.04179369691076752,69.92813396921345,9.840276950865434,0.017585865130611493,0.6282570012895832,0.030440961375978647,0.40789631672239013,0.015665905513599806,0.4465683974573856,-0.01972702675210778,-0.4776291790833675,0.26861504798730473,0.3217270414928075,16.508402047606594,0,51,2.0
2.4274603905631045,0.0415396573577178,68.15539432974423,10.4756489452165,0.028643380777508606,0.6347828324701072,0.11085970955444317,0.5060016714089237,0.020056839594069648,0.4537794515201694,-0.018241705624299203,-0.4773584719511779,0.2835997550262839,0.3218812477850031,11.893048452542631,0,51,2.0
2.4348955820588505,0.04046197820466265,66.30442676824681,10.234698748027624,0.036647574866519254,0.6394891280150672,0.10122915123607598,0.5216255590515839,0.007281249571664661,0.44291243200161146,-0.019958734775742937,-0.47799703548897937,0.3061914685970073,0.32286715401527166,5.164875154031801,0,51,2.0
2.428499362047981,0.038959550951450046,66.24540919883579,9.911384659550778,-0.0544693313685118,0.4311261666879084,0.05510778301486782,0.4695440731468226,-0.004295290027763329,0.4079392717391652,-0.019099051523592026,-0.476277102587419,0.2932112710949568,0.3220190152256501,8.945976097252096,0,51,2.0
2.4232436187711417,0.03535217988614191,67.11677532570035,10.210463914387613,0.009801074570300532,0.4339615936923329,0.09295482298030573,0.43458587867784737,0.002802388998223286,0.39271189402074386,-0.016027980705992432,-0.4743862754586258,0.2962300542192952,0.3213221038405082,7.809002032946877,0,51,2.0
2.4149864879893324,0.036401058077479446,68.43177862728344,9.793908798585207,-0.026757141721307064,0.38463835362174803,-0.011709828806274077,0.3681588857883361,0.015108862270911535,0.35324070677663627,-0.012868673157765076,-0.47106846849552564,0.29389986333666523,0.32022720845716385,8.22145789776647,0,51,2.0
2.409844428008678,0.035476953014360386,67.70011618558098,10.475643930760269,-0.005665653750446497,0.3758554537138733,0.045966377436165134,0.3288221058550001,0.04133611975931654,0.3666883051048292,-0.008730883773290043,-0.472447908937522,0.2741056761704064,0.31954537130913185,14.220107445952202,0,51,2.0
2.413446013541783,0.03965263039540883,66.18453397470363,10.506672208167505,0.016043203243730115,0.3797602035169944,0.05874604453314461,0.330088642177562,0.020506401701519888,0.36669674074704584,-0.011896324226564043,-0.4786523603755711,0.29041536584036587,0.3200229413812213,9.251704085047441,0,51,2.0
2.4186749703743877,0.03603175184067751,62.86565341201483,12.564951455406302,-0.046513341038542634,0.3443140967190894,0.02477621154713572,0.3030127016569377,0.017732063554884755,0.36261862007103596,-0.015481488661638046,-0.4851258482472219,0.2713416108691823,0.32071630105920174,15.395129598013558,0,51,2.0
2.425710396731601,0.03383342540630335,60.18828002611796,12.025601308646722,0.028969453337291878,0.3497765249214932,0.079884218444646,0.2389737760190018,0.041374068332872556,0.395914687889084,-0.019113645047393834,-0.49168050047578626,0.272664077835702,0.32164919843049794,15.229361936488905,0,51,2.0
2.4315430197645638,0.03469390708713984,58.81880593767353,11.802451765036395,-0.021913670368638692,0.3761698613461736,0.031572429426744875,0.2576351115198818,0.011633232299822802,0.3886569893002657,-0.022728013753777185,-0.49507137312189203,0.2716334271047694,0.3224226042306378,15.75236241486887,0,51,2.0
2.4361961101200067,0.028314010640993398,58.684604602701526,11.651966181881825,0.009653099794306006,0.360292135469328,0.05693169727044947,0.22299546808693088,0.016976526189668505,0.39106875488425624,-0.022573554057289145,-0.49628974214417587,0.26563542076304886,0.32303960434322376,17.77001420518829,0,51,2.0
2.4345020736549414,0.026831154502630673,60.574051941142365,9.880214718566265,0.018233850927037352,0.3326893117186184,0.04869005536916209,0.2281614336891586,0.01948832925043854,0.40484137656916147,-0.02378153273278126,-0.4988967008502603,0.28042436477629845,0.3228149751058513,13.131550144367655,0,51,2.0
2.4361276492184283,0.02412641166396414,60.11156207907434,9.815237286183768,-0.034786167901520636,0.35748916733493336,0.026276935184118794,0.2228855824344224,0.0139043702944821,0.38869677442982076,-0.025884913809046846,-0.5018530274156225,0.27113932144765857,0.3230305262754492,16.063870317798646,0,51,2.0
2.4380017431343304,0.024200993073816457,61.632100231507245,10.90761990981711,0.011753829707409822,0.3988648808448954,0.04356771893799305,0.22357444898954212,0.02458575404450005,0.37755889470900683,-0.026664153799497232,-0.5053390894643766,0.27070542099048084,0.3232790311367518,16.262610649817113,0,51,2.0
2.437630336658627,0.023406591044082114,61.43190195046219,11.13571437487188,0.005467682784678889,0.3958968642924074,0.03511748262041924,0.23557191197615152,0.031558181798341224,0.3911347585984356,-0.026976967649344753,-0.5075954900030212,0.2741009020395172,0.3232297824811634,15.199366860480822,0,51,2.0
2.4339075333931866,0.036693771812309935,62.68110293500564,12.57328126827016,0.01865167163458525,0.46749512279941324,0.032872092672715,0.24629218349504312,0.050004523831839655,0.40709808172860984,-0.027119260718958933,-0.5099822326190045,0.267855670526369,0.32273613876299556,17.00474835169562,0,51,2.0
2.434364774647881,0.039956547848216416,64.3800013439328,11.120276757593816,0.017788584910187068,0.4445123792830129,0.07508319262049946,0.40179261695431645,0.014978073866051786,0.43008762565517333,-0.028425014453593835,-0.513978930778166,0.27898392891744983,0.32279676926420964,13.572886880692081,0,51,2.0
2.432119423267888,0.036613329412375224,63.17597188201605,10.161180903559204,-0.006849422429998715,0.37931927743080246,0.036087883965057486,0.4134371136425127,0.008098713432749113,0.4315617396777698,-0.02846199169862078,-0.5140308970116869,0.29428616727708345,0.3224990356739947,8.748202405613025,0,51,2.0
2.433686667213253,0.03611301053506791,63.223844430025885,9.974244113857425,-0.00840127179581745,0.4887943708757819,0.07640730107531828,0.43699017275750013,0.018359193140093016,0.44655064386597115,-0.03063929744903901,-0.5168523068848982,0.28442082967115556,0.3227068520639352,11.864025243936972,0,51,2.0
2.438844932644975,0.024114048055611674,62.827600754943546,9.471917264718291,0.003270355619344057,0.5013545828197647,0.0626585124170079,0.4709489177911724,0.026685742003952757,0.4383482790586535,-0.03099883708576111,-0.518414679181135,0.28467223246656376,0.3233908380588935,11.972697131660425,0,51,2.0
2.4368288420579014,0.024165143147766795,65.1116380224041,9.162180771794453,-0.03291759373364495,0.5185070695235752,-0.002656365416067488,0.3613564164966523,0.03740814773767602,0.4151696004900908,-0.030477061587918818,-0.5186037693295105,0.28557730740919374,0.3231235042915145,11.619766554786882,0,51,2.0
2.4374954785202063,0.02572514904340729,66.08675954856125,9.867000329487308,0.010749106788459946,0.5292383355095291,0.07478595117800961,0.37158120539369965,0.03263139684556746,0.40120299264717574,-0.0310379324033748,-0.5218499873347856,0.27801642984399555,0.3232119002859654,13.983232177398996,0,51,2.0
2.433034507959497,0.026621823492835695,65.20434574519886,9.6199357035254,-0.0014813913434159522,0.434209362771826,0.021683516912162304,0.3416823407607375,0.04162528990384411,0.3805272569331267,-0.029424843434966007,-0.5218115176558499,0.2880429428424529,0.3226203757557691,10.717684161242214,0,51,2.0
2.432038095359709,0.025843950239466524,64.2779426948697,9.523538271878374,-0.058389407454752455,0.3736601226606599,0.011674488310282137,0.3278248102992655,0.014944101629011771,0.36235975376070667,-0.029341879002767562,-0.5230786756656808,0.28232378024943106,0.3224882516010299,12.45455335262532,0,51,2.0
2.432150300811319,0.02475579407742427,60.37024277331782,9.942951823223126,0.013806757571942666,0.39204146355533115,0.06697879556347341,0.3042755205731419,0.033744474252065025,0.3795516345122656,-0.0333380222115662,-0.5287854577451425,0.279717458901346,0.3225031300489342,13.266746013006514,0,51,2.0
2.4265666682930553,0.0306466317673766,60.37140860744551,9.016780708253025,-0.00851178476039101,0.3978142755634517,0.025536060625431584,0.31913507365896415,0.033174126609867696,0.3934857200601814,-0.03815320350119669,-0.5345000627314409,0.2711419689852535,0.32176274022426604,15.732328486427694,0,51,2.0
2.428816175051764,0.03166102521760013,60.88294657538919,9.301172484799825,-0.0476264670199039,0.41228943852052513,0.04455750333327873,0.4113519640850737,-0.0019126818606666491,0.3705652448467258,-0.0419933633732571,-0.5393678308832672,0.2722594580475361,0.32206102465631303,15.463394448900669,0,51,2.0
2.425834016764865,0.03392841198848561,63.442848682403564,9.028073358746619,-0.013360724145290898,0.4367494399031323,0.039001625104277744,0.43548056178094696,0.018182542576801543,0.4483806297777314,-0.04120914142998198,-0.5404253567788935,0.27392830380107386,0.3216655904603131,14.840656904248217,0,51,2.0
2.419183505808606,0.03322132986272426,66.86549036175597,8.314184664768142,-0.026983882720563925,0.4115576718724037,0.026512600335420345,0.46330642336494887,0.005153454000166818,0.5204246325104969,-0.035051898036339055,-0.5376723042971682,0.2582580192443084,0.3207837328661916,19.491547486905926,0,51,2.0
2.422363046921936,0.030157690937259698,68.35949649530299,8.637256964250511,-0.02783564463549969,0.38890284766102623,0.010299729804197947,0.44456888580774917,0.015036145626914268,0.5408729052693958,-0.02963756786497373,-0.5322830425046464,0.2547452776624336,0.3212053401654685,20.690833617149107,0,51,2.0
2.4316376137967204,0.035710151110253996,66.36551256273307,11.382614885004564,0.003368019181139329,0.34668976338010155,0.04349003717595456,0.3648291550753463,0.036326442863426955,0.5771924067446255,-0.03245843694040415,-0.5310336319380742,0.2605634762155444,0.322435147736256,19.188873159486043,0,51,2.0
2.426881777889588,0.042094254867768355,66.53953344681683,12.098286731634811,0.04421626206706552,0.464676101135108,0.04927817819749608,0.37904645335050213,0.049052180868445656,0.6162711516665811,-0.04005021465274648,-0.5328039543695002,0.255521055518266,0.3218045237513619,20.59743208716015,0,51,2.0
2.4366020139525917,0.03870590255943896,64.82899879941753,12.579215027604713,0.020157249388741513,0.4674458289184277,0.05455875999349005,0.48287778844918494,0.020396181984859353,0.5586612986548504,-0.0430950097041656,-0.5291490316813202,0.28034174450915067,0.32309342705359606,13.23198770532511,0,51,2.0
2.43963966124198,0.04516061686380368,59.07321457769356,15.419932795959888,0.010233980183507883,0.5208090930487511,0.062103178607774714,0.5028693253371268,0.029357582513316004,0.5515207017237684,-0.043707553844338956,-0.5282361887592066,0.2909033647205511,0.3234962189293566,10.075188611686038,0,51,2.0
2.440099920712265,0.04416078344196893,59.523131702460496,15.314791080860434,0.015676943110484703,0.5257825738782433,0.049483991173260355,0.505339717140909,0.006981826113427386,0.5309221876606008,-0.047710009278527164,-0.5326519881557286,0.28725438911321793,0.32355724933322755,11.219918668124706,0,51,2.0
2.4464972945404986,0.03974076129680308,55.04980441168243,13.659776009813356,-0.09727047997362473,0.5287813366535719,0.000629704701257687,0.5126717745221422,-0.01828428960460074,0.44483488120851694,-0.04723986615310477,-0.5329973389103049,0.2974885121889076,0.32440554141144856,8.297339529228843,0,51,2.0
2.4387138336896896,0.060031094655223834,55.00045980191698,12.557608898082165,-0.027477668342637082,0.6718495181264501,0.045871137696153974,0.4892439923914955,0.019988312440759996,0.4411813432992746,-0.04376282098418879,-0.5312273918640799,0.28750068135543927,0.32337345453408733,11.093295592346353,0,51,2.0
2.4358008220499636,0.055846837992591714,58.53959081219692,9.820388416528544,-0.03367157901326815,0.6521115115588018,0.026629482998567468,0.4738242233709099,0.00032071827673444564,0.39901831240233565,-0.04567071972749538,-0.5330248920059373,0.2811613745946059,0.3229871890269973,12.949682171107835,0,51,2.0
2.4228299695487117,0.05399094645344335,60.67058964804107,8.999849877027806,-0.04720617903798234,0.6468132959525507,0.0694334092093449,0.5194834853421919,-0.011049838188816519,0.3988299100678302,-0.04005375382384411,-0.5302765384885055,0.27420440433065724,0.3212672539922852,14.649127502661097,0,51,2.0
2.425910235035653,0.04904425786603598,59.10020034453448,12.458775946214166,0.041084156755138844,0.5598733181667569,0.048449296212079475,0.47468234427663447,0.07924689907653659,0.44845163917728986,-0.03942105467479993,-0.5306525821331998,0.2807387492798508,0.3216756970459301,12.72615498839943,0,51,2.0
2.4352949022078048,0.029585105844712505,58.106277732288135,12.550791678309709,-0.02420443639743562,0.40770316014395713,0.027319221008642047,0.39072671114906,0.021719339723680533,0.4510775989558656,-0.06867408275719179,-0.555027347525582,0.27256524520881004,0.3229201038954253,15.593596706794767,0,51,2.0
2.432819950229981,0.02776742462411876,60.497834976981665,13.862199310793542,-0.05738740735778622,0.39013741563000265,0.03060998219777556,0.3495971780653568,-0.005996046478257459,0.4226231377837384,-0.09758898652724406,-0.5798888907133908,0.25614300831170733,0.32259192556798966,20.598444037086573,0,51,2.0
2.425273015802982,0.03315515945195387,61.97837744039648,14.646431073923726,-0.0030729891914947362,0.48609541047495736,0.00829701315538556,0.2938209349581919,0.07658769372923702,0.57239994935975,-0.1042297124862188,-0.584812586618428,0.2350108491179263,0.3215912020587997,26.922488048986814,0,51,2.0
2.4174180282097235,0.032346637519546514,66.97552572044671,11.125122073724548,-0.004448933782530766,0.4706226403544669,0.07056719524895444,0.30359132765980246,-0.006943901014678618,0.5732698733319324,-0.1024717704578943,-0.5843356939554742,0.23059730726280386,0.3205496305450692,28.061902030368447,0,51,2.0
2.4032349931258783,0.024137269770309482,71.29446022183288,9.492115309613432,0.008299375573794046,0.43809328809364667,0.07368609068148277,0.416482454198824,0.036548565123595445,0.5715892677902102,-0.07250942501809733,-0.5627328839174801,0.23464193760433438,0.3186689600837505,26.368122724388556,0,51,2.0
2.4005531797222064,0.023040710825224197,70.99352531807095,9.206872712087621,0.05540593063422278,0.4178446880630969,0.05153335623589216,0.4419360442760936,0.07549607110958473,0.5920491921967558,-0.0395666868381407,-0.5346242527787491,0.26165457029043576,0.3183133514715736,17.799687295302668,0,51,2.0
2.4150154982127394,0.031698587006579924,70.31643675822838,10.407392315539775,-0.01299720213693731,0.5881304265600461,0.02862014402361477,0.4368707998525884,0.005625288422201194,0.5511673676538862,-0.03466998884469545,-0.5290655038040283,0.2727647258968615,0.32023105489885345,14.822525259764207,0,51,2.0
2.408847402708203,0.062291000857653135,71.36161190388249,10.45643995229427,-0.02327911972123034,0.6894949137757865,7.411881404764513e-05,0.5458186873602523,0.04534441714777666,0.5030452029464672,-0.033173336173566464,-0.5260955853165196,0.2638211091442766,0.31941316577817147,17.404434941953173,0,51,2.0
2.413189273254544,0.06144386579762263,70.38844523242875,10.471177796093158,-0.03125128098854832,0.6799574344505749,0.028997764283535527,0.5019434974556184,0.006275184379488814,0.5058861202520298,-0.03619917753276254,-0.5242569882148271,0.25739571646037296,0.3199888978111715,19.56104782977045,0,51,2.0
2.418175302884158,0.06267391851739608,69.50503291803248,11.061750819336961,0.0004140631496614101,0.6929184542012021,0.06200647996921165,0.5339009769998274,0.02518767739335696,0.5166201697628281,-0.04023724770002714,-0.5246933455585105,0.2512212260024148,0.3206500451865387,21.652521253734292,0,51,2.0
