feat_w_vel_mean,feat_w_vel_std,feat_curr_mean,feat_curr_std,feat_acc_x_mean,feat_acc_x_std,feat_acc_y_mean,feat_acc_y_std,feat_acc_z_mean,feat_acc_z_std,feat_pitch_mean,feat_roll_mean,total_dist_actual,total_dist_cmd,slip_percentage,slip_class,n_samples,win_duration_s
2.4841633751430376,1.0767510982057624,75.75312006343965,7.023130709066333,0.1811746472199245,0.7125051626489188,0.126354384134807,0.530976723027425,-0.009469149801272737,0.42952214672813366,-0.1559071047366816,-0.5000454933748624,0.19428294682904002,0.2963534156433717,34.442143544301885,1,46,1.8
2.9905477259673323,0.055994677625555454,77.18936894921696,5.202186840009363,0.17877206571546256,0.6782670154084004,0.11950842700168199,0.5768477916972932,-0.05845361869033499,0.45965480432484135,-0.0339444327667103,-0.5645785115477484,0.3176060130830878,0.39654662826797077,19.907019643485157,0,51,2.0
3.008629469310536,0.026516969652261118,77.41959564358581,4.670223949956507,0.08382862952410006,0.4217089957268282,0.1137412025903662,0.5428970401932859,-0.11000168313929702,0.417368755869891,0.12886670310823403,-0.6037556412789192,0.38780852973761937,0.39894426762912005,2.7913016416250547,0,51,2.0
3.018516281071831,0.02111335648338416,77.06713005140716,5.077695662306082,0.04419853684364581,0.3351184240733601,0.018834456710108353,0.45865680522113095,-0.03944328226441262,0.4279271479658556,0.3087414984086221,-0.5453120849748395,0.4187297850267663,0.4002552588665603,-4.615686053075718,0,51,2.0
3.0239986672120938,0.01761134955620409,76.05269883660709,5.766205673030534,-0.010317983562309369,0.30722781702581053,0.02821198045550024,0.42028594968050587,-0.04844954671959082,0.35828025652237705,0.4032001631129304,-0.4194178966362057,0.42815936500517754,0.4009822232697842,-6.777642538309814,0,51,2.0
3.016177352736978,0.014817108147087109,76.99039546181174,5.447730378974427,-0.013284745954853646,0.30448416363143377,0.0020892898570380957,0.3203962643435988,0.057338121721484496,0.38531895676626937,0.37287573304447796,-0.2509599982264536,0.3936152870710308,0.3999451169712408,1.5826746299955952,0,51,2.0
3.00713731027117,0.07181929139052876,71.36900403452854,21.443480973525162,-0.04071318299746981,1.1215721998028823,0.026990814353613293,0.372088982362741,0.26918267202107055,2.304270750301688,0.2525578521950645,-0.0872241055168962,0.39067088035587805,0.398746407140225,2.0252287267649494,0,51,2.0
2.9991450649499893,0.11195081173035581,61.190261917114256,30.687466498784367,-0.057752683218568565,2.1187343360188504,0.060391713734716176,0.5182426510705012,0.13930157518945635,3.6942067648764882,0.0730198021999047,0.002320731528336899,0.37192906519653796,0.3898888586600514,4.60638796533881,0,50,1.96
2.993124645130307,0.1304565730138178,51.768015412723315,36.18669468870923,-0.15354614096748478,2.1476080378692766,0.0157893956912791,0.5267582696356563,-0.08938666916105385,4.092378119397474,-0.0521221105379837,0.05264962930973887,0.3523589957268282,0.3968883279646405,11.219612445186222,0,51,2.0
2.9674935849273907,0.15654597240878082,48.23124546163223,35.31570482349537,-0.08669061655653458,2.31169296626769,0.04661849219644187,0.5736123500675765,0.11053123953295689,4.461913276758444,-0.10709145908474377,0.07968335320836849,0.3264228542095231,0.3934896494028624,17.044106571828777,0,51,2.0
2.9604499118000853,0.15592242518722083,47.602380649716245,35.03317916265746,-0.03867159860537333,2.1460853026715463,0.03812089047449477,0.5390436255474341,-0.07827587747106365,4.109344997873787,-0.11171912301547587,0.07623042248915196,0.28392700482142197,0.39255565815491467,27.672165991459085,0,51,2.0
2.948004130639282,0.14347215422767998,50.42644312802483,34.475013575924365,-0.1094843456339018,1.2949102782046995,0.06815928655366103,0.44422446657663095,-0.1314895965305029,3.1802426224169316,-0.12021740116966032,0.07439147883207618,0.25044984898123474,0.3909053479372652,35.93082051631885,1,51,2.0
2.9412149979787716,0.1431699549246039,57.457864518259086,31.24907508140534,0.07235300102654625,1.6192456009649152,0.016236539857060302,0.37643585089822107,0.2062563539720049,3.544166592784006,-0.11873056832985292,0.07141040940257568,0.25212565569051193,0.3900051088920591,35.35324283141834,1,51,2.0
2.9505912719988356,0.14060421581177665,55.732234917434994,33.77401154653322,0.009496151816611197,1.5444623411150624,0.03108857721820766,0.35708554747258375,-0.047498431860231886,3.4658714085295657,-0.11666778028690365,0.06779907322263598,0.25704588600327605,0.39124840265480804,34.301102762568114,1,51,2.0
2.9604176206915986,0.14320819478913197,56.627366533466414,32.838305311057674,0.0049902511504935285,1.6519547397564511,0.04583750814929897,0.3598645322655831,-0.060437040565553685,3.732136373877451,-0.10872740116622186,0.06638532826501756,0.2690132339847791,0.39255137629298087,31.470566598141037,1,51,2.0
2.96055283499699,0.14159146456787247,59.08997124316645,32.349747657063475,0.002687771567234806,1.4518516264022847,0.01854006427468038,0.3018975171018386,-0.06525593928253169,3.549106505292135,-0.10210229950027784,0.06647761419900718,0.2776798343068134,0.39256930591300365,29.26603528999555,0,51,2.0
2.9639025879841223,0.130630256431959,60.33310551736869,30.097102938137258,0.012252065225266943,1.3189985217055338,0.03070234456190876,0.42196435983719915,-0.04852031074309101,3.3475306966311407,-0.09498523033066299,0.07218378863589887,0.2713974837617066,0.3930134833937314,30.944485309219438,1,51,2.0
2.9689735361174043,0.1383962298464183,56.42566667818556,31.58240852283746,0.0518389899721917,1.5060338115913956,0.013220813600163833,0.5125683639638124,-0.026265337093112368,3.7159482466864535,-0.08051588243296307,0.07643538841985449,0.29159285259658946,0.3936858908822426,25.93261294095772,0,51,2.0
2.967123596691618,0.14007252941546144,53.80002840827493,34.28172992961844,0.024249993337720047,1.3252701140455658,0.04698717181443,0.562670471399615,-0.019384460341112287,3.5722680835013594,-0.07762566133576554,0.08065322698329776,0.3037322723971544,0.39344058875886434,22.800981628433682,0,51,2.0
2.9686493376890817,0.14880506356307233,51.2984294236875,34.39036804334098,0.025756473999981787,1.3793760119626577,0.051764061053593956,0.5704215436385515,0.015393775759958754,3.8117919006188856,-0.07268944104322125,0.08485324592281124,0.31889606862803105,0.3936429021744273,18.988487569191626,0,51,2.0
2.9660037978022706,0.15189073926368984,49.57585092619354,36.709242665416966,-0.009483455077690236,1.3065411045678457,0.05144571980424956,0.5028040736576872,-0.019661068039781907,3.796557007664097,-0.0766467727709415,0.0901223268220756,0.3308199318942765,0.39329210377061435,15.884420581394243,0,51,2.0
2.965505781126957,0.15143817973746343,50.57814471861895,35.398537247420535,0.0012312185968838486,1.0742345554614063,0.05194288324199471,0.4754950091809871,-0.01217623814648273,3.786529292502915,-0.08906899169288834,0.09784084178964945,0.3249607587424147,0.39322606659479464,17.360321110839504,0,51,2.0
2.965830389775482,0.15560359467850599,51.73339297724705,34.69550769959978,-0.004356777916351954,1.2961086688022885,0.05237749019893361,0.48031479618638145,0.07387088268410925,3.956662421828554,-0.10353602888943879,0.10555257041858877,0.32280831826072737,0.3932691094850299,17.916685934618183,0,51,2.0
2.9692340195178986,0.14527839940559112,53.71108041090124,34.67772653424692,-0.003979651805232553,1.2521015198641063,0.05957080801839337,0.4765057356613402,-0.05006701396960838,3.7928385852984507,-0.12214605033032523,0.1067725034883465,0.3142539266902352,0.39372043080348296,20.183485005102952,0,51,2.0
2.967847904738258,0.15228442802507186,51.57006295522054,35.18965909823381,0.001984574485058878,1.340357689197836,0.042423931827001715,0.46037986850242424,-0.053512379819271615,3.886946524105275,-0.14714943873004846,0.10116330392272105,0.3095519080531893,0.3935366321684342,21.34101815439111,0,51,2.0
2.9608298914105284,0.14282125406143484,54.32119425605325,35.916873302032975,-0.04978726804256439,1.3145291437788982,0.08335861167413931,0.4396571087737272,0.07017138717221279,3.61054048757906,-0.1751517312305155,0.09347189519450143,0.2895220951829677,0.3926060437841894,26.25633258409177,0,51,2.0
2.952101427550409,0.1342368118216689,55.87518350750792,35.2740718533905,-0.006634486948742586,1.1933269812393694,0.04638664658163108,0.3549645629684035,-0.04839430486454683,3.1309948781097128,-0.20402412546648668,0.08685740276245268,0.2626175921206923,0.39144864951790476,32.91135569272663,1,51,2.0
2.942375844600154,0.12181321413930733,60.91766263924393,32.49280346648914,-0.012202685224074944,1.1211772717507866,0.041411987560636854,0.3004535862488849,0.014245459554242152,2.7426501439068907,-0.23123863920868992,0.08108795843354766,0.23266584482271585,0.39015903701492977,40.3664088873039,1,51,2.0
2.9350331858092664,0.09790289683502204,70.0406585113675,23.59523614622788,0.025963718254192202,1.0012057183793512,0.046966428558031716,0.30900811756709123,0.18629950007387236,2.183289856463007,-0.2644097359094288,0.06770047391717589,0.19295775551094568,0.3891854004712146,50.420094053549306,1,51,2.0
2.941717460459354,0.07007121883219355,73.62335135889988,18.880585842151724,0.0032757116006869895,0.8586141931443606,0.00632692931913862,0.2630846973068835,-0.030785793475076265,1.458745697606409,-0.3025411390626265,0.045872198140645394,0.17602576909427975,0.3900717352698537,54.87348782846206,1,51,2.0
2.94141516381619,0.05469473327462375,77.23253985012279,5.876916224852675,-0.023425456063420166,0.6388924809611287,0.029958845353594013,0.28192205183635205,-0.05689750421865314,0.8002290355211553,-0.3365756020831189,0.02143564184660426,0.16555073782802107,0.390031650559573,57.55453753804141,1,51,2.0
2.9482656448495153,0.06664055044538568,75.5706077556984,7.281540994812512,0.038958372584744994,0.7716673888160567,0.04560686121968662,0.38111118409973804,-0.0909744691030652,0.9671841972376913,-0.3564418661549349,5.402175831970485e-05,0.18290222360983563,0.3909400243463662,53.214761288348576,1,51,2.0
2.9452500168014977,0.08125580491991911,76.62402584038529,6.634112223543069,-0.010526566382716684,1.034573194029974,0.05508290435753617,0.48930001996960104,0.07526919406418707,1.610354076952064,-0.33310061994024903,-0.0038779711803003975,0.21808715409691198,0.3905401522407791,44.15755899986051,1,51,2.0
2.944698524241354,0.10392080539537613,75.12766767950619,7.335167870936143,0.05084784781815959,1.2140053829851327,0.07398245527463801,0.5724999683321941,0.0035042084899603154,1.799015927329605,-0.2768131729846086,-0.012838587381510164,0.22155355652293388,0.39046702450502974,43.259342628539954,1,51,2.0
2.9570278759096182,0.10277573623467481,76.2156662753984,6.563710435664522,0.13624438731109395,1.2302296680427514,0.05922555485192467,0.5777599416531475,0.009651296717279097,1.767390264199805,-0.2021202108615229,-0.02895541956759926,0.2713040451739586,0.3921018965380708,30.807770232854104,1,51,2.0
2.969496936190362,0.08413344341017903,78.37518374125163,4.480440276999203,0.0025728870840633616,1.0303127952726183,0.07275903750868405,0.43809563260429774,-0.051958183958834295,1.3070211050984395,-0.15145760031355712,-0.0313577177767281,0.30043026768080633,0.3937552937479482,23.701275271458666,0,51,2.0
2.968828781562693,0.08570183020288252,75.54288096521415,15.776707365013957,0.11115729049140331,0.895194471883368,0.06530085644301246,0.38212316758986664,-0.016731144093415317,1.2682117011582488,-0.13749304399540424,-0.03000836099721144,0.31863019700691564,0.3936666964110293,19.060921355096728,0,51,2.0
2.979354870669982,0.06958459271191939,75.35630596385283,16.946357978210294,-0.012185937341521768,0.621713205911773,0.04844737984240055,0.1909719520328422,-0.06524415467591847,1.40931071573547,-0.1446557752866828,-0.01650498145573281,0.3455822889408648,0.3950624558601102,12.524644188605482,0,51,2.0
2.9701178032977906,0.08909736158412299,69.34455490112305,25.055044982847875,-0.0023842204143019285,0.7539399748949579,0.07763070565666638,0.1733429055754589,0.02080903808568038,2.021848495408164,-0.1616311086585137,0.002090523714786921,0.33497650616288005,0.3938376206974255,14.945528675069575,0,51,2.0
2.9719345785823523,0.09640918614804253,67.24183873569264,25.104027302503553,-0.021055522356547562,0.8047995667163355,0.07139022586246331,0.4246023274546723,0.03151586169705672,2.3931360989003725,-0.16080654654647844,0.0021410706445451713,0.32724923638733466,0.39407852489949713,16.95836852038718,0,51,2.0
2.9769924563520096,0.09988364783908062,64.8740096840204,26.434803972020113,0.015721435129058128,0.8103078382337818,0.06058120183354499,0.5867840168885802,-0.031901930038835485,2.6910949297891915,-0.1444350219598419,-0.01461455900902069,0.334299039283173,0.39474919948978665,15.313561188913239,0,51,2.0
2.9761338046952788,0.09458358217522266,61.68416748794855,30.15456304667918,0.020576474932478925,0.7136706114729637,0.08572107940620068,0.6175043916446868,-0.03334290011986798,2.61194104611637,-0.1293457843372322,-0.03669693009386272,0.33298424275880556,0.394635342652133,15.62229563094968,0,51,2.0
2.9813892765372407,0.09922992192111411,65.51718814700257,27.121707703094557,0.02359678384427931,0.7601753173853838,0.07348368893943581,0.7111427041523192,-0.04492455549245956,2.6148623279978227,-0.10802380261925557,-0.05935454455728145,0.3393020594721519,0.3953322181965928,14.172930043505316,0,51,2.0
2.9823489580668654,0.10962989751629473,62.38943996616438,29.979982050124438,0.06411880919454145,0.9133435603018033,0.1061437735516651,0.6880898987955796,-0.07542330220195592,2.78370900732075,-0.07474063709601408,-0.09075846298374764,0.3612577518823101,0.3954594717980587,8.64860304400895,0,51,2.0
2.9899870864316527,0.10755553471660502,59.31028605442421,31.16633444592284,0.05982704204963703,0.9653091690494839,0.09385599203261674,0.6447133518080513,-0.1819846608182963,2.8186777162807526,-0.0390569176427615,-0.11131341301705987,0.38319279516529503,0.39647228762951775,3.3494125260607577,0,51,2.0
2.9965394115915487,0.11017137062069472,56.16096571380017,31.709140194862925,0.030295834529633615,1.2339806415449504,0.09748923018866894,0.6513704747306495,0.11319904701382506,3.5167171231011443,0.01155695577249,-0.12895186652273363,0.4274007746670659,0.3973411259465533,-7.56519946152161,0,51,2.0
2.9992903985229193,0.10227058530434464,53.22448494855095,31.031994888799904,0.029439463042745403,1.156820657642486,0.08783825910558887,0.6307220554008012,0.03793605533885021,3.523054247309195,0.050961021762161954,-0.13796922241576293,0.4478490613148018,0.39770590684018253,-12.60809900285671,0,51,2.0
3.002066446869981,0.09369871173484208,47.7817123076495,34.452789895639484,0.028275597621412837,1.1660099697464636,0.05982344480706196,0.5989920146880606,0.033492250331476625,3.6636769519958015,0.0783803760990264,-0.13658501204146334,0.4584965127308849,0.3980740106391796,-15.17871061079472,0,51,2.0
3.0049787479288437,0.08825395064476103,45.766812324523926,36.07306943961988,-0.07880599782163021,1.082295953969458,0.07242957736347236,0.6609757080470618,0.2118076435198971,3.939531104875432,0.0904554682603677,-0.139617916972856,0.4610650262181462,0.3984601817874308,-15.711693989065534,0,51,2.0
3.0002849043584336,0.09776557153021684,47.226242944306016,34.56583811076431,-0.02048521693430695,1.0775148750315662,0.0830509263072528,0.6288649164761588,-0.00836401637278351,3.6942811715622885,0.08548660849730862,-0.13819519989183307,0.44601752207839496,0.39783777830882144,-12.11039936287146,0,51,2.0
2.9997635401931464,0.09587553111839384,44.248866371079984,37.15768837580564,-0.02822354815754236,1.0912882819006913,0.07809037795546007,0.5693856352451184,0.08130190419215783,3.834468343156762,0.08294833806553881,-0.14112348189145082,0.44592327873406096,0.39776864562428765,-12.106191284684042,0,51,2.0
2.9963894457209346,0.11136000853600628,46.43952752094643,35.1626725156737,-0.002412778197550306,1.1973531099973633,0.07771865315004892,0.5572943105634278,0.05483913363194933,3.890881531728025,0.07408354814584568,-0.14549433762545222,0.42819623604780854,0.39732124069725255,-7.770789021088831,0,51,2.0
2.9883561192774306,0.11708153795166125,47.0557970533184,34.893467577842685,0.015016153016511132,1.2161463498737826,0.08255253637246057,0.44473361829760466,-0.004771153716480031,3.651439534950831,0.06382257292682979,-0.14312776026821056,0.417011752956,0.3962560213859833,-5.237959917282642,0,51,2.0
2.9891572676452935,0.10540441832069435,47.65569630791159,36.422695905389574,-0.0076535972310047525,1.0019314594473812,0.07801335231930602,0.42749756810717937,0.012376449856103635,3.425688618101162,0.06536854274567304,-0.14208323817465518,0.4115050882521912,0.3963622534873312,-3.820453292821946,0,51,2.0
2.997753118767458,0.11857652734408936,44.9836872699214,35.23054204439093,0.06923071280413982,1.0920791721621927,0.07501140645906038,0.4623722519656712,-0.10376474845643137,3.912176006912726,0.07141634749106016,-0.1371636665017198,0.41428905512112496,0.3975020635725446,-4.223120604131592,0,51,2.0
3.001304931640625,0.10381031073764174,45.61759069442749,36.1074304493156,-0.03228388890624046,0.8637474052681577,0.06484826028347015,0.5578808384098556,0.13786344468593598,4.06976974277931,0.08907613241223089,-0.11896512199752104,0.4015225770501203,0.3901696412913802,-2.909743495461159,0,50,1.96
3.0092507209263597,0.09845070900095293,45.17573908731049,36.61097920119503,-0.027395020805153193,0.7166452229714686,0.0757644305042192,0.5433919905366311,-0.1382077082115061,4.052477214075253,0.10525126978903859,-0.10286526095273577,0.4118370577315224,0.39902664540452204,-3.210415262873867,0,51,2.0
3.0078840878079918,0.10092393253107385,41.697121419158634,36.48239270931465,0.011984993721924577,0.8475716821055117,0.05985295568026748,0.5983359002457609,-0.08380222934133866,4.1421043558684465,0.11367371668524627,-0.08288050340639495,0.4060967163058651,0.3988454300311611,-1.8180692891824002,0,51,2.0
2.9917238740360035,0.08170657707288503,49.09016551690943,34.62445616498172,-0.10210459781628028,0.7237638825224512,-0.036624445050370456,0.6102100022591177,0.09849231996956993,3.3731567388088393,0.10410924802975956,-0.06207776630960447,0.35002859552750276,0.39670258566345573,11.765486745667209,0,51,2.0
2.986801188073906,0.07078441372118796,53.887224071166095,32.60183504992496,-0.07296634260930267,0.6617201267535713,-0.027430153652733446,0.5165791856169241,-0.23252935510347872,2.584408878417264,0.08398085000553364,-0.05652361979022415,0.30113721162460877,0.39604983752115286,23.964818794168764,0,51,2.0
2.9780954312460097,0.06259266662036546,54.3122702626621,31.516553169725047,-0.06360625037375618,0.8402328786982111,-0.06100923144349865,0.5512409599790482,0.025081490988240522,2.461179634957828,0.06638823618051723,-0.06387138849127387,0.26475148455344527,0.39489545417352917,32.956563121867354,1,51,2.0
2.9638514682358386,0.048897106174715536,64.38147686509525,25.64545970057631,-0.10313259864992955,0.6849402952378477,-0.08721627419193585,0.4620404180250455,-0.03203869653025679,1.7658094619495803,0.038492984047137864,-0.07288506135621257,0.1999910041323635,0.3930067046818341,49.112571935822324,1,51,2.0
2.957927303571327,0.06364754600105837,64.68607915149016,27.35204423394886,-0.018474673414055037,0.9152595823845653,-0.006539655155410953,0.4282026387643918,0.003168097295451398,2.049547701667167,0.02074896575397661,-0.09189358675518566,0.18907697441403157,0.3922211606500449,51.79327548246857,1,51,2.0
2.9512914641230714,0.06180146196564217,66.00981789476731,25.691159271748703,-0.01978428241815053,0.952912479578948,-0.01736830854240586,0.4251686631697939,0.030650926918229637,1.9884715148958014,0.0024400163590123543,-0.1024261926716964,0.1710785077498102,0.3913412481491963,56.284059357681706,1,51,2.0
2.946803343354487,0.05266437647362123,73.28459138963737,16.08004568029762,-0.022049415089628276,0.8730616791845834,-0.024290793447517882,0.4265459973221753,-0.0031593435571766366,1.475235294107146,-0.021586502785530932,-0.10429126639967101,0.13266655692241966,0.39074612332650055,66.0478891529358,2,51,2.0
2.9585166754675845,0.06999552071509162,69.51567467521218,20.867091278275243,-0.07855085349258255,1.1845444133166627,0.017556001888770684,0.5051028495942717,-0.07279080126945879,1.8646856933909741,-0.03415031969442298,-0.10663058991216522,0.13950652937343003,0.3922993109501232,64.43875238129928,2,51,2.0
2.9574408063701556,0.06025814179851868,72.62956025086197,15.11919462257107,-0.04824065095653721,1.1293614165645391,-0.022288286072366378,0.5495548636776124,-0.013666015337495244,1.6410045280119983,-0.044012724444733684,-0.10561977879214153,0.11337508780469642,0.39215665088872587,71.08933699128654,2,51,2.0
2.949711407224337,0.057862020328254694,74.21215787120894,15.182648150911563,-0.004058139800441032,1.0588436813297173,-0.011605672392190671,0.49861607551828885,0.03255558170962567,1.5251962436963076,-0.05314687946530242,-0.11213742837032718,0.10025316143279629,0.3911317325678117,74.36844083842901,2,51,2.0
2.955545997502757,0.06337010681682545,70.86367699211719,19.127752697046027,-0.055379518472096496,1.1885325185153102,0.010413693446739047,0.49313150162413294,-0.06789684343133487,1.6221403716963323,-0.05447143752521468,-0.1128568920129055,0.09264974766410401,0.39190539924752515,76.35915508130395,2,51,2.0
2.941452171580464,0.043757689599986486,74.07638704075532,13.334282179338246,-0.01780407054021078,0.8424260774551688,0.010839302458015143,0.3402441729523028,-0.009860253399785827,0.9981659836496491,-0.05953293533444624,-0.11579332560645218,0.07739819211923055,0.3900365579612801,80.1561698411578,2,51,2.0
2.9379316337552726,0.042721671913223326,74.77420444114536,13.50912541827482,-0.04142324703142924,0.7844886699074717,0.011110944819508814,0.30529208235796906,-0.02322421230229677,0.9430964764754329,-0.0677861635033288,-0.12017385868495792,0.07062266959253334,0.38956973464264083,81.87162314923752,2,51,2.0
2.9406610394225403,0.04471641845415492,74.03757231843238,13.753295955089978,0.0004105897729887682,0.8586092135500352,-0.007515606452144829,0.36857850450246604,0.01807358389829888,1.0245212994889537,-0.06960298367591806,-0.120101052477975,0.06772023957915545,0.3899316540280379,82.63279247027069,2,51,2.0
2.932556095076542,0.02557221653673576,78.45610371757957,5.011341818121909,-0.0014773320917989693,0.5270386625765688,-0.0058857774106310864,0.23981180104894648,0.03074606739477638,0.5821873204512507,-0.07630847095423991,-0.12585415894576563,0.06033778135170391,0.3888569380252958,84.48329566700986,2,51,2.0
2.9335562507895863,0.021122182869638514,78.8157013911827,4.777558456740537,-0.006016107093469769,0.42768181646320963,-0.0018559182062745094,0.229783705722653,-0.0070922951460542045,0.47830354557614696,-0.08223623075068623,-0.12997403000517463,0.05506554249046093,0.3889895588586278,85.84395358784587,2,51,2.0
2.9356264907355403,0.024315274124071966,78.32522846670712,5.324713249145214,0.025391723522368598,0.5061324136825169,-0.008054911158978939,0.2777714599565722,0.02708724854678354,0.592547836022733,-0.08479559642641218,-0.12869458008931903,0.053437515761990656,0.38926407268177265,86.27216855800705,2,51,2.0
2.8934783362874796,0.14964872404487994,79.08231529535031,3.9237307267292345,0.13910816818037453,0.8411987468323227,-0.017457668267774815,0.20553753853803494,0.05627538593869437,0.5317004008248104,-0.09076962347038625,-0.12804056614359316,0.06345157851219442,0.38367522740998283,83.46216435694136,2,51,2.0
2.8993527337032208,0.15157907933467718,78.80007136101817,4.142760597503718,0.003781015674273173,0.9902619328458369,-0.015975025263341033,0.4189405245387892,-0.0477802871781237,0.6057653432201959,-0.10623045887742184,-0.11044077231017083,0.09668675223688852,0.3844541725082938,74.85090313727764,2,51,2.0
2.9008238295129702,0.1574366334109946,77.04164586347692,5.8024864847306725,0.02905185721522453,1.2432166106889389,-0.03252143737878285,0.6552914002006756,0.01621769465433032,0.8805366264529049,-0.12349789598211806,-0.0938545362631165,0.13312656069007503,0.3846492398278871,65.39014070334753,2,51,2.0
2.9002913520032285,0.15786974117776872,76.29562384474511,5.698963588302121,-0.006670964589598132,1.2620166489613371,-0.009416506315271059,0.6539139039724428,-0.003274039858404328,0.8840764192708123,-0.13999486228708682,-0.08512777171021063,0.14885259421650854,0.384578633490657,61.29462709214063,2,51,2.0
2.9416019685712516,0.05184873620706767,75.1832314379075,5.6738770716693,-0.14688041104989893,1.0277882030567147,0.0243043298011317,0.6409669022163456,-0.04036441642571898,0.9081002579781807,-0.15361023953314423,-0.079911416954311,0.13508583862731785,0.3900564210424528,65.36761572433763,2,51,2.0
2.9379003880655064,0.0642147192439847,72.39685719153461,13.695750915617923,-0.009020019687858283,1.2027819867726686,-0.027417601761864682,0.6452114007103825,0.06470830271057054,1.218951481348791,-0.1560178827095503,-0.08826777306029962,0.12769870794243993,0.389565591448612,67.22022921285522,2,51,2.0
2.934740746430322,0.04910581433331523,74.3693210143669,13.589461053758997,-0.008694780515689476,0.9423580503598563,-0.0015300391059295804,0.39270150001177373,0.027849732733824673,1.0324844897931593,-0.1584822209117162,-0.09543017199467631,0.09279084521095063,0.38914662276667095,76.1552998838211,2,51,2.0
2.929050662353927,0.04502390478628045,75.83577007873386,13.562511595236003,0.02039434278712553,0.869207259573904,-0.030946717834940143,0.36343057910252896,0.03293731553005237,0.9509831214765123,-0.16720203301012254,-0.09630008830998844,0.07705978848075208,0.3883921178094622,80.15928105972631,2,51,2.0
2.9275908058180526,0.042784840202355734,76.1108518815508,13.908256705255603,0.006896067045482935,0.8992856412804195,-0.011674955048981835,0.2879015713145349,0.010572267440604228,0.9552297694857546,-0.1758837008736564,-0.09360053132055164,0.07165548305141327,0.38819854084257316,81.54153725156019,2,51,2.0
2.9253136670472575,0.019896732971196956,79.2167776893167,3.888277067371701,0.025285118496885486,0.48995546904386517,0.0024177387137623396,0.21580824315039074,0.014993713967794297,0.4346969077695451,-0.18976278210116027,-0.09077521478478691,0.055780927896356254,0.3878965922534405,85.61963961263403,2,51,2.0
2.92712427704942,0.021458235039226493,79.2167776893167,3.888277067371701,-0.006387105613362556,0.45633503299035316,0.004794011659481946,0.21973909628545565,-0.00705306138843298,0.4313151882673503,-0.20091952999675997,-0.08689913811098758,0.05363323587658641,0.38813667913787175,86.1818687180721,2,51,2.0
2.924876035136335,0.022041882143865748,78.49279902963077,8.180674574380113,0.016738311917174096,0.5488814873654965,-0.012873347483429253,0.20808297705162151,0.023293630950445055,0.49813939415199565,-0.21110607138087112,-0.08425217848223433,0.056075490049165296,0.3878385622571535,85.54153828262574,2,51,2.0
2.9265902208931305,0.04556619683217992,77.61574616151698,10.640855630281333,-0.03480470487300087,0.7043103003238316,0.007839261682010164,0.17357753940792323,-0.028743176437987416,0.6073091939008424,-0.2208786218371833,-0.08313075176244733,0.05946250343926786,0.38806586345467,84.67721357660368,2,51,2.0
2.9243789715509787,0.05391137692044841,75.93391979441924,11.508899250772512,-0.028682539129958433,0.8409091230743329,0.001060196399396541,0.24651666009387335,-0.019430852038603202,0.7318511309027133,-0.22717895981766878,-0.08318269707396687,0.06470492242552077,0.38777265159784385,83.31369627050806,2,51,2.0
2.9210679630438485,0.056150887370383255,76.66967913683723,9.165471946818942,0.05335566766706167,0.9699697256328979,-0.014109391792147768,0.2957035883982017,0.045997484568871705,0.8104102720370904,-0.2336307330981425,-0.08362635370323862,0.06961783474891703,0.38733361187318727,82.02638949606319,2,51,2.0
2.921179707143821,0.059210264100003226,76.39170102512135,9.274586509795533,0.03090377882415173,0.9601435359739912,0.0004356166019159205,0.31138245627266864,0.031271764168552325,0.7975689571098168,-0.24077386858019836,-0.08312709758201846,0.07085774186520324,0.3873484289499926,81.70697579507903,2,51,2.0
2.9203756077616823,0.04800214652139384,77.60306717367733,6.0912970645487,0.034335145178963154,0.8649459369834399,0.004248098561576768,0.32533173451937947,0.031192711463161542,0.727845199158074,-0.2502460650654565,-0.08284858663628966,0.06898820406277342,0.38724180557978594,82.1847220344707,2,51,2.0
2.9236432711283364,0.047156733855470555,78.86638366474824,4.012854646408782,-0.00553666960959341,0.7665652695470445,0.015346977640600765,0.29897098795602434,0.0013870658243403716,0.655704382377018,-0.2616162206754244,-0.08079717251356028,0.06640558455066538,0.38767509773925934,82.8708150361187,2,51,2.0
2.9247092359206257,0.05077211742402728,78.80422614602482,3.9295195680949173,-0.03204721884400237,0.7541729161108662,0.01981331817075318,0.2967406866345939,-0.035427586851166745,0.6698319089324927,-0.27106988123570397,-0.07839698685620329,0.06545755386900422,0.38781644468598775,83.12151153827303,2,51,2.0
2.922527384524252,0.05346613612118739,78.81042620714973,3.9092299401468096,-0.004838428807024862,0.7967409226564414,0.0048862844705581665,0.31829984762084773,-0.012640955328356986,0.7325994263555731,-0.27950404323059547,-0.07501220294056989,0.06635279416410453,0.3875271313750095,82.87789710912008,2,51,2.0
2.923313710035062,0.046099699567652426,79.14467228160186,3.204346528560382,0.002466241372566597,0.6990081575333469,-0.010826609298294666,0.2783611648379315,-0.0039775448248666875,0.6305825885378337,-0.2881811989023638,-0.07115828388939374,0.05986814390986704,0.3876313979524462,84.55539354497503,2,51,2.0
2.923209322433846,0.0420079373006654,78.95098719877355,3.8979536551494403,-0.01583488402413387,0.6360317919118149,0.002574283702700746,0.26071071587289835,-0.020050188343898923,0.5921596986823476,-0.29595284230384694,-0.06707311298520977,0.05883511758156158,0.38761755615911464,84.82134860852119,2,51,2.0
2.9216305660266504,0.04135517623268731,78.73529512741986,4.360785801837011,0.007340507033993216,0.6197062174599237,-0.00494650356909808,0.24782454077298183,-0.003948563819422442,0.5545677971873569,-0.304913504202712,-0.06288604175218626,0.05918879483979977,0.38740821286533506,84.72185336443188,2,51,2.0
2.921827241486194,0.038631041284706735,78.95008141386742,3.9890129805478645,0.016565366118561988,0.5776550739967008,-0.010386129220326742,0.23397378784225908,0.007058529511970633,0.49190396150400334,-0.3145290779660522,-0.058596243844585116,0.05850586955027795,0.3874342922367543,84.89915045658219,2,51,2.0
2.92005365970088,0.04438859910761631,78.40484233931,4.703944815633559,0.022235604770043316,0.6536189999886334,-0.0031224711268555885,0.26402313361125634,0.023658563291617467,0.5998898449612623,-0.3228002130641073,-0.05496522401577504,0.0669626260847115,0.38719911528929934,82.70589383070265,2,51,2.0
2.921505755069209,0.0466785486548378,78.5396006341074,4.295322121798142,0.008127176586319418,0.6538861455129849,-0.0036865291642207724,0.2753210600581337,0.017994915847392642,0.6151222634397719,-0.331855992421299,-0.05113070961970976,0.07277950127136594,0.387391663125696,81.21294075248301,2,51,2.0
2.9233742578356874,0.042301625650148535,78.96902131099327,3.3871208167092943,-0.009984432774431565,0.590459285978342,0.016864176766545166,0.2584732309659028,-0.005221430906185917,0.5624802744167209,-0.34024393577271617,-0.04733267950083817,0.07538282328843057,0.38763942658332584,80.55336528772145,2,51,2.0
2.923562745253245,0.04279258177149234,78.44607980578553,5.206499576098139,-0.02614070445883508,0.6383345333303834,0.012854632501508676,0.2511492063805746,-0.018860251587979934,0.6317668948316286,-0.34729434820517824,-0.04253239696154511,0.07548873476470261,0.3876644200189786,80.52729864633774,2,51,2.0
2.9245187231138643,0.04953072986420869,78.43206023234947,5.946266181357096,-0.020323064543452916,0.7581237290099129,0.006300767774091047,0.20756291525540765,-0.015760007478735027,0.7341123907648333,-0.3543814807163712,-0.03678248166635374,0.07385363237448425,0.38779118287749903,80.95530903346655,2,51,2.0
2.9243640923032572,0.054326338231012426,78.17812928031472,6.183426307441916,0.0043247727786793425,0.8806064259647977,-0.006515580722514321,0.26388130506285395,0.0017169528805157717,0.8636629734477799,-0.3585639648046305,-0.03141045502085447,0.07852592303931162,0.38777067865645937,79.7493912352046,2,51,2.0
2.9252186850005506,0.05913963691513988,78.1143873719608,6.284675320094268,0.016560077155921973,0.9297196633931991,-0.009109855501675139,0.27797615336388515,0.01142759405660863,0.9391317470443591,-0.3646360738889715,-0.027103680193873513,0.08066856479746959,0.3878839976382861,79.20291497235328,2,51,2.0
2.9241391139871933,0.06125206551446427,77.56598530563653,6.054451383695441,0.02533226452913939,0.8976750442232888,-0.008589783062537512,0.2854285416066678,-0.00972230148081686,0.9097596908918728,-0.3726765051781593,-0.023070256734202158,0.08400370999261725,0.38774084633072403,78.33508881316925,2,51,2.0
2.92406881089304,0.053243462156172254,78.12524395363003,4.807787105662732,0.03284482270771382,0.7591306701706704,-0.007521719470912335,0.2944465508076951,0.006595540645660139,0.7946852850563576,-0.38039233087611934,-0.02020098507465972,0.08397776840954517,0.3877315243327132,78.34125854118487,2,51,2.0
2.9175536457230065,0.062106308273853154,77.56959587919945,6.519821222318914,0.06703243375408884,0.7319180076247704,-0.002495643956696286,0.20861329643438908,0.05609710952814888,0.8183289905341079,-0.3895922774777434,-0.01679631511502688,0.08442695072237441,0.3868676134411116,78.17678508381375,2,51,2.0
2.9190038664668214,0.06204862464642138,77.7841776679544,6.431555501348712,0.019633164373682996,0.6799853842315682,-0.0019118426111983317,0.2110959146473854,0.014603520725287642,0.7850094515648856,-0.3969557459626699,-0.011844837877339025,0.08711390866061611,0.38705991271596196,77.49343039702917,2,51,2.0
2.9238828980922698,0.059368634864973596,78.33470798492432,5.930191681000084,-0.014214170575141906,0.6415467412329484,0.014811981953680515,0.19416349131727276,-0.022562852650880812,0.7465469279383444,-0.4030594028740473,-0.008089120330161721,0.0840059665874226,0.3801047769555416,77.89926049857347,2,50,1.96
2.9223424885787215,0.062138155230419954,77.86088225420784,6.30305506287686,-0.022696248237408845,0.6734002901782475,0.00676260892228753,0.21182148015781557,-0.017771808905344383,0.7889010050911079,-0.40905354155876406,-0.0031392736461519945,0.09170475439983974,0.3875026140027521,76.33441657268706,2,51,2.0
2.9238269375819788,0.04068315963441765,78.90056946698357,3.856459338878644,-0.023653709932285195,0.4627504974401067,0.004388013306786032,0.21444213854337882,-0.018642051181956835,0.524263150828858,-0.4142266057781081,0.00045087284425535183,0.08946044278759381,0.38769945211965623,76.92531101127697,2,51,2.0
2.922544964388305,0.032332789771971265,79.205644308352,3.2716084062529327,0.021910920666128982,0.37505308469472753,-0.008585365525647705,0.1548125752536127,0.010688437623720543,0.3972946494964581,-0.41936255054636634,0.003742742333861348,0.09331926081424279,0.38752946228607255,75.91944099843563,2,51,2.0
2.9229922878975962,0.030907767468748865,79.14139401678945,3.5629149623432137,0.026980810305651498,0.41971833041408035,-0.01107622595394359,0.17672856402365503,0.016789226847536424,0.41723192982944807,-0.4226548961837094,0.005762139706400604,0.09907717188539127,0.38758877720301776,74.43755399721108,2,51,2.0
2.9247128546237944,0.02819932535562408,79.20098508834839,3.9350866308311327,0.029432798773050307,0.38160569207877254,0.004650992937386036,0.16348252574113212,0.0033614764362573622,0.35538582497764853,-0.42523576596894075,0.006357747580362347,0.10165128425404538,0.38021267129465514,73.26462479329938,2,50,1.96
2.925264813152014,0.03397856152964707,78.72504387649835,5.148522411880376,0.019323138629688937,0.41016345576937435,0.0009603578889486837,0.17348550679139865,-0.0016586732338456547,0.4069823871562575,-0.42679783084028616,0.005756857832543648,0.11295235823674528,0.3878901142177051,70.88032045762573,2,51,2.0
2.9260440270105996,0.03510137708234766,78.27678932863124,5.950704180887424,-0.0005538030436225966,0.41779617954823933,0.0022249743707624136,0.17577393949623474,-0.0029115011440772635,0.42435806754859845,-0.4274521472827002,0.0033104340916760666,0.12005523250461479,0.38799343778690915,69.0574064372319,2,51,2.0
2.922138972609651,0.043946780993150754,76.96455535701676,8.371356899844935,0.03246955376337556,0.4915381321995784,0.005303916283974461,0.20668258758626715,0.005366053359181273,0.5581354690356768,-0.42695394362257866,0.0007654105007786894,0.12941643030417183,0.3874756275613726,66.60011079440773,2,51,2.0
2.9252835956274295,0.04779814257072937,76.83135066312902,8.71877631156406,0.030629622512588314,0.5465500850118292,0.005786670627547246,0.23754454087801757,0.005141076504015455,0.6454566999356045,-0.4239118055167032,-0.004598883559871851,0.14655470762103012,0.38789260496512246,62.21771032881443,2,51,2.0
2.927616590378331,0.05274901572479323,76.5219098446416,9.713924708234993,0.02481395787760323,0.6361460821682506,0.011549830071482003,0.23834332175324233,-0.018835502074045295,0.7700277064827147,-0.4200056943745359,-0.012526249673855898,0.15939851943548505,0.38820196008923,58.93928011109306,1,51,2.0
2.927814330540451,0.0585923817188628,76.79039795258466,9.854618537288792,0.061382143666931226,0.6925229121172762,0.016001260382872,0.28395384936214524,0.02045735950563468,0.8547678502583365,-0.4150279450702028,-0.024098313076126768,0.17681265028237136,0.388228180054128,54.45651311099582,1,51,2.0
2.932775298754374,0.05705429987194806,76.71978982289632,10.043246355614992,0.0054542229456060074,0.6520858731978229,0.033238530816400755,0.27523435979064215,-0.02693915330604011,0.8365197285710962,-0.41046046783445295,-0.03835078757402794,0.1928879809085105,0.38888600461838013,50.39986561157055,1,51,2.0
2.927161521771375,0.059346424829945905,76.00907694124707,10.716197984895073,0.041447434939590154,0.6397044349737038,0.020638286994368423,0.28619177826663944,0.01631927471973148,0.8358021213424507,-0.4073895714991279,-0.05321573721120541,0.20794930936690395,0.38814161798580843,46.4243719995759,1,51,2.0
2.930836464844498,0.060250127654469895,76.26935561498006,9.951636256437139,0.01777839236984066,0.5637394826845269,0.03707898568873312,0.295958141530975,-0.0036811542642467164,0.7531157748036575,-0.40253296928527404,-0.06928693252212112,0.2253092719308087,0.3886289150413826,42.02457325986231,1,51,2.0
2.9320513161958432,0.06531684152366743,76.29826386769612,9.860304640306838,0.010636392761679256,0.5618832616446695,0.04018888914701985,0.24881487270062508,-0.03203682459014304,0.755867751877362,-0.3952566845323747,-0.08474312518715954,0.23526030666497882,0.3887900043274029,39.48910618934936,1,51,2.0
2.931115361989713,0.06801189275208784,76.9612120179569,9.016223038354745,0.03517749204355128,0.554714832543651,0.03375478775477877,0.2510711716534734,0.021767493812184707,0.8134740218423898,-0.38701670006726013,-0.10053059731701967,0.2447950039780143,0.3886658971907324,37.016598125179854,1,51,2.0
2.935671993330413,0.09385148672180846,75.31877230662926,11.026191738896367,0.04578418226218691,0.7892250977572673,0.022631973758632063,0.6172321503471765,0.06607034203468584,1.6347107241982688,-0.3748157139379102,-0.11626302165928577,0.24979434389820657,0.3892701064995346,35.83007281384829,1,51,2.0
2.941108547004999,0.1048947079388483,74.66652109108719,10.969473253742123,0.01831161464546241,0.9078446628074188,0.037301620431974825,0.7264046501838508,0.045975721495992994,1.847594256248409,-0.3612701063716588,-0.1345233813893746,0.2587954822208607,0.38999099314217955,33.64065150947953,1,51,2.0
2.950853838640101,0.10493513077091231,74.56246580797084,10.269474183503132,-0.010426808221667421,0.9377106557650028,0.07792229672857359,0.8038177312747894,-0.008605850677864225,1.9620129907398347,-0.353463381966678,-0.152013642799332,0.2638079200002579,0.3912832190294657,32.57877998075054,1,51,2.0
2.9523549605818356,0.10428523473788945,74.4555447989819,10.760343707695567,0.022592972598823848,1.0196421983146906,0.043710850763554666,0.8564061620717917,0.030245543256694197,2.026385923655277,-0.34932288905928804,-0.16640589062053673,0.2662258262080871,0.391482268018744,31.99543173297945,1,51,2.0
2.9559155527283165,0.07951849416970816,76.0237767275642,9.065106980603385,0.005712237683873551,0.8294175640966116,0.08404638384487115,0.6763067775409792,-0.09057578050038394,1.4927200219832446,-0.34633362061867046,-0.1806381911180975,0.25976191387363695,0.391954402151503,33.72649664150714,1,51,2.0
2.950278007516674,0.08069494423801213,76.53255181219063,9.009314232252173,0.03219419188213115,0.909977208450831,0.036345114456672295,0.688165637114888,0.05315183526745029,1.5081724469049167,-0.3423992483079274,-0.19197489953701882,0.2602746626134067,0.3912068636082368,33.46878932214965,1,51,2.0
2.9469670057296753,0.08352781955528742,75.7115870924557,10.616441333834508,0.026322289534351406,0.8962985141574739,0.027585611916055866,0.6669866479763269,0.05185511912785325,1.4096229453063094,-0.3299332292091273,-0.20555924703323505,0.26296235067894996,0.3907678251201007,32.70624299783902,1,51,2.0
2.9477627055317748,0.08934631925824961,75.67929539960973,10.71529961350266,0.01135571151241368,0.8341008118357546,0.05938901394313457,0.6490636069696771,0.004010910789171855,1.3868573080624143,-0.3141893370453638,-0.2200213567019461,0.2713849409036661,0.3908733349010415,30.56959463034914,1,51,2.0
2.9477784411579955,0.08779858928632393,75.71280758988624,10.801615237774794,0.016112975484015895,0.8004185015768676,0.05056937659780184,0.6321702137000512,0.015283437628372042,1.3486740437433566,-0.30212598889659875,-0.23244062968972806,0.2843105723433053,0.39087542104874007,27.26312348305643,0,51,2.0
2.9486486888399313,0.07066596466467027,75.90702949785718,11.122407062278626,-0.004758415341961617,0.6220359327835169,0.06326980341006727,0.5227887749650656,-0.04404955693319732,1.0158108313867757,-0.29635075481445106,-0.24108630415941448,0.2931148755098505,0.3909908161204531,25.032797849770937,0,51,2.0
2.9488588665045943,0.057032973629799824,77.02150461720485,9.50511762385969,0.008063832553578358,0.5305771852873418,0.041393347961061144,0.46226788371606853,0.008063150971543556,0.8488235024658018,-0.29844757310095893,-0.2463941782737451,0.3022650845975413,0.39101868589464145,22.698046026632724,0,51,2.0
2.9493065569915022,0.03506154484822,78.40621667749741,6.902915281093201,0.013624853874538458,0.3986738157089082,0.04833486975700248,0.3626741109540165,0.03760965340131638,0.5560246545209409,-0.3056827004522779,-0.2536642410277778,0.3116494578139938,0.39107804945135605,20.310163597469288,0,51,2.0
2.9484363794326782,0.031176002267988282,79.08653782863243,5.0745730082197635,0.0229506678879261,0.34570376438813333,0.05383911853035291,0.35534250135459444,0.05259373605105223,0.4948306860682826,-0.3128523249995165,-0.26649415233839885,0.32020482597097455,0.3909626637295369,18.098361895628923,0,51,2.0
2.9526591943759546,0.026015076198481694,79.77139360764447,1.6164913025718506,0.015196961953359492,0.2795344232192176,0.06273672145371344,0.2777343492202712,0.028089673532282606,0.41667686921220715,-0.3159795296779056,-0.28727864086320193,0.332575053086359,0.3915226091792278,15.055977537655895,0,51,2.0
2.9576982002632293,0.02313860548223615,80.0,0.0,-0.0070714051743932796,0.24538273320943846,0.07286467534654281,0.23708877040440351,0.020293316018639828,0.4035138204218335,-0.31409527222754613,-0.31245655495742647,0.3441020793355239,0.3921907815537213,12.261558527124716,0,51,2.0
2.9627344830363405,0.023471176503165946,80.0,0.0,0.0013944015418197594,0.24979079551589797,0.06728965628380869,0.2398953195625543,0.00397201181918967,0.44106374114887087,-0.305801404272835,-0.3397465308217086,0.3551321604210099,0.39285859226219433,9.60305631192756,0,51,2.0
2.970981510246501,0.01477659194185719,80.0,0.0,-0.014749575077610858,0.1681792389408538,0.08027850442072924,0.15270219908793892,0.01755548020203908,0.33739042571111233,-0.29504893614271127,-0.36592501131658006,0.367157949159583,0.39395214825416813,6.801384181638781,0,51,2.0
2.9760706155907872,0.013586004272135176,80.0,0.0,-0.01863821526514549,0.1939688073712229,0.09058315840129759,0.1618763531677075,0.008270598582777322,0.3721195594699956,-0.2856626328206019,-0.3899221077112262,0.37296230730076047,0.3946269638167252,5.489907812286832,0,51,2.0
2.983723506039264,0.014166564493905909,80.0,0.0,-0.014112219652708839,0.19674175200530766,0.08942066585900736,0.1862293497324627,0.010948555799675923,0.4147300101545005,-0.27213063384734293,-0.41585027109636297,0.38402214136495794,0.39564173690004834,2.9368983227434087,0,51,2.0
2.9924892526046905,0.013881982862071023,80.0,0.0,-0.02962915694304541,0.1811615081145645,0.1050353244896613,0.17368448106567808,0.00041009054756632036,0.38106984767058627,-0.2540081176357689,-0.44578150311334697,0.39631248535942315,0.39680407470035284,0.12388717058938736,0,51,2.0
3.0007127909099354,0.017328752826501658,79.74578193589753,1.6414187501041901,-0.019356320082556968,0.18609968802328725,0.10845971973065067,0.20171526633316803,-0.008963184175538081,0.41687985801771293,-0.22712137864230342,-0.47720406483619826,0.41362105443091485,0.39789451607437354,-3.952439081518211,0,51,2.0
3.0097638029678193,0.017586282681440992,78.7979785601298,3.814688068870301,-0.0035864441272090465,0.20632448067495257,0.08004071523307585,0.3296014215439395,0.04247743388017019,0.49526548173237966,-0.18491584353133847,-0.5073206532270157,0.4364915112226016,0.3990946804683213,-9.37041573954247,0,51,2.0
3.019358291345484,0.017998255488236175,77.61214121650247,4.9816990561278764,0.005599416354123284,0.30073487015732564,0.062058875556377804,0.4861137635978069,0.03295381586341297,0.685977731099641,-0.1367449171347775,-0.5311204750516527,0.4574322586684421,0.4003669092332237,-14.253263224103364,0,51,2.0
3.028451970979279,0.018593083542497803,76.49222804985794,6.708112119181018,0.0038579830936357087,0.3121773190308483,0.09426419451540592,0.5835993560534557,-0.014026853968115413,0.8214863802890143,-0.08477286878887395,-0.5460981432896009,0.4803981764747668,0.4015727311510978,-19.629182762912677,0,51,2.0
3.0371078182669247,0.019910748776441695,72.81777221081303,12.64694716775515,0.017458821628607957,0.30512148180982346,0.06379212278361414,0.6486594231651821,0.012876970949126225,0.9043679787075244,-0.029504982051965743,-0.54897511373282,0.5033280128717267,0.40272049689509826,-24.981970560796896,0,51,2.0
3.04572285156624,0.016840553941017352,70.97219670052623,13.178377820845627,0.012937281353800905,0.2762661483612319,0.08325590514669232,0.6321196865655843,-0.026462719793997558,0.8769372056508654,0.016956259713617534,-0.5428571624225833,0.5241443893173144,0.40386285031069385,-29.78276880730362,0,51,2.0
3.0490821190908846,0.014431785368867777,67.09867251153086,14.53868053172597,-0.008169497637187733,0.20032792694036936,0.05565646867833886,0.582400048661098,-0.015448547096229066,0.7558529900824155,0.04777604924837762,-0.5310456474230567,0.5384808650792897,0.40430828878964015,-33.185710016313564,1,51,2.0
3.0496217187713173,0.01336156227629656,65.04493657280418,14.21838902033755,9.759676222707712e-05,0.2183469132255542,-0.034926373365463,0.6168279425914973,0.05045962472464524,0.7545842809838191,0.06112634028367897,-0.5103400084791226,0.5408707309750608,0.40437983990993365,-33.7531393987216,1,51,2.0
3.045070218104942,0.012452929017354418,65.9502636311101,11.818067751050188,-0.013771505478550406,0.23582678040891752,-0.0399066547991014,0.5813544014978373,0.011339429473760081,0.6706307361855874,0.05312007228133828,-0.4857349709823396,0.5288659900815026,0.4037763111216208,-30.979944963191187,1,51,2.0
3.033848417155883,0.024829110738892293,67.92380878037098,11.078225373620645,-0.09393673726156646,0.5767025912680747,-0.15943864316624753,0.5807696911927323,0.11403882286200921,0.7061242727220068,0.02724914811909093,-0.455515416709384,0.49780466964740194,0.402288299927534,-23.743263161537076,0,51,2.0
3.0208622842442754,0.031426215858283806,72.17749477835262,9.444674484341817,-0.022377925176246493,0.6636105175061895,-0.1431139871185901,0.5635135582060727,-0.007415719165959779,0.9014596684743841,-0.02302389433255717,-0.4108091663356671,0.44294669273848936,0.400566338701253,-10.58010869676298,0,51,2.0
3.006915649362639,0.03371277744330826,73.33095519682941,8.699561945411372,-0.05185249988354888,0.671268469770631,-0.14669124183117174,0.45014629193658606,-0.024752310805899257,0.8579403664770099,-0.08076037191209359,-0.36589771490818424,0.3932661301261311,0.3987170153065585,1.367106236044735,0,51,2.0
2.9940093434324453,0.028437316580990968,76.32000017166138,6.418715890912675,-0.05251952070815891,0.6775111011827217,-0.12336026731075025,0.4150659659835598,0.003450493839587651,0.8229228919978057,-0.13443962967864445,-0.32795568734442543,0.3501918821698801,0.39700563914191395,11.791710836454827,0,51,2.0
2.994556021456625,0.026655656185336194,74.87331600750194,7.850952237858711,0.015771755473870858,0.4647018248188122,-0.06288532036192276,0.34199674802554203,-0.12631211875408305,0.7617230111907021,-0.15770772721090545,-0.29711015641171434,0.3290846817677626,0.3970781282522429,17.123442881066374,0,51,2.0
3.0072969665714337,0.03339347625681695,73.81857994490979,8.25433065582744,0.012453049494355333,0.4943307496697791,0.03860202519332662,0.319215524302511,-0.025507000366262363,0.6540334463763943,-0.10655748389584044,-0.30089533107276206,0.34082700614150113,0.398767577780769,14.529910370777921,0,51,2.0
3.0242622681692537,0.03492629265294196,72.61825979457183,8.499023920954007,-0.004917645352143867,0.5369006266365953,0.08688345493054857,0.3431764315799038,0.012653684718351738,0.6988491188233401,-0.018784544956496247,-0.3017039103860588,0.35860512935321537,0.40101717696799827,10.57611744600343,0,51,2.0
3.0449940503812303,0.030906172834954032,69.12691637113983,10.362653657341848,0.055791792551092075,0.5763850137363495,0.10431417384568382,0.3813413007888294,0.013823716956026414,0.8692379366703494,0.11040673499784841,-0.28664054105888254,0.378310402853475,0.4037662110952704,6.304591008926441,0,51,2.0
3.0654047423718023,0.026222389790999192,67.79958223829082,11.77414037375947,0.1704853171227025,0.5387043479029755,0.14518133952629333,0.3360071150437036,5.952341883790259e-05,0.846131811925095,0.23756519505623694,-0.26511781347266117,0.4376413850773909,0.40647266865133963,-7.668096487143372,0,51,2.0
3.0750595039012385,0.028020979547286474,66.11347842683979,12.066069059092726,0.07241346730905421,0.5142238355327268,0.16064275545524617,0.4710864071104169,0.004454885956411268,0.8689543129144012,0.2938698215969689,-0.24371287162883098,0.4827422035410009,0.40775289022866745,-18.390872292843707,0,51,2.0
3.085748181623571,0.02627807923185975,65.90870537477382,12.231918028304758,0.10062695301923097,0.41423575555708064,0.13431740742103726,0.45818534909158365,0.033530769066191186,0.8016573910039154,0.32795654694348647,-0.2207698172001102,0.5327937492542767,0.40917020909300805,-30.21323092785768,1,51,2.0
3.0937329822895574,0.024388987229168074,66.84792105356853,12.484391151553751,0.04106316098249426,0.4251888712022459,0.1410901512147165,0.44281798678654327,0.004073752272947162,0.7887542165039602,0.3243574542330097,-0.19849546420799197,0.5797143553353278,0.41022899325892836,-41.3148180312608,1,51,2.0
3.0943794098554873,0.021974783577898015,65.7332631746928,12.052298270904112,-0.02555075262253191,0.42263157234734017,0.12646631180655724,0.47318660265104423,0.08393422167236898,0.8739561216916547,0.2997661807614137,-0.1678003761836411,0.5833924270661962,0.41031470975428097,-42.181699363292054,1,51,2.0
3.0941604574521384,0.014294437295173063,62.50286853079702,13.878266193095747,-0.024223273592617584,0.3519065123118476,0.07680379895164686,0.29631289020038526,0.05598585775085524,0.7587558556358752,0.29056763888658904,-0.10804036087437144,0.5781131524896266,0.4102856768657501,-40.90502912652041,1,51,2.0
3.0872524778048196,0.015255572433556306,58.975768986870264,13.520683245956382,-0.02924147260137925,0.33805738169644006,0.075237996894501,0.238754818693078,0.03559527778084956,0.6948091830512845,0.26214499475473607,-0.05721537517459443,0.5631340180978222,0.4093696785594124,-37.56124295270533,1,51,2.0
3.073654769682417,0.019557284991189156,58.70872341417799,12.507596301743797,-0.04710087392880928,0.24252148096957146,0.07216465555350571,0.19037524752585458,0.06067769775422765,0.5167393601829715,0.21656853442303656,-0.018719366443156096,0.5365210724162329,0.4075666222628528,-31.640090996022074,1,51,2.0
3.059204012739892,0.01801716530196751,62.769272074979895,14.275689646164567,-0.06072748058895562,0.19597559523831926,0.07213546819619689,0.1019820829449101,0.05164693549786713,0.3677372840450867,0.15962092832830854,0.005899931185000988,0.5096117695269273,0.40565045209079226,-25.62830064660364,0,51,2.0
3.044596943200803,0.024137107704531164,69.07285192901013,12.919049729767295,-0.04499491935997617,0.2282186939197288,0.07773582135582817,0.17326747056847294,0.054548200092041026,0.5836943363150874,0.09502385353159479,0.012475339452317364,0.4845320886311235,0.4037135548650591,-20.018781334473125,0,51,2.0
3.0281341671943665,0.023337225314523615,75.87205604478424,7.377046517126294,-0.03939442106467836,0.22746390086775445,0.08260156532439093,0.17102391981379073,0.06128913828847455,0.5844719365225399,0.028412065660016396,0.008413815149359271,0.4610962272297272,0.40153059037158756,-14.834644803280362,0,51,2.0
3.016457413434982,0.02247915178785905,78.7619873714447,5.360129648985762,-0.03493378402665257,0.22829168996440297,0.08610938907135278,0.1714884011404024,0.04969328781589866,0.585077564462702,-0.03403047918878937,-0.007831244561056752,0.4347913890932625,0.39213946394170807,-10.876723480678452,0,50,1.96
3.0058746559947145,0.018901578809531455,79.35571784599155,3.1903263026727804,-0.021112256263400995,0.2477386394457055,0.07138472700984601,0.16634842489076973,0.09529142415917971,0.5487578541162736,-0.07915503586997502,-0.03033126927188756,0.42596470821344834,0.39857897957478644,-6.870841173781339,0,51,2.0
3.000022430045932,0.01627177839916197,78.88678124371697,5.962170968955219,-0.02284314313574749,0.21369339818021435,0.08457208260455552,0.14967252074503132,0.040432550579163375,0.41473855666468873,-0.11235650445275232,-0.05766204721085045,0.41291862522190165,0.39780297441006723,-3.799783255580369,0,51,2.0
2.9968478492662016,0.016457004531033364,78.88678124371697,5.962170968955219,-0.02689680351200057,0.24238866131591932,0.055536452096466925,0.17228813618133598,0.01563876671899183,0.43744130294023764,-0.13097587225068227,-0.08729272899568706,0.3926114753322979,0.3973820246084916,1.2004944815744323,0,51,2.0
2.9921368465704075,0.017473549818247447,78.88678124371697,5.962170968955219,-0.01026766248704756,0.252608500827849,0.09104155621253977,0.1925436083537186,-0.0045948099965850515,0.46754853644356964,-0.14368594130861603,-0.11570929888066951,0.38496682257055914,0.39675734584512096,2.9717214811605275,0,51,2.0
2.991712065304027,0.028983302789626745,78.1863406125237,6.47035686171262,-0.017730648410232627,0.3807751742562121,0.09633020351768709,0.25223218301622635,-0.04199065478043813,0.673832459243034,-0.1479399662831539,-0.14338369011131444,0.3815228520297989,0.3967010200465151,3.8260975519892715,0,51,2.0
2.98771640366199,0.03200075064793875,78.20191378686943,6.379013685173694,-0.011189336249349164,0.41637619977515916,0.0901355254189933,0.2904076916818265,-0.0015713192120778794,0.7672222071385015,-0.14734964718446053,-0.16836604066966834,0.37662838381714425,0.396171194927494,4.932920757635195,0,51,2.0
2.9861062531377756,0.035244422768036014,78.20191378686943,6.379013685173694,-0.020774105673327166,0.4297138854875851,0.10020300272998273,0.30282951850263296,0.024523860501015887,0.8093817421031572,-0.14571722182192884,-0.19152537680683554,0.3825705307146639,0.39595768896655553,3.380956760009368,0,51,2.0
2.9840888135573445,0.03507917037207295,78.20191378686943,6.379013685173694,-0.023265440656127883,0.4218439415632494,0.07775372743387432,0.2937973574418213,0.02559508050919748,0.7883628902232589,-0.13726038446681818,-0.21232423959188934,0.3762338622265512,0.3956901768659377,4.917057783311729,0,51,2.0
2.9807287968841254,0.02674227455258945,79.23348585764568,5.420073479341368,-0.02218561111858078,0.28447225930407194,0.09017253464416546,0.2378841716010673,0.014936831670210642,0.5984292710349125,-0.12397093172981806,-0.22873565484229857,0.37311038623070897,0.39524463865215514,5.600139826545747,0,51,2.0
2.9860131623698214,0.05154611231755074,74.14288633009967,19.334186911813447,0.00959136642004345,0.6704368878801319,0.08174982447834576,0.40491996671226577,0.020204619942780805,1.1929698449470771,-0.09370471741314883,-0.24451498835803429,0.37773862217533627,0.39594534514591684,4.598291959682188,0,51,2.0
2.9837506717326594,0.05120486172582976,74.14288633009967,19.33418691181345,-0.0023369607059102434,0.6634562552957842,0.07387511782786425,0.4138357292802014,-0.005247300399430827,1.1818316341842972,-0.06102246089370582,-0.2486922403114775,0.3744767962403679,0.39564533908374533,5.350383475362197,0,51,2.0
2.987613647591834,0.05093204839088659,74.14288633009967,19.334186911813447,0.011707141155413553,0.6631874890500207,0.0654277021759281,0.41351655889719385,0.0011829629942190414,1.1802735269899745,-0.024074357079944778,-0.24189930305483912,0.3825931111657065,0.39615756987625744,3.4240059365236664,0,51,2.0
2.99018646922766,0.0484373293892029,74.14288633009967,19.334186911813447,0.013175314255789215,0.6518988837348262,0.04915777845856022,0.398807534159242,0.024896159695059646,1.1531162248312647,0.006180897865557939,-0.22383660220684257,0.39057039071021693,0.3964987258347007,1.4951712926702498,0,51,2.0
2.9895952729617847,0.01574710758884818,80.0,0.0,0.0019119483071799372,0.13989287966684874,0.051758166804325344,0.1518348219032411,-0.005269921932588606,0.26309762636444883,0.02242790619109938,-0.19302805974707002,0.3963685644838848,0.3964203329960361,0.013058995173131915,0,51,2.0
2.9980426091773835,0.006546343031628974,80.0,0.0,0.01033652855046824,0.0752906158329817,0.06471573422644653,0.052414085538636836,-0.005760986741413088,0.11858990692092107,0.03844495642884462,-0.16114913991714602,0.4116201803004983,0.3975404499777515,-3.5417101136588247,0,51,2.0
3.0106970901582755,0.048618224634641785,69.01281253029319,26.168733577502678,0.007679247826922173,0.600398083567179,0.05607044346192304,0.15483703816912925,-0.09268201801779807,2.7693107105581274,0.05384076492884365,-0.12415721349097009,0.4372618703901622,0.3992184343513134,-9.52947879289825,0,51,2.0
3.0160084355111216,0.06291950755263359,59.24326961180743,33.674679679338354,-0.015197633564764378,0.7019659497833709,0.10417286182443301,0.30025174775783514,-0.11514275225208086,3.3733616345757347,0.06263907775230655,-0.0891074890635467,0.4484740491741851,0.39992271837023163,-12.140178232887155,0,51,2.0
3.0049025953984727,0.08886298679459063,54.176006471409515,35.7770307104269,-0.034786226702671424,0.8019561453811918,0.053533829748630524,0.4593105802196679,0.0747699039604734,3.8870550079232293,0.058560431957779324,-0.056704889366278786,0.43441905026027056,0.3984500841415254,-9.027220108697321,0,51,2.0
3.0059435063717412,0.0943704396569199,51.28621471161936,35.566724520120275,-0.04418538375666328,0.9716387685070356,0.004142237790659362,0.5467141688073968,-0.009051654706983006,4.011395246124194,0.05575359202628335,-0.020320004696672805,0.41212508539692905,0.3985881091347006,-3.3962318373260025,0,51,2.0
2.994993618890351,0.09571332112323733,55.39295883739696,34.29810844834598,-0.08165026569337237,1.0274204674568792,-0.03217250992562257,0.7075701104789762,0.23801925208638697,3.4390492627410505,0.056410977040085686,-0.0017960458214098082,0.3802994936194007,0.397136153835977,4.2395183752346295,0,51,2.0
2.9940069066543207,0.08441114734116902,61.36253055871702,28.787571272110434,-0.06100458509343512,1.0199125570408043,-0.053447063354884874,0.6594045882748829,-0.03742237915011013,2.7825382530460185,0.058143463499391285,0.009142200490920956,0.36338602610592596,0.39700531559466445,8.468221499347173,0,51,2.0
2.9993718850846385,0.06832700821052984,61.666788372338985,25.617020047574766,0.01988217260177229,1.2096704184635034,-0.04070181479933215,0.6537861481304293,-0.04517734657023467,2.4120225171583702,0.06653323305623818,0.015754925858454664,0.3567775679959653,0.39771671194148694,10.293543800478954,0,51,2.0
2.9871978718860475,0.06619434024390052,63.906916057362274,24.492405514225073,-0.04345389433643397,1.1514082288742407,-0.028122797224889782,0.6034051323187057,0.07860252253857314,2.258236943469682,0.06558590829502284,0.007710820977100663,0.3495616438151234,0.3961024379688786,11.749686367093727,0,51,2.0
2.9834769917469397,0.059081583778087254,61.22015540740069,26.876187280313186,-0.021758534306404637,1.0768683230216802,-0.06522474487257354,0.442689431226074,-0.035479909064722995,2.0718735236075814,0.04581779580664202,0.007464088348140249,0.333256797329354,0.39560904889891135,15.761078201598478,0,51,2.0
2.974988614811617,0.06419872148551879,59.15628136840521,29.48091683758647,-0.018008677471502154,1.0606134628745452,-0.06279240261909425,0.4910369026116353,0.019720204028428768,2.185668400024753,0.0232590053030926,0.009850821099043111,0.3046467063222035,0.3944834903266235,22.77326838951794,0,51,2.0
2.9727356141688777,0.07312008980191399,54.789745190564325,32.96085179809563,-0.05357669374229861,1.2533625242106936,-0.07943205592021638,0.5386994885915124,-0.015930816165956797,2.7402083285280776,-0.0027590566651740176,0.006808086784525679,0.279107676599703,0.3941847426368073,29.19368853987676,0,51,2.0
2.9669840516997317,0.07397728516768866,55.76429042629167,32.10297478001057,-0.0678672193750447,1.2357395220769702,-0.06318704279906609,0.5670753527396024,0.0892759782864767,2.746018589317233,-0.026975879383266704,0.0053714050140973345,0.2413462309288161,0.393422085288072,38.65463075055959,1,51,2.0
2.968079991200391,0.07243246630503528,57.88327774814531,28.790050238309064,-0.05974640397756707,1.443964109007665,-0.04405485232378922,0.6090547877067419,-0.031241080486306957,2.6635924347345896,-0.045929988206693376,-0.0010700428259335561,0.20568955942354117,0.3935674066625521,47.73714592684727,1,51,2.0
2.9679873574013804,0.07431381312451195,59.10283608062595,27.935060031713128,-0.05695806450995745,1.4946595182156022,-0.003445784250895182,0.6074506660602178,0.058661479868140874,2.7203224995764987,-0.05741455623117774,-0.011153039861249993,0.1871966833055962,0.3935551235877706,52.43444384637833,1,51,2.0
2.961613877146852,0.0707818089927089,62.24068464017382,23.18367407593522,-0.031205536030671176,1.3579470798741513,-0.0017672943718293134,0.5845995980349947,0.00651572001915352,2.1842341361669018,-0.06916134250997669,-0.015795943773171013,0.15683252511870782,0.3927100002880606,60.06403580156654,2,51,2.0
2.959884184248307,0.07039975004906202,61.496523838417204,21.700604072689135,-0.04493255204721993,1.4088185731172258,0.015573185987259243,0.5930961585911838,-0.006400585466740178,2.1580847536476644,-0.07877546793806428,-0.021325840750142197,0.14652620496331356,0.3924806426281943,62.66664159992188,2,51,2.0
2.957429660009403,0.07428650793870631,63.7087024567174,18.84746227247364,-0.06291880195631701,1.4776050112217682,0.04138829897833513,0.6376585543512489,-0.03284459108231114,2.160659185712595,-0.08857278818802905,-0.026660216302268,0.13273790202512803,0.3921551727138308,66.15168911159782,2,51,2.0
2.957318053233857,0.07166652377014321,64.74649953374676,15.046845031802016,0.02386439803476427,1.517024182297006,0.017895403619417372,0.6552441565273619,0.015139397215463367,2.122716211311088,-0.09139968228572429,-0.030103092325818363,0.12414576462537899,0.3921403740584106,68.3414989024091,2,51,2.0
2.9575596501429877,0.07908380868345438,65.09381292848026,14.743237886122479,-0.011803430596403047,1.6965218922330192,0.03765491442754865,0.6855640319363902,-0.02034903735871993,2.2176939421177595,-0.0960440813950266,-0.03692867811733082,0.12697027490961513,0.39217240983629054,67.62386345265392,2,51,2.0
2.9600185339941696,0.07871074599745785,64.35777366395091,15.492107736043325,0.03765742955546753,1.7522774198130497,0.042196119133401294,0.7322130257984807,-0.002582611351767007,2.3212993066866368,-0.09564406858291567,-0.043323732009081725,0.13351414131253875,0.39249845745321976,65.98352457768533,2,51,2.0
2.9514066027659998,0.09559322974848565,61.19427118114397,21.76401228997878,0.03491486382542872,1.7367122160453643,-0.008941501048028324,0.6698781958809565,0.019471496690575983,2.400336510866545,-0.08589188608048416,-0.053193139295348135,0.15263208961134067,0.391356515575774,60.99922103333726,2,51,2.0
2.943190458942862,0.11057351841932586,60.6530636806114,26.29575386037957,-0.052774328811495914,1.8128245080059067,0.018616189671150755,0.5879502219069239,-0.0627374204934812,2.5369729396687464,-0.08429514821759922,-0.06997219451803204,0.17506831604785186,0.3902670550900368,55.14140541341297,1,51,2.0
2.9368215261721144,0.1281647673133658,59.88894648645439,30.171026066423074,-0.0009467349588578823,1.8468047537607961,-0.008060427380305733,0.4867093645834349,-0.02829793533858131,2.77952694677263,-0.07702360093092257,-0.08190334654938135,0.1969238252776611,0.3894225343867039,49.43183614482051,1,51,2.0
2.9343942018116222,0.13099543001167677,58.94099120532765,31.969411106648707,0.017859044557839047,1.8504144467043613,0.003006578149164424,0.5813216134052646,-0.0027363078266966576,2.973037319989263,-0.06754437496801369,-0.0868321536197331,0.21703100274673423,0.3856990081734608,43.73047424349905,1,51,2.0
2.937166590316623,0.1286111805305393,61.39764104169958,29.650842304693324,-0.029506139950278926,1.6371248508472294,0.015507802787218607,0.5870055285812206,-0.016522171888865678,2.6798208879181193,-0.06382009273215598,-0.08121779473231726,0.20482582171866462,0.38606662708449335,46.945473307166466,1,51,2.0
2.9447443847562753,0.11966031067792406,61.70415659511791,25.99106452686315,-0.029647627644533037,1.3932453237235503,0.02510727297368587,0.6406345679343802,-0.0039471361566992364,2.415455164014545,-0.0562503534021674,-0.06580296769788326,0.18963829445631242,0.38707144277237227,51.006901181331976,1,51,2.0
2.9456278635006323,0.10876864719172069,59.0499755634981,24.200265839397307,-0.03691134338869768,1.2557000274582342,0.008050043154142652,0.7005222647326815,0.05744441262647217,2.119295629291019,-0.047485657174757785,-0.05163910509971305,0.1704680625611843,0.3871885916884985,55.972860197717424,1,51,2.0
2.948468543735205,0.11349035206080874,56.67484969718784,25.408363729992413,0.005188597329691344,1.3472497272847574,-0.022203493918127874,0.639175250945183,-0.003344281923537161,2.071101606386408,-0.04015516890949443,-0.0445596230443558,0.16565712694797796,0.390966928893949,57.62886456493281,1,51,2.0
2.949445747861675,0.1030845608119123,58.88048053255268,24.274852252695805,0.026978974467983433,1.5381514039087734,-0.006626576870022451,0.6374306541320113,0.05048531542221705,2.147878837860384,-0.03614062591351106,-0.041171347599448085,0.17353954485563047,0.3910965063574702,55.627436697935686,1,51,2.0
2.9393113606116352,0.11590125611325824,59.75165237164965,25.464159623971288,0.03823284446900966,1.5529071365615954,0.0021449222740735495,0.5875684094610469,0.07535339263724346,2.243793817297223,-0.03641124834127051,-0.04282785670926079,0.18817531558747858,0.38975268647648204,51.71930249188078,1,51,2.0
2.9488293879172383,0.10996555343458021,58.81196813957364,25.96993078540225,-0.11846242910798858,1.3859269046855167,0.021106329189576938,0.5350383517924607,-0.1692470234690928,2.1289213876272917,-0.042866924015506125,-0.042098137774057305,0.19031932115638037,0.3910147767199811,51.3268212641809,1,51,2.0
2.9289288205258988,0.12201030118474897,62.840065479278564,22.167751887860092,0.024031040496101566,1.5040508620095305,-0.003569176959275615,0.4422848411674048,0.09471109231897429,2.0164934193231145,-0.047924172061306204,-0.031216350652677083,0.19276708947471433,0.38837596165360944,50.3658546080042,1,51,2.0
2.9404290727540556,0.13863429161806573,52.852003265829644,29.541532921775644,-0.07383587006844726,1.7277604592021163,0.022213220925015563,0.35378589909331354,-0.1419746845084078,2.5400463093487033,-0.04989641946998326,-0.0253677440483968,0.21034080291400084,0.3899008952991376,46.05275200698774,1,51,2.0
2.946825709997439,0.1295470139450972,55.42585748784683,28.981164059906565,-0.027178218405620725,2.0217888588958686,-0.011831371040613043,0.42842844105962796,0.04726215817180334,2.773585752679033,-0.04901776044836236,-0.007356912416743324,0.21265976787534838,0.3907490889879188,45.57638805347967,1,51,2.0
2.9437527972109176,0.13511659247276972,57.12288221658445,29.56522082186712,0.09500434103549696,2.094929360609084,-0.01682611500077388,0.45257340641929794,0.14437215351590924,2.995249939291073,-0.04637712036700151,0.004326366080100368,0.21547730584293592,0.3903416209228355,44.7977632173812,1,51,2.0
2.960126180274814,0.11837362622533794,56.01031050027586,32.500939687496476,-0.07703872901551864,1.9812414667390346,0.03292285698447742,0.42770964981705606,-0.06632411889001436,2.9393443395211554,-0.05499680132653303,0.0042869680334749515,0.21358741563685926,0.39251273169075307,45.58458913757293,1,51,2.0
2.954661633454117,0.1201617811864308,59.660520993027035,31.137396767152826,0.09356249678953021,2.182716265857574,-0.0002605907034640219,0.41746595972357636,0.18594388576114879,3.1368997182743388,-0.06042995444815096,0.007702886192991998,0.21389172619022342,0.3917881326050448,45.40627742651813,1,51,2.0
2.965556924249612,0.1136353919154917,57.06399466009701,32.062346865442436,-0.002826903818869123,2.0669810641887403,0.027375697578285254,0.37715327388233,0.026825769567022137,2.9726580759705756,-0.06917235074982218,0.009760390023752707,0.2284813107818416,0.39323284796436053,41.89668742969577,1,51,2.0
2.9535613235305336,0.11694018147376767,58.546683554555855,31.237446183511345,0.0031325540633178224,1.958988736990335,0.020841808660941964,0.3570104609166368,0.015119353345796173,2.696493030295387,-0.07412019280623772,0.019297238162064058,0.22121683122790997,0.391642231518851,43.51558299267272,1,51,2.0
2.9564421831392775,0.1140297566523779,61.05664760926191,27.03307162819512,-0.1164767378758566,1.9490653252236934,0.0015794798439624264,0.42755051285879336,-0.09410517129535768,2.5257671348270043,-0.07502776272306406,0.03152571855986235,0.22155093384907057,0.3920242336858605,43.485398398455835,1,51,2.0
2.9488404358134552,0.10300835363826016,63.92696722816019,24.4313859862037,-0.0523424599611876,1.4791639212551062,0.004531092211311939,0.47112683016012885,-0.1291591368031268,1.924931591457702,-0.07539723476767218,0.03653762976389007,0.20713962394152557,0.3910162415706949,47.02531457275153,1,51,2.0
2.940808736810497,0.11379741810454166,59.817968836017684,29.820878133787055,0.06326388240810119,1.3454674584759823,0.012055371559279807,0.5533088040046688,0.0703668812764626,2.4926495571619713,-0.06210013221422258,0.029828763535032256,0.2277397714823012,0.3899512384726203,41.59788480879732,1,51,2.0
2.9523034680123423,0.11348209182422478,57.92698068244785,32.19181500207119,0.04248620582488822,1.371908392561373,0.01825613999629722,0.5471517249319973,0.039628230984888824,2.7871733420935674,-0.051683508114106866,0.024398914781664154,0.2574048285941572,0.39147544002836837,34.24751535485744,1,51,2.0
2.9685834774784015,0.10837576322192798,52.28684735765644,34.116248724047665,-0.060885583717083816,1.102426010585134,0.04383810299138228,0.5075477158784757,-0.1841672921881956,2.788996066500369,-0.040682393536855876,0.023237742408000316,0.2761125272102692,0.39363416909895216,29.855548911746087,0,51,2.0
2.9599371014856826,0.12171467700900887,54.52992041905721,31.7841477153251,0.1044101127898138,1.62327198392941,-0.0005963141938634947,0.6417596625539405,0.2597441153199065,3.3841716904957315,-0.0276259045623979,0.03448906633366208,0.2931795917592574,0.3924876594768821,25.302214049222616,0,51,2.0
2.972166673809874,0.11450805100469494,54.47745902865541,30.524843735949784,-0.03365826487139452,1.5058595609597998,0.04392745742099542,0.5985674557486317,-0.051933345257067214,3.217393671438302,-0.024577895285218487,0.05109551478055709,0.30066967865135424,0.3941093009779317,23.70906296672497,0,51,2.0
2.984392666349224,0.10571240956617262,55.94428681392296,27.15942113669466,0.011668316654714883,1.53222917853237,0.019746722799598004,0.608806352968874,0.018693609272732455,3.0591036884624456,-0.019324434426269927,0.0642249246086677,0.2950486845573086,0.39573046759045516,25.44200946825833,0,51,2.0
2.9845164359784593,0.09943690688502782,58.91285818698359,28.671659371913044,0.025315107576841234,1.3825637830564896,0.04508173385379361,0.5373459162686365,0.08314675180351033,3.139908709599761,-0.01651284169365057,0.06666816952664274,0.3131878049337105,0.3957468794563221,20.8615857277337,0,51,2.0
2.98721111536026,0.12158894531135155,55.18439005851746,32.74828517430046,0.01569527117535472,1.1810019263445586,0.02292224943637848,0.3892536334411918,-0.06409979313611984,3.4172584243837196,-0.009261507241374915,0.06318250121833563,0.32541699475945657,0.3883374452405848,16.20251954898334,0,50,1.96
2.990809888231988,0.1288696635266286,52.890864456401154,34.22758096524746,0.05463051553085154,1.1596225714272235,0.010018487588739862,0.3207451283094503,-0.07940524115281947,4.0540966182399325,0.0012746929495279099,0.0626860172951658,0.3654034599687092,0.3965813910206651,7.861672725418234,0,51,2.0
2.9841769209095075,0.13398118935631254,51.168696627897376,36.42373664126524,0.010790522794659231,1.2126813358688788,0.01371140660279814,0.33184749950114806,-0.03041084373698515,4.21833021962872,0.0053907733355388655,0.0657544566738361,0.3887060529272618,0.39570185975030536,1.7679489369744283,0,51,2.0
2.991306096899743,0.12349381055784703,50.959544350119195,33.47405318790138,-0.0025975171330512737,1.1193628889557359,0.02251420735253715,0.4265469581128522,-0.1223341396041945,3.992629168632343,0.013653138786983042,0.07716971810488084,0.38912506565113475,0.39664718866572846,1.8964266556123044,0,51,2.0
2.9928104795661628,0.1123108478014463,55.16218474332024,31.44696393458813,0.0557885892762273,1.1155783973126034,0.04250284389355311,0.49906218522127105,-0.03127070793918535,3.666365323168241,0.014707999307134033,0.08532661743931434,0.39345062396129654,0.39684666935943985,0.8557575659195904,0,51,2.0
2.9867592863008086,0.10830565715705351,65.49546059440164,24.6905619721044,0.09596857147327825,1.0763691066848242,0.07128951851022887,0.5006279561578907,0.11580626191753968,2.7395877949239074,0.01440887096132051,0.10115356289564223,0.3839329293554648,0.3960442813394986,3.058080258871776,0,51,2.0
3.0039724356987896,0.09744678504800731,70.3779990158829,20.87551604767478,0.09121830732214685,1.013786548663182,0.051400936117359235,0.48666291083072405,-0.03664492779210502,2.552428269921631,0.02474533008641193,0.11505914256696528,0.4003854003325121,0.3983267451356549,-0.5168257522241149,0,51,2.0
3.01012748596715,0.09979446921901558,76.19330921360091,11.812457740524206,0.11943486895339162,0.9476497862749871,0.07750982279871024,0.4409573164830876,0.05458818777811294,2.5403838789149584,0.029194671938163913,0.12682306827089262,0.4211145463865842,0.39914290441200556,-5.504705640939811,0,51,2.0
3.0138707885555194,0.08758486815079757,77.89896811690986,4.37960523299202,0.02646795448427107,0.9869375569606034,0.0645739192179605,0.40901395564741044,0.17749422693661615,2.4446846906506363,0.027980885258479866,0.14296875948792523,0.42681718215036407,0.3996392665337422,-6.800611924936351,0,51,2.0
3.0258424352197086,0.07574955764020558,76.60264118044984,5.352736599769841,0.020688159646941165,0.9346072593288447,0.06183864044792512,0.36588794711362793,0.01987359687393787,2.4490979602731735,0.026572429321042625,0.14840951844173336,0.43215396854626786,0.4012267068471121,-7.708176243347786,0,51,2.0
3.024024381357081,0.07458070161266243,76.48945662554573,5.397660608118821,0.04139653344949087,0.9027450206010246,0.06897697992184583,0.30903468557390157,0.09692831541977677,2.4566793623372525,0.017330101865518522,0.15354001905287817,0.4347091652140287,0.40098563273546345,-8.410159797623763,0,51,2.0
3.0217376994151697,0.07053699406885584,77.41465858384674,4.535105484472872,0.0016827901788786345,0.9243992629493327,0.08062924970598782,0.27928055749358394,0.053723783761847256,2.2095336989028884,0.0010000035071970389,0.1586904136377638,0.42480954180082675,0.4006824191009019,-6.021507695312445,0,51,2.0
3.02267336027295,0.05475097986168932,77.8900016522875,4.460127110675376,0.045403163934893465,0.616022751983888,0.07948426975339067,0.1932593850342898,-0.06596522471484016,1.7868571821517858,-0.028310524744177307,0.16631945061366676,0.422358562471277,0.40080648756528475,-5.377177160207958,0,51,2.0
3.013546995088166,0.03519616623635132,79.33564010320926,2.6420719551405534,0.026384077788166264,0.41565363742310085,0.07114867036979572,0.18929614465752562,0.02848308109769634,1.2845123967741032,-0.07513699637157506,0.17569945635786677,0.4161463816279797,0.39959633155587465,-4.141692194136382,0,51,2.0
3.006495362403346,0.02405348180049409,79.51857217152913,2.40824759226094,0.010543272962939798,0.26437060497129206,0.07209137108578693,0.15454188621773768,-0.030698201162557975,0.7718313474449228,-0.13530732363950068,0.17976392626325732,0.4031952868549539,0.39866128524343325,-1.1373067261226666,0,51,2.0
2.995615866838717,0.01643597750278763,80.0,0.0,-0.017572439581557523,0.15285296480852603,0.06413684030264324,0.10494767497847683,0.03260692366051907,0.5122951046244327,-0.20098360674147991,0.176377825925885,0.3901950291390379,0.3972186637466354,1.768203573656213,0,51,2.0
2.986301191881591,0.013604936480734136,80.0,0.0,-0.02337863582515103,0.15966829406281097,0.05933098043041194,0.06570111469312538,0.0026808189337744434,0.3333587112195324,-0.25433261147186875,0.16158451529245477,0.3737676086291489,0.39598353804208064,5.610316409307625,0,51,2.0
2.979061569653305,0.014339678984693271,80.0,0.0,-0.012068419552901211,0.160110717350873,0.05807304495543826,0.06432224014865216,-0.016333387215055672,0.33572528461856954,-0.2757159398053699,0.13905577830233085,0.3622871431422921,0.39502356432832225,8.28720718008139,0,51,2.0
2.9780381567337932,0.014639095202669846,80.0,0.0,0.013868423726628809,0.1581152351885153,0.06396454284150227,0.11021174930267437,-0.038006428957862014,0.34631565120987895,-0.25397203019440534,0.11183073132061738,0.36139017806145723,0.39488785938889187,8.482833931454348,0,51,2.0
2.9866616609049776,0.0235281916860807,78.96480569652482,4.617753572334566,0.03396996410161841,0.13500416211804891,0.06636352512035884,0.11358474828195822,-0.055470538343869,0.3802820713770167,-0.18816896357099305,0.08505936708797937,0.37593130840256683,0.3960313362379208,5.075362981700682,0,51,2.0
3.007405016936508,0.0342508034320276,76.11726416793525,7.480539742683194,0.06835967075883173,0.1132223592390864,0.060672449459340055,0.12684293526396268,-0.0685014282809753,0.4033306129294002,-0.08940119710998974,0.06190880640663999,0.40629507355402256,0.39878190543926145,-1.884029343429039,0,51,2.0
3.0364436530599406,0.03838590649563637,69.78259669098199,13.005040469584612,0.08164436669618476,0.10914953630518527,0.06983735649755188,0.13379900380218848,-0.11493395962843708,0.4009490576587263,0.030288540176707,0.048418240044837677,0.4487615251641487,0.4026324281977734,-11.456875734737547,0,51,2.0
3.066720899413614,0.037782454604713085,68.96957312378228,12.649572717330841,0.09680386866424598,0.13101941946757836,0.055048868827083534,0.1055928089396837,-0.09671380049457737,0.42933794236284945,0.14817550867171617,0.05392576440388061,0.49721590178504826,0.40664719126529286,-22.272061006482936,0,51,2.0
3.087011580373727,0.02339367712747369,68.77515330034144,12.168324303958078,0.04218582001825174,0.17615754888349364,0.049458352848887444,0.10053180980521828,-0.005038532665839382,0.4210448424916687,0.23498444156411166,0.07311579376212901,0.5391151060637078,0.4093377355571887,-31.704228375101252,1,51,2.0
3.0904637306344274,0.019374618755376875,65.17075472252041,15.211001672935067,0.006468318804514175,0.17030529194514585,0.0509812723406974,0.0794277083145643,-0.010887920454728837,0.4046968973700533,0.26199730016608064,0.09783563748088354,0.5484696059241355,0.40979549068444854,-33.83983435446562,1,51,2.0
3.0791713104528537,0.02892716664951361,68.41108897153069,13.02653007963626,-0.03559573042188205,0.16687031872684688,0.053001843045885656,0.06876154366396485,0.033119195506122766,0.3656646124338089,0.22402333508758493,0.12745425666224391,0.5359529134279059,0.4082981159679297,-31.26509588645836,1,51,2.0
3.0517214349671904,0.03668465619783738,69.22916219748703,13.403950005368548,-0.09374071968098481,0.12299512323176512,0.06679320950791531,0.0769630966609367,0.07301166469194725,0.3082738305931903,0.13876404351207663,0.1501680689016746,0.49206508954579675,0.4046582620810599,-21.6001588637347,0,51,2.0
3.0246847342042362,0.03277117904950111,70.64042865528779,13.72105953080685,-0.06160551398152522,0.08238346586647462,0.06854325726025683,0.07675290581461788,0.013238919533643067,0.23361864875346047,0.03991388847511365,0.17470029369388673,0.43986514170747076,0.4010731957532305,-9.672036517271486,0,51,2.0
3.003845605195737,0.032347037377373454,74.94010825250663,13.34782006707486,-0.06402202922960415,0.23536243981489782,0.0480124852483106,0.1718398308904052,-0.01303645373121196,0.5520781409037532,-0.049074375689677756,0.20475616992429427,0.4002542417152516,0.3983099274335673,-0.48814105493479865,0,51,2.0
2.982778431153765,0.028995666041077593,77.65823177262848,12.257613002980431,-0.061875480437176486,0.39232927083304087,0.045520152837293694,0.20141413625361332,0.04695834447721056,0.8592029554090833,-0.12811580720135987,0.2331018434588441,0.3553800678601527,0.39551641976693613,10.147834552718283,0,51,2.0
2.9703262389874925,0.029953693069662137,77.65823177262848,12.257613002980431,-0.04473476280805235,0.44864362500554783,0.030069722570296303,0.19855159179143123,0.0171046339011952,0.8809566921464179,-0.1901353403744192,0.2588573457299678,0.3225772433066999,0.3938652592765392,18.099594795637163,0,51,2.0
2.9615063959476995,0.03288363678558243,77.65823177262848,12.257613002980431,-0.022273148245671216,0.5097401054575409,0.03015646491857136,0.20066620013386297,0.006179938932844237,0.9554602112599297,-0.23855932351374087,0.27915818048927077,0.30464661865483617,0.3926957482858783,22.421717071136527,0,51,2.0
2.9559508281595566,0.022869063248612716,80.0,0.0,-0.01864512374295908,0.4497903587572923,0.040916545572234134,0.1310642668538841,-0.025266885465266658,0.5924190762691045,-0.26938858006745325,0.2946498695926975,0.2977258211890233,0.3919590796277802,24.04160621262926,0,51,2.0
2.9581816722364986,0.024839747770907965,80.0,0.0,-0.007941350267798292,0.39565936586908274,0.044221953141923044,0.10079230932787679,-0.037166472451359615,0.5897326625922631,-0.28222819616242745,0.2977681255948095,0.2988193494804729,0.39225488974364175,23.820108482072378,0,51,2.0
2.960415960526934,0.02506489767813597,80.0,0.0,0.008364726588422177,0.4035898427112745,0.06408701588710149,0.11134765476602215,-0.0020998142951843784,0.6664113961194736,-0.2913094608245333,0.2929817065719952,0.3001115832246076,0.3925511565611212,23.548414465598576,0,51,2.0
2.9609612004429686,0.02074194575027811,80.0,0.0,0.021664594318352492,0.3698004533209902,0.07312384057863086,0.11557403033678587,0.027497392732138727,0.6006584292472781,-0.3034194465213645,0.2800197808719425,0.2955006380944292,0.39262345499183865,24.736886108708987,0,51,2.0
2.961189430133969,0.018956117980565602,79.87173394595875,0.9069779660860479,0.008249796488705803,0.3995963773468922,0.07470052886535139,0.13229817466223598,0.002121628207318923,0.608192987186423,-0.3202020341106808,0.25680370384719603,0.282421279168675,0.3926537184382311,28.07370313669828,0,51,2.0
2.9595538167392506,0.0165413052379406,79.78264917111865,1.09387420725304,0.02380923733261286,0.3596151642425659,0.06514609984907449,0.12444774808652019,0.031763500880961325,0.5116925804910596,-0.34214601254222526,0.23056922547874145,0.2802455864699941,0.39243683610013036,28.588358510135027,0,51,2.0
2.955980960060568,0.013812746179260331,79.78264917111865,1.09387420725304,-0.018013159050514885,0.2709625048081068,0.03650905270421622,0.11411867535892121,-0.017233890207374796,0.37045440726077494,-0.3685204906701785,0.19838309979021138,0.2680016739915063,0.3919630753044616,31.625785468865132,1,51,2.0
2.9528405900095023,0.013662001178191337,79.78264917111865,1.09387420725304,-0.024943922536776346,0.2767435172566838,0.022412988357245922,0.10223907035163973,0.0006022535848851298,0.3680407434855517,-0.3940178642911782,0.16532732820898186,0.25362883676904824,0.3915466624282242,35.22385424098927,1,51,2.0
2.953858519301695,0.016934526294594566,79.54563888848996,2.646330259350154,-0.028108700178563595,0.2531181376738368,0.016955724515605206,0.08735798167860157,0.007695511093034464,0.41481705265273994,-0.41928713757746905,0.13544725674544733,0.23974016233306025,0.39168163946658546,38.79208566948602,1,51,2.0
2.9617378793510736,0.026945363582260094,79.60342033236634,2.5879463481496594,-0.027158249589596308,0.3303116071587175,0.02108194801372056,0.11464912896210451,0.004278080757049953,0.4890075946664392,-0.44658548223787775,0.10765734920277555,0.2382018319821889,0.39272644280272007,39.346627570518386,1,51,2.0
2.9666444063186646,0.028313750417465585,79.60342033236634,2.5879463481496594,-0.01709439594517736,0.3556831434765803,0.0017123613871780096,0.13989878935575678,0.022872731710473698,0.4913304657668105,-0.4684361212790108,0.08399967287784676,0.22876296855703934,0.3933770484729501,41.846386451605646,1,51,2.0
2.971224339569316,0.028447188968298887,79.60342033236634,2.587946348149659,-0.02185951180610002,0.4398683807316919,-0.019936878416760295,0.1629150957843306,0.009976399697217286,0.5070438036536897,-0.48520390681094866,0.06658171544006429,0.21453067258663014,0.39398434723205744,45.548427470832685,1,51,2.0
2.9621232829841913,0.030385391724073615,79.96869666903626,0.2213479759818253,-0.05885256023383608,0.42520459672414757,-0.04608509846616025,0.1444240989205168,-0.028058172440996357,0.4218836974328612,-0.48996092098061433,0.05164342633768062,0.20135121451702276,0.39277754731773573,48.73657725803239,1,51,2.0
2.9506503390330896,0.02506848040130345,80.0,0.0,-0.005551195173871284,0.3871413424724365,-0.05879851149431631,0.1535395413931127,0.011808313429355621,0.3659466577970117,-0.47685440054184003,0.04747335419442674,0.19037998885202634,0.39125623514502583,51.34135337639827,1,51,2.0
2.944752311005312,0.017248049803933237,80.0,0.0,-0.01597168574146196,0.36446512295129246,-0.030330895172322497,0.175858201800927,-0.00795749720989489,0.3245219377519929,-0.448567235806174,0.051549710057168185,0.1937913954990248,0.3904741562439453,50.3702377224793,1,51,2.0
2.9416962499712027,0.013520060527684908,80.0,0.0,0.03377793802350175,0.2530278445042244,-0.009131260617983108,0.1560126852754107,-0.00995364551450692,0.3155076804619945,-0.4057534368144133,0.05487873496307135,0.20929839315362447,0.39006892274890453,46.343227838134084,1,51,2.0
2.9486170037119996,0.013285490191907771,80.0,0.0,0.048996598112816904,0.2566653714651295,0.0038257131681722753,0.15385646892163257,-0.019147277097491658,0.3230085567310451,-0.35845318589086944,0.060425609572600174,0.23969098510470768,0.3909866146920357,38.69585911694124,1,51,2.0
2.9597197034779716,0.0187719488283355,80.0,0.0,0.061093155952060926,0.25410032549661415,0.03130256954361411,0.12970294218355075,-0.07112755129734676,0.3336963160201501,-0.3063202955366405,0.06384231373557071,0.27392813760661333,0.3924588326849598,30.202070945233416,1,51,2.0
2.9736068388995003,0.023054131392940897,80.0,0.0,0.08195800261170257,0.24308892769991555,0.02183532612580879,0.10551069164494996,-0.056227190237419275,0.36022007826224145,-0.2485528443088922,0.07073761990131226,0.3170263494404528,0.3943002670330724,19.597734024901925,0,51,2.0
2.991870966612124,0.02518397037739234,79.67251575694365,1.620985340414838,0.06369865349694795,0.2667292640731923,0.03260633210633315,0.09768213629105912,-0.06399896536387649,0.3959278768459662,-0.18320465500966296,0.0738285975799129,0.35815318170313487,0.39672208997992015,9.721895818490323,0,51,2.0
3.0137952846639298,0.028717275342629776,77.94208240509033,4.745835306130364,0.0548492323095892,0.24162233189972526,0.03931196180044436,0.0968980016432785,-0.034261358280976616,0.4005191153973147,-0.1179935566986571,0.0797320055948844,0.39100218372158874,0.3996292547483603,2.158768639749331,0,51,2.0
3.0263447784910014,0.02507298093758229,74.50010803634045,8.29269811151119,0.028052533008888655,0.22182403477630053,0.030521192642695764,0.09704650744519935,0.008117508955811169,0.3888407910886451,-0.06623760073567907,0.08153219615789548,0.4083858648962105,0.40129331782957345,-1.7674221701466708,0,51,2.0
3.037593261868346,0.020570184708575596,70.83538568721099,8.656670794062734,0.020154295973114522,0.20343377399062829,0.04185563041006818,0.11030779344191236,-0.0020285053269974156,0.448765430472812,-0.032055742861727875,0.06780657513952097,0.42601515874714363,0.4027848663302291,-5.767419374160121,0,51,2.0
3.043496817934747,0.0180319895254289,68.28658533096313,7.817282780672917,0.003907583151743108,0.16301434592087224,0.05206834963139366,0.1432247000861251,0.0038133415247441505,0.4162083532223903,-0.023543551075026193,0.04767913267894106,0.43311440081577296,0.4035676780611977,-7.3213798727693735,0,51,2.0
3.0391400830418456,0.017181680442051872,66.67841428868911,7.666033901220217,-0.0049362322772104365,0.15721402839163937,0.0547681048366369,0.15667119822926928,0.02709097229857363,0.4444841656959884,-0.030912600234413345,0.01827174066556778,0.43279221128707634,0.4029899752115718,-7.395279760956397,0,51,2.0
3.0398920073228726,0.014087941668832791,67.18242682662665,6.529536569183259,0.01433542167183523,0.1967395390483352,0.07784133773370117,0.18850036574875265,0.0012430438004872378,0.469239009967533,-0.042578312488873046,-0.015212596527348554,0.4365312454961885,0.4030896799716906,-8.29630903149059,0,51,2.0
3.036042526656506,0.013780376948636605,68.89136587404737,7.034914203337054,-0.006939868479236669,0.21203869026791888,0.07777896443126249,0.18140054169289058,-0.004480658592108418,0.41704728943584773,-0.058251047227112863,-0.04383427144074184,0.4328840910224376,0.40257923903463433,-7.527673821549463,0,51,2.0
3.0318312796891904,0.012338014432150551,71.13144418305042,7.631223418723361,0.006367136286023785,0.2034722048946071,0.06399000454328808,0.1697382562368924,0.005505787519117196,0.40127345181667357,-0.06552541884177045,-0.06820986977949497,0.43140558231346876,0.40202082788694377,-7.309261706905534,0,51,2.0
3.0314032341919694,0.00999962230359186,73.83372036616008,6.7538175486336955,0.01908015607691863,0.19423824845583346,0.0577121891227423,0.17037690970391697,0.012664003242902896,0.3540822318605457,-0.06105115477873414,-0.09082893110015354,0.43512115188767525,0.4019640686588946,-8.248767940727951,0,51,2.0
3.0273818665859746,0.00819202784233819,76.94215069565118,5.181423340352862,-0.008188288129281764,0.15417045848753635,0.06905367006273831,0.13097153098911,0.007417799192754661,0.32180101330463895,-0.055123864029591296,-0.10931989929771371,0.4345503782325639,0.40143083551035724,-8.250373362599394,0,51,2.0
3.0261571921554267,0.008171225732958547,78.40646023843803,4.261587627324229,0.006864774789588124,0.12009551956161905,0.061834169953477146,0.1374949383080247,0.010001067839124623,0.3225848886291047,-0.04876948820108455,-0.12283334975164295,0.4387609113501749,0.40126844368023573,-9.343487697681097,0,51,2.0
3.0230687950171675,0.007237256538943372,79.08724728752586,3.5605716903991835,-0.004445795261976766,0.1019222066598609,0.06922999608750437,0.14177920922435275,-1.8738465858440775e-05,0.2968691814721109,-0.050264208291222745,-0.1339959558751331,0.440221140112404,0.40085892221904373,-9.819469072925191,0,51,2.0
3.018096178185706,0.009555648758522035,80.0,0.0,-0.015935756813953903,0.09701918535217376,0.065883824565247,0.12122790183535502,-0.014551929727781052,0.2541174308204141,-0.05963489387422906,-0.1420969965032568,0.4362761660022648,0.40019955342461094,-9.014655880781719,0,51,2.0
3.013113314030217,0.010755512207445033,80.0,0.0,-0.015037240022245576,0.08335180164771984,0.04650005917338764,0.10216172679499065,0.011252058240785902,0.21346568697463997,-0.06591081652789152,-0.14838035096431718,0.43180285434543814,0.3995388252461556,-8.075317606343946,0,51,2.0
3.0075781859603583,0.009395544175129313,80.0,0.0,-0.017531683303269686,0.08346971051555585,0.048727719588022606,0.08841263795402489,0.006196969544843715,0.19776233764034915,-0.07003156766914619,-0.15410060678442225,0.4248925428356971,0.39880486745905125,-6.541463634298417,0,51,2.0
3.0031074180322537,0.007740191143720619,80.0,0.0,-0.016173569978598284,0.07570499858483215,0.04564080672229037,0.06069959304621094,0.01369119024671176,0.1597426329514339,-0.06908881198362535,-0.16049813006992386,0.4169792036817337,0.3982120438284435,-4.712855912860192,0,51,2.0
3.001965292528564,0.006190352556811915,80.0,0.0,-0.008220852316156322,0.07395887989557877,0.041710278494100944,0.06244530416454132,0.00680556946306252,0.13756689752652582,-0.06173500357522974,-0.17026327398586347,0.41388842255481106,0.39806059759402834,-3.976235039702458,0,51,2.0
3.0004721622841033,0.006150931298766373,80.0,0.0,-0.01429652672845359,0.08491418784150477,0.04156827477409559,0.058539164796550344,-0.006944512574038669,0.13813098704703142,-0.05509258153873918,-0.18539142271650508,0.40889807588886773,0.3978626087185781,-2.7736879335890086,0,51,2.0
3.00222373826831,0.007444723084130767,79.28256619210337,5.073023106161959,-0.00665715855418467,0.08495995101068554,0.06054036030728443,0.143172166036857,-0.04066397351048449,0.2554308920542342,-0.042786221751556844,-0.2035181681501675,0.408192069430274,0.3980948678912146,-2.5363807357141166,0,51,2.0
3.0078818096834072,0.029966587182611585,73.11718707926133,14.387943704474516,0.032062365052600704,0.5791770925894788,0.033579402219723255,0.6027621885593026,0.017599967910962945,1.1199220157968002,-0.02904105039752106,-0.2198653489274396,0.41532994441107174,0.39884512775446135,-4.133137277975929,0,51,2.0
3.009035275262945,0.03179701268688655,71.23141775879205,15.4285557005937,0.0024236856101482523,0.6201755160422824,0.05633370676899657,0.6497593432278694,-0.06912377210078287,1.168360264948878,-0.0202574879633742,-0.241351727240666,0.4146769019738706,0.3989980774850114,-3.929548880958733,0,51,2.0
3.015843302595849,0.03280787003654915,67.60271646462235,16.111495359316763,-0.005860814660349313,0.9010722324084195,-0.016650656822557543,1.160289980196661,0.13460605489272698,2.061198194304281,-0.006799684238333408,-0.2609173422975915,0.42794931484242876,0.3999008219126697,-7.013862286055583,0,51,2.0
3.021582534500197,0.03560169654354535,61.91400344699037,17.14349295914935,0.024954985900252472,0.9271540060641146,-0.03685301323147381,1.4003002714751422,0.1554853694111693,2.3770949530129175,0.008520795355218703,-0.2872895736893836,0.43985496701871013,0.4006618440694811,-9.782095183097184,0,51,2.0
3.0262668132781982,0.02665686786794934,64.81053233614155,16.673851680040823,0.019072864569869695,0.7432202242039015,0.057205019043941124,1.345200287778254,-0.02421181897322337,2.2132125077974867,0.03002438307336691,-0.31590869950238526,0.4510797192180634,0.4012829796499063,-12.409382429227778,0,51,2.0
3.031752766347399,0.03713995043875594,62.01491801878985,16.641584944262192,-0.05832443459361207,1.0107549283037351,0.035302617386275645,1.44407614103313,0.11131326620485268,2.4439145098627857,0.05456130647738447,-0.3342715565215501,0.47065154602641496,0.40201041663578285,-17.074465374567694,0,51,2.0
3.033438176501031,0.048599142399110264,57.32197096768547,17.011397443054836,0.09965558759137697,0.8800736412042316,0.052134412176468796,1.3265203126237197,-0.047366740364654394,2.1234402087030584,0.07973791522639438,-0.3477718462249155,0.4793414948335776,0.4022339022180088,-19.169839287633405,0,51,2.0
3.039614514977324,0.051986781854613806,60.08831285027897,16.95320320428112,0.03936809111459583,1.1551130431259378,0.04157336202322268,1.324354428991241,0.007591208990882425,2.314213458780072,0.10093944818154416,-0.3512959891330687,0.4844346455965317,0.4030528849011051,-20.191335614777906,0,51,2.0
3.034691867875118,0.04993232640003151,61.10426498861874,17.179603258629232,-0.022733691714557948,1.1613654212226405,0.13466985516396224,1.2390820326330332,-0.15539764481432297,2.1770472477463407,0.09683380190501649,-0.35174156159599496,0.47531162987234554,0.40240014149874187,-18.11915077913353,0,51,2.0
3.029989791851418,0.046615586086781534,62.76536065456914,17.45342597855818,0.02467763482355604,1.057174407915683,0.04377223916497885,1.3302254143184375,0.010772642843863544,2.3423563356580277,0.0977946705966389,-0.3373349672435288,0.4783543686001577,0.4017766464215978,-19.05977434492403,0,51,2.0
3.028465073482663,0.03340666672247371,66.87960981855205,15.038625483326472,0.04459104730802424,0.6687616846892548,0.12006917610472324,1.162088613234533,-0.13506213064287223,2.083199519333762,0.09943135005244226,-0.333710209011935,0.4832899782414322,0.4015744689565348,-20.34878101121067,0,51,2.0
3.0205450899460735,0.030793020405550417,69.20384565989177,13.863788944459934,-0.01796040304151236,0.6598162305733775,0.09632866756588805,0.9820681987576064,-0.1284794918462342,1.537152345492808,0.09998647776032478,-0.349752859900439,0.46968643377715236,0.4005242787240299,-17.2679057742656,0,51,2.0
3.024194108504875,0.03087351234247556,70.43939576429479,12.158713719126716,0.030905908521483925,0.6562824886827998,0.006911088073370503,1.0350172919498686,0.07477631945820416,1.5045437458930953,0.11099183646428945,-0.4099366022308368,0.48419442927701944,0.4010081387839357,-20.744289815500405,0,51,2.0
3.0242320439394783,0.02724349867619249,73.20913890763825,11.280566872331333,-0.029044421645356158,0.3285687446201102,0.006078852450146395,0.7020822579428718,-0.11766057417673223,0.7115404537392993,0.08282118549747743,-0.5337299335664087,0.48411135813465983,0.40101316920990404,-20.722059848677766,0,51,2.0
3.0095086296399436,0.03698583913773186,77.1533910152959,8.520778094933787,-0.056804981228767655,0.2840214892516231,-0.12752633658694287,0.6520260312754383,0.04357443004846573,0.5944221593667819,0.027625041734056173,-0.6555157341600302,0.4316585664663956,0.39906084408712356,-8.168609589808629,0,51,2.0
2.996769089324802,0.04852651917893224,71.50943250282138,19.403561427292317,-0.07342276817151144,0.5068445988016655,-0.07247075832941953,0.8771299453180109,-0.004036898852563372,1.004492731678923,-0.032027919942848655,-0.7586309227943221,0.40000104628379646,0.39737158124832167,-0.6617144153123533,0,51,2.0
2.9823325288062,0.04823081695322501,63.58967407076967,23.442360073363417,-0.11503470754798721,0.6581976358650931,-0.0838060609850229,0.8399637989306267,-0.021843090361239863,1.2058954584413755,-0.08016383963163284,-0.8091843122046533,0.3359462068952835,0.39545729332014934,15.048675907637799,0,51,2.0
2.9696381991984797,0.04456913470328539,62.017222236184516,22.951820502333593,-0.05765330221723108,0.6951368910988233,-0.016346358493262648,0.8665217554528495,0.007045156669382956,1.3710782434309488,-0.09723764347433131,-0.8005317028046467,0.28022459965058216,0.3937740252118852,28.83618986808575,0,51,2.0
2.9676434567161634,0.05059077195336891,58.501260523702584,22.17730298730138,-0.04596864271397684,0.7670957585975313,0.04143952709787032,0.869181262474967,-0.010604037373673682,1.4593186643772817,-0.0969573739421082,-0.7689856244523883,0.26537263234994024,0.39350952255382315,32.562589431709796,1,51,2.0
2.9603215531975615,0.03858940855809327,64.57301836387784,18.126632970263497,-0.0011363666431576597,0.7699906914838185,-0.005449543396631877,0.4834706807617663,0.07309943437576294,1.2027662867107811,-0.09909811154574873,-0.7211699249752694,0.24751202174172435,0.39253863775420345,36.94581935735219,1,51,2.0
2.9542826232956907,0.03202569771736326,73.17088164535224,11.889435829217991,0.010431497412569383,0.6385645135454591,-0.005165166276342729,0.3739113033280659,0.0995360840038926,0.9635178591824534,-0.1031591098040602,-0.6632977485914312,0.2379402630798996,0.3917378758443906,39.26033765128797,1,51,2.0
2.948185447968689,0.030423591443341107,75.07216332940494,10.152821485777606,-0.0024451672044747018,0.5952028067370749,0.0033013954320374656,0.24145369874136272,0.07960853393317438,0.7075466994458255,-0.10241017092585109,-0.6053099891023768,0.23066220833230575,0.39092939058964526,40.99645258587641,1,51,2.0
2.9451304615712632,0.018389348084663283,78.67686503541236,4.620481765407174,-0.03742634482206959,0.4441179156236785,0.007739395633632061,0.12822214796887754,0.04923333990953717,0.47557023641571383,-0.09276222849327045,-0.5567955635870486,0.21944732813005433,0.39052429900455604,43.806997749071144,1,51,2.0
2.9453014263919757,0.008192193649940577,80.0,0.0,-0.026649985088071988,0.15849761619384437,0.019074914429117653,0.07086109659703985,0.012184788199032055,0.16553646452433762,-0.07499984312586491,-0.5113088189970636,0.21046749306408047,0.39054696913764814,46.109556674116384,1,51,2.0
2.9450569480073217,0.007629276722109856,80.0,0.0,-0.005761210487096333,0.12872557103812576,0.022405497583688472,0.05471985967277365,0.015492853306818242,0.10947064228422192,-0.05176250356597105,-0.47030613802198457,0.20893411120064093,0.39051455149722386,46.49773986664714,1,51,2.0
2.949768927751803,0.006860536141424645,80.0,0.0,-0.006300702846298615,0.1380529560388439,0.023810043492737937,0.054220528972187335,0.009949068611889494,0.11001536463399475,-0.02897722255421329,-0.42683648367935567,0.21371955931321562,0.3911393596277421,45.3597409586654,1,51,2.0
2.9619119757530736,0.04483050939718192,74.10749912261963,18.6714653527302,-0.009184298333803229,0.8091524882570362,0.04452786952549336,0.486969436777611,0.013430318210785296,1.4583380976987868,-0.004133542128917039,-0.3841220234521753,0.23168813475462702,0.39274952799951446,41.0086790085427,1,51,2.0
2.9787134364539503,0.06561372559627114,63.96095337587244,28.897959691172495,-0.05986981428977029,1.1111573192633573,0.06622547291073144,0.7527664559967543,-0.06372863976467474,2.3505866734696657,0.031023536602442458,-0.34276798687386517,0.25244435782506713,0.3949774016660774,36.08637943330005,1,51,2.0
2.9845726472489975,0.08996370521449672,54.75625025057325,31.657303909339078,-0.0648645780816236,1.2979495007848205,0.017003115266561508,0.9199259010114028,0.08874800907192278,2.866386652630246,0.060205468726521445,-0.31222203294861345,0.2542583692502145,0.3957543330362287,35.7534844155607,1,51,2.0
2.9837071258647767,0.0966408842213143,51.24414850683773,30.969992686502753,-0.10394710382702303,1.3179959948140774,0.026123720641229666,0.9549348924031941,0.014799851558956445,2.9742943456107644,0.08526731917292069,-0.2866896426231512,0.23356940186457653,0.395639565098248,40.96409397109338,1,51,2.0
2.9690973618451286,0.09774557424058518,52.41508016399309,28.86591050172212,-0.0869994457153713,1.102153755858949,-0.005181390719086516,0.8657429817312778,0.0411956630208913,2.7091394746747026,0.08664238232910229,-0.2686845874385468,0.19553872808876532,0.3937023100079637,50.33335514724055,1,51,2.0
2.9403577896894193,0.09031656258332231,61.49766598495783,23.78986124306634,-0.01306694709495002,0.851822268439373,-0.04078255024026422,0.707049944655064,0.14882592973755857,2.1005385391140448,0.06421954132886935,-0.2595194922452453,0.14507998378841128,0.38989144294689443,62.789646602176894,2,51,2.0
2.9364283499764463,0.07893560760752265,64.06567077075734,22.189882616516922,-0.03704539080168687,0.6420266892927732,0.009770488987366358,0.593234413944122,-0.02443271028060539,1.5955573970176493,0.04096404713119507,-0.24745873111355274,0.12056089777667219,0.3893703994083282,69.03696378567253,2,51,2.0
2.9345094660917916,0.08782961319424049,60.14033570009119,25.869948152048337,-0.006074442363837186,0.649421761036922,0.003088746658142875,0.5756940543763825,0.003806721053871454,1.52238865594121,0.017621087313322754,-0.2453153478942809,0.1208807247457118,0.38911595498988544,68.93452370801553,2,51,2.0
2.9316254077004453,0.08460412596141596,62.91365908641441,24.543294674140395,-0.0064979122549879784,0.640509577123649,0.0041666869804555294,0.5194123164074961,0.004778547029869229,1.340257062342539,-0.002554003247531579,-0.237596947372678,0.10898741974319298,0.38873352901982305,71.96346298761502,2,51,2.0
2.9268826871526006,0.08979871940181716,59.4258077284869,24.0206848975779,-0.008315298998472737,0.6338447727108165,0.002389312813095018,0.495473276599651,-0.01328637728504106,1.3009196970283543,-0.020509323360580634,-0.22397054969925487,0.10374001075935768,0.3881046444814501,73.2700929415659,2,51,2.0
2.9172065082718346,0.08178872212778106,62.92015715206371,22.159275582504247,-0.0182158565696548,0.5625487286523481,0.015043732436264263,0.38606262129177316,-0.03702462701966949,1.045343641857776,-0.04384064302852681,-0.21491313763129533,0.09708118841806426,0.3868215827835145,74.90285114923488,2,51,2.0
2.911212543062135,0.06908455657751046,67.2283553983651,15.321829147076347,-0.012371778049889733,0.5643028417447561,0.0324922763541633,0.39159157575545883,-0.020437666488920942,1.006846408654372,-0.06887368820921576,-0.2025943065273813,0.0884932060874396,0.3860267832042349,77.07588956577125,2,51,2.0
2.905106397820454,0.06654906653634544,68.70338604496975,13.091137236811553,-0.011926773205107334,0.509079881304748,0.003553593458206046,0.382989026210009,0.020616243684700893,0.9775860785481078,-0.09254681357320989,-0.1885441935691539,0.08651898042811146,0.3852171085589536,77.54020304244338,2,51,2.0
2.9115388007724987,0.05948979762202316,71.29046671998267,12.14889150338267,-0.023580791099983102,0.45903203915653856,0.01903372455169173,0.3927685857815895,-0.04039692845852936,0.9431301140358865,-0.11432187761986867,-0.18170941616300176,0.08007610739410817,0.38607004478881246,79.25865824738842,2,51,2.0
2.9091107816088435,0.056976994636731684,71.77786750419467,11.88136546032673,-0.009317967967659819,0.44634176814964127,0.008444735378611321,0.39325210698209206,-0.0007966716098142605,0.9449342455246575,-0.13147342754304933,-0.17300947924466828,0.07889634774817664,0.38574808964551016,79.54718380571119,2,51,2.0
2.9132897263648463,0.056418788045286994,72.87764011644849,11.803665267278587,-0.01813621534144177,0.43573185588149793,0.002219553087271896,0.34182955278230287,-0.002511799846794091,0.8607503586780156,-0.15049984201564656,-0.164001884181523,0.07425866557744362,0.38630221773401374,80.77705429364788,2,51,2.0
2.912170358732635,0.05082866058284585,73.62833217546051,10.984201316223102,-0.008477928518664603,0.4139540935919766,0.01750300568985004,0.3326916434800016,-0.02620815604413841,0.762738323935892,-0.16934351579760307,-0.15885047862048968,0.06603073509749117,0.3861537895698107,82.90040474002552,2,51,2.0
2.906020538479674,0.04439686339427282,75.77040997673484,9.270752915840813,-0.0036394697632275374,0.3621408706576616,-0.010003226224844362,0.2628675514255579,0.04379286649910843,0.6265300986274821,-0.1871240411477745,-0.1552322888437838,0.06092777832741402,0.385338323594166,84.18849758852886,2,51,2.0
2.9040495946126827,0.0356756431746457,76.46146423676434,8.409741137149258,0.017182229661985356,0.3314177201776713,-0.010236409894537692,0.2293985563936908,0.034844496579585126,0.538610938302827,-0.20497949241784744,-0.1525006498014166,0.05744434781410258,0.3850769760655857,85.08237277621117,2,51,2.0
2.8986014361475028,0.029188033760113388,77.3235171729443,6.074541321059339,0.009586980630296702,0.23974014982485062,-0.0068133235817738605,0.19682360523102654,0.02773771095363533,0.448079538902706,-0.22042928311421592,-0.1531809959743632,0.055693598824935416,0.3843545504420232,85.50983752868659,2,51,2.0
2.9026169239305983,0.02606496101542753,77.96799052930346,5.632320796106588,-0.016786345490710994,0.1700538800021718,0.008179363538967628,0.11331847726683107,-0.029538164116150022,0.3216997257484241,-0.2344540962601193,-0.15445619034787447,0.05178040513339424,0.38488700430943473,86.54659561023664,2,51,2.0
2.902851564627068,0.03421539170453752,77.25995321834789,6.4134002941681585,0.0009815909844987532,0.25893623868588267,0.003058372832396451,0.14018559768110977,-0.005062507867228751,0.43284243877662243,-0.2478863443169958,-0.1531752592339919,0.054541669561847236,0.38491811729504516,85.8303189402643,2,51,2.0
2.908024661096872,0.037974197219175505,77.54318471983368,5.7621570574962355,-0.003090207592821589,0.2800287340308382,0.0035675788325641084,0.11811471939358682,-0.0006401607511090298,0.4034659732605463,-0.2625631660731863,-0.1517412913056232,0.051899155458580835,0.3856040700625593,86.54081751518835,2,51,2.0
2.9126856081625996,0.03830000258938494,77.55699897279926,5.721077380311055,0.004617509340830878,0.3027723757194258,-0.0029071427233444123,0.1422409999983483,0.0021345854974260518,0.4440919552420291,-0.27556930283112885,-0.1500953086915234,0.04643018521104123,0.3862221118398257,87.97837208494764,2,51,2.0
